{
  "metadata": {
    "substrate": "v18",
    "seed": 42,
    "C": 16,
    "N": 128,
    "snapshot_path": "/Users/jacob/fun/shape-of-experience/empirical/experiments/study_ca_affect/results/v18_s42/snapshots/cycle_005.npz",
    "experiment": "world_model",
    "tau_values": [
      1,
      2,
      5,
      10,
      20
    ]
  },
  "patterns": [
    {
      "pattern_id": 2,
      "n_samples": 50,
      "W": {
        "1": 0.0,
        "2": 0.0,
        "5": 0.0,
        "10": 0.0,
        "20": 0.0
      },
      "mse_full": {
        "1": 0.000945314342267412,
        "2": 0.0008082462107219083,
        "5": 0.0006136232610890883,
        "10": 0.0006073456551250422,
        "20": 0.0008806152277658572
      },
      "mse_env": {
        "1": 0.00046493036087800414,
        "2": 0.0005046768789953553,
        "5": 0.0003848080680587855,
        "10": 0.0004314960756667915,
        "20": 0.0005095343647635958
      },
      "H_wm": 0.0,
      "C_wm": 0.0,
      "lifetime": 50
    },
    {
      "pattern_id": 3,
      "n_samples": 50,
      "W": {
        "1": 0.0,
        "2": 0.0,
        "5": 0.0,
        "10": 0.0,
        "20": 0.0
      },
      "mse_full": {
        "1": 0.0006720022272044551,
        "2": 0.0005102828764431247,
        "5": 0.0004448159990977765,
        "10": 0.0006358491366199833,
        "20": 0.000522436504622184
      },
      "mse_env": {
        "1": 0.0003949720750727701,
        "2": 0.0003120388561150163,
        "5": 0.0003770851505948057,
        "10": 0.0003236613626485602,
        "20": 0.000446554227095017
      },
      "H_wm": 0.0,
      "C_wm": 0.0,
      "lifetime": 50
    },
    {
      "pattern_id": 5,
      "n_samples": 50,
      "W": {
        "1": 0.0,
        "2": 0.0,
        "5": 0.0,
        "10": 0.0,
        "20": 0.0
      },
      "mse_full": {
        "1": 0.0007657001116309984,
        "2": 0.0007486411307837577,
        "5": 0.0006627707449254458,
        "10": 0.0007000351856651993,
        "20": 0.0009728098125623165
      },
      "mse_env": {
        "1": 0.00039367948190344745,
        "2": 0.00031984973768477414,
        "5": 0.0003430032752307573,
        "10": 0.0005383447004431947,
        "20": 0.0006043632457541504
      },
      "H_wm": 0.0,
      "C_wm": 0.0,
      "lifetime": 50
    },
    {
      "pattern_id": 7,
      "n_samples": 50,
      "W": {
        "1": 0.0,
        "2": 0.0,
        "5": 0.0,
        "10": 0.0,
        "20": 0.0
      },
      "mse_full": {
        "1": 0.028758271490793363,
        "2": 0.03606820170932117,
        "5": 0.02423285679903125,
        "10": 0.01862110265080431,
        "20": 0.026703110521873262
      },
      "mse_env": {
        "1": 0.0005623213622496879,
        "2": 0.0005907720299818496,
        "5": 0.00045065774661831256,
        "10": 0.00036222512913813555,
        "20": 0.00030573130415556516
      },
      "H_wm": 0.0,
      "C_wm": 0.0,
      "lifetime": 50
    },
    {
      "pattern_id": 8,
      "n_samples": 50,
      "W": {
        "1": 0.0,
        "2": 0.0,
        "5": 0.00010864987628358741,
        "10": 0.0001808712953072721,
        "20": 0.0
      },
      "mse_full": {
        "1": 0.0007766483598910265,
        "2": 0.0007308378276380165,
        "5": 0.0007028455809763173,
        "10": 0.0007258571461333167,
        "20": 0.0007145869097270705
      },
      "mse_env": {
        "1": 0.0005677005300185283,
        "2": 0.0005726585618984025,
        "5": 0.0008114954572599047,
        "10": 0.0009067284414405888,
        "20": 0.0005465876834823175
      },
      "H_wm": 10.0,
      "C_wm": 0.0017911342199388904,
      "lifetime": 50
    },
    {
      "pattern_id": 9,
      "n_samples": 50,
      "W": {
        "1": 0.0,
        "2": 0.0,
        "5": 0.0,
        "10": 0.0,
        "20": 0.0
      },
      "mse_full": {
        "1": 0.0017119635340946445,
        "2": 0.0014118933053447618,
        "5": 0.0041609190953168385,
        "10": 0.0017408824650764563,
        "20": 0.002530978145098479
      },
      "mse_env": {
        "1": 0.00041842932096750025,
        "2": 0.00039471177605917543,
        "5": 0.0004242869565060698,
        "10": 0.00045306889947265526,
        "20": 0.00042193413625792053
      },
      "H_wm": 0.0,
      "C_wm": 0.0,
      "lifetime": 50
    },
    {
      "pattern_id": 14,
      "n_samples": 50,
      "W": {
        "1": 0.0,
        "2": 0.0,
        "5": 0.0,
        "10": 0.0,
        "20": 0.0
      },
      "mse_full": {
        "1": 0.0006564492858535684,
        "2": 0.0006701080875696756,
        "5": 0.0007570870835328798,
        "10": 0.0008529203534244272,
        "20": 0.0007046978461773332
      },
      "mse_env": {
        "1": 0.0005172659982840351,
        "2": 0.0005332532438059358,
        "5": 0.00039299848896811647,
        "10": 0.00046477703203719347,
        "20": 0.0005783560203094121
      },
      "H_wm": 0.0,
      "C_wm": 0.0,
      "lifetime": 50
    },
    {
      "pattern_id": 15,
      "n_samples": 50,
      "W": {
        "1": 0.0,
        "2": 0.0,
        "5": 0.0,
        "10": 0.0,
        "20": 0.0
      },
      "mse_full": {
        "1": 0.000646426755100442,
        "2": 0.0007502495842977987,
        "5": 0.0006466035624841225,
        "10": 0.000863140567556089,
        "20": 0.000705300908262581
      },
      "mse_env": {
        "1": 0.0005272221508143816,
        "2": 0.0005784111142799651,
        "5": 0.0004856331190653118,
        "10": 0.0004986347409950548,
        "20": 0.0005191916627320577
      },
      "H_wm": 0.0,
      "C_wm": 0.0,
      "lifetime": 50
    },
    {
      "pattern_id": 16,
      "n_samples": 50,
      "W": {
        "1": 0.0,
        "2": 0.0,
        "5": 0.0,
        "10": 0.0,
        "20": 0.0
      },
      "mse_full": {
        "1": 0.0006884401712879723,
        "2": 0.0008933042315867114,
        "5": 0.0008551026597246155,
        "10": 0.0005575570996918542,
        "20": 0.0005714500455431357
      },
      "mse_env": {
        "1": 0.000685230242344724,
        "2": 0.0007061882888719108,
        "5": 0.0005945186868407793,
        "10": 0.0005539701486537476,
        "20": 0.000465087930631827
      },
      "H_wm": 0.0,
      "C_wm": 0.0,
      "lifetime": 50
    },
    {
      "pattern_id": 17,
      "n_samples": 50,
      "W": {
        "1": 0.0,
        "2": 0.0,
        "5": 0.0,
        "10": 0.0,
        "20": 0.0
      },
      "mse_full": {
        "1": 0.0045822620566385985,
        "2": 0.005603881729058811,
        "5": 0.002828210663207675,
        "10": 0.009184349151168402,
        "20": 0.002997155806586684
      },
      "mse_env": {
        "1": 0.0005097976075437012,
        "2": 0.000470454517571143,
        "5": 0.00040409865222778164,
        "10": 0.0006409971954379444,
        "20": 0.0005788033524104687
      },
      "H_wm": 0.0,
      "C_wm": 0.0,
      "lifetime": 50
    },
    {
      "pattern_id": 18,
      "n_samples": 50,
      "W": {
        "1": 0.0,
        "2": 0.0,
        "5": 0.0,
        "10": 0.0,
        "20": 0.0
      },
      "mse_full": {
        "1": 0.021437234212062124,
        "2": 0.025957738946565195,
        "5": 0.023432921807214423,
        "10": 0.008839102735902387,
        "20": 0.014491620526068524
      },
      "mse_env": {
        "1": 0.00045674091408981086,
        "2": 0.0004730428837086246,
        "5": 0.0004367427810072944,
        "10": 0.0007436566049739181,
        "20": 0.000525958167232894
      },
      "H_wm": 0.0,
      "C_wm": 0.0,
      "lifetime": 50
    },
    {
      "pattern_id": 19,
      "n_samples": 50,
      "W": {
        "1": 0.0,
        "2": 0.0,
        "5": 0.0,
        "10": 0.0,
        "20": 0.0
      },
      "mse_full": {
        "1": 0.0004272969078972039,
        "2": 0.0005419592929519164,
        "5": 0.00043794754825105626,
        "10": 0.0005901487144156692,
        "20": 0.0005704648285487192
      },
      "mse_env": {
        "1": 0.00033192204090132444,