{
  "metadata": {
    "substrate": "v18",
    "seed": 42,
    "C": 16,
    "N": 128,
    "snapshot_path": "/Users/jacob/fun/shape-of-experience/empirical/experiments/study_ca_affect/results/v18_s42/snapshots/cycle_020.npz",
    "experiment": "world_model",
    "tau_values": [
      1,
      2,
      5,
      10,
      20
    ]
  },
  "patterns": [
    {
      "pattern_id": 19,
      "n_samples": 50,
      "W": {
        "1": 0.0,
        "2": 0.0,
        "5": 0.0,
        "10": 0.0,
        "20": 0.0
      },
      "mse_full": {
        "1": 0.002445288480849013,
        "2": 0.0020109028156976524,
        "5": 0.0009342060786784106,
        "10": 0.001161847029850439,
        "20": 0.0011528595275672735
      },
      "mse_env": {
        "1": 0.0005780673244381851,
        "2": 0.0005291193389880067,
        "5": 0.0006240089958925174,
        "10": 0.0007453777951960053,
        "20": 0.0007342760620920924
      },
      "H_wm": 0.0,
      "C_wm": 0.0,
      "lifetime": 50
    },
    {
      "pattern_id": 44,
      "n_samples": 50,
      "W": {
        "1": 0.0,
        "2": 0.0,
        "5": 0.0,
        "10": 0.0,
        "20": 0.0
      },
      "mse_full": {
        "1": 0.03999961284635167,
        "2": 0.040341634448159906,
        "5": 0.045481053790276116,
        "10": 0.019541948322244533,
        "20": 0.053406471446063655
      },
      "mse_env": {
        "1": 0.0008417521569290428,
        "2": 0.0009296464613359692,
        "5": 0.0008898412280449509,
        "10": 0.0009686052001503728,
        "20": 0.0006774309730170406
      },
      "H_wm": 0.0,
      "C_wm": 0.0,
      "lifetime": 50
    },
    {
      "pattern_id": 6,
      "n_samples": 49,
      "W": {
        "1": 0.0,
        "2": 0.00010748975168996548,
        "5": 0.0,
        "10": 0.0,
        "20": 0.0
      },
      "mse_full": {
        "1": 0.0011927261580934115,
        "2": 0.0006399542826789354,
        "5": 0.0007742512890817436,
        "10": 0.0009055464265590576,
        "20": 0.0010257390669631153
      },
      "mse_env": {
        "1": 0.0007531979155958731,
        "2": 0.0007474440343689008,
        "5": 0.0003945917493007174,
        "10": 0.0004903473840418539,
        "20": 0.0004766736849986232
      },
      "H_wm": 2.0,
      "C_wm": 0.00021497950337993096,
      "lifetime": 49
    },
    {
      "pattern_id": 30,
      "n_samples": 49,
      "W": {
        "1": 0.0,
        "2": 0.0,
        "5": 0.0,
        "10": 0.0,
        "20": 0.0
      },
      "mse_full": {
        "1": 0.010343650044366149,
        "2": 0.017057051909016536,
        "5": 0.004677693566457387,
        "10": 0.010464961400572273,
        "20": 0.005548694605177521
      },
      "mse_env": {
        "1": 0.0011136633325817499,
        "2": 0.0010493094763020763,
        "5": 0.0005461640634160261,
        "10": 0.000581933787829732,
        "20": 0.0005063207600805584
      },
      "H_wm": 0.0,
      "C_wm": 0.0,
      "lifetime": 49
    },
    {
      "pattern_id": 35,
      "n_samples": 49,
      "W": {
        "1": 0.00014389525144236498,
        "2": 6.511621541003095e-05,
        "5": 0.0,
        "10": 1.2173800687548632e-05,
        "20": 5.783551596870478e-05
      },
      "mse_full": {
        "1": 0.0004081431393246005,
        "2": 0.0003526533378008927,
        "5": 0.0004075668815870951,
        "10": 0.000357389534044068,
        "20": 0.0004189851250887999
      },
      "mse_env": {
        "1": 0.0005520383907669655,
        "2": 0.00041776955321092365,
        "5": 0.0003075827320472123,
        "10": 0.0003695633347316166,
        "20": 0.0004768206410575047
      },
      "H_wm": 20.0,
      "C_wm": 0.000582661141541383,
      "lifetime": 49
    },
    {
      "pattern_id": 43,
      "n_samples": 49,
      "W": {
        "1": 0.0,
        "2": 0.0,
        "5": 0.0,
        "10": 0.0,
        "20": 0.0
      },
      "mse_full": {
        "1": 0.0030383427410430146,
        "2": 0.0037784001983003678,
        "5": 0.004012393220663538,
        "10": 0.002313532580704527,
        "20": 0.0039484742150359695
      },
      "mse_env": {
        "1": 0.0005464426678198356,
        "2": 0.000492794591708853,
        "5": 0.0006324119923441058,
        "10": 0.0006449413366614228,
        "20": 0.000744796768453369
      },
      "H_wm": 0.0,
      "C_wm": 0.0,
      "lifetime": 49
    },
    {
      "pattern_id": 45,
      "n_samples": 49,
      "W": {
        "1": 0.0,
        "2": 0.0,
        "5": 0.0,
        "10": 0.0,
        "20": 0.0
      },
      "mse_full": {
        "1": 0.043550908152512315,
        "2": 0.01633283484999362,
        "5": 0.016169296439650246,
        "10": 0.04695878343275308,
        "20": 0.012398379941983463
      },
      "mse_env": {
        "1": 0.0005195309473485826,
        "2": 0.00044577447513510077,
        "5": 0.0005199557168205487,
        "10": 0.0007011575327837565,
        "20": 0.0004749086556714275
      },
      "H_wm": 0.0,
      "C_wm": 0.0,
      "lifetime": 49
    },
    {
      "pattern_id": 4,
      "n_samples": 48,
      "W": {
        "1": 0.0,
        "2": 0.0,
        "5": 0.0,
        "10": 0.0,
        "20": 0.0
      },
      "mse_full": {
        "1": 0.2882155022104902,
        "2": 0.44021912470524505,
        "5": 0.3316428311504278,
        "10": 0.11163391703250755,
        "20": 0.27246854054678876
      },
      "mse_env": {
        "1": 0.002878682350699821,
        "2": 0.001606571797749131,
        "5": 0.0023119511421298604,
        "10": 0.003402313575162839,
        "20": 0.002093241321269236
      },
      "H_wm": 0.0,
      "C_wm": 0.0,
      "lifetime": 48
    },
    {
      "pattern_id": 17,
      "n_samples": 48,
      "W": {
        "1": 0.0,
        "2": 0.0,
        "5": 7.158758801289913e-05,
        "10": 0.0,
        "20": 0.0
      },
      "mse_full": {
        "1": 0.0008099410345074689,
        "2": 0.0009049123746359756,
        "5": 0.0008196467180135291,
        "10": 0.0006377976595982436,
        "20": 0.0005745731786931122
      },
      "mse_env": {
        "1": 0.0007404530254281436,
        "2": 0.0008685010382058879,
        "5": 0.0008912343060264282,
        "10": 0.0005892589989972583,
        "20": 0.0005176159741854625
      },
      "H_wm": 5.0,
      "C_wm": 0.00028635035205159653,
      "lifetime": 48
    },
    {
      "pattern_id": 24,
      "n_samples": 48,
      "W": {
        "1": 0.0,
        "2": 0.0,
        "5": 0.0,
        "10": 0.0,
        "20": 0.0
      },
      "mse_full": {
        "1": 0.014652539705632756,
        "2": 0.020317280044236097,
        "5": 0.0056642050638979185,
        "10": 0.006529801756455457,
        "20": 0.011996450323655369
      },
      "mse_env": {
        "1": 0.000667092845695129,
        "2": 0.0004765152806312954,
        "5": 0.0003174897606355354,
        "10": 0.0004957677835541274,
        "20": 0.0005091970094978783
      },
      "H_wm": 0.0,
      "C_wm": 0.0,
      "lifetime": 48
    },
    {
      "pattern_id": 26,
      "n_samples": 48,
      "W": {
        "1": 0.0,
        "2": 0.0,
        "5": 0.0,
        "10": 0.0,
        "20": 0.0
      },
      "mse_full": {
        "1": 0.0022476713173001255,
        "2": 0.0020452095947806398,
        "5": 0.0009212896864597509,
        "10": 0.0009185541196071697,
        "20": 0.0008310278032666559
      },
      "mse_env": {
        "1": 0.0006421172016605986,
        "2": 0.0006353798377327357,
        "5": 0.0005964981289991308,
        "10": 0.0006224917936238609,
        "20": 0.00040123910303026543
      },
      "H_wm": 0.0,
      "C_wm": 0.0,
      "lifetime": 48
    },
    {
      "pattern_id": 27,
      "n_samples": 48,
      "W": {
        "1": 0.0,
        "2": 0.0,
        "5": 0.0,
        "10": 0.0,
        "20": 0.0
      },
      "mse_full": {
        "1": 1.3081137021405949,
        "2": 1.4871294493149507,
        "5": 0.8294020727172988,
        "10": 1.4620003591362791,
        "20": 0.3870556093263806
      },