{
  "metadata": {
    "substrate": "v18",
    "seed": 42,
    "C": 16,
    "N": 128,
    "snapshot_path": "/Users/jacob/fun/shape-of-experience/empirical/experiments/study_ca_affect/results/v18_s42/snapshots/cycle_010.npz",
    "experiment": "world_model",
    "tau_values": [
      1,
      2,
      5,
      10,
      20
    ]
  },
  "patterns": [
    {
      "pattern_id": 3,
      "n_samples": 50,
      "W": {
        "1": 0.0,
        "2": 0.0,
        "5": 0.0,
        "10": 0.0,
        "20": 0.0
      },
      "mse_full": {
        "1": 0.015632691550967852,
        "2": 0.012696323537161219,
        "5": 0.01271283492907683,
        "10": 0.00767462189878874,
        "20": 0.01042398971501202
      },
      "mse_env": {
        "1": 0.0004459291874650915,
        "2": 0.00037902378406033275,
        "5": 0.0005339445327604464,
        "10": 0.00038820216055105393,
        "20": 0.0002656252234596639
      },
      "H_wm": 0.0,
      "C_wm": 0.0,
      "lifetime": 50
    },
    {
      "pattern_id": 5,
      "n_samples": 50,
      "W": {
        "1": 0.0,
        "2": 0.0,
        "5": 0.0,
        "10": 0.0,
        "20": 0.0
      },
      "mse_full": {
        "1": 0.0022360923232084056,
        "2": 0.004135958852684906,
        "5": 0.010026912288330424,
        "10": 0.0025604770212226654,
        "20": 0.0032789864750572975
      },
      "mse_env": {
        "1": 0.0005560867381702927,
        "2": 0.0005370275502023161,
        "5": 0.0005914102011126216,
        "10": 0.0004953988529325253,
        "20": 0.0002487579022851392
      },
      "H_wm": 0.0,
      "C_wm": 0.0,
      "lifetime": 50
    },
    {
      "pattern_id": 9,
      "n_samples": 50,
      "W": {
        "1": 4.009503630359444e-05,
        "2": 0.0,
        "5": 0.0,
        "10": 0.0,
        "20": 0.0
      },
      "mse_full": {
        "1": 0.0007036560138730336,
        "2": 0.0007383586043268848,
        "5": 0.000484370166396983,
        "10": 0.0005457477732645678,
        "20": 0.0004763632626296578
      },
      "mse_env": {
        "1": 0.000743751050176628,
        "2": 0.0006233736392967802,
        "5": 0.0004119605676335563,
        "10": 0.0005430241343039124,
        "20": 0.0004236928894506737
      },
      "H_wm": 1.0,
      "C_wm": 2.004751815179722e-05,
      "lifetime": 50
    },
    {
      "pattern_id": 12,
      "n_samples": 50,
      "W": {
        "1": 0.0,
        "2": 0.0,
        "5": 0.0,
        "10": 0.0,
        "20": 0.0
      },
      "mse_full": {
        "1": 0.0010537311884321891,
        "2": 0.0013370022259962355,
        "5": 0.002553252634959858,
        "10": 0.0013150368774898465,
        "20": 0.001379902016208604
      },
      "mse_env": {
        "1": 0.0005545108973827961,
        "2": 0.0005624742669852834,
        "5": 0.0004471575200629365,
        "10": 0.0004765557038903821,
        "20": 0.0003525792028719639
      },
      "H_wm": 0.0,
      "C_wm": 0.0,
      "lifetime": 50
    },
    {
      "pattern_id": 13,
      "n_samples": 50,
      "W": {
        "1": 0.0,
        "2": 0.0,
        "5": 0.0,
        "10": 0.0,
        "20": 0.0
      },
      "mse_full": {
        "1": 0.013953427644040797,
        "2": 0.008297636094588336,
        "5": 0.008971092699209818,
        "10": 0.006983285590269882,
        "20": 0.004957293405855744
      },
      "mse_env": {
        "1": 0.0004476220020702859,
        "2": 0.00036755288112493576,
        "5": 0.0003952778740957012,
        "10": 0.000341464953130564,
        "20": 0.0002598758922478896
      },
      "H_wm": 0.0,
      "C_wm": 0.0,
      "lifetime": 50
    },
    {
      "pattern_id": 19,
      "n_samples": 50,
      "W": {
        "1": 0.0,
        "2": 0.0,
        "5": 0.0,
        "10": 5.887050819687774e-05,
        "20": 0.0002458341460520063
      },
      "mse_full": {
        "1": 0.0008732249966728174,
        "2": 0.0009547464116580265,
        "5": 0.0008054620017456315,
        "10": 0.0006894472050953484,
        "20": 0.0007635393141717274
      },
      "mse_env": {
        "1": 0.0008003016582822668,
        "2": 0.0007920320560175538,
        "5": 0.0005933112927259951,
        "10": 0.0007483177132922261,
        "20": 0.0010093734602237337
      },
      "H_wm": 20.0,
      "C_wm": 0.0016706995417366147,
      "lifetime": 50
    },
    {
      "pattern_id": 22,
      "n_samples": 50,
      "W": {
        "1": 0.0,
        "2": 0.0,
        "5": 0.0,
        "10": 0.0,
        "20": 0.0
      },
      "mse_full": {
        "1": 0.0015825227383182352,
        "2": 0.0016709138163454867,
        "5": 0.0016633755838431036,
        "10": 0.0011473948722086334,
        "20": 0.0008540296669133508
      },
      "mse_env": {
        "1": 0.0006115096915903517,
        "2": 0.000401110849761308,
        "5": 0.000398283051012408,
        "10": 0.0003763575589886407,
        "20": 0.0005403061507693354
      },
      "H_wm": 0.0,
      "C_wm": 0.0,
      "lifetime": 50
    },
    {
      "pattern_id": 27,
      "n_samples": 50,
      "W": {
        "1": 0.0,
        "2": 0.0,
        "5": 0.0,
        "10": 0.0,
        "20": 0.0
      },
      "mse_full": {
        "1": 0.0073164327659511735,
        "2": 0.01151390891488684,
        "5": 0.001850351133015897,
        "10": 0.00325053678023699,
        "20": 0.0027583049882543933
      },
      "mse_env": {
        "1": 0.00042253868185352023,
        "2": 0.00043618032455702924,
        "5": 0.0003750663454496099,
        "10": 0.0003230042053355192,
        "20": 0.0004594092400718538
      },
      "H_wm": 0.0,
      "C_wm": 0.0,
      "lifetime": 50
    },
    {
      "pattern_id": 28,
      "n_samples": 50,
      "W": {
        "1": 0.0,
        "2": 0.0,
        "5": 0.0,
        "10": 0.0,
        "20": 0.0
      },
      "mse_full": {
        "1": 0.000779716399123614,
        "2": 0.0007760482211985255,
        "5": 0.0010582057983438758,
        "10": 0.0011277042302031144,
        "20": 0.0008833056991699609
      },
      "mse_env": {
        "1": 0.00035944584933065,
        "2": 0.00030424301299469445,
        "5": 0.00038100418324755927,
        "10": 0.0003823234854540946,
        "20": 0.00035434205460135556
      },
      "H_wm": 0.0,
      "C_wm": 0.0,
      "lifetime": 50
    },
    {
      "pattern_id": 29,
      "n_samples": 50,
      "W": {
        "1": 1.5749467918669754e-07,
        "2": 0.0,
        "5": 0.0,
        "10": 0.0,
        "20": 0.0
      },
      "mse_full": {
        "1": 0.0006789264065832645,
        "2": 0.0005854442044326652,
        "5": 0.0006763688658697144,
        "10": 0.000642224370018777,
        "20": 0.0006343782441039247
      },
      "mse_env": {
        "1": 0.0006790839012624512,
        "2": 0.0005279185020308933,
        "5": 0.00046835290851574555,
        "10": 0.000571754742481255,
        "20": 0.0005021257230668514
      },
      "H_wm": 1.0,
      "C_wm": 7.874733959334877e-08,
      "lifetime": 50
    },
    {
      "pattern_id": 32,
      "n_samples": 50,
      "W": {
        "1": 0.0,
        "2": 0.0,
        "5": 0.0,
        "10": 0.0,
        "20": 0.0
      },
      "mse_full": {
        "1": 0.0017824482810205444,
        "2": 0.0021659992373383105,
        "5": 0.0071063243644071735,
        "10": 0.0036246283409699757,
        "20": 0.006829050491675727
      },
      "mse_env": {
        "1": 0.00033476375120523454,
        "2": 0.0003484445281415978,
        "5": 0.00038013246436933523,
        "10": 0.0003005604064328859,
        "20": 0.00040200594428500114
      },
      "H_wm": 0.0,
      "C_wm": 0.0,
      "lifetime": 50
    },
    {
      "pattern_id": 33,
      "n_samples": 50,
      "W": {
        "1": 0.0,
        "2": 0.0,
        "5": 0.0,
        "10": 0.0,
        "20": 0.0
      },
      "mse_full": {
        "1": 0.0007152662261409417,
        "2": 0.0007200546885978128,
        "5": 0.0005479870605193497,
        "10": 0.0005884500778052265,
        "20": 0.0007134524644544324
      },