{
  "metadata": {
    "substrate": "v18",
    "seed": 42,
    "C": 16,
    "N": 128,
    "snapshot_path": "/Users/jacob/fun/shape-of-experience/empirical/experiments/study_ca_affect/results/v18_s42/snapshots/cycle_000.npz",
    "experiment": "world_model",
    "tau_values": [
      1,
      2,
      5,
      10,
      20
    ]
  },
  "patterns": [
    {
      "pattern_id": 0,
      "n_samples": 50,
      "W": {
        "1": 0.0,
        "2": 0.0,
        "5": 0.0,
        "10": 0.0,
        "20": 0.0
      },
      "mse_full": {
        "1": 0.0024935593240900163,
        "2": 0.0021058350686569633,
        "5": 0.001152322678325966,
        "10": 0.0014862546000710994,
        "20": 0.0018843445434529812
      },
      "mse_env": {
        "1": 0.000626357060205789,
        "2": 0.0005909836869149142,
        "5": 0.0006694352752364802,
        "10": 0.0007034787860404317,
        "20": 0.0003288836047938223
      },
      "H_wm": 0.0,
      "C_wm": 0.0,
      "lifetime": 50
    },
    {
      "pattern_id": 1,
      "n_samples": 50,
      "W": {
        "1": 0.00016446156057791327,
        "2": 0.00028150809255051736,
        "5": 0.00023711295093737674,
        "10": 0.00026219235904256474,
        "20": 0.00032854802157296565
      },
      "mse_full": {
        "1": 0.00034822753564346784,
        "2": 0.000345998652722405,
        "5": 0.0004363359672692693,
        "10": 0.0003096771155958205,
        "20": 0.0005032109526364624
      },
      "mse_env": {
        "1": 0.0005126890962213811,
        "2": 0.0006275067452729224,
        "5": 0.000673448918206646,
        "10": 0.0005718694746383853,
        "20": 0.000831758974209428
      },
      "H_wm": 20.0,
      "C_wm": 0.005202881569823562,
      "lifetime": 50
    },
    {
      "pattern_id": 3,
      "n_samples": 50,
      "W": {
        "1": 0.0,
        "2": 0.0,
        "5": 0.0,
        "10": 0.0,
        "20": 0.0
      },
      "mse_full": {
        "1": 0.0013468290155745854,
        "2": 0.0017774621148043458,
        "5": 0.0009790101706750765,
        "10": 0.0008681207244981375,
        "20": 0.0017195729137014413
      },
      "mse_env": {
        "1": 0.000638513259863247,
        "2": 0.0005827331288937197,
        "5": 0.0004642141949272961,
        "10": 0.0004019390546192923,
        "20": 0.0007117849707280134
      },
      "H_wm": 0.0,
      "C_wm": 0.0,
      "lifetime": 50
    },
    {
      "pattern_id": 4,
      "n_samples": 50,
      "W": {
        "1": 0.0,
        "2": 0.0,
        "5": 0.0,
        "10": 0.0,
        "20": 0.0
      },
      "mse_full": {
        "1": 0.0007077281361381,
        "2": 0.0005784582700528371,
        "5": 0.0006754795763009183,
        "10": 0.0006963076402942563,
        "20": 0.00044375063291038195
      },
      "mse_env": {
        "1": 0.00039587050569589183,
        "2": 0.00038523718432386474,
        "5": 0.0004987575907474557,
        "10": 0.0005043408432704978,
        "20": 0.00027073350128109606
      },
      "H_wm": 0.0,
      "C_wm": 0.0,
      "lifetime": 50
    },
    {
      "pattern_id": 5,
      "n_samples": 50,
      "W": {
        "1": 0.0,
        "2": 0.0,
        "5": 0.0,
        "10": 0.0,
        "20": 0.0
      },
      "mse_full": {
        "1": 0.000704165900752518,
        "2": 0.0006477714839300648,
        "5": 0.0005187902265686491,
        "10": 0.000692058663064888,
        "20": 0.0005863451639451552
      },
      "mse_env": {
        "1": 0.0006065508309525455,
        "2": 0.0004324265601679033,
        "5": 0.0003730198264686165,
        "10": 0.0004685934359607702,
        "20": 0.0004860219898218295
      },
      "H_wm": 0.0,
      "C_wm": 0.0,
      "lifetime": 50
    },
    {
      "pattern_id": 6,
      "n_samples": 50,
      "W": {
        "1": 0.0,
        "2": 0.0,
        "5": 0.0,
        "10": 0.0,
        "20": 0.0
      },
      "mse_full": {
        "1": 0.0027261899668354567,
        "2": 0.00256381149888015,
        "5": 0.0016376141030547333,
        "10": 0.0013100821661606137,
        "20": 0.0021385134685298333
      },
      "mse_env": {
        "1": 0.0004813483668455119,
        "2": 0.00048795211571432597,
        "5": 0.00047481134685571923,
        "10": 0.00043658593458878805,
        "20": 0.00040715738594766
      },
      "H_wm": 0.0,
      "C_wm": 0.0,
      "lifetime": 50
    },
    {
      "pattern_id": 8,
      "n_samples": 50,
      "W": {
        "1": 0.0,
        "2": 0.0,
        "5": 0.0,
        "10": 0.0,
        "20": 0.0
      },
      "mse_full": {
        "1": 0.0004713007082497563,
        "2": 0.0007107262949733492,
        "5": 0.0008284655373478826,
        "10": 0.0007312339455748768,
        "20": 0.0007053089213839125
      },
      "mse_env": {
        "1": 0.00034488205894971536,
        "2": 0.0003903053518210054,
        "5": 0.0004968329208130195,
        "10": 0.0006849037439084283,
        "20": 0.00032181467472288934
      },
      "H_wm": 0.0,
      "C_wm": 0.0,
      "lifetime": 50
    },
    {
      "pattern_id": 9,
      "n_samples": 50,
      "W": {
        "1": 0.0,
        "2": 0.0,
        "5": 0.0,
        "10": 0.0,
        "20": 0.0
      },
      "mse_full": {
        "1": 0.001569991924624874,
        "2": 0.0017603852364164215,
        "5": 0.0009240495843542371,
        "10": 0.0006239604297712932,
        "20": 0.0009369412192666713
      },
      "mse_env": {
        "1": 0.0004842311726958661,
        "2": 0.0005316386743013937,
        "5": 0.0003404936130446807,
        "10": 0.0004521360649360895,
        "20": 0.0004675656405343989
      },
      "H_wm": 0.0,
      "C_wm": 0.0,
      "lifetime": 50
    },
    {
      "pattern_id": 10,
      "n_samples": 50,
      "W": {
        "1": 0.0,
        "2": 0.0,
        "5": 0.0,
        "10": 0.0,
        "20": 0.0
      },
      "mse_full": {
        "1": 0.0013708976495635967,
        "2": 0.0016119872896807781,
        "5": 0.0014653539465698615,
        "10": 0.0012867280618457542,
        "20": 0.0011399859920926613
      },
      "mse_env": {
        "1": 0.0004231931067533253,
        "2": 0.00041815113785654146,
        "5": 0.000596459176435708,
        "10": 0.00038376273060746917,
        "20": 0.00033847955630449843
      },
      "H_wm": 0.0,
      "C_wm": 0.0,
      "lifetime": 50
    },
    {
      "pattern_id": 11,
      "n_samples": 50,
      "W": {
        "1": 0.0,
        "2": 0.0,
        "5": 0.0,
        "10": 0.0,
        "20": 0.0
      },
      "mse_full": {
        "1": 0.0005350346211570181,
        "2": 0.0005277271724938514,
        "5": 0.0009208068084132417,
        "10": 0.0009175430883257351,
        "20": 0.0011226811161905432
      },
      "mse_env": {
        "1": 0.00031655263965600427,
        "2": 0.00033338594852979606,
        "5": 0.0005093649766107063,
        "10": 0.0005595456997812653,
        "20": 0.0004457133799566413
      },
      "H_wm": 0.0,
      "C_wm": 0.0,
      "lifetime": 50
    },
    {
      "pattern_id": 13,
      "n_samples": 50,
      "W": {
        "1": 0.0,
        "2": 0.0,
        "5": 0.0,
        "10": 0.0,
        "20": 0.0
      },
      "mse_full": {
        "1": 0.002202971281542866,
        "2": 0.006854891897973213,
        "5": 0.005193810993917252,
        "10": 0.003010496912348562,
        "20": 0.0033791778371021083
      },
      "mse_env": {
        "1": 0.0004634074590807451,
        "2": 0.00046479445768119024,
        "5": 0.0004568750614179563,
        "10": 0.00044570099702075485,
        "20": 0.0006210647136485257
      },
      "H_wm": 0.0,
      "C_wm": 0.0,
      "lifetime": 50
    },
    {
      "pattern_id": 15,
      "n_samples": 50,
      "W": {
        "1": 0.0,
        "2": 0.0,
        "5": 0.0,
        "10": 0.0,
        "20": 0.0
      },
      "mse_full": {
        "1": 0.0021668782340406715,
        "2": 0.0025624980057875222,
        "5": 0.0019650593999505127,
        "10": 0.0020599600908260966,
        "20": 0.0029921218330483507
      },