{
  "metadata": {
    "substrate": "v18",
    "seed": 42,
    "C": 16,
    "N": 128,
    "snapshot_path": "/Users/jacob/fun/shape-of-experience/empirical/experiments/study_ca_affect/results/v18_s42/snapshots/cycle_025.npz",
    "experiment": "world_model",
    "tau_values": [
      1,
      2,
      5,
      10,
      20
    ]
  },
  "patterns": [
    {
      "pattern_id": 0,
      "n_samples": 49,
      "W": {
        "1": 0.0,
        "2": 0.0,
        "5": 0.0,
        "10": 1.1527299822476755e-05,
        "20": 0.0
      },
      "mse_full": {
        "1": 3.4678161592590094e-05,
        "2": 4.493614052678416e-05,
        "5": 2.8679735081739498e-05,
        "10": 2.2315598444817422e-05,
        "20": 4.240246417822878e-05
      },
      "mse_env": {
        "1": 2.9535322697199638e-05,
        "2": 2.5141725388334847e-05,
        "5": 2.307357677811009e-05,
        "10": 3.384289826729418e-05,
        "20": 2.7627725443743246e-05
      },
      "H_wm": 10.0,
      "C_wm": 8.645474866857567e-05,
      "lifetime": 49
    },
    {
      "pattern_id": 1,
      "n_samples": 49,
      "W": {
        "1": 0.0,
        "2": 0.0,
        "5": 0.0,
        "10": 5.851216488759857e-07,
        "20": 0.0
      },
      "mse_full": {
        "1": 5.976701709620515e-05,
        "2": 6.781462338344318e-05,
        "5": 5.664096723692219e-05,
        "10": 4.0591728846601526e-05,
        "20": 6.285370026628142e-05
      },
      "mse_env": {
        "1": 5.1424860168049724e-05,
        "2": 4.0257298868895714e-05,
        "5": 3.753212644270816e-05,
        "10": 4.117685049547751e-05,
        "20": 4.030695469702175e-05
      },
      "H_wm": 10.0,
      "C_wm": 4.388412366569893e-06,
      "lifetime": 49
    }
  ],
  "summary": {
    "mean_C_wm": 4.5421580517572785e-05,
    "max_C_wm": 8.645474866857567e-05,
    "mean_H_wm": 10.0,
    "n_with_world_model": 2,
    "frac_with_world_model": 1.0,
    "mean_W_by_tau": {
      "1": 0.0,
      "2": 0.0,
      "5": 0.0,
      "10": 6.0562107356763704e-06,
      "20": 0.0
    }
  }
}