{
  "metadata": {
    "substrate": "v18",
    "seed": 42,
    "C": 16,
    "N": 128,
    "snapshot_path": "/Users/jacob/fun/shape-of-experience/empirical/experiments/study_ca_affect/results/v18_s42/snapshots/cycle_029.npz",
    "experiment": "world_model",
    "tau_values": [
      1,
      2,
      5,
      10,
      20
    ]
  },
  "patterns": [
    {
      "pattern_id": 2,
      "n_samples": 50,
      "W": {
        "1": 5.710318195385484e-05,
        "2": 0.0,
        "5": 0.0,
        "10": 1.4738013155127981e-05,
        "20": 0.0
      },
      "mse_full": {
        "1": 0.0003645879678810595,
        "2": 0.0004098611118947066,
        "5": 0.0005012199848896915,
        "10": 0.0002233379002445491,
        "20": 8.590263460772537e-05
      },
      "mse_env": {
        "1": 0.00042169114983491436,
        "2": 0.0004039199811536263,
        "5": 0.00044953151061398293,
        "10": 0.00023807591339967707,
        "20": 8.30112309825368e-05
      },
      "H_wm": 10.0,
      "C_wm": 0.0001390866896403873,
      "lifetime": 50
    },
    {
      "pattern_id": 6,
      "n_samples": 50,
      "W": {
        "1": 0.01242077385586202,
        "2": 0.0,
        "5": 0.007369566570979744,
        "10": 0.0,
        "20": 0.0
      },
      "mse_full": {
        "1": 0.02695093123052379,
        "2": 0.0880674516536564,
        "5": 0.03816074914403562,
        "10": 0.043739523430329316,
        "20": 0.013467809229542469
      },
      "mse_env": {
        "1": 0.03937170508638581,
        "2": 0.06632886832439394,
        "5": 0.04553031571501536,
        "10": 0.026431244739450306,
        "20": 0.008288810708501298
      },
      "H_wm": 5.0,
      "C_wm": 0.03568865321184998,
      "lifetime": 50
    },
    {
      "pattern_id": 11,
      "n_samples": 50,
      "W": {
        "1": 0.0,
        "2": 0.0,
        "5": 0.0,
        "10": 0.0,
        "20": 0.0
      },
      "mse_full": {
        "1": 0.0011786060626351473,
        "2": 0.0007758622098113291,
        "5": 0.0009971354499564945,
        "10": 0.0007780136742954162,
        "20": 0.0007466219319477885
      },
      "mse_env": {
        "1": 0.0005137952930028056,
        "2": 0.0005371058944143903,
        "5": 0.0005668498621973618,
        "10": 0.0006646283617044249,
        "20": 0.00023301671653727738
      },
      "H_wm": 0.0,
      "C_wm": 0.0,
      "lifetime": 50
    },
    {
      "pattern_id": 15,
      "n_samples": 50,
      "W": {
        "1": 0.00013279844825837925,
        "2": 0.00019746236145650798,
        "5": 0.000188811655475059,
        "10": 0.0,
        "20": 0.0
      },
      "mse_full": {
        "1": 0.00024358824038351131,
        "2": 0.00032432082932984526,
        "5": 0.0007726156522947702,
        "10": 0.0008135781356713324,
        "20": 0.00025176328083787553
      },
      "mse_env": {
        "1": 0.00037638668864189057,
        "2": 0.0005217831907863532,
        "5": 0.0009614273077698292,
        "10": 0.0007435359306608247,
        "20": 0.00018257455594604155
      },
      "H_wm": 5.0,
      "C_wm": 0.0012165705689424415,
      "lifetime": 50
    },
    {
      "pattern_id": 20,
      "n_samples": 50,
      "W": {
        "1": 0.0002092154900435601,
        "2": 0.0,
        "5": 0.0,
        "10": 7.272643143707878e-05,
        "20": 0.0
      },
      "mse_full": {
        "1": 0.00035892944703004993,
        "2": 0.000780331361699425,
        "5": 0.0006545628465722789,
        "10": 0.0004079761267026862,
        "20": 0.00023265628747138044
      },
      "mse_env": {
        "1": 0.00056814493707361,
        "2": 0.0005769506815052831,
        "5": 0.0006443125485095886,
        "10": 0.000480702558139765,
        "20": 0.00019539289109339093
      },
      "H_wm": 10.0,
      "C_wm": 0.0006500559807998709,
      "lifetime": 50
    },
    {
      "pattern_id": 21,
      "n_samples": 50,
      "W": {
        "1": 0.0006041897161930831,
        "2": 0.0009334565441026222,
        "5": 0.0003934010129052776,
        "10": 0.00015360877350561466,
        "20": 0.00027124382238603894
      },
      "mse_full": {
        "1": 0.00026430783713250267,
        "2": 0.0002890001616612708,
        "5": 0.0007509322762934685,
        "10": 0.0007254354454412982,
        "20": 0.0001966014818991506
      },
      "mse_env": {
        "1": 0.0008684975533255858,
        "2": 0.0012224567057638929,
        "5": 0.001144333289198746,
        "10": 0.0008790442189469128,
        "20": 0.00046784530428518954
      },
      "H_wm": 20.0,
      "C_wm": 0.006250896911145201,
      "lifetime": 50
    },
    {
      "pattern_id": 23,
      "n_samples": 50,
      "W": {
        "1": 0.0,
        "2": 0.0,
        "5": 0.0,
        "10": 0.0,
        "20": 0.0
      },
      "mse_full": {
        "1": 0.0009236003577136056,
        "2": 0.0016518491225858654,
        "5": 0.001293794081856878,
        "10": 0.0006361417233497669,
        "20": 0.00042636280122006296
      },
      "mse_env": {
        "1": 0.0005243360687283863,
        "2": 0.0005918635832569796,
        "5": 0.000897277175028613,
        "10": 0.0004927440814661435,
        "20": 0.00038190538447164764
      },
      "H_wm": 0.0,
      "C_wm": 0.0,
      "lifetime": 50
    },
    {
      "pattern_id": 27,
      "n_samples": 50,
      "W": {
        "1": 0.0,
        "2": 0.0,
        "5": 0.0,
        "10": 0.0,
        "20": 0.0
      },
      "mse_full": {
        "1": 0.0024748439162017768,
        "2": 0.0038591173503672005,
        "5": 0.0019620307906179847,
        "10": 0.0008040166095310313,
        "20": 0.0002862618505437291
      },
      "mse_env": {
        "1": 0.0004814080508267628,
        "2": 0.000473273148233973,
        "5": 0.0005949200158354697,
        "10": 0.0004201013711730276,
        "20": 0.0001054104463497993
      },
      "H_wm": 0.0,
      "C_wm": 0.0,
      "lifetime": 50
    },
    {
      "pattern_id": 28,
      "n_samples": 50,
      "W": {
        "1": 0.00019366260084034177,
        "2": 0.0,
        "5": 0.0,
        "10": 0.0,
        "20": 0.0
      },
      "mse_full": {
        "1": 0.00040708294154394325,
        "2": 0.0003680648853794128,
        "5": 0.0009378541351166665,
        "10": 0.0003097209632088597,
        "20": 0.00014715748498944086
      },
      "mse_env": {
        "1": 0.000600745542384285,
        "2": 0.0003639103615228053,
        "5": 0.0008002377498540633,
        "10": 0.0002504292181732783,
        "20": 0.00010334853659825722
      },
      "H_wm": 1.0,
      "C_wm": 9.683130042017089e-05,
      "lifetime": 50
    },
    {
      "pattern_id": 29,
      "n_samples": 50,
      "W": {
        "1": 0.0,
        "2": 0.0,
        "5": 0.0,
        "10": 0.0,
        "20": 0.0
      },
      "mse_full": {
        "1": 0.0042752702955240005,
        "2": 0.003421039781587281,
        "5": 0.0015809376439412063,
        "10": 0.001906948388404868,
        "20": 0.0005745718739073428
      },
      "mse_env": {
        "1": 0.0006446552350438397,
        "2": 0.0006134340140247112,
        "5": 0.0005116717670936035,
        "10": 0.0004953592898378132,
        "20": 9.753788798340906e-05
      },
      "H_wm": 0.0,
      "C_wm": 0.0,
      "lifetime": 50
    },
    {
      "pattern_id": 38,
      "n_samples": 50,
      "W": {
        "1": 0.0,
        "2": 0.0,
        "5": 0.0,
        "10": 0.0,
        "20": 0.0
      },
      "mse_full": {
        "1": 0.0004920204633477948,
        "2": 0.0005124868401485039,
        "5": 0.0005902974626378599,
        "10": 0.0003299177132954641,
        "20": 8.809524666587065e-05
      },
      "mse_env": {
        "1": 0.00042090457301737475,
        "2": 0.0004157632548586631,
        "5": 0.0005295853709248156,
        "10": 0.00029179045210545984,
        "20": 6.700322621918504e-05
      },
      "H_wm": 0.0,
      "C_wm": 0.0,
      "lifetime": 50
    },
    {
      "pattern_id": 39,
      "n_samples": 50,
      "W": {
        "1": 0.0009137436662483526,