{
  "agent_type": "self_model",
  "effective_rank": 2.2091472148895264,
  "n_90": 17,
  "n_95": 27,
  "n_99": 42,
  "participation_ratio": 2.2091472148895264,
  "variance_explained": [
    0.669704794883728,
    0.024100298061966896,
    0.02143929712474346,
    0.02016417309641838,
    0.01902480609714985,
    0.017577942460775375,
    0.016607504338026047,
    0.01647796295583248,
    0.014917079359292984,
    0.014649898745119572,
    0.013215519487857819,
    0.011766143143177032,
    0.011003509163856506,
    0.009471439756453037,
    0.007451970130205154,
    0.007066432386636734,
    0.006876563187688589,
    0.006524587515741587,
    0.006021914072334766,
    0.005709246266633272,
    0.0055547491647303104,
    0.0052322461269795895,
    0.00489705428481102,
    0.004649490118026733,
    0.004202666226774454,
    0.003925757482647896,
    0.0037414846010506153,
    0.0036427590530365705,
    0.0032707625068724155,
    0.003127418225631118,
    0.0028941980563104153,
    0.0027792993932962418,
    0.002653819741681218,
    0.002530437894165516,
    0.002514089923352003,
    0.0023358375765383244,
    0.00227569998241961,
    0.0022228264715522528,
    0.002135053975507617,
    0.002100431127473712,
    0.0019729766063392162,
    0.0019389704102650285,
    0.0018460742430761456,
    0.0018193993018940091,
    0.0016640452668070793,
    0.001536554773338139,
    0.0014413271564990282,
    0.0013234844664111733
  ],
  "mappings": {
    "PC1": "valence_candidate",
    "PC2": "arousal_candidate"
  },
  "correlations": {
    "PC1": {
      "viability_distance": 0.7173707497428676,
      "reward": 0.365399322832704,
      "health": 0.31816422468363703,
      "energy": 0.9679608353869248,
      "temperature_deviation": -0.8576059313396314,
      "stress": -0.18157306008900465,
      "threat_active": -0.4104277193828986
    },
    "PC2": {
      "viability_distance": -0.11991331592469787,
      "reward": -0.05426574911549102,
      "health": -0.05458261665883855,
      "energy": 4.136171668213395e-05,
      "temperature_deviation": 0.0009925550860719716,
      "stress": 0.1759256859137957,
      "threat_active": -0.35570172321409155
    },
    "PC3": {
      "viability_distance": 0.0035308759982433675,
      "reward": -0.026885652535389215,
      "health": -0.12841017872229907,
      "energy": -0.012288167474435693,
      "temperature_deviation": -0.025234609492920872,
      "stress": 0.09288377676581883,
      "threat_active": -0.16417530951458537
    },
    "PC4": {
      "viability_distance": 0.012324515293909013,
      "reward": -0.036781908346981834,
      "health": -0.05611829369730122,
      "energy": -0.008790253214421414,
      "temperature_deviation": -0.00701379078587893,
      "stress": -0.018033212386359396,
      "threat_active": 0.015327114017617128
    },
    "PC5": {
      "viability_distance": 0.04460916464535867,
      "reward": 0.04322222358986518,
      "health": 0.03398453697766993,
      "energy": -0.01691442332225676,
      "temperature_deviation": -0.043835515248536946,
      "stress": -0.06990097351837801,
      "threat_active": 0.11043062322707065
    },
    "PC6": {
      "viability_distance": 0.021457692533670872,
      "reward": 0.04542575859755931,
      "health": 0.19869918064022338,
      "energy": 0.03342204169288146,
      "temperature_deviation": -0.03083142148874419,
      "stress": -0.11168598655633166,
      "threat_active": 0.05035006076077825
    },
    "PC7": {
      "viability_distance": -0.004125888812787153,
      "reward": -0.027084268897537157,
      "health": -0.06880702801754904,
      "energy": -0.010321136355287221,
      "temperature_deviation": 0.06109500309588442,
      "stress": 0.0573063739526108,
      "threat_active": -0.15633942971254672
    },
    "PC8": {
      "viability_distance": 0.051356641980477125,
      "reward": 0.04825387917309806,
      "health": 0.1309666254593718,
      "energy": 0.011372231987857199,
      "temperature_deviation": -0.07382850988374434,
      "stress": -0.1732765887452491,
      "threat_active": 0.17891678750630963
    },
    "PC9": {
      "viability_distance": 0.0018854489798038124,
      "reward": 0.024115944824629348,
      "health": -0.08567767376149475,
      "energy": 0.0026403734852851364,
      "temperature_deviation": 0.0047619139183884395,
      "stress": 0.10137505182296365,
      "threat_active": 0.02363416968528001
    },
    "PC10": {
      "viability_distance": 0.03467985579858425,
      "reward": -0.0011530650109780691,
      "health": 0.019632827158824605,
      "energy": -0.007717903294190409,
      "temperature_deviation": 0.016704333600338885,
      "stress": -0.05189275398871083,
      "threat_active": 0.15829822869003096
    }
  }
}