{
  "agent_type": "simple",
  "effective_rank": 1.4020556211471558,
  "n_90": 4,
  "n_95": 7,
  "n_99": 13,
  "participation_ratio": 1.4020556211471558,
  "variance_explained": [
    0.8429287672042847,
    0.032163411378860474,
    0.02461802214384079,
    0.021065253764390945,
    0.01180809922516346,
    0.010662737302482128,
    0.009266146458685398,
    0.009153989143669605,
    0.008736448362469673,
    0.008046978153288364,
    0.0059173814952373505,
    0.0037004263140261173,
    0.002286983886733651,
    0.0016179372323676944,
    0.0013536314945667982,
    0.0009259985527023673,
    0.0008109913324005902,
    0.000746360863558948,
    0.0005398021312430501,
    0.0004204310243949294,
    0.0003400855348445475,
    0.00030127441277727485,
    0.00026924157282337546,
    0.0002462890697643161,
    0.00022474612342193723,
    0.0001815137075027451,
    0.00015681321383453906,
    0.00012673450692091137,
    0.00011469123273855075,
    0.00010411171388113871,
    9.98081814032048e-05,
    8.983397128758952e-05,
    7.477599137928337e-05,
    6.702111568301916e-05,
    6.285706331254914e-05,
    5.695761865354143e-05,
    4.7112574975471944e-05,
    4.4941571104573086e-05,
    4.1364819480804726e-05,
    3.644919706857763e-05,
    3.387893957551569e-05,
    3.345925506437197e-05,
    3.084213676629588e-05,
    2.972989750560373e-05,
    2.806776865327265e-05,
    2.6107405574293807e-05,
    2.3415621399180964e-05,
    2.1989420929457992e-05,
    1.9328475900692865e-05,
    1.837933814385906e-05,
    1.762338615662884e-05,
    1.5636745956726372e-05,
    1.5412248103530146e-05,
    1.4141897736408282e-05,
    1.3259600564197171e-05,
    1.1840338629554026e-05,
    1.1344759514031466e-05,
    1.0869473953789566e-05,
    1.0045802810054738e-05,
    9.967197001969907e-06,
    8.900035936676431e-06,
    8.40575921756681e-06,
    7.369545983237913e-06,
    7.242429092002567e-06,
    7.074802397255553e-06,
    6.8529893724189606e-06,
    5.981433787383139e-06,
    5.735058039135765e-06,
    5.523796971829142e-06,
    5.389208581618732e-06,
    4.984426595910918e-06,
    4.839710527448915e-06,
    4.617525974026648e-06,
    4.275867013348034e-06,
    4.183463261142606e-06,
    3.883043973473832e-06,
    3.739539579328266e-06,
    3.5287691844132496e-06,
    3.436275619606022e-06,
    3.2937150535872206e-06,
    3.1332081107393606e-06,
    2.7456451334728627e-06,
    2.638567366375355e-06,
    2.5436891064600786e-06,
    2.2999724933470134e-06,
    2.2543665636476362e-06,
    2.1428570562420646e-06,
    2.0672150640166365e-06,
    1.8288465071236715e-06,
    1.7454973431085818e-06,
    1.6994442830764456e-06,
    1.3890580703446176e-06,
    1.3199746717873495e-06,
    1.240081587638997e-06,
    1.2010079899482662e-06,
    1.114376459554478e-06,
    1.000277961793472e-06,
    9.05228034753236e-07,
    8.860743037075736e-07,
    8.315198556374526e-07,
    7.726052899670321e-07,
    7.21818651072681e-07,
    5.821956960971875e-07,
    5.425730478236801e-07,
    4.7461313101848646e-07,
    4.1435805542278104e-07,
    3.592064388158178e-07,
    2.2965244309903262e-15,
    2.295777136172611e-15,
    2.295777136172611e-15,
    2.295777136172611e-15,
    2.295777136172611e-15,
    2.295777136172611e-15,
    2.295777136172611e-15,
    2.295777136172611e-15,
    2.295777136172611e-15,
    2.295777136172611e-15,
    2.295777136172611e-15,
    2.295777136172611e-15,
    2.295777136172611e-15,
    2.295777136172611e-15,
    2.295777136172611e-15,
    2.295777136172611e-15,
    2.295777136172611e-15,
    2.295777136172611e-15,
    2.295777136172611e-15,
    2.295777136172611e-15,
    9.188127856795081e-19
  ],
  "mappings": {
    "PC1": "valence_candidate",
    "PC3": "arousal_candidate",
    "PC4": "arousal_candidate"
  },
  "correlations": {
    "PC1": {
      "viability_distance": 0.6674234851399792,
      "reward": 0.38883713711214907,
      "health": 0.350954482824285,
      "energy": 0.973144148088297,
      "temperature_deviation": -0.9212293067498619,
      "stress": -0.16573513030974416,
      "threat_active": -0.375462626350284
    },
    "PC2": {
      "viability_distance": 0.13436724024922653,
      "reward": 0.05511187924811203,
      "health": -0.12620786607688017,
      "energy": -0.06710371639250498,
      "temperature_deviation": 0.01282969442565738,
      "stress": -0.14410561397724575,
      "threat_active": 0.04869365863293917
    },
    "PC3": {
      "viability_distance": -0.002984874262431915,
      "reward": -0.049558785207967755,
      "health": -0.2620739470519672,
      "energy": 0.04090462924257673,
      "temperature_deviation": -0.03150803955624592,
      "stress": 0.17889901019154347,
      "threat_active": -0.4167439529451148
    },
    "PC4": {
      "viability_distance": 0.16457458878420633,
      "reward": 0.1273468756183655,
      "health": 0.18113637786114595,
      "energy": -0.02103334024451915,
      "temperature_deviation": 0.011716855232161736,
      "stress": -0.09191752782282049,
      "threat_active": 0.6447777204815943
    },
    "PC5": {
      "viability_distance": -0.055348074306434125,
      "reward": -0.06483446227962528,
      "health": -0.17991715377626427,
      "energy": -0.0406032709448882,
      "temperature_deviation": 0.04221556007263799,
      "stress": 0.14259716370772274,
      "threat_active": -0.09918048371104604
    },
    "PC6": {
      "viability_distance": -0.3744920070037001,
      "reward": -0.27331248122234725,
      "health": 0.024566834491327204,
      "energy": -0.028947959611549924,
      "temperature_deviation": 0.045940190375744906,
      "stress": -0.027852285539340244,
      "threat_active": -0.05623087761816888
    },
    "PC7": {
      "viability_distance": 0.011415244214329167,
      "reward": 0.04904109486350511,
      "health": 0.033682570978498354,
      "energy": 0.04187739165698168,
      "temperature_deviation": -0.0033568135418621456,
      "stress": 0.034920065495251174,
      "threat_active": 0.07685721107749671
    },
    "PC8": {
      "viability_distance": -0.09427825921248593,
      "reward": -0.11699278172798169,
      "health": 0.012841127419586389,
      "energy": 0.0040310355408280235,
      "temperature_deviation": 0.0046389546169621244,
      "stress": 0.049513494109739355,
      "threat_active": 0.04278902603919972
    },
    "PC9": {
      "viability_distance": 0.008339782553471113,
      "reward": -0.012808048865479559,
      "health": 0.09891922203838285,
      "energy": 0.03763298025757176,
      "temperature_deviation": -0.010066417059209042,
      "stress": -0.020188266208576805,
      "threat_active": 0.027771362014177053
    },
    "PC10": {
      "viability_distance": -0.026475341198957815,
      "reward": -0.08475654995744046,
      "health": 0.10414670632814044,
      "energy": 0.026121909532916626,
      "temperature_deviation": -0.03096293310982619,
      "stress": -0.035791859581987294,
      "threat_active": 0.16125279786328894
    }
  }
}