{
  "agent_type": "world_model",
  "effective_rank": 1.4249484539031982,
  "n_90": 5,
  "n_95": 13,
  "n_99": 26,
  "participation_ratio": 1.4249484539031982,
  "variance_explained": [
    0.836641252040863,
    0.028432287275791168,
    0.015614458359777927,
    0.013930118642747402,
    0.011173669248819351,
    0.01029274333268404,
    0.007680387701839209,
    0.005912926979362965,
    0.005794101394712925,
    0.004864510148763657,
    0.004659171681851149,
    0.004449876025319099,
    0.004005147609859705,
    0.003808338660746813,
    0.0035179168917238712,
    0.003403431735932827,
    0.0033066151663661003,
    0.0030479354318231344,
    0.0028991810977458954,
    0.0028695648070424795,
    0.0027012433856725693,
    0.0025232317857444286,
    0.002507386263459921,
    0.0024605558719486,
    0.0021919365972280502,
    0.0020807795226573944,
    0.0019587832503020763,
    0.0018221752252429724,
    0.0017054806230589747,
    0.0015127883525565267,
    0.001151495729573071,
    0.001080519170500338
  ],
  "mappings": {
    "PC1": "valence_candidate"
  },
  "correlations": {
    "PC1": {
      "viability_distance": -0.6598856673812463,
      "reward": -0.36172138003153315,
      "health": -0.3193014905918551,
      "energy": -0.9711089724433188,
      "temperature_deviation": 0.9050795706020096,
      "stress": 0.17627066580290962,
      "threat_active": 0.3389631385178872
    },
    "PC2": {
      "viability_distance": -0.08389893568856355,
      "reward": -0.1063010799549948,
      "health": -0.07056014436261267,
      "energy": 0.01399880933859869,
      "temperature_deviation": 0.012973903481813535,
      "stress": 0.07292637407287321,
      "threat_active": -0.28493536598439884
    },
    "PC3": {
      "viability_distance": 0.00563723783404373,
      "reward": 0.018005745716367812,
      "health": -0.057501598176418055,
      "energy": 0.00477810458506824,
      "temperature_deviation": -0.015692319545681163,
      "stress": -0.0032630271481749254,
      "threat_active": -0.25109222014603116
    },
    "PC4": {
      "viability_distance": -0.043993086379530526,
      "reward": -0.004990977949488372,
      "health": -0.1153843826175293,
      "energy": 0.011638122929096521,
      "temperature_deviation": 0.018996404885374532,
      "stress": 0.17539291214916325,
      "threat_active": -0.23936021760916226
    },
    "PC5": {
      "viability_distance": -0.0368293897553891,
      "reward": -0.012393871504843506,
      "health": -0.02655574960148147,
      "energy": -0.011989123988915164,
      "temperature_deviation": 0.012675718419313869,
      "stress": 0.07239932520547115,
      "threat_active": 0.01790955802298523
    },
    "PC6": {
      "viability_distance": -0.034966982391495434,
      "reward": -0.03322874188060393,
      "health": -0.09097837066284459,
      "energy": -0.016816897763548624,
      "temperature_deviation": -0.021718458574455177,
      "stress": 0.06606650550509931,
      "threat_active": -0.00879908721205194
    },
    "PC7": {
      "viability_distance": -0.009055214407601795,
      "reward": -0.03242274125432826,
      "health": -0.07947107378666608,
      "energy": 0.009418617233359006,
      "temperature_deviation": 0.010700256139184475,
      "stress": 0.098409216105771,
      "threat_active": -0.04015752593216415
    },
    "PC8": {
      "viability_distance": 0.04958108936799076,
      "reward": 0.003810303075445654,
      "health": -0.02278729569377188,
      "energy": -0.009613755070583709,
      "temperature_deviation": -0.016075976625469224,
      "stress": -0.11614302602858585,
      "threat_active": 0.11295123869353316
    },
    "PC9": {
      "viability_distance": -0.026526235859686526,
      "reward": -0.05868501635436503,
      "health": -0.07383985219750468,
      "energy": 0.002492222181365739,
      "temperature_deviation": -0.0032023703885963872,
      "stress": -0.0035883094467119353,
      "threat_active": -0.10796579935285791
    },
    "PC10": {
      "viability_distance": -0.020288071906954322,
      "reward": -0.03334338970084469,
      "health": -0.010405307935405254,
      "energy": -0.00995087341067916,
      "temperature_deviation": -0.014419348168795984,
      "stress": 0.139952687438717,
      "threat_active": 0.08168016842246462
    }
  }
}