{
  "metadata": {
    "snapshot_path": "/Users/jacob/fun/shape-of-experience/empirical/experiments/study_ca_affect/results/v13_s123/v13_s123/snapshots/cycle_000.npz",
    "seed": 123,
    "C": 16,
    "N": 128,
    "n_recording_steps": 50,
    "n_patterns_detected": 5,
    "n_patterns_analyzed": 5,
    "cycle": 0
  },
  "n_patterns": 5,
  "n_timesteps": 50,
  "mean_phi_individual": 4.1574393033981325,
  "sum_phi_individual": 20.78719651699066,
  "phi_group": 0.1838818703383639,
  "superorganism_ratio": 0.008845919659635963,
  "phi_subgroup_A": 0.05207168287793287,
  "phi_subgroup_B": 0.01798070873940361,
  "phi_partition_sum": 0.07005239161733648,
  "partition_loss": 0.11382947872102742,
  "mean_pairwise_MI": 0.01838818703383639,
  "group_coherence": 0.4,
  "cycle": 0
}