{
  "per_seed": {
    "s42": {
      "mean_phi": 0.06849919932583969,
      "max_phi": 0.09861241802573203,
      "late_mean_phi": 0.04832557703057925,
      "mean_robustness": 1.0000604831987252,
      "max_robustness": 1.025560305737999,
      "mean_pred_mse": 0.000240930413485903,
      "final_lr": 0.005292208399623632,
      "final_pop": 256,
      "category": "LOW",
      "mean_sym_entropy": 2.47805036497116,
      "mean_sym_resource_mi": 0.0031300904850115,
      "mean_coop_events": 229.00533333333334,
      "comm_phi_lift": -5.2563007920980974e-05,
      "lang_status": "REFERENTIAL"
    },
    "s123": {
      "mean_phi": 0.09969513238718114,
      "max_phi": 0.1455090783536434,
      "late_mean_phi": 0.09506138496100904,
      "mean_robustness": 0.9986270041789655,
      "max_robustness": 1.0091334313211178,
      "mean_pred_mse": 0.0005321426813928922,
      "final_lr": 0.004326213151216507,
      "final_pop": 256,
      "category": "MOD",
      "mean_sym_entropy": 2.1836900416215257,
      "mean_sym_resource_mi": 0.003167106154686717,
      "mean_coop_events": 137.9426666666667,
      "comm_phi_lift": 1.35079026222229e-05,
      "lang_status": "REFERENTIAL"
    },
    "s7": {
      "mean_phi": 0.07079446575293936,
      "max_phi": 0.11415259018540383,
      "late_mean_phi": 0.061045915310581525,
      "mean_robustness": 0.9979745544881687,
      "max_robustness": 1.0043948499039221,
      "mean_pred_mse": 0.0001645151004923463,
      "final_lr": 0.0049713654443621635,
      "final_pop": 256,
      "category": "LOW",
      "mean_sym_entropy": 2.552911526997884,
      "mean_sym_resource_mi": 0.0027229310346588748,
      "mean_coop_events": 163.41866666666667,
      "comm_phi_lift": -7.877033203838e-06,
      "lang_status": "REFERENTIAL"
    },
    "s0": {
      "mean_phi": 0.07789449067165456,
      "max_phi": 0.11429804041981698,
      "late_mean_phi": 0.0670989341288805,
      "mean_robustness": 0.9974844246526425,
      "max_robustness": 1.0409237622183387,
      "mean_pred_mse": 0.0002882470531763647,
      "final_lr": 0.005083963740617037,
      "final_pop": 256,
      "category": "LOW",
      "mean_sym_entropy": 2.4665139475663502,
      "mean_sym_resource_mi": 0.002519643351955267,
      "mean_coop_events": 198.17000000000004,
      "comm_phi_lift": -5.3868442773816194e-05,
      "lang_status": "REFERENTIAL"
    },
    "s1": {
      "mean_phi": 0.08019160228470962,
      "max_phi": 0.10292221307754516,
      "late_mean_phi": 0.07520606053372222,
      "mean_robustness": 0.9996906511646704,
      "max_robustness": 1.017166744741801,
      "mean_pred_mse": 0.00026768189835145174,
      "final_lr": 0.004854865372180939,
      "final_pop": 256,
      "category": "MOD",
      "mean_sym_entropy": 2.537794134457906,
      "mean_sym_resource_mi": 0.001949138430575057,
      "mean_coop_events": 137.37266666666667,
      "comm_phi_lift": -2.6373378932473615e-05,
      "lang_status": "REFERENTIAL"
    },
    "s2": {
      "mean_phi": 0.07554889346162479,
      "max_phi": 0.0996460534632206,
      "late_mean_phi": 0.07285276484986145,
      "mean_robustness": 1.0005927189191997,
      "max_robustness": 1.0453156694650767,
      "mean_pred_mse": 0.0002216768968330164,
      "final_lr": 0.004742269404232502,
      "final_pop": 256,
      "category": "MOD",
      "mean_sym_entropy": 2.597839830716451,
      "mean_sym_resource_mi": 0.004832711288721637,
      "mean_coop_events": 150.51400000000004,
      "comm_phi_lift": -4.977025091647963e-05,
      "lang_status": "REFERENTIAL"
    },
    "s3": {
      "mean_phi": 0.09829292343308528,
      "max_phi": 0.14264901876449584,
      "late_mean_phi": 0.08024821502466996,
      "mean_robustness": 0.9960101548383204,
      "max_robustness": 1.0199121711911794,
      "mean_pred_mse": 0.00017816750960132922,
      "final_lr": 0.005274954251945019,
      "final_pop": 256,
      "category": "MOD",
      "mean_sym_entropy": 2.6073309370676676,
      "mean_sym_resource_mi": 0.002300976325689183,
      "mean_coop_events": 181.6173333333333,
      "comm_phi_lift": 3.886818885803431e-05,
      "lang_status": "REFERENTIAL"
    },
    "s4": {
      "mean_phi": 0.09626127252976104,
      "max_phi": 0.13295185565948486,
      "late_mean_phi": 0.08476383725802106,
      "mean_robustness": 0.9993901719173134,
      "max_robustness": 1.0405351273471612,
      "mean_pred_mse": 0.00017147574799456872,
      "final_lr": 0.005339053925126791,
      "final_pop": 256,
      "category": "MOD",
      "mean_sym_entropy": 2.3140152909755702,
      "mean_sym_resource_mi": 0.0037546299950797835,
      "mean_coop_events": 151.662,
      "comm_phi_lift": -7.354468107217266e-06,
      "lang_status": "REFERENTIAL"
    },
    "s5": {
      "mean_phi": 0.0883958452194929,
      "max_phi": 0.12743778228759767,
      "late_mean_phi": 0.08516636475920676,
      "mean_robustness": 0.9976049163858124,
      "max_robustness": 1.0665092462681183,
      "mean_pred_mse": 0.000138990748062467,
      "final_lr": 0.004792904015630484,
      "final_pop": 256,
      "category": "MOD",
      "mean_sym_entropy": 2.411495250384013,
      "mean_sym_resource_mi": 0.002659866897514316,
      "mean_coop_events": 127.32066666666667,
      "comm_phi_lift": -1.1694803833960793e-05,
      "lang_status": "REFERENTIAL"
    },
    "s6": {
      "mean_phi": 0.08388797370096047,
      "max_phi": 0.12360538765788079,
      "late_mean_phi": 0.07148567433158556,
      "mean_robustness": 0.9967792142057817,
      "max_robustness": 1.0044213022310609,
      "mean_pred_mse": 0.0001279892890238392,
      "final_lr": 0.005360191687941551,
      "final_pop": 256,
      "category": "MOD",
      "mean_sym_entropy": 2.6700868361790975,
      "mean_sym_resource_mi": 0.001101457167506747,
      "mean_coop_events": 146.67666666666668,
      "comm_phi_lift": 1.0662339627738951e-05,
      "lang_status": "REFERENTIAL"
    }
  },
  "distribution": {
    "HIGH": 0,
    "MOD": 7,
    "LOW": 3
  },
  "language": {
    "REFERENTIAL": 10,
    "DIVERSE_NOISE": 0,
    "COLLAPSED": 0
  },
  "statistics": {
    "mean_phi": 0.0839461798767249,
    "mean_phi_std": 0.010761663344124017,
    "late_phi": 0.07412547281881174,
    "mean_entropy": 2.4819728160937626,
    "mean_mi_proxy": 0.0028138551131399086,
    "mean_comm_lift": -1.4646295458077031e-05,
    "t_stat_vs_v27": -1.778894165553263
  },
  "elapsed_s": 1960.5901968479156
}