{
  "metadata": {
    "snapshot_path": "/Users/jacob/fun/shape-of-experience/empirical/experiments/study_ca_affect/results/v13_s42_v2/v13_s42_v2/snapshots/cycle_025.npz",
    "seed": 42,
    "C": 16,
    "N": 128,
    "n_recording_steps": 50,
    "n_patterns_detected": 26,
    "n_patterns_analyzed": 20,
    "cycle": 25
  },
  "patterns": [
    {
      "pattern_id": 0,
      "n_samples": 50,
      "d_eff": 7.797145487316561,
      "d_raw": 68,
      "A": 0.8853360957747565,
      "D": 0.18614991320342916,
      "K_comp": 0.1706568572363527,
      "eigenspectrum": [
        16.744086798745684,
        8.497447478441451,
        5.202928592653491,
        4.967497965346221,
        3.5783715721710445,
        2.771376567766343,
        2.5207425804769157,
        2.180148092549807,
        1.975079765304337,
        1.5088566783219375,
        1.4493822528586895,
        1.2964715943551923,
        0.9321944125723945,
        0.8666962972130191,
        0.7650161585478475,
        0.48362024008883436,
        0.48275170578865484,
        0.4128961561606088,
        0.33997188183366167,
        0.3328662045818716
      ]
    },
    {
      "pattern_id": 1,
      "n_samples": 50,
      "d_eff": 8.84052343539693,
      "d_raw": 68,
      "A": 0.8699923024206334,
      "D": 0.30105312435442366,
      "K_comp": 0.4444083114201532,
      "eigenspectrum": [
        14.21659754110059,
        10.346301442681224,
        7.682967570973574,
        6.6642134367579455,
        5.916622382579393,
        4.407565841255574,
        3.4936623230676154,
        2.7850402986390286,
        1.8585727647838992,
        1.4514669374140758,
        1.325467189664246,
        0.9789501717680489,
        0.8249461675224379,
        0.7634094334411871,
        0.6345489765013026,
        0.4319964456278184,
        0.3431393600737798,
        0.2769435388637108,
        0.24499922436732924,
        0.22889368938693827
      ]
    },
    {
      "pattern_id": 2,
      "n_samples": 50,
      "d_eff": 7.044783587846651,
      "d_raw": 68,
      "A": 0.8964002413551964,
      "D": 0.16361594802257795,
      "K_comp": 0.19080498675237423,
      "eigenspectrum": [
        16.362924862974964,
        12.94988967611596,
        5.965528418578138,
        4.234586485318292,
        3.432530020718304,
        3.2163564497524857,
        2.7254118142663675,
        2.0961020370694676,
        1.64495696994986,
        1.4859812587727266,
        1.069517624027905,
        0.9990302509144894,
        0.8036447680604358,
        0.6358271878836347,
        0.5535989211570229,
        0.4580208498379329,
        0.3742255393046348,
        0.31678010020295866,
        0.2895233534347838,
        0.27294934455827974
      ]
    },
    {
      "pattern_id": 3,
      "n_samples": 50,
      "d_eff": 6.78671796624233,
      "d_raw": 68,
      "A": 0.9001953240258481,
      "D": 0.2656593298307974,
      "K_comp": 0.24343432712395288,
      "eigenspectrum": [
        18.024284894721433,
        8.97796991353524,
        6.844124565343668,
        6.059109435687985,
        4.550156437086077,
        3.418526412938931,
        2.104096186344032,
        1.5300235533908024,
        1.2731975286482622,
        1.0510735225020307,
        0.9179959952873651,
        0.8357550046486979,
        0.6179763717082367,
        0.5218181261869481,
        0.4946767126091854,
        0.4336874503988689,
        0.35693045449185345,
        0.3162201240214134,
        0.27703934512348577,
        0.22719360080090556
      ]
    },
    {
      "pattern_id": 4,
      "n_samples": 50,
      "d_eff": 7.144318786800198,
      "d_raw": 68,
      "A": 0.8949364884294089,
      "D": 0.12333915215395111,
      "K_comp": 0.14065767654706746,
      "eigenspectrum": [
        17.27536680781602,
        8.931639002309641,
        7.161347114447614,
        4.754724171793674,
        3.396179738565558,
        2.887106574614441,
        2.696054923920393,
        1.6734335245460783,
        1.5279471919195724,
        1.217827521316866,
        1.075387473438985,
        0.8312356771964673,
        0.7488541369361437,
        0.7205363775464368,
        0.6093348935386173,
        0.5183649712272658,
        0.48235943233944456,
        0.40966777479564703,
        0.32724751504379024,
        0.2903477259256455
      ]
    },
    {
      "pattern_id": 5,
      "n_samples": 50,
      "d_eff": 10.69203853483604,
      "d_raw": 68,
      "A": 0.8427641391935876,
      "D": 0.35651592228273704,
      "K_comp": 0.13296253877709666,
      "eigenspectrum": [
        12.10082973956833,
        9.171909273336352,
        7.874283868027298,
        6.53220017497623,
        5.535452237636881,
        4.378355303668499,
        3.6363860101579464,
        2.994067982447703,
        2.3144014547357292,
        1.6993247949373278,
        1.4208311174721389,
        1.2173723539995835,
        1.0502310465062201,
        1.0423930266043384,
        0.8059256374976469,
        0.7112909461779638,
        0.6685514992899068,
        0.5663810794805623,
        0.5403233198798674,
        0.5113479187633058
      ]
    },
    {
      "pattern_id": 6,
      "n_samples": 50,
      "d_eff": 7.645893699295914,
      "d_raw": 68,
      "A": 0.8875603867750601,
      "D": 0.13496572590186856,
      "K_comp": 0.5322422255857839,
      "eigenspectrum": [
        16.055197197086095,
        8.831451572164042,
        8.227006826028827,
        5.07359890660978,
        3.81033804132596,
        3.043747101822102,
        2.592735247377168,
        2.168117343213108,
        1.6049202998437078,
        1.4678387303529172,
        1.256979872466306,
        1.0467149637627675,
        0.804864588688985,
        0.7114085459181252,
        0.6796966712906659,
        0.40362147123077874,
        0.33955717238473554,
        0.30705664961241574,
        0.26012892668154297,
        0.2086169037999567
      ]
    },
    {
      "pattern_id": 7,
      "n_samples": 50,
      "d_eff": 8.888965524150196,
      "d_raw": 68,
      "A": 0.8692799187624971,
      "D": 0.34127166753425325,
      "K_comp": 0.4004181235510064,
      "eigenspectrum": [
        12.043975724935311,
        9.366945328647692,
        8.389130375756572,
        6.113754319221959,
        5.028665708008849,
        3.321666918767354,
        2.043984896033743,
        1.7438594481648306,
        1.583891913124751,
        1.4814883299926733,
        1.2626569222449344,
        0.9251922381386444,
        0.7837860637827436,
        0.7540680364278695,
        0.6432757411980582,
        0.609494642507174,
        0.4582689317624856,
        0.3901248089425823,
        0.3724326193551964,
        0.3570847057469089
      ]
    },
    {
      "pattern_id": 8,
      "n_samples": 50,
      "d_eff": 6.944575289833739,
      "d_raw": 68,
      "A": 0.8978738927965627,
      "D": 0.470658582857786,
      "K_comp": 0.1460727039386503,
      "eigenspectrum": [
        16.771966763754477,
        10.580269426375402,
        8.185813432669807,
        5.226084443193582,
        4.5435714737530875,
        4.033709462673506,
        2.4849056312273055,
        2.1479172944273532,
        1.123173937342195,
        0.9854922431659245,
        0.855058480962923,
        0.6898293592329476,
        0.53372364157066,
        0.5023780535483944,
        0.3859058409197694,
        0.31940851240040086,
        0.27064128191097536,
        0.24619449721022058,
        0.19181306077781501,
        0.15474151510799397
      ]
    },
    {
      "pattern_id": 9,
      "n_samples": 50,
      "d_eff": 7.208170760548227,
      "d_raw": 68,
      "A": 0.8939974888154673,
      "D": 0.29248622382248346,
      "K_comp": 0.5084594683509932,