{
  "metadata": {
    "snapshot_path": "/Users/jacob/fun/shape-of-experience/empirical/experiments/study_ca_affect/results/v13_s42_v2/v13_s42_v2/snapshots/cycle_010.npz",
    "seed": 42,
    "C": 16,
    "N": 128,
    "n_recording_steps": 50,
    "n_patterns_detected": 34,
    "n_patterns_analyzed": 20,
    "cycle": 10
  },
  "patterns": [
    {
      "pattern_id": 0,
      "n_samples": 50,
      "d_eff": 6.837744671173652,
      "d_raw": 68,
      "A": 0.8994449313062698,
      "D": 0.3324793498719555,
      "K_comp": 0.219407920844637,
      "eigenspectrum": [
        17.938576650312122,
        11.156437373396756,
        6.6055506478067585,
        4.453364393192503,
        3.2505526467090973,
        3.028844160763924,
        2.4320274485627764,
        1.7839877836032458,
        1.6504308233359228,
        1.3456727567147453,
        1.2366063193930539,
        0.9917638486954353,
        0.9025867302969334,
        0.6827491428666154,
        0.6582723480884152,
        0.48121513958761175,
        0.43690355345146437,
        0.35720804507429277,
        0.33026123296367443,
        0.2693852376952958
      ]
    },
    {
      "pattern_id": 1,
      "n_samples": 50,
      "d_eff": 7.525817808383494,
      "d_raw": 68,
      "A": 0.8893262087002427,
      "D": 0.13241146414755148,
      "K_comp": 0.2607002289466004,
      "eigenspectrum": [
        16.740828499250185,
        9.800889847866259,
        6.307637386741253,
        5.495560138496015,
        4.528384019196766,
        3.2663950288574912,
        2.8398610392199,
        2.0033994880577515,
        1.5704431183785161,
        1.2994741641995704,
        1.1101182913907863,
        0.9906535734754895,
        0.7373203692180322,
        0.5872402479107909,
        0.5791717584990573,
        0.4928285690055335,
        0.4646768899843919,
        0.3670682334632458,
        0.30820334802570054,
        0.25920768745340894
      ]
    },
    {
      "pattern_id": 2,
      "n_samples": 50,
      "d_eff": 8.422184235049128,
      "d_raw": 68,
      "A": 0.8761443494845716,
      "D": 0.46542261468754514,
      "K_comp": 0.2503967272791041,
      "eigenspectrum": [
        15.851899662219463,
        10.968998228826862,
        6.706773764666708,
        6.401904707704125,
        5.129725271389067,
        3.7398278905202114,
        2.4624563568672726,
        2.259603774069279,
        1.9765669429790798,
        1.6084132670229163,
        1.404643163180431,
        1.214891400243193,
        0.9381722134019785,
        0.7651039905648025,
        0.719186920608964,
        0.5846522429037269,
        0.4991278324765069,
        0.4550034759380092,
        0.4040521156362052,
        0.3506331607711902
      ]
    },
    {
      "pattern_id": 3,
      "n_samples": 50,
      "d_eff": 5.302304093969967,
      "d_raw": 68,
      "A": 0.9220249397945594,
      "D": 0.2622471147716805,
      "K_comp": 0.3934050610282735,
      "eigenspectrum": [
        22.13397075204164,
        11.41131063162258,
        5.071911092587424,
        2.99183904903125,
        2.884561954573758,
        2.4515345483846365,
        2.123515365076184,
        1.6701970725023687,
        1.3263477407516668,
        1.260732637727574,
        0.9767624282499235,
        0.9303139984321422,
        0.7159363464044586,
        0.5883171828940692,
        0.5332952001505274,
        0.4641852688273453,
        0.3653645582643833,
        0.349246384227218,
        0.33209290768057437,
        0.2723862724763449
      ]
    },
    {
      "pattern_id": 4,
      "n_samples": 50,
      "d_eff": 7.775485623123144,
      "d_raw": 68,
      "A": 0.8856546231893655,
      "D": 0.19730104622360464,
      "K_comp": 0.34737025523215376,
      "eigenspectrum": [
        14.305534004450834,
        11.173620163857587,
        7.752691432897295,
        5.371167563309327,
        4.267459216601918,
        3.696915439251823,
        2.12433988037246,
        1.9814574302766732,
        1.4411265031755411,
        1.2311692931888756,
        0.9603078880215055,
        0.8809505017308493,
        0.7594788915580986,
        0.649937356261112,
        0.5836182297887362,
        0.4629253198472041,
        0.37485642136354147,
        0.3084560465766842,
        0.2836207699892501,
        0.23170203676770912
      ]
    },
    {
      "pattern_id": 5,
      "n_samples": 50,
      "d_eff": 9.735283220450624,
      "d_raw": 68,
      "A": 0.8568340702874908,
      "D": 0.2219742591085643,
      "K_comp": 0.14574476742409526,
      "eigenspectrum": [
        11.454428759477267,
        9.699131992457971,
        6.996965136018691,
        6.2411066497102485,
        4.922018068702506,
        3.168149123332738,
        2.5331096926753065,
        2.199704639064248,
        1.7289249942132348,
        1.5563225555838365,
        1.4454610527184524,
        1.3956909289912558,
        1.0961077485103763,
        0.9041033190567032,
        0.890903148480494,
        0.6182894687389382,
        0.4902715195497137,
        0.4616805163532104,
        0.34937510228844726,
        0.29981898382787137
      ]
    },
    {
      "pattern_id": 6,
      "n_samples": 50,
      "d_eff": 5.781894923663155,
      "d_raw": 68,
      "A": 0.9149721334755418,
      "D": 0.25262880719212305,
      "K_comp": 0.31138248370526833,
      "eigenspectrum": [
        20.19266206507971,
        11.278786438192448,
        6.976271016533385,
        3.85553533447992,
        3.0177943333406954,
        2.652726950839268,
        1.826596120847149,
        1.4341287751898582,
        1.424709213565975,
        1.1767811091676563,
        1.012805208639009,
        0.8967904890731075,
        0.6440582281045971,
        0.5490746529718525,
        0.4936049796118991,
        0.4274137378805502,
        0.36189827228476545,
        0.3051250501464272,
        0.2360930381379008,
        0.21636814203612406
      ]
    },
    {
      "pattern_id": 7,
      "n_samples": 50,
      "d_eff": 6.735574882782182,
      "d_raw": 68,
      "A": 0.9009474281943797,
      "D": 0.2564857796400202,
      "K_comp": 0.22577988489004955,
      "eigenspectrum": [
        19.35088001470409,
        9.632894210424798,
        5.68509617021636,
        3.887362822273177,
        3.499647989952606,
        3.27765873681298,
        2.2204334012936355,
        1.7477633346162438,
        1.6442157778594824,
        1.4641574678622622,
        1.2038793073920078,
        1.1031372043934362,
        0.9297809761497502,
        0.8255873151728281,
        0.6610935748588492,
        0.6200499885615707,
        0.4795888250801199,
        0.4275697888079946,
        0.3681825312838641,
        0.3388189146389236
      ]
    },
    {
      "pattern_id": 8,
      "n_samples": 50,
      "d_eff": 8.660027005522217,
      "d_raw": 68,
      "A": 0.8726466616834968,
      "D": 0.14993684781944536,
      "K_comp": 0.7525301229732753,
      "eigenspectrum": [
        12.692824687597902,
        11.599039531547547,
        7.027031266255405,
        5.691600348783316,
        4.423289385834381,
        4.07532757229345,
        2.2852231750609264,
        1.946342151353949,
        1.6645207688245467,
        1.3401708994605341,
        1.1750055524430167,
        1.067319247914142,
        0.8059238218734344,
        0.7709929346571762,
        0.7002270213188606,
        0.6552493522981814,
        0.5560436221146209,
        0.469711187663312,
        0.3733216494101883,
        0.3085694007320223
      ]
    },
    {
      "pattern_id": 9,
      "n_samples": 50,
      "d_eff": 7.980577373460101,
      "d_raw": 68,
      "A": 0.8826385680373514,
      "D": 0.3479373586890971,
      "K_comp": 0.1790296626798056,