{
  "metadata": {
    "snapshot_path": "/Users/jacob/fun/shape-of-experience/empirical/experiments/study_ca_affect/results/v13_s42_v2/v13_s42_v2/snapshots/cycle_005.npz",
    "seed": 42,
    "C": 16,
    "N": 128,
    "n_recording_steps": 50,
    "n_patterns_detected": 35,
    "n_patterns_analyzed": 20,
    "cycle": 5
  },
  "patterns": [
    {
      "pattern_id": 0,
      "n_samples": 50,
      "d_eff": 8.03510833859957,
      "d_raw": 68,
      "A": 0.881836642079418,
      "D": 0.21607634774181028,
      "K_comp": 0.2416479460348413,
      "eigenspectrum": [
        14.08609559471186,
        11.529684847349591,
        6.2984675839029665,
        5.009597250475468,
        3.498437646846879,
        2.5958013219150833,
        2.3412667341439257,
        2.1606448180472526,
        1.7787416864772367,
        1.4311911821600347,
        1.3012564712963046,
        0.9203029619446997,
        0.8166685773732338,
        0.7235832343807584,
        0.5952276364648925,
        0.5756200847266961,
        0.543232858665578,
        0.4754452790967481,
        0.3498058697464904,
        0.3215785728046822
      ]
    },
    {
      "pattern_id": 1,
      "n_samples": 50,
      "d_eff": 7.055050725790925,
      "d_raw": 68,
      "A": 0.8962492540324865,
      "D": 0.3462373297425849,
      "K_comp": 0.15524335383186139,
      "eigenspectrum": [
        17.028056940897812,
        8.907013873186214,
        8.618574486526239,
        4.89521804782543,
        3.9373862946425175,
        3.6877396764082513,
        2.274541071993556,
        1.8276093477503739,
        1.7838428990914685,
        1.4991078303663836,
        1.072015423384753,
        0.7767981348113732,
        0.7084233657551039,
        0.574616885967429,
        0.4342496505105627,
        0.3155088902900283,
        0.2800414615565657,
        0.24576132108014612,
        0.21790603515787002,
        0.18619849074444225
      ]
    },
    {
      "pattern_id": 2,
      "n_samples": 50,
      "d_eff": 7.0219890969605405,
      "d_raw": 68,
      "A": 0.8967354544564626,
      "D": 0.18630324647899346,
      "K_comp": 0.13486123424790758,
      "eigenspectrum": [
        14.777212500947504,
        12.56872457334215,
        6.5834261554114395,
        5.67309729098352,
        4.532514711547533,
        3.4773105665859108,
        2.6863760289138265,
        1.4871546710014893,
        1.1830735382429003,
        1.0764653643346227,
        0.7968659044536239,
        0.6702449704477125,
        0.5978977954023327,
        0.48899409072633465,
        0.45275031548858274,
        0.36752930723993504,
        0.34425428230753274,
        0.261551061460231,
        0.19179374742284813,
        0.15223398367909294
      ]
    },
    {
      "pattern_id": 3,
      "n_samples": 50,
      "d_eff": 10.466350313903966,
      "d_raw": 68,
      "A": 0.8460830836190594,
      "D": 0.31534585748139843,
      "K_comp": 0.3844027927664968,
      "eigenspectrum": [
        11.56437371575057,
        8.037998267754585,
        6.573045130862034,
        6.205797111091755,
        4.681053302625076,
        4.387027610927523,
        3.703978757642629,
        3.0705959203270092,
        2.078816808958017,
        1.5539097319393946,
        1.4645708639152641,
        1.1210501031664128,
        1.0224907308786708,
        0.8408647507163446,
        0.690680634274513,
        0.574557674262782,
        0.5110668008483558,
        0.451901909634934,
        0.3812648120548651,
        0.34937529679896023
      ]
    },
    {
      "pattern_id": 4,
      "n_samples": 50,
      "d_eff": 7.512687862778942,
      "d_raw": 68,
      "A": 0.8895192961356038,
      "D": 0.22147306163889074,
      "K_comp": 0.38357180527196233,
      "eigenspectrum": [
        17.037870888662425,
        8.679953447489671,
        7.4099484599893435,
        5.503908691671299,
        4.129673274649468,
        3.239239499645714,
        2.4861399812769176,
        2.137110853160842,
        1.713291194894594,
        1.4352151129155246,
        1.1671895331927629,
        0.995421966139451,
        0.8260423259405935,
        0.7677408373107918,
        0.5781410733737511,
        0.5030891332762507,
        0.433942076558707,
        0.32559063419658907,
        0.30080358604048485,
        0.24048990516716018
      ]
    },
    {
      "pattern_id": 5,
      "n_samples": 50,
      "d_eff": 7.909312328852852,
      "d_raw": 68,
      "A": 0.8836865833992228,
      "D": 0.21406952319690775,
      "K_comp": 0.17804582627302756,
      "eigenspectrum": [
        14.721991267718577,
        11.56108899146755,
        6.518239237411622,
        5.9792550542626,
        4.327126935352824,
        2.6063325355127267,
        2.313026441129251,
        1.973891086272256,
        1.7962521935595015,
        1.3225786489893907,
        1.2382918822369946,
        1.0930306926311575,
        0.8864612560125792,
        0.7220958908533359,
        0.6386786853971169,
        0.5085934859481872,
        0.47683791788771684,
        0.4220130654160117,
        0.3816858997057429,
        0.30627926251125026
      ]
    },
    {
      "pattern_id": 6,
      "n_samples": 50,
      "d_eff": 6.2731945406598815,
      "d_raw": 68,
      "A": 0.9077471391079429,
      "D": 0.41796712991741897,
      "K_comp": 0.3080563320856715,
      "eigenspectrum": [
        20.17644994556281,
        9.842328995662136,
        5.830632319200944,
        4.298297255116321,
        3.726533205724618,
        2.9464415543158893,
        2.4541963356298253,
        1.956570802291216,
        1.6142199847897696,
        1.3619871337816767,
        1.1396221003186344,
        0.9809464292929947,
        0.6956200222139531,
        0.6362754585795792,
        0.5382544247166514,
        0.47083242997019187,
        0.383074577520414,
        0.3717632410292346,
        0.2785732440917546,
        0.230514384256893
      ]
    },
    {
      "pattern_id": 7,
      "n_samples": 50,
      "d_eff": 6.668711060095563,
      "d_raw": 68,
      "A": 0.901930719704477,
      "D": 0.13501067519455684,
      "K_comp": 0.196062523735434,
      "eigenspectrum": [
        19.688175052913387,
        7.478506600670142,
        5.727204319886177,
        5.109400488659363,
        3.1269327557085598,
        2.7079014167446918,
        2.6637933103453126,
        2.4645762157718747,
        1.7471414425371103,
        1.4752085959090067,
        1.2614813230320951,
        0.9972018102802823,
        0.8851253777732787,
        0.8181761990061973,
        0.7550040572921841,
        0.5283517764130259,
        0.3994848636562767,
        0.36968703175135037,
        0.335993459659897,
        0.27260222011616403
      ]
    },
    {
      "pattern_id": 8,
      "n_samples": 50,
      "d_eff": 9.415644196746788,
      "d_raw": 68,
      "A": 0.8615346441654884,
      "D": 0.2562792785962448,
      "K_comp": 0.26555559530668377,
      "eigenspectrum": [
        11.613180288482404,
        9.357710752883017,
        7.869507049862832,
        6.8282593306059605,
        4.6640103713873255,
        4.216060453786629,
        3.5692713014337447,
        2.0496203778874675,
        1.9018648588806304,
        1.4559246634532577,
        1.3107818351828826,
        0.8290712421129363,
        0.8033140488939708,
        0.7150215364770401,
        0.6413176159118076,
        0.4674415808873727,
        0.441799770785629,
        0.3913161033835586,
        0.3418234508441693,
        0.24712618750284038
      ]
    },
    {
      "pattern_id": 9,
      "n_samples": 50,
      "d_eff": 10.608648244247561,
      "d_raw": 68,
      "A": 0.8439904669963594,
      "D": 0.15388305899680002,
      "K_comp": 0.1892480869580737,