{
  "metadata": {
    "snapshot_path": "/Users/jacob/fun/shape-of-experience/empirical/experiments/study_ca_affect/results/v13_s42_v2/v13_s42_v2/snapshots/cycle_029.npz",
    "seed": 42,
    "C": 16,
    "N": 128,
    "n_recording_steps": 50,
    "n_patterns_detected": 44,
    "n_patterns_analyzed": 20,
    "cycle": 29
  },
  "patterns": [
    {
      "pattern_id": 0,
      "n_samples": 50,
      "d_eff": 7.6387224678384795,
      "d_raw": 68,
      "A": 0.8876658460611988,
      "D": 0.24519373187082502,
      "K_comp": 0.23173318994226524,
      "eigenspectrum": [
        15.619302733615712,
        10.756639762500075,
        6.252940642629805,
        5.710615714286299,
        4.108062010754823,
        2.8114898768227987,
        2.4349254456557756,
        1.961907881777458,
        1.3701869801373774,
        1.3525519985809416,
        1.1460626599837935,
        0.9769817362965768,
        0.8277811663098018,
        0.7271489632065873,
        0.5539271522639404,
        0.5232652065465897,
        0.45048408159506537,
        0.40810158817499725,
        0.327863602825376,
        0.28659347476789787
      ]
    },
    {
      "pattern_id": 1,
      "n_samples": 50,
      "d_eff": 7.619928002606039,
      "d_raw": 68,
      "A": 0.8879422352557935,
      "D": 0.20463787755986343,
      "K_comp": 0.3694222356012147,
      "eigenspectrum": [
        16.626499386561612,
        8.419632023369314,
        7.21737852924443,
        5.3987258253558785,
        4.455278367677784,
        2.8475069551076797,
        2.4684600831723,
        1.917875782697422,
        1.6502143769394173,
        1.333480994768219,
        1.1987042606929679,
        0.9488205458310236,
        0.7558111664136227,
        0.6974278206622014,
        0.629709471082909,
        0.5341824048619109,
        0.47377221781712364,
        0.36721679904873206,
        0.3432558599731916,
        0.27572847451288646
      ]
    },
    {
      "pattern_id": 2,
      "n_samples": 50,
      "d_eff": 8.554048431176605,
      "d_raw": 68,
      "A": 0.8742051701297557,
      "D": 0.1281016159129315,
      "K_comp": 0.498868426310743,
      "eigenspectrum": [
        15.10967666357984,
        9.32403473287172,
        5.758212841012656,
        4.952088462512894,
        4.392088844430963,
        4.288336949089479,
        2.98706903208796,
        2.6754293146123005,
        1.9685849451720179,
        1.4478080373382711,
        1.227503938357428,
        1.001863012269181,
        0.9238574655087425,
        0.7719800467172477,
        0.7160719714389754,
        0.5205410507349655,
        0.45546389826028777,
        0.4128452267523714,
        0.3261506959358219,
        0.29509955800841947
      ]
    },
    {
      "pattern_id": 3,
      "n_samples": 50,
      "d_eff": 8.027675166044597,
      "d_raw": 68,
      "A": 0.8819459534405206,
      "D": 0.3470224907692173,
      "K_comp": 0.28121855703847554,
      "eigenspectrum": [
        12.720371862465331,
        12.520479375662807,
        8.452072730136202,
        4.926740184099829,
        4.697816012782498,
        3.6137751992754854,
        2.2384938328158794,
        1.9609351334639509,
        1.4613454622264783,
        1.3107560230169009,
        1.2579932047799394,
        1.0276086915203897,
        0.8489195192341487,
        0.6356581062954245,
        0.5281803589584221,
        0.44692736664310595,
        0.4074481452459923,
        0.32188151305398166,
        0.30043058082664725,
        0.25118386557862893
      ]
    },
    {
      "pattern_id": 4,
      "n_samples": 50,
      "d_eff": 8.805185855829658,
      "d_raw": 68,
      "A": 0.8705119727083874,
      "D": 0.2367511067340862,
      "K_comp": 0.2407130520208073,
      "eigenspectrum": [
        13.125659929876463,
        9.116996429163086,
        7.880714906171728,
        6.1031105700934205,
        5.266353412079955,
        2.9460061867143894,
        2.444996500725456,
        2.2190877802305793,
        1.5490717460535501,
        1.3127754938401184,
        1.2828100493800074,
        0.9910699550715304,
        0.8750096848943171,
        0.7538049737089824,
        0.620676678816953,
        0.5113002559199792,
        0.457759821433792,
        0.40876674286819187,
        0.34653164909437506,
        0.3000835053711496
      ]
    },
    {
      "pattern_id": 5,
      "n_samples": 50,
      "d_eff": 5.24739161067293,
      "d_raw": 68,
      "A": 0.9228324763136334,
      "D": 0.14260109368414278,
      "K_comp": 0.2245825927774561,
      "eigenspectrum": [
        19.941147729022532,
        12.26529788485486,
        5.878007645671134,
        4.493109408104645,
        2.425144216845724,
        2.2328498347912586,
        1.5645230133572838,
        1.4671407371468381,
        1.0546629439580983,
        0.9314607766227405,
        0.6840195824648199,
        0.6628054558343001,
        0.5760403258259833,
        0.522772658794003,
        0.33562220667127723,
        0.30921088292119064,
        0.29385974003445803,
        0.2202976046343691,
        0.19745765988586436,
        0.17538163140348614
      ]
    },
    {
      "pattern_id": 6,
      "n_samples": 50,
      "d_eff": 6.671422002564121,
      "d_raw": 68,
      "A": 0.9018908529034688,
      "D": 0.15154643399135032,
      "K_comp": 0.15941692731888854,
      "eigenspectrum": [
        17.372599318812654,
        10.509071300428275,
        8.413685226967726,
        5.542517314836383,
        3.289153501012853,
        2.6643369328404445,
        1.7847085406638907,
        1.4211017977880938,
        1.2819700845814712,
        1.0733789776012126,
        0.985291423366387,
        0.8111035666399321,
        0.670793082470988,
        0.6452224124293725,
        0.5512248076574379,
        0.5076694439299688,
        0.39326274231278535,
        0.31705434334999644,
        0.3063891139628833,
        0.23549123320447723
      ]
    },
    {
      "pattern_id": 7,
      "n_samples": 50,
      "d_eff": 8.22209492777175,
      "d_raw": 68,
      "A": 0.8790868392974742,
      "D": 0.0888592929777454,
      "K_comp": 0.1865652910945385,
      "eigenspectrum": [
        14.2425298814628,
        10.307700463679346,
        7.358475769698259,
        6.38872991395267,
        4.408339041836269,
        3.4497502716444166,
        2.6976366480259673,
        2.0628907346997716,
        1.6672172051277419,
        1.397970286113923,
        1.0316688753830805,
        0.9199929303475499,
        0.8169250137538728,
        0.6169118970264641,
        0.5756328521311375,
        0.5056820552126227,
        0.45110881709816075,
        0.40726151136974753,
        0.3188078720404854,
        0.22426512848543986
      ]
    },
    {
      "pattern_id": 8,
      "n_samples": 50,
      "d_eff": 6.886761581791668,
      "d_raw": 68,
      "A": 0.8987240943854167,
      "D": 0.3337225443773517,
      "K_comp": 0.11725591735504802,
      "eigenspectrum": [
        18.259274011969374,
        10.113739722880656,
        5.800424011881702,
        5.315293288821049,
        4.67497103025846,
        2.973412737806484,
        2.163471257099026,
        1.7065141881544938,
        1.5555874563414607,
        1.2892909608240646,
        0.9870811414004016,
        0.9597074903768786,
        0.7785045534589907,
        0.6556406660612163,
        0.6170533386921847,
        0.5526418430813129,
        0.4677992745804558,
        0.3837319366550733,
        0.3277149459224045,
        0.25925867890583354
      ]
    },
    {
      "pattern_id": 9,
      "n_samples": 50,
      "d_eff": 6.6225437301586,
      "d_raw": 68,
      "A": 0.9026096510270795,
      "D": 0.2067027172752079,
      "K_comp": 0.24418825639787722,