{
  "metadata": {
    "snapshot_path": "/Users/jacob/fun/shape-of-experience/empirical/experiments/study_ca_affect/results/v13_s42_v2/v13_s42_v2/snapshots/cycle_020.npz",
    "seed": 42,
    "C": 16,
    "N": 128,
    "n_recording_steps": 50,
    "n_patterns_detected": 46,
    "n_patterns_analyzed": 20,
    "cycle": 20
  },
  "patterns": [
    {
      "pattern_id": 0,
      "n_samples": 50,
      "d_eff": 8.667523367542236,
      "d_raw": 68,
      "A": 0.8725364210655553,
      "D": 0.18960455472993407,
      "K_comp": 0.04683576675466775,
      "eigenspectrum": [
        13.261401701348216,
        10.568934383047964,
        7.420258632414614,
        5.197433835984368,
        3.854971322600914,
        3.514266290894455,
        2.4290476260721383,
        2.1436657647295614,
        1.740903899047399,
        1.5124372812881515,
        1.220562749943853,
        1.1033548256835635,
        0.7852540117679433,
        0.6710636188104956,
        0.6267624971839941,
        0.5834465751768266,
        0.467984844585377,
        0.44212102900195527,
        0.4024196714556807,
        0.32726617604666114
      ]
    },
    {
      "pattern_id": 1,
      "n_samples": 50,
      "d_eff": 7.507516121430971,
      "d_raw": 68,
      "A": 0.8895953511554269,
      "D": 0.21447999389428385,
      "K_comp": 0.5749794243705397,
      "eigenspectrum": [
        17.061817593538116,
        8.686778420395761,
        7.373892865772957,
        5.361884428702023,
        3.7783571887554817,
        3.4800073097787707,
        2.510011462565751,
        2.401765879967236,
        1.9350147295693432,
        1.6679956856200808,
        1.195307272070857,
        0.9365938568177088,
        0.9043855423305212,
        0.6723718329659643,
        0.5679163483382716,
        0.5147189154650723,
        0.3493480262601561,
        0.32874038712731807,
        0.2801606079505389,
        0.21650457997502565
      ]
    },
    {
      "pattern_id": 2,
      "n_samples": 50,
      "d_eff": 7.080150152445812,
      "d_raw": 68,
      "A": 0.8958801448169733,
      "D": 0.18840765117170877,
      "K_comp": 0.12622427042859866,
      "eigenspectrum": [
        17.914830386274907,
        9.956819446994302,
        6.150320061075566,
        5.636025189122616,
        3.833036279305614,
        3.004258064883119,
        2.0537245770883095,
        1.7999302381143836,
        1.4208831115113607,
        1.2108807620338613,
        1.0193997591038078,
        0.9933880673110317,
        0.8596982081378313,
        0.7853854504802995,
        0.7285167867219403,
        0.5692875652601499,
        0.43988723683576675,
        0.42254270606614114,
        0.3864872364763778,
        0.32240601094563415
      ]
    },
    {
      "pattern_id": 3,
      "n_samples": 50,
      "d_eff": 7.557058503700865,
      "d_raw": 68,
      "A": 0.8888667867102814,
      "D": 0.19039037782640386,
      "K_comp": 0.2530706665120606,
      "eigenspectrum": [
        14.744329040092936,
        9.537829782713706,
        9.009274129952843,
        6.3603519627588625,
        5.4193767658278595,
        2.4539912036168188,
        2.2929118059079134,
        1.6650184710044222,
        1.3796584229105202,
        1.0668094224395555,
        0.9802899409044782,
        0.7573742974314883,
        0.6886729437984621,
        0.5416686144657502,
        0.47572932859126726,
        0.37352944315941417,
        0.3505525650774503,
        0.3421445972536481,
        0.26303011898902195,
        0.2368049800486787
      ]
    },
    {
      "pattern_id": 4,
      "n_samples": 50,
      "d_eff": 8.16063569647645,
      "d_raw": 68,
      "A": 0.8799906515224052,
      "D": 0.2917106992283178,
      "K_comp": 0.34007827430052845,
      "eigenspectrum": [
        15.302039335793594,
        9.530734230452751,
        6.592345891361806,
        4.5365759790731115,
        3.1579229977464345,
        2.871014416829619,
        2.3259300780396077,
        2.0352458600961345,
        1.8463736689704695,
        1.364984542317208,
        1.3168341609441823,
        1.2489505192874735,
        0.9213834293626612,
        0.8785748294465476,
        0.7783172206375087,
        0.6199950423351959,
        0.5297840179046991,
        0.5010997491478727,
        0.4272131365703729,
        0.41419741115462044
      ]
    },
    {
      "pattern_id": 5,
      "n_samples": 50,
      "d_eff": 9.148536607585111,
      "d_raw": 68,
      "A": 0.8654626969472778,
      "D": 0.17185664243634435,
      "K_comp": 0.1953927356280892,
      "eigenspectrum": [
        12.503264615228622,
        10.148756976253045,
        7.007314300950908,
        5.768040399716009,
        4.899625697634929,
        4.394008252619114,
        2.9192625308834397,
        2.295108660929684,
        1.88312848239956,
        1.5490225226938743,
        1.291508340874697,
        0.9311312592048873,
        0.7426819849732862,
        0.6996706799151918,
        0.6210907814740265,
        0.5469599593356537,
        0.4493004670566302,
        0.32506220480529013,
        0.29213848385444635,
        0.27054225831497125
      ]
    },
    {
      "pattern_id": 6,
      "n_samples": 50,
      "d_eff": 8.729436891106847,
      "d_raw": 68,
      "A": 0.8716259280719582,
      "D": 0.38646761890777614,
      "K_comp": 0.39827659161052487,
      "eigenspectrum": [
        14.548036400824646,
        9.664566527452598,
        7.788592659953179,
        6.931553430424958,
        5.759139887609818,
        4.351195251159307,
        2.5435565759924508,
        2.176484669407597,
        1.9118398054925527,
        1.4948103002327096,
        1.1846142896579408,
        1.0942536836614654,
        0.8765335196690048,
        0.8090186870553456,
        0.7176506436360448,
        0.6039831381910858,
        0.43907170685784713,
        0.3818501589298491,
        0.3123936985296265,
        0.26819794131688046
      ]
    },
    {
      "pattern_id": 7,
      "n_samples": 50,
      "d_eff": 6.775495653009731,
      "d_raw": 68,
      "A": 0.9003603580439745,
      "D": 0.3450213707014084,
      "K_comp": 0.19745429937391165,
      "eigenspectrum": [
        15.55579958916547,
        11.959803749754014,
        9.104280741083075,
        6.502834600682024,
        2.656918849419219,
        2.3434811227123373,
        1.7073719647516983,
        1.6829415522325148,
        1.3783664372269286,
        1.1775409605236307,
        0.9829304274535559,
        0.7589510177172164,
        0.6457505156972569,
        0.5734605650562719,
        0.4738649791917985,
        0.3881902613188174,
        0.3853748955402372,
        0.33585032950964244,
        0.27378238573742053,
        0.25176890190105927
      ]
    },
    {
      "pattern_id": 8,
      "n_samples": 50,
      "d_eff": 7.280972393149579,
      "d_raw": 68,
      "A": 0.8929268765713297,
      "D": 0.19737091567061932,
      "K_comp": 0.24577171749989432,
      "eigenspectrum": [
        14.822636594849671,
        12.153163529855787,
        9.044159334442924,
        5.983767668484904,
        2.7580953280342015,
        2.5767543873980023,
        2.0648189295923247,
        1.8493691078307004,
        1.2972030316280112,
        1.2177802536519515,
        1.1166184636784096,
        1.036118447557865,
        0.8537076879544514,
        0.65415403699978,
        0.5697944791471353,
        0.5070343565359082,
        0.4260831306658431,
        0.3940332461047665,
        0.28034223296865274,
        0.2623556163103873
      ]
    },
    {
      "pattern_id": 9,
      "n_samples": 50,
      "d_eff": 7.987013730999545,
      "d_raw": 68,
      "A": 0.882543915720595,
      "D": 0.23741140352985463,
      "K_comp": 0.40481273921515193,