{
  "metadata": {
    "snapshot_path": "/Users/jacob/fun/shape-of-experience/empirical/experiments/study_ca_affect/results/v13_s42_v2/v13_s42_v2/snapshots/cycle_000.npz",
    "seed": 42,
    "C": 16,
    "N": 128,
    "n_recording_steps": 50,
    "n_patterns_detected": 11,
    "n_patterns_analyzed": 11,
    "cycle": 0
  },
  "patterns": [
    {
      "pattern_id": 0,
      "n_samples": 50,
      "d_eff": 9.454455990157587,
      "d_raw": 68,
      "A": 0.8609638824976825,
      "D": 0.3270248303953325,
      "K_comp": 0.21883598843769575,
      "eigenspectrum": [
        12.788151536964623,
        10.846436328364819,
        9.518413467032302,
        6.081591564496126,
        5.5692988821586615,
        5.433875560973631,
        3.77015479017895,
        3.2773718607238242,
        2.597925055732277,
        1.7016743182838447,
        1.1932514623083337,
        1.0863422144186892,
        0.9825766534928916,
        0.7297115838695292,
        0.6033233368996642,
        0.4727799025368462,
        0.39870971516673936,
        0.3543891357831724,
        0.33330005328942097,
        0.2642366968117844
      ]
    },
    {
      "pattern_id": 1,
      "n_samples": 50,
      "d_eff": 9.647219119879209,
      "d_raw": 68,
      "A": 0.8581291305900116,
      "D": 0.17045502271961785,
      "K_comp": 0.2625448953517673,
      "eigenspectrum": [
        13.661272064625203,
        10.971524374764057,
        8.572086062876156,
        6.673441414678761,
        5.442450165820789,
        3.4341134074568265,
        2.938994827652048,
        2.512944880809536,
        2.1266752735750405,
        1.9261205338770755,
        1.6125389788943205,
        1.344999698706721,
        1.1520214049210855,
        0.9929979891710075,
        0.7792926670610675,
        0.7381594700605664,
        0.6601878205223056,
        0.5257390177633668,
        0.47217483467868154,
        0.39339399313759366
      ]
    },
    {
      "pattern_id": 2,
      "n_samples": 50,
      "d_eff": 5.251503823399115,
      "d_raw": 68,
      "A": 0.9227720025970718,
      "D": 0.12709852445339961,
      "K_comp": 0.3841474877077406,
      "eigenspectrum": [
        26.463820846050965,
        9.654518893425179,
        7.7079053258689765,
        4.991281260256324,
        4.261823370018909,
        2.2332811348592876,
        1.930289153099471,
        1.649533216169532,
        1.5327926657601103,
        1.407735675181609,
        1.1677898109471883,
        0.954791192730411,
        0.9010699091512862,
        0.8513064691593681,
        0.5846185233660987,
        0.5276928628254577,
        0.38208092075819916,
        0.36368913261506314,
        0.31524727571676625,
        0.24478102961668782
      ]
    },
    {
      "pattern_id": 3,
      "n_samples": 50,
      "d_eff": 5.681863677604403,
      "d_raw": 68,
      "A": 0.9164431812117,
      "D": 0.16506566621295238,
      "K_comp": 0.3057545430653887,
      "eigenspectrum": [
        23.805183120257134,
        11.367091252025741,
        8.499604167537338,
        6.419026298485665,
        3.966283730044836,
        2.921916050190439,
        2.1649589219510323,
        1.6331965916398314,
        1.229631476170947,
        1.1499837783431273,
        0.9664285023323329,
        0.8475319374119338,
        0.7561726689601128,
        0.6752962885702167,
        0.5582436890951367,
        0.39903165883495983,
        0.37331329252515805,
        0.33221794862195403,
        0.2170614789667745,
        0.19046247746794534
      ]
    },
    {
      "pattern_id": 4,
      "n_samples": 50,
      "d_eff": 6.386303046186276,
      "d_raw": 68,
      "A": 0.9060837787325547,
      "D": 0.08259512492539223,
      "K_comp": 0.06709936645353509,
      "eigenspectrum": [
        20.617162513667722,
        13.614358373218302,
        7.93955593241259,
        5.426837880146408,
        4.100790075965184,
        3.4871158198557493,
        3.043969039051583,
        2.1338586650136135,
        1.7152171352133632,
        1.2904281131428343,
        1.1126050730088588,
        0.9788882978196841,
        0.6634676638885689,
        0.5387377869437612,
        0.42197374674235294,
        0.3584756469206022,
        0.33523406251786675,
        0.29408371475354805,
        0.21655347415971765,
        0.20259114207253992
      ]
    },
    {
      "pattern_id": 5,
      "n_samples": 50,
      "d_eff": 9.585400822995995,
      "d_raw": 68,
      "A": 0.8590382231912354,
      "D": 0.26584659678672157,
      "K_comp": 0.19651586206381805,
      "eigenspectrum": [
        15.188637451818668,
        9.112556101180214,
        7.843975384674896,
        6.97197296842754,
        4.964168507622231,
        3.757333736332068,
        3.279999755655727,
        2.8728509574105336,
        2.468296660091333,
        2.0129312554659937,
        1.850271390089066,
        1.4805484889979745,
        1.2062070580079676,
        1.0427484293016038,
        0.84023602250096,
        0.6660447056780872,
        0.4993148467544457,
        0.4756750507604906,
        0.4374667771837882,
        0.40130554630045784
      ]
    },
    {
      "pattern_id": 6,
      "n_samples": 50,
      "d_eff": 6.523678314101978,
      "d_raw": 68,
      "A": 0.9040635542043827,
      "D": 0.2751616951962279,
      "K_comp": 0.6342224776618925,
      "eigenspectrum": [
        21.655339442186097,
        10.489822118810965,
        9.094729103297897,
        4.874073827502593,
        4.687021783570653,
        3.28736085140849,
        2.9323311887340986,
        1.637685819983561,
        1.4474796918654451,
        1.341427807829055,
        1.0476164629856828,
        0.8606473299921051,
        0.8135127919993758,
        0.7057489669853884,
        0.6078669687242527,
        0.5635338964155142,
        0.5161915870432185,
        0.4446338808748634,
        0.33546473976655444,
        0.30595018447201733
      ]
    },
    {
      "pattern_id": 7,
      "n_samples": 50,
      "d_eff": 6.734691339105102,
      "d_raw": 68,
      "A": 0.9009604214837486,
      "D": 0.4526411599630852,
      "K_comp": 0.057107686103039824,
      "eigenspectrum": [
        20.41612169494706,
        12.719809580400078,
        8.124206644521788,
        4.546970220563286,
        3.6362599803451072,
        3.499779108924237,
        2.7986698237385568,
        2.5033474072401987,
        1.5602119319112318,
        1.4725882465498465,
        1.187060332835756,
        0.9696390998328394,
        0.9312427906309975,
        0.8552238603018267,
        0.6782681446512508,
        0.5225927144427998,
        0.44782520342043836,
        0.43453183225116426,
        0.3253062930059286,
        0.2614372713242854
      ]
    },
    {
      "pattern_id": 8,
      "n_samples": 50,
      "d_eff": 8.132024229026726,
      "d_raw": 68,
      "A": 0.8804114083966658,
      "D": 0.19989531327446428,
      "K_comp": 0.1815518687961918,
      "eigenspectrum": [
        15.159761713773143,
        14.42397946387596,
        8.701419091361721,
        5.350827781443664,
        3.7700972196753284,
        3.0233176370843937,
        2.755930642166816,
        2.079545062201551,
        1.7518029981552596,
        1.6538217832932038,
        1.3880438522809384,
        1.3177592058193577,
        1.0668933072860651,
        0.9683212957431663,
        0.9141833702735831,
        0.7614648500051013,
        0.6745057318867668,
        0.5814501484004105,
        0.47546128617941297,
        0.4308199321965666
      ]
    },
    {
      "pattern_id": 9,
      "n_samples": 50,
      "d_eff": 6.013044521772966,
      "d_raw": 68,
      "A": 0.9115728746798093,
      "D": 0.1785732130482003,
      "K_comp": 0.05271615194311886,