{
  "metadata": {
    "snapshot_path": "/Users/jacob/fun/shape-of-experience/empirical/experiments/study_ca_affect/results/v13_s42_v2/v13_s42_v2/snapshots/cycle_015.npz",
    "seed": 42,
    "C": 16,
    "N": 128,
    "n_recording_steps": 50,
    "n_patterns_detected": 36,
    "n_patterns_analyzed": 20,
    "cycle": 15
  },
  "patterns": [
    {
      "pattern_id": 0,
      "n_samples": 50,
      "d_eff": 9.147407140473977,
      "d_raw": 68,
      "A": 0.8654793067577357,
      "D": 0.29341526657804734,
      "K_comp": 0.2648507314792894,
      "eigenspectrum": [
        11.938709843180364,
        10.064428922647759,
        7.1318517096784175,
        6.235683368407034,
        4.299443116111101,
        3.3071438776377087,
        2.319946176648325,
        1.7917347528259684,
        1.585375980336115,
        1.405612415682933,
        1.38553921248161,
        1.0965371125899281,
        1.0326502256194485,
        0.882119407894111,
        0.7744542432570405,
        0.5320580289090922,
        0.4845348872506879,
        0.4445360302078321,
        0.4041646095121556,
        0.3578763631142797
      ]
    },
    {
      "pattern_id": 1,
      "n_samples": 50,
      "d_eff": 8.971928113581546,
      "d_raw": 68,
      "A": 0.8680598806826243,
      "D": 0.14103598840969112,
      "K_comp": 0.28839728591228697,
      "eigenspectrum": [
        12.39570247093376,
        10.00461143652836,
        7.279440828692684,
        5.621659319750038,
        5.04661537550598,
        4.006593658094238,
        3.380325350752578,
        1.8058018801996067,
        1.5760013115941844,
        1.3027446267246339,
        1.1261639436576325,
        1.0476925926112117,
        0.929183587740399,
        0.7541237334272632,
        0.7375240285318871,
        0.5343018822912299,
        0.4285188331306809,
        0.3856575673552077,
        0.2972413190945095,
        0.2338587513145095
      ]
    },
    {
      "pattern_id": 2,
      "n_samples": 50,
      "d_eff": 9.004610933783923,
      "d_raw": 68,
      "A": 0.8675792509737659,
      "D": 0.252763677292434,
      "K_comp": 0.27612213048162115,
      "eigenspectrum": [
        13.342612541082591,
        9.33773230690926,
        6.736346486528795,
        5.875582818948853,
        4.566973649750032,
        3.241750262415707,
        2.6128104610307865,
        2.441414471028182,
        2.116731298510329,
        1.6614188775963576,
        1.3624953443856596,
        1.1592825544923284,
        0.9299821152343556,
        0.6693437520774091,
        0.5990197428432524,
        0.5727604387274522,
        0.506123167074799,
        0.4326936144496477,
        0.314521594183325,
        0.26603233330785303
      ]
    },
    {
      "pattern_id": 3,
      "n_samples": 50,
      "d_eff": 8.324005379104147,
      "d_raw": 68,
      "A": 0.8775881561896449,
      "D": 0.09849375515652006,
      "K_comp": 0.10212652613824354,
      "eigenspectrum": [
        14.265144235114793,
        9.403051466110922,
        8.473054842965684,
        4.878591076465723,
        3.999444439962907,
        3.0716530896932337,
        2.7102398663414227,
        2.143247959102884,
        1.6819669304471274,
        1.4865065641309276,
        1.3883034996837682,
        1.060125416546749,
        0.7718180853703372,
        0.679790839381651,
        0.60708798396855,
        0.4896470883725956,
        0.4544250305938903,
        0.4018122269179424,
        0.32471060447585315,
        0.2920762294341291
      ]
    },
    {
      "pattern_id": 4,
      "n_samples": 50,
      "d_eff": 8.793759952515975,
      "d_raw": 68,
      "A": 0.8706800006982944,
      "D": 0.2809119540053471,
      "K_comp": 0.3483950837457905,
      "eigenspectrum": [
        12.391945112990125,
        10.457939272056873,
        7.215697030574824,
        6.738324387106307,
        4.104200740630903,
        3.7141302335880066,
        2.7974356138942253,
        1.9565206697233573,
        1.4607906626340812,
        1.3108789523858748,
        1.2506506664678974,
        1.1530514332748836,
        0.841006443593627,
        0.7383784219306271,
        0.6594714325640298,
        0.5372912908180154,
        0.5250919546756383,
        0.3569732739300401,
        0.3197964820624966,
        0.2451072196323624
      ]
    },
    {
      "pattern_id": 5,
      "n_samples": 50,
      "d_eff": 6.857422874856718,
      "d_raw": 68,
      "A": 0.8991555459579894,
      "D": 0.3785125772105533,
      "K_comp": 0.22289484131125625,
      "eigenspectrum": [
        17.86140060024897,
        9.820515648590366,
        6.373478165531987,
        4.450279541865726,
        3.2668568497722337,
        2.533061147743022,
        2.0323408352607437,
        1.8747674581084197,
        1.6618902931527186,
        1.3576031606255363,
        1.2558080608345428,
        1.2228458014077028,
        0.8205482295488918,
        0.7248785746582059,
        0.5720240563551362,
        0.46594883226576655,
        0.4498742687980995,
        0.3983651429706773,
        0.3104616631089232,
        0.2772964641824521
      ]
    },
    {
      "pattern_id": 6,
      "n_samples": 50,
      "d_eff": 10.006884438826479,
      "d_raw": 68,
      "A": 0.85283993472314,
      "D": 0.514913907368881,
      "K_comp": 0.5170769324652715,
      "eigenspectrum": [
        12.990688723966706,
        8.757064935732284,
        7.697025595701108,
        6.5831164863026554,
        5.6607657598487435,
        4.488423758396504,
        3.9026149728408965,
        2.7265014379157417,
        2.4971915855690483,
        1.8146682614271599,
        1.481688693132818,
        1.1435281534518225,
        0.9825429065193954,
        0.8702849105566836,
        0.7870654864949034,
        0.6013841142033519,
        0.534675057698071,
        0.4351454029221877,
        0.41276846816508694,
        0.325448849994083
      ]
    },
    {
      "pattern_id": 7,
      "n_samples": 50,
      "d_eff": 8.501774865391779,
      "d_raw": 68,
      "A": 0.8749738990383562,
      "D": 0.22199553838259825,
      "K_comp": 0.15031307278523234,
      "eigenspectrum": [
        13.22821413997304,
        10.262478856033912,
        8.221646380125886,
        5.3459951102961405,
        3.863286962477861,
        3.3348212090644824,
        3.008171217851191,
        2.339723184328861,
        1.6908137222405764,
        1.2632946542450896,
        1.0827708740617017,
        0.9857955409133564,
        0.8644722808227144,
        0.7612725785795117,
        0.6518355240040754,
        0.487876934798266,
        0.42885381353224494,
        0.3898943263976831,
        0.33793891934856,
        0.2519130093005648
      ]
    },
    {
      "pattern_id": 8,
      "n_samples": 50,
      "d_eff": 7.755762285959934,
      "d_raw": 68,
      "A": 0.885944672265295,
      "D": 0.20263303747403213,
      "K_comp": 0.26699091657771695,
      "eigenspectrum": [
        16.251857036096126,
        10.970005155978335,
        5.845725379752572,
        4.312557185486047,
        4.11104703360957,
        2.543488811313628,
        2.4808496016403407,
        2.1566428870404617,
        1.8655653183230072,
        1.3557326736732733,
        1.2355053289011426,
        1.059484939865089,
        0.9718522495527232,
        0.8722100010215593,
        0.7618501342415215,
        0.7235821975228055,
        0.6332569700020625,
        0.42575158325878315,
        0.36753956510008773,
        0.32796501635763725
      ]
    },
    {
      "pattern_id": 9,
      "n_samples": 50,
      "d_eff": 8.01923200840748,
      "d_raw": 68,
      "A": 0.8820701175234195,
      "D": 0.406350633514253,
      "K_comp": 0.5560415148812452,