{
  "seed": 1,
  "experiment": "v29_social_prediction",
  "config": {
    "N": 128,
    "M_max": 256,
    "obs_radius": 2,
    "embed_dim": 24,
    "hidden_dim": 16,
    "n_actions": 7,
    "K_max": 8,
    "predict_hidden": 8,
    "resource_regen": 0.002,
    "signal_decay": 0.04,
    "signal_diffusion": 0.15,
    "metabolic_cost": 0.0004,
    "initial_energy": 1.0,
    "resource_value": 1.5,
    "initial_resource": 0.5,
    "stress_regen": 0.0002,
    "mutation_std": 0.03,
    "tournament_size": 4,
    "elite_fraction": 0.5,
    "activate_offspring": true,
    "drought_every": 5,
    "drought_depletion": 0.01,
    "drought_regen": 0.0,
    "lamarckian": false,
    "grad_every": 1,
    "chunk_size": 50,
    "steps_per_cycle": 5000,
    "n_cycles": 30,
    "obs_side": 5,
    "obs_flat": 76,
    "n_params": 4186
  },
  "cycles": [
    {
      "cycle": 0,
      "n_alive_start": 64,
      "n_alive_end": 64,
      "mortality": 0.0,
      "mean_phi": 0.08468865528702736,
      "mean_pred_mse": 0.08240770012119512,
      "pred_mse_early": 0.16481537091738044,
      "pred_mse_late": 2.9325009798242264e-08,
      "phi_base": 0.08473694920539857,
      "phi_stress": 0.08475288897752761,
      "robustness": 1.0001881088743283,
      "mean_entropy": 2.0750858783721924,
      "mean_effective_K": 7.965255260467529,
      "mean_lr": 0.005026430357247591,
      "mean_drift": 1.5552783012390137,
      "elapsed_s": 9.962975263595581
    },
    {
      "cycle": 1,
      "n_alive_start": 256,
      "n_alive_end": 256,
      "mortality": 0.0,
      "mean_phi": 0.08488724231719971,
      "mean_pred_mse": 0.08893813052691563,
      "pred_mse_early": 0.17787621006941898,
      "pred_mse_late": 5.098441228312822e-08,
      "phi_base": 0.08457303941249847,
      "phi_stress": 0.08453912883996964,
      "robustness": 0.9995990380295613,
      "mean_entropy": 2.074965000152588,
      "mean_effective_K": 7.964292049407959,
      "mean_lr": 0.005006854422390461,
      "mean_drift": 1.530991554260254,
      "elapsed_s": 5.657143592834473
    },
    {
      "cycle": 2,
      "n_alive_start": 256,
      "n_alive_end": 256,
      "mortality": 0.0,
      "mean_phi": 0.09569833278656006,
      "mean_pred_mse": 0.08125094042321926,
      "pred_mse_early": 0.16250179620996263,
      "pred_mse_late": 8.463647588996536e-08,
      "phi_base": 0.09651631861925125,
      "phi_stress": 0.09655427932739258,
      "robustness": 1.0003933087034855,
      "mean_entropy": 2.074753761291504,
      "mean_effective_K": 7.962615966796875,
      "mean_lr": 0.004970863927155733,
      "mean_drift": 1.498861312866211,
      "elapsed_s": 5.646015644073486
    },
    {
      "cycle": 3,
      "n_alive_start": 256,
      "n_alive_end": 256,
      "mortality": 0.0,
      "mean_phi": 0.09631512016057968,
      "mean_pred_mse": 0.07904219840617124,
      "pred_mse_early": 0.15808427548698148,
      "pred_mse_late": 1.2132536099329626e-07,
      "phi_base": 0.09713174700737,
      "phi_stress": 0.09709125459194183,
      "robustness": 0.9995831186334464,
      "mean_entropy": 2.0741794109344482,
      "mean_effective_K": 7.958058834075928,
      "mean_lr": 0.005014107096940279,
      "mean_drift": 1.4814215898513794,
      "elapsed_s": 5.699244022369385
    },
    {
      "cycle": 4,
      "n_alive_start": 256,
      "n_alive_end": 256,
      "mortality": 0.0,
      "mean_phi": 0.09660735800862312,
      "mean_pred_mse": 0.07783103179468569,
      "pred_mse_early": 0.15566178608028253,
      "pred_mse_late": 2.7750908884627276e-07,
      "phi_base": 0.09719466418027878,
      "phi_stress": 0.0971674531698227,
      "robustness": 0.9997200359640566,
      "mean_entropy": 2.073873519897461,
      "mean_effective_K": 7.955630302429199,
      "mean_lr": 0.0050392234697937965,
      "mean_drift": 1.46220862865448,
      "elapsed_s": 5.696384429931641
    },
    {
      "cycle": 5,
      "n_alive_start": 256,
      "n_alive_end": 12,
      "mortality": 0.953125,
      "mean_phi": 0.08301697671413422,
      "mean_pred_mse": 0.03342934403684922,
      "pred_mse_early": 0.05649407144635916,
      "pred_mse_late": 0.010364616627339274,
      "phi_base": 0.08139332979917527,
      "phi_stress": 0.08413684219121934,
      "robustness": 1.0337068454972076,
      "mean_entropy": 2.073105573654175,
      "mean_effective_K": 7.949532985687256,
      "mean_lr": 0.0050565400160849094,
      "mean_drift": 0.20767973363399506,
      "elapsed_s": 6.131314992904663
    },
    {
      "cycle": 6,
      "n_alive_start": 256,
      "n_alive_end": 256,
      "mortality": 0.0,
      "mean_phi": 0.06760889068245887,
      "mean_pred_mse": 0.07096871118141536,
      "pred_mse_early": 0.14193680284105936,
      "pred_mse_late": 6.195217713411694e-07,
      "phi_base": 0.06708592176437378,
      "phi_stress": 0.06716758161783218,
      "robustness": 1.0012172427733081,
      "mean_entropy": 2.073249101638794,
      "mean_effective_K": 7.950664520263672,
      "mean_lr": 0.004932285286486149,
      "mean_drift": 1.3913880586624146,
      "elapsed_s": 5.72874116897583
    },
    {
      "cycle": 7,
      "n_alive_start": 256,
      "n_alive_end": 256,
      "mortality": 0.0,
      "mean_phi": 0.07171395123004913,
      "mean_pred_mse": 0.08233672662902279,
      "pred_mse_early": 0.1646727811592905,
      "pred_mse_late": 6.720987551034341e-07,
      "phi_base": 0.0717412367463112,
      "phi_stress": 0.07180812805891038,
      "robustness": 1.0009323969816093,
      "mean_entropy": 2.072584629058838,
      "mean_effective_K": 7.945394515991211,
      "mean_lr": 0.004990200512111187,
      "mean_drift": 1.3763129711151123,
      "elapsed_s": 5.753310918807983
    },
    {
      "cycle": 8,
      "n_alive_start": 256,
      "n_alive_end": 256,
      "mortality": 0.0,
      "mean_phi": 0.07687050104141235,
      "mean_pred_mse": 0.0827367128172068,
      "pred_mse_early": 0.1654725419880208,
      "pred_mse_late": 8.836463928219018e-07,
      "phi_base": 0.07729355990886688,
      "phi_stress": 0.07741487324237824,
      "robustness": 1.0015695141180505,
      "mean_entropy": 2.072050094604492,
      "mean_effective_K": 7.941169261932373,
      "mean_lr": 0.005010868422687054,
      "mean_drift": 1.3683018684387207,
      "elapsed_s": 5.742798089981079
    },
    {
      "cycle": 9,
      "n_alive_start": 256,
      "n_alive_end": 256,
      "mortality": 0.0,
      "mean_phi": 0.0831518180668354,
      "mean_pred_mse": 0.08328310347071238,
      "pred_mse_early": 0.16656475244090188,
      "pred_mse_late": 1.4545005228683295e-06,
      "phi_base": 0.08329104781150817,
      "phi_stress": 0.08335548490285874,
      "robustness": 1.0007736376602727,
      "mean_entropy": 2.0717663764953613,
      "mean_effective_K": 7.938937664031982,
      "mean_lr": 0.004996786825358868,
      "mean_drift": 1.3523813486099243,
      "elapsed_s": 5.806243181228638
    },
    {
      "cycle": 10,
      "n_alive_start": 256,
      "n_alive_end": 5,
      "mortality": 0.98046875,
      "mean_phi": 0.09298574179410934,
      "mean_pred_mse": 0.02554906045726966,
      "pred_mse_early": 0.04472663126885891,
      "pred_mse_late": 0.006371489645680413,
      "phi_base": 0.20621836483478545,
      "phi_stress": 0.20120688974857331,
      "robustness": 0.9756982115039698,
      "mean_entropy": 2.070814371109009,
      "mean_effective_K": 7.9313645362854,
      "mean_lr": 0.005108637269586325,
      "mean_drift": 0.14430658519268036,
      "elapsed_s": 6.224205017089844
    },
    {
      "cycle": 11,
      "n_alive_start": 256,
      "n_alive_end": 256,
      "mortality": 0.0,
      "mean_phi": 0.1967748574912548,
      "mean_pred_mse": 0.06443221053785067,
      "pred_mse_early": 0.12886353699223832,
      "pred_mse_late": 8.840834630063909e-07,
      "phi_base": 0.20554667115211486,
      "phi_stress": 0.20569199621677398,
      "robustness": 1.00070701735934,
      "mean_entropy": 2.0684778690338135,
      "mean_effective_K": 7.91282320022583,