{
  "metadata": {
    "snapshot_path": "/Users/jacob/fun/shape-of-experience/empirical/experiments/study_ca_affect/results/v13_s123/v13_s123/snapshots/cycle_010.npz",
    "seed": 123,
    "C": 16,
    "N": 128,
    "n_recording_steps": 50,
    "n_patterns_detected": 5,
    "n_patterns_analyzed": 5,
    "cycle": 10
  },
  "patterns": [
    {
      "pattern_id": 0,
      "n_samples": 50,
      "d_eff": 7.61863682658463,
      "d_raw": 68,
      "A": 0.8879612231384614,
      "D": 0.22401490408369412,
      "K_comp": 0.2652187453543866,
      "eigenspectrum": [
        14.441341014678535,
        12.94411148266984,
        8.63446270764997,
        6.975413865232088,
        5.323619615547769,
        4.281912820257353,
        1.946492854619169,
        1.7049785583501114,
        1.3662785472750263,
        1.1953791075821327,
        0.966728320251494,
        0.9411980785961361,
        0.7529232473967792,
        0.7353378774688727,
        0.5570898568652378,
        0.3958225427924996,
        0.38131257079904807,
        0.2986438457404864,
        0.2368105393023779,
        0.17168787993542114
      ]
    },
    {
      "pattern_id": 1,
      "n_samples": 50,
      "d_eff": 5.803180516307468,
      "d_raw": 68,
      "A": 0.9146591100543019,
      "D": 0.26989633401032226,
      "K_comp": 0.1648362586116055,
      "eigenspectrum": [
        21.85113258880083,
        10.939117474549764,
        5.527992876222356,
        4.338407575531038,
        3.4283430169691664,
        3.1169603353476147,
        2.6440516555845046,
        2.4103381662029295,
        1.699497576170602,
        1.5996876174750485,
        1.0911206711469308,
        0.9690642306680253,
        0.6831925975902777,
        0.5291281825675048,
        0.4174591983638481,
        0.38135163145557993,
        0.3105629086773236,
        0.2564833584723776,
        0.20118491575708575,
        0.1633159026076994
      ]
    },
    {
      "pattern_id": 2,
      "n_samples": 50,
      "d_eff": 5.688477617844499,
      "d_raw": 68,
      "A": 0.9163459173846398,
      "D": 0.23870556689459502,
      "K_comp": 0.09048227901748229,
      "eigenspectrum": [
        20.801300952360442,
        11.340907806433483,
        9.217664621451231,
        7.065163666464429,
        3.7699143155743817,
        2.501928483228762,
        1.8644630413840435,
        1.4620392658742,
        1.3324696463180692,
        0.8692777235621442,
        0.7009154885213422,
        0.6649858680344053,
        0.5444885809258354,
        0.40445040327156506,
        0.32308038323974914,
        0.2535640890031276,
        0.20178415807687916,
        0.14438698641734615,
        0.13030703419695908,
        0.12381259964295573
      ]
    },
    {
      "pattern_id": 3,
      "n_samples": 50,
      "d_eff": 5.10937080399951,
      "d_raw": 68,
      "A": 0.9248621940588307,
      "D": 0.2399044647263024,
      "K_comp": 0.07689852730541817,
      "eigenspectrum": [
        23.427228964575875,
        13.498801764745679,
        7.292575720460153,
        4.449030883278663,
        3.4755212995590234,
        2.6355496315180793,
        2.052180717629055,
        1.6619091936141108,
        1.2441998563333219,
        1.0104083813236937,
        0.8668219846117047,
        0.7366649399923116,
        0.5258661781721585,
        0.41302638551940246,
        0.36084018889239927,
        0.28933132825735625,
        0.233815268915019,
        0.17456069759551604,
        0.15899996534593466,
        0.1154609439655998
      ]
    },
    {
      "pattern_id": 4,
      "n_samples": 50,
      "d_eff": 6.971678783989362,
      "d_raw": 68,
      "A": 0.8974753120001564,
      "D": 0.4158867969001888,
      "K_comp": 0.08910651183240466,
      "eigenspectrum": [
        17.435701258747898,
        11.968411813294832,
        8.172824489734511,
        7.38623938500084,
        4.393465322246975,
        2.9005094088486896,
        2.149280917574149,
        1.9663137394699592,
        1.3993436065077915,
        1.1402067649920264,
        0.9843920509415905,
        0.9251270514261143,
        0.8459943597645893,
        0.56141258416208,
        0.5101314901041675,
        0.3872984278643556,
        0.32185757107076,
        0.2778072558917861,
        0.25468941048523447,
        0.24559376215868528
      ]
    }
  ],
  "summary": {
    "mean_d_eff": 6.238268909745093,
    "mean_A": 0.908260751327278,
    "mean_D": 0.2776816133230205,
    "mean_K_comp": 0.13730846442425945,
    "n_compressed": 5,
    "n_disentangled": 1
  },
  "cycle": 10
}