{
  "metadata": {
    "snapshot_path": "/Users/jacob/fun/shape-of-experience/empirical/experiments/study_ca_affect/results/v13_s123/v13_s123/snapshots/cycle_000.npz",
    "seed": 123,
    "C": 16,
    "N": 128,
    "n_recording_steps": 50,
    "n_patterns_detected": 5,
    "n_patterns_analyzed": 5,
    "cycle": 0
  },
  "patterns": [
    {
      "pattern_id": 0,
      "n_samples": 50,
      "d_eff": 5.69537438468337,
      "d_raw": 68,
      "A": 0.9162444943428916,
      "D": 0.19529058471711833,
      "K_comp": 0.40808142933958075,
      "eigenspectrum": [
        24.552657908253508,
        7.781889740262338,
        6.644913770989023,
        5.358700601371361,
        4.999376427931087,
        3.9812066225645193,
        2.674204520527663,
        1.8879351118579877,
        1.6376618844174278,
        1.3386107357790693,
        1.2004923899507294,
        0.8873881126946885,
        0.8087470692910561,
        0.6204301288349684,
        0.5275373958656968,
        0.3882304393798295,
        0.3016737751725166,
        0.2611184051720261,
        0.25449331437517775,
        0.22741204381952645
      ]
    },
    {
      "pattern_id": 1,
      "n_samples": 50,
      "d_eff": 8.68161991453143,
      "d_raw": 68,
      "A": 0.8723291189039496,
      "D": 0.28182478332901106,
      "K_comp": 0.10208555730200228,
      "eigenspectrum": [
        15.409045716689736,
        10.919640297451616,
        9.970273825606474,
        5.127332267038018,
        4.964049079958834,
        4.217567606841049,
        2.990073239535318,
        2.3010575686168204,
        2.1125855589297444,
        1.6828395927487305,
        1.6004076761163706,
        1.3013505067955613,
        1.0126319521974576,
        0.9278193819838576,
        0.7657755244560879,
        0.7076034953376185,
        0.546480756370872,
        0.4453469682632604,
        0.42008624337878714,
        0.35409027013275673
      ]
    },
    {
      "pattern_id": 2,
      "n_samples": 50,
      "d_eff": 7.286501883235077,
      "d_raw": 68,
      "A": 0.8928455605406607,
      "D": 0.13926332880018644,
      "K_comp": 0.2504074539698169,
      "eigenspectrum": [
        18.609147504914638,
        11.707280740604556,
        8.484142724582863,
        6.523325425338194,
        5.43799745863805,
        3.6409129777388314,
        2.2548130485051483,
        2.013205006009399,
        1.8564316238846585,
        1.5664085429892218,
        1.3693662079444642,
        1.0169091951693665,
        0.8113270692210487,
        0.6504665689462832,
        0.49973971937275646,
        0.44591266096946686,
        0.3968591905998159,
        0.37199224563056166,
        0.27147875427059964,
        0.21944540288642275
      ]
    },
    {
      "pattern_id": 3,
      "n_samples": 50,
      "d_eff": 5.688766122385223,
      "d_raw": 68,
      "A": 0.9163416746708055,
      "D": 0.38701057001105243,
      "K_comp": 0.08512960942341082,
      "eigenspectrum": [
        21.585479708917568,
        11.709668279164987,
        9.413687272204815,
        6.112913312513851,
        5.230614158680259,
        2.6063472588404757,
        1.7516711605705924,
        1.6637200541055743,
        1.2427798664524605,
        0.9570130404602099,
        0.8945221726209239,
        0.5357466955156428,
        0.49064262479216203,
        0.42755550403345743,
        0.35835747028066567,
        0.24570698187478324,
        0.2075256354717872,
        0.19070962559224086,
        0.1313673691857928,
        0.10886582558766042
      ]
    },
    {
      "pattern_id": 4,
      "n_samples": 50,
      "d_eff": 5.594202916254396,
      "d_raw": 68,
      "A": 0.9177323100550824,
      "D": 0.3426391117098972,
      "K_comp": 0.13794743810798699,
      "eigenspectrum": [
        24.177624015868737,
        12.652479237801646,
        5.92447137626313,
        4.1530344134685375,
        3.2460405571602693,
        2.7120081819857993,
        2.4856480411972273,
        2.0643929521832294,
        1.5999407013342557,
        1.4874670029118022,
        1.138567404400022,
        1.060966995280906,
        0.9326535576189752,
        0.8866245764156927,
        0.6315866507588465,
        0.5121670252633937,
        0.45383257735676036,
        0.4228801022562212,
        0.3105851290693718,
        0.2435274245432637
      ]
    }
  ],
  "summary": {
    "mean_d_eff": 6.589293044217899,
    "mean_A": 0.9030986317026779,
    "mean_D": 0.2692056757134531,
    "mean_K_comp": 0.19673029762855956,
    "n_compressed": 5,
    "n_disentangled": 2
  },
  "cycle": 0
}