{
  "metadata": {
    "snapshot_path": "/Users/jacob/fun/shape-of-experience/empirical/experiments/study_ca_affect/results/v13_s123/v13_s123/snapshots/cycle_005.npz",
    "seed": 123,
    "C": 16,
    "N": 128,
    "n_recording_steps": 50,
    "n_patterns_detected": 18,
    "n_patterns_analyzed": 18,
    "cycle": 5
  },
  "patterns": [
    {
      "pattern_id": 0,
      "n_samples": 50,
      "d_eff": 4.064524829462516,
      "d_raw": 68,
      "A": 0.940227576037316,
      "D": 0.19262167322291382,
      "K_comp": 0.2932865772693085,
      "eigenspectrum": [
        29.550575567555697,
        13.600014738915938,
        7.174665841832436,
        4.107695811074379,
        3.1262284671560026,
        2.541609704932685,
        1.3922960506098978,
        1.2959525661609879,
        1.191123098591414,
        1.0060996662647534,
        0.6772427797399021,
        0.5103830088945389,
        0.37146682420469485,
        0.27464959028561037,
        0.2483485572290857,
        0.19328665970785117,
        0.18419507231605783,
        0.14791938140223615,
        0.1364187450555246,
        0.10931627671610464
      ]
    },
    {
      "pattern_id": 1,
      "n_samples": 50,
      "d_eff": 7.785689040126885,
      "d_raw": 68,
      "A": 0.8855045729393105,
      "D": 0.1663040371638263,
      "K_comp": 0.20467319338345105,
      "eigenspectrum": [
        17.154056438348597,
        10.550372292986815,
        8.986140363998816,
        5.9469544579143365,
        4.540123628636791,
        3.6782524525402627,
        3.0532192567052827,
        2.4607591802818427,
        1.967391229139853,
        1.5859910460095719,
        1.243490352389171,
        0.9700343301291866,
        0.8378322027752154,
        0.7474539665541798,
        0.6358531618433908,
        0.48338699073751806,
        0.4309634435808192,
        0.3442469177078151,
        0.3086680214215717,
        0.2284826406720597
      ]
    },
    {
      "pattern_id": 2,
      "n_samples": 50,
      "d_eff": 5.600913821200023,
      "d_raw": 68,
      "A": 0.9176336202764702,
      "D": 0.13320825405676678,
      "K_comp": 0.15756570555913227,
      "eigenspectrum": [
        21.44902705678429,
        13.869089112444744,
        8.755274022654397,
        4.816607885636412,
        3.574956925353831,
        2.9184703688033524,
        2.1590389215015984,
        1.5736765542604683,
        1.2006227815811037,
        1.0890072830166577,
        0.7834358627980841,
        0.6058760910376682,
        0.5505436289117005,
        0.4962467508573822,
        0.4568558275432464,
        0.34817446842760574,
        0.2681453843372377,
        0.2343346931323104,
        0.20827659204333526,
        0.15080604229551384
      ]
    },
    {
      "pattern_id": 3,
      "n_samples": 50,
      "d_eff": 6.907801305169233,
      "d_raw": 68,
      "A": 0.8984146866886877,
      "D": 0.15958550265384008,
      "K_comp": 0.18618556793554336,
      "eigenspectrum": [
        16.15928176388726,
        13.896980829627092,
        11.481063939759887,
        8.265721901967687,
        4.244931041794384,
        3.4314703162724207,
        2.0063536705543683,
        1.5513946192745427,
        1.427974805081321,
        1.0815704362690088,
        1.0053118969609336,
        0.8122995200910821,
        0.7032133818086236,
        0.5487123341816423,
        0.46067700436456716,
        0.3624899854583741,
        0.2919584695401832,
        0.2687978416020758,
        0.25838521111613516,
        0.21518328307185824
      ]
    },
    {
      "pattern_id": 4,
      "n_samples": 50,
      "d_eff": 6.35578072698404,
      "d_raw": 68,
      "A": 0.9065326363678817,
      "D": 0.36987416744045404,
      "K_comp": 0.128826730953978,
      "eigenspectrum": [
        21.660612352062216,
        12.70014074547727,
        7.889798063623106,
        4.368373048131339,
        3.563748640515037,
        3.1328071306932737,
        2.5325489833993857,
        2.1925019986584333,
        2.0821069913860435,
        1.5122541316719627,
        1.2845577940586967,
        1.093887946493368,
        0.8755226176114315,
        0.6356998897826547,
        0.5835293702213897,
        0.5275298445982797,
        0.44714251985491443,
        0.37371539069117343,
        0.3526443342618778,
        0.2928110466154309
      ]
    },
    {
      "pattern_id": 5,
      "n_samples": 50,
      "d_eff": 8.994079910238575,
      "d_raw": 68,
      "A": 0.8677341189670797,
      "D": 0.13420825136104717,
      "K_comp": 0.5340312016377293,
      "eigenspectrum": [
        13.848054060296363,
        8.336820560478026,
        8.13662555857284,
        6.613134726325634,
        4.680013502111924,
        3.2537062142132336,
        2.7996779684598585,
        2.456486410127313,
        1.7537274279116948,
        1.6716070205737246,
        1.600685430783868,
        1.2369442956891765,
        1.02455302003642,
        0.8196876471039239,
        0.7117310671038916,
        0.4903571741545022,
        0.47703638386858016,
        0.4220930324885127,
        0.35754469133724687,
        0.2859894693471173
      ]
    },
    {
      "pattern_id": 6,
      "n_samples": 50,
      "d_eff": 6.860265190378113,
      "d_raw": 68,
      "A": 0.8991137472003219,
      "D": 0.14798013178126904,
      "K_comp": 0.4105401674412998,
      "eigenspectrum": [
        18.441392481895484,
        14.3448801616405,
        6.792721414613221,
        5.694190066394334,
        4.808484369656624,
        3.839720732241354,
        2.5718819651139952,
        2.02348892061685,
        1.602159551549381,
        1.2151357974646446,
        1.0522744917637439,
        0.9028220968810222,
        0.8504154504976891,
        0.7017404190761113,
        0.6263448645630291,
        0.4450560367351356,
        0.37470536639644386,
        0.344930989767737,
        0.3227784335438414,
        0.25302678058914674
      ]
    },
    {
      "pattern_id": 7,
      "n_samples": 50,
      "d_eff": 7.277115681241186,
      "d_raw": 68,
      "A": 0.8929835929229237,
      "D": 0.2522495544178866,
      "K_comp": 0.5353305130489853,
      "eigenspectrum": [
        16.42723788026497,
        12.882287085156559,
        9.34758616867664,
        8.26941944465723,
        6.551463793787916,
        3.5233004786124793,
        2.2913253941507037,
        1.9081321322754956,
        1.315754057883403,
        1.0490433093674094,
        0.9100504735877906,
        0.8236420323867328,
        0.5928910782385591,
        0.5568142298609903,
        0.49183151880038123,
        0.40521397953538313,
        0.34432142767987206,
        0.289747735163835,
        0.267934178760055,
        0.22591334864148743
      ]
    },
    {
      "pattern_id": 8,
      "n_samples": 50,
      "d_eff": 5.378201117760014,
      "d_raw": 68,
      "A": 0.9209088070917645,
      "D": 0.18415896940910884,
      "K_comp": 0.08587300631085978,
      "eigenspectrum": [
        23.307806416253122,
        11.886213686155092,
        7.5738029742301585,
        6.5925677157806435,
        3.457889350560489,
        2.6349732345223305,
        2.3726465212006835,
        1.8098207104159452,
        1.5616110777946852,
        0.7961949320140604,
        0.7715097050152275,
        0.5540607566684655,
        0.5143465888707773,
        0.4228748124189036,
        0.3143517837515586,
        0.29010933828623087,
        0.2521932248572524,
        0.20583380516960817,
        0.18281290547959264,
        0.12731948473454363
      ]
    },
    {
      "pattern_id": 9,
      "n_samples": 50,
      "d_eff": 5.770210306634328,
      "d_raw": 68,
      "A": 0.9151439660789069,
      "D": 0.2967891946666297,
      "K_comp": 0.4939605642182432,