{
  "metadata": {
    "snapshot_path": "/Users/jacob/fun/shape-of-experience/empirical/experiments/study_ca_affect/results/v13_s123/v13_s123/snapshots/cycle_025.npz",
    "seed": 123,
    "C": 16,
    "N": 128,
    "n_recording_steps": 50,
    "n_patterns_detected": 26,
    "n_patterns_analyzed": 20,
    "cycle": 25
  },
  "patterns": [
    {
      "pattern_id": 0,
      "n_samples": 50,
      "d_eff": 5.130591002129168,
      "d_raw": 68,
      "A": 0.9245501323216299,
      "D": 0.27370383032263934,
      "K_comp": 0.12299774023009984,
      "eigenspectrum": [
        23.357823030365267,
        9.075382415132507,
        7.179523412565783,
        4.647099434828716,
        3.138581187376432,
        2.7563057230490635,
        1.9342200242713417,
        1.6148405589785826,
        1.324100426142757,
        1.1684570919993829,
        0.9530346161282174,
        0.8430077842957554,
        0.536734237885875,
        0.46330978162329,
        0.3626471549512333,
        0.33413603435296524,
        0.25769529998493473,
        0.23835777747409684,
        0.19398155283413687,
        0.16056061654470405
      ]
    },
    {
      "pattern_id": 1,
      "n_samples": 50,
      "d_eff": 6.902771988746091,
      "d_raw": 68,
      "A": 0.8984886472243222,
      "D": 0.5227640483019447,
      "K_comp": 0.12576746854305001,
      "eigenspectrum": [
        16.347028913638432,
        12.963632002662143,
        7.66726364245871,
        6.021442399006478,
        4.562423165874602,
        3.431494494585921,
        2.8499597534329215,
        1.7133126028294026,
        1.3908733799261006,
        1.1103581356708354,
        0.9421376920372708,
        0.791272142887936,
        0.6099676450218607,
        0.5335547485030171,
        0.40135071360072727,
        0.3828186033082083,
        0.26344905335611835,
        0.20635144136928613,
        0.17942621206551682,
        0.13520865956315484
      ]
    },
    {
      "pattern_id": 2,
      "n_samples": 50,
      "d_eff": 7.638265063783884,
      "d_raw": 68,
      "A": 0.8876725725914135,
      "D": 0.26127773722563485,
      "K_comp": 0.25046975392787396,
      "eigenspectrum": [
        16.605570271108775,
        11.205115385418797,
        7.120221631001097,
        5.632274802241791,
        4.384772647344782,
        3.97922549437291,
        2.719552176566388,
        2.1521313576021868,
        1.7543926862749244,
        1.517950037161305,
        1.2878338949355261,
        1.0379733059657177,
        0.7280293556182043,
        0.6287558276866725,
        0.6081342787174749,
        0.5235907429611985,
        0.41694511125184686,
        0.3491954109974709,
        0.2816732398721511,
        0.21896115861156729
      ]
    },
    {
      "pattern_id": 3,
      "n_samples": 50,
      "d_eff": 6.558742576622633,
      "d_raw": 68,
      "A": 0.9035479032849613,
      "D": 0.32940616125712485,
      "K_comp": 0.25498750251149377,
      "eigenspectrum": [
        17.144570486874187,
        12.368814311552285,
        9.898629674007879,
        6.872507305470435,
        3.8081423460188955,
        3.191527288126378,
        2.087636973678274,
        1.9194771843289093,
        1.464205306263745,
        1.0849385966012812,
        0.7158673583228305,
        0.6870477791435617,
        0.5688190378854237,
        0.46405121635960234,
        0.35821346429102485,
        0.27446948080070693,
        0.22791549203430994,
        0.2078123749659419,
        0.16374192045224534,
        0.131535935394439
      ]
    },
    {
      "pattern_id": 4,
      "n_samples": 50,
      "d_eff": 6.242178481891897,
      "d_raw": 68,
      "A": 0.9082032576192368,
      "D": 0.34819111851665274,
      "K_comp": 0.2632601410299087,
      "eigenspectrum": [
        20.291131213656477,
        12.09559104085075,
        6.005234010696471,
        5.3846367310772045,
        3.9142118340058367,
        2.6905783760396385,
        2.2670913577422396,
        1.6990255723900363,
        1.4049183408413306,
        1.2455827855376782,
        1.1217278182560004,
        1.0576042919372344,
        0.9137928463751499,
        0.7000170891253412,
        0.5592882511985496,
        0.5468274009322799,
        0.4038976166403089,
        0.35746897446327747,
        0.26826299218265565,
        0.22148201020518368
      ]
    },
    {
      "pattern_id": 5,
      "n_samples": 50,
      "d_eff": 6.26127441701355,
      "d_raw": 68,
      "A": 0.9079224350439183,
      "D": 0.29016884829822137,
      "K_comp": 1.1419826256381673,
      "eigenspectrum": [
        18.30040958517688,
        12.153807392607494,
        8.188073935968413,
        5.712056553018309,
        3.7815740938525546,
        3.087969067713093,
        2.0470459111912356,
        1.7545214950735968,
        1.5032453294040582,
        0.9624961005280648,
        0.8319068094454787,
        0.6597350994632264,
        0.6184593785267494,
        0.5231313517345383,
        0.35251145496064074,
        0.28616444643201394,
        0.25979059818295847,
        0.2306598055891312,
        0.18872869755245547,
        0.134796490787903
      ]
    },
    {
      "pattern_id": 6,
      "n_samples": 50,
      "d_eff": 6.657287788990926,
      "d_raw": 68,
      "A": 0.9020987089854275,
      "D": 0.3275203023593158,
      "K_comp": 0.08658702735121351,
      "eigenspectrum": [
        18.213714572031485,
        11.873670059757167,
        7.181443591179257,
        6.113242777465692,
        3.739275407109843,
        2.842206671176788,
        2.450453174147647,
        2.0916569808477536,
        1.6236509210736703,
        1.197184944101103,
        0.9022163126644287,
        0.7703822871766765,
        0.6640391840659586,
        0.5702630226661789,
        0.507070273602695,
        0.4457069042558384,
        0.3686983632684479,
        0.30021082012764044,
        0.2451670905835674,
        0.1963041463585862
      ]
    },
    {
      "pattern_id": 7,
      "n_samples": 50,
      "d_eff": 7.048363335916269,
      "d_raw": 68,
      "A": 0.8963475980012313,
      "D": 0.3221369868439683,
      "K_comp": 0.1532776953200006,
      "eigenspectrum": [
        16.176747310979906,
        12.08635609568546,
        7.66616817830864,
        5.363369958449646,
        4.554827502377171,
        3.572605666325876,
        3.3445830093182045,
        2.0265331306839243,
        1.3657025940015093,
        1.1101384208627885,
        0.8872404162693076,
        0.7779757226298517,
        0.5851252834396693,
        0.48733118524590074,
        0.4143101889725327,
        0.3250344697015728,
        0.2721157521708943,
        0.25153567292050627,
        0.1941154839995987,
        0.16031729818392748
      ]
    },
    {
      "pattern_id": 8,
      "n_samples": 50,
      "d_eff": 7.032092255109807,
      "d_raw": 68,
      "A": 0.8965868786013264,
      "D": 0.17968120864146397,
      "K_comp": 0.24506565521832205,
      "eigenspectrum": [
        15.698710645561455,
        9.823253900855821,
        5.8291655263539095,
        4.49940681566856,
        3.170222960441132,
        2.819631095598975,
        2.5012746673616046,
        1.7834939839162314,
        1.3936703489081068,
        1.3354511928582447,
        1.0958711942092985,
        0.7115641350175671,
        0.662555424439072,
        0.5939531534654201,
        0.5235098508281141,
        0.46882306727270573,
        0.3798478406421246,
        0.2815828564103889,
        0.24138873644230457,
        0.2065414844735469
      ]
    },
    {
      "pattern_id": 9,
      "n_samples": 50,
      "d_eff": 7.219775524177455,
      "d_raw": 68,
      "A": 0.8938268305268021,
      "D": 0.23349560524523674,
      "K_comp": 0.16231433335531265,