{
  "metadata": {
    "snapshot_path": "/Users/jacob/fun/shape-of-experience/empirical/experiments/study_ca_affect/results/v13_s123/v13_s123/snapshots/cycle_020.npz",
    "seed": 123,
    "C": 16,
    "N": 128,
    "n_recording_steps": 50,
    "n_patterns_detected": 3,
    "n_patterns_analyzed": 3,
    "cycle": 20
  },
  "patterns": [
    {
      "pattern_id": 0,
      "n_samples": 50,
      "d_eff": 9.356796799679197,
      "d_raw": 68,
      "A": 0.8624000470635412,
      "D": 0.25579967538529874,
      "K_comp": 0.2858340150889921,
      "eigenspectrum": [
        12.150864694534906,
        10.298181092662471,
        7.6513969572372735,
        7.043599513654177,
        5.040739584968005,
        3.386867567676038,
        3.026939004537553,
        2.5947157847968914,
        2.0702876193873148,
        1.585035795116357,
        1.4628268600966527,
        1.0749289270785392,
        0.9065854300911497,
        0.7394724482763549,
        0.6849121373231832,
        0.5783961430200919,
        0.5443172366731057,
        0.40506510478044055,
        0.34440976478246216,
        0.30730758461230195
      ]
    },
    {
      "pattern_id": 1,
      "n_samples": 50,
      "d_eff": 5.77542015963946,
      "d_raw": 68,
      "A": 0.9150673505935374,
      "D": 0.34810827271179096,
      "K_comp": 0.5892735584451166,
      "eigenspectrum": [
        21.831994998155132,
        12.853956308176404,
        6.338499779199383,
        3.9788059827564934,
        3.600902236961865,
        2.989799553227682,
        2.4684951496488035,
        1.9405223968388559,
        1.7093193418923125,
        1.3804196749263125,
        1.1372203743217288,
        1.1203231838611012,
        0.7378982812333061,
        0.462600000721895,
        0.41378929141591747,
        0.35547717019013275,
        0.35119407728298063,
        0.2946960316863858,
        0.2727738599771867,
        0.16966447572321067
      ]
    },
    {
      "pattern_id": 2,
      "n_samples": 50,
      "d_eff": 7.18863766197469,
      "d_raw": 68,
      "A": 0.8942847402650781,
      "D": 0.15856324048830342,
      "K_comp": 0.24634429177219133,
      "eigenspectrum": [
        16.936949286998306,
        11.98595931731095,
        6.427141968018512,
        5.1598304337209075,
        3.5446371743807426,
        2.9312319938639813,
        2.5318565072301413,
        1.9500185138661958,
        1.610843381922762,
        1.194693343823125,
        1.138225042760041,
        0.981529487135905,
        0.9332817405203653,
        0.7414657967830494,
        0.5631482341683707,
        0.527984319336031,
        0.47514150457243914,
        0.4279391772160171,
        0.32915543415628995,
        0.3060313119283064
      ]
    }
  ],
  "summary": {
    "mean_d_eff": 7.44028487376445,
    "mean_A": 0.8905840459740522,
    "mean_D": 0.2541570628617977,
    "mean_K_comp": 0.3738172884354334,
    "n_compressed": 3,
    "n_disentangled": 1
  },
  "cycle": 20
}