{
  "metadata": {
    "snapshot_path": "/Users/jacob/fun/shape-of-experience/empirical/experiments/study_ca_affect/results/v13_s123/v13_s123/snapshots/cycle_029.npz",
    "seed": 123,
    "C": 16,
    "N": 128,
    "n_recording_steps": 50,
    "n_patterns_detected": 1,
    "n_patterns_analyzed": 1,
    "cycle": 29
  },
  "patterns": [
    {
      "pattern_id": 0,
      "n_samples": 50,
      "d_eff": 5.597604974925124,
      "d_raw": 68,
      "A": 0.9176822797805129,
      "D": 0.3773278623580254,
      "K_comp": 0.11510591119609263,
      "eigenspectrum": [
        22.821442340394064,
        12.526413362698499,
        6.142450388267639,
        5.101825753220746,
        4.606340759569347,
        3.291802834581162,
        1.9460147877463618,
        1.4883941862045809,
        1.2555225741092098,
        1.1526436636692845,
        1.009933308518687,
        0.8508586987039837,
        0.7781057370586518,
        0.6379936378570212,
        0.43057829438846246,
        0.4111804447143593,
        0.34815339206277446,
        0.27088069074299836,
        0.23948546921802077,
        0.17198854900087046
      ]
    }
  ],
  "summary": {
    "mean_d_eff": 5.597604974925124,
    "mean_A": 0.9176822797805129,
    "mean_D": 0.3773278623580254,
    "mean_K_comp": 0.11510591119609263,
    "n_compressed": 1,
    "n_disentangled": 1
  },
  "cycle": 29
}