{
  "metadata": {
    "snapshot_path": "/Users/jacob/fun/shape-of-experience/empirical/experiments/study_ca_affect/results/v13_s123/v13_s123/snapshots/cycle_015.npz",
    "seed": 123,
    "C": 16,
    "N": 128,
    "n_recording_steps": 50,
    "n_patterns_detected": 6,
    "n_patterns_analyzed": 6,
    "cycle": 15
  },
  "patterns": [
    {
      "pattern_id": 0,
      "n_samples": 50,
      "d_eff": 6.30061166817218,
      "d_raw": 68,
      "A": 0.9073439460562914,
      "D": 0.528489971603434,
      "K_comp": 0.1137997090095929,
      "eigenspectrum": [
        18.086271818894538,
        12.853904290497447,
        9.956775435430716,
        6.451723090440625,
        4.328929716622556,
        3.6238029131025273,
        2.070878662324767,
        1.9159555552077634,
        1.3225561374021244,
        1.0250558574463742,
        0.5952747131085045,
        0.47030391583922054,
        0.4221169443858213,
        0.3540178602372115,
        0.29941491966177775,
        0.23257426396519307,
        0.20476143872580868,
        0.17006632443577394,
        0.15383710521753094,
        0.13442983491857294
      ]
    },
    {
      "pattern_id": 1,
      "n_samples": 50,
      "d_eff": 6.104964015785923,
      "d_raw": 68,
      "A": 0.9102211174149129,
      "D": 0.31053562653957545,
      "K_comp": 0.09983655768351536,
      "eigenspectrum": [
        18.862468966810603,
        14.139962888669697,
        8.68733481607882,
        4.715502172307731,
        4.020897090244051,
        3.796694360890387,
        2.367154802185401,
        1.9812958892801549,
        1.335005795161365,
        1.0722376106171905,
        0.8815404250011302,
        0.6718998482042751,
        0.5920215549598363,
        0.4399873287563921,
        0.3647834022663886,
        0.27503142302896055,
        0.22159699055198565,
        0.16958381796299687,
        0.14265263852017693,
        0.1118635653079716
      ]
    },
    {
      "pattern_id": 2,
      "n_samples": 50,
      "d_eff": 7.14696222873374,
      "d_raw": 68,
      "A": 0.8948976142833274,
      "D": 0.2306677898088532,
      "K_comp": 0.07450161437512987,
      "eigenspectrum": [
        18.15711696148609,
        8.057873785071239,
        6.69172055369568,
        5.712140670922566,
        4.21838402067716,
        3.6813170194011184,
        2.62167720094006,
        2.0820046816622533,
        1.8941286567153117,
        1.3597425913177907,
        1.1017146054229752,
        1.009495928368208,
        0.9208876510201303,
        0.7274056289333983,
        0.5727539267918593,
        0.35680480417613264,
        0.3314863374930942,
        0.291100076429424,
        0.2611412415763738,
        0.20919343756993622
      ]
    },
    {
      "pattern_id": 3,
      "n_samples": 50,
      "d_eff": 5.400398462212028,
      "d_raw": 68,
      "A": 0.9205823755557054,
      "D": 0.13057455596928452,
      "K_comp": 0.041705901000798136,
      "eigenspectrum": [
        20.916325199312794,
        14.832842533561767,
        6.355738131654185,
        4.383863122773768,
        2.6741903710315467,
        2.302400254657072,
        1.8875752836859736,
        1.4129548022938836,
        1.2325894001123656,
        1.1143060935645865,
        1.0301561177824297,
        0.6873908679686593,
        0.650950287095692,
        0.5757790994739862,
        0.5253835835688728,
        0.49308807138772415,
        0.3586149262444539,
        0.2918145108386008,
        0.28946969173524123,
        0.18547076028636558
      ]
    },
    {
      "pattern_id": 4,
      "n_samples": 50,
      "d_eff": 7.495950764277472,
      "d_raw": 68,
      "A": 0.889765429937096,
      "D": 0.24567024521454803,
      "K_comp": 0.3191166506922163,
      "eigenspectrum": [
        16.447388795121256,
        9.954932321312874,
        8.826053559100508,
        8.127927803081711,
        4.8465196210460775,
        3.781031137205156,
        2.574441737802548,
        1.900323045723974,
        1.557061626360012,
        1.3632370694062168,
        0.8742803258068247,
        0.7812110904777763,
        0.6677822161835942,
        0.5918097748491498,
        0.5044966120674771,
        0.44780831015700734,
        0.42109963731056255,
        0.3081309596130581,
        0.24900898794084125,
        0.16886567596370827
      ]
    },
    {
      "pattern_id": 5,
      "n_samples": 50,
      "d_eff": 5.650107547799561,
      "d_raw": 68,
      "A": 0.9169101831205947,
      "D": 0.22364127850824422,
      "K_comp": 0.10264474995570563,
      "eigenspectrum": [
        19.13289301662097,
        16.1056883318985,
        8.789567443828858,
        4.990555806498719,
        3.6172725227879337,
        2.0714280745923395,
        1.6205685447361207,
        1.5379742568279904,
        1.117249312185067,
        1.0257317420452197,
        0.835202304417649,
        0.675731383909966,
        0.6216740905472993,
        0.566301247172941,
        0.4529545296918056,
        0.37844035626439393,
        0.33332920899318474,
        0.25054510770191496,
        0.2296052477670607,
        0.20638818987499757
      ]
    }
  ],
  "summary": {
    "mean_d_eff": 6.34983244783015,
    "mean_A": 0.9066201110613213,
    "mean_D": 0.27826324460732327,
    "mean_K_comp": 0.12526753045282638,
    "n_compressed": 6,
    "n_disentangled": 2
  },
  "cycle": 15
}