{
  "seed": 0,
  "experiment": "v29_social_prediction",
  "config": {
    "N": 128,
    "M_max": 256,
    "obs_radius": 2,
    "embed_dim": 24,
    "hidden_dim": 16,
    "n_actions": 7,
    "K_max": 8,
    "predict_hidden": 8,
    "resource_regen": 0.002,
    "signal_decay": 0.04,
    "signal_diffusion": 0.15,
    "metabolic_cost": 0.0004,
    "initial_energy": 1.0,
    "resource_value": 1.5,
    "initial_resource": 0.5,
    "stress_regen": 0.0002,
    "mutation_std": 0.03,
    "tournament_size": 4,
    "elite_fraction": 0.5,
    "activate_offspring": true,
    "drought_every": 5,
    "drought_depletion": 0.01,
    "drought_regen": 0.0,
    "lamarckian": false,
    "grad_every": 1,
    "chunk_size": 50,
    "steps_per_cycle": 5000,
    "n_cycles": 30,
    "obs_side": 5,
    "obs_flat": 76,
    "n_params": 4186
  },
  "cycles": [
    {
      "cycle": 0,
      "n_alive_start": 64,
      "n_alive_end": 64,
      "mortality": 0.0,
      "mean_phi": 0.12078219652175903,
      "mean_pred_mse": 0.07648225166313263,
      "pred_mse_early": 0.15296447097392496,
      "pred_mse_late": 3.2352340326724517e-08,
      "phi_base": 0.12301515638828278,
      "phi_stress": 0.12313561737537385,
      "robustness": 1.0009792369544355,
      "mean_entropy": 2.0745983123779297,
      "mean_effective_K": 7.961366653442383,
      "mean_lr": 0.005035645328462124,
      "mean_drift": 1.5469480752944946,
      "elapsed_s": 12.375749349594116
    },
    {
      "cycle": 1,
      "n_alive_start": 256,
      "n_alive_end": 256,
      "mortality": 0.0,
      "mean_phi": 0.10351356491446495,
      "mean_pred_mse": 0.08655310503560777,
      "pred_mse_early": 0.1731061561976513,
      "pred_mse_late": 5.387356424080281e-08,
      "phi_base": 0.10466612130403519,
      "phi_stress": 0.10468411445617676,
      "robustness": 1.000171909992626,
      "mean_entropy": 2.074202537536621,
      "mean_effective_K": 7.958222389221191,
      "mean_lr": 0.005043093115091324,
      "mean_drift": 1.5248929262161255,
      "elapsed_s": 5.742407321929932
    },
    {
      "cycle": 2,
      "n_alive_start": 256,
      "n_alive_end": 256,
      "mortality": 0.0,
      "mean_phi": 0.09474238306283951,
      "mean_pred_mse": 0.07969766996469907,
      "pred_mse_early": 0.1593952401097458,
      "pred_mse_late": 9.981965234828749e-08,
      "phi_base": 0.09491858333349228,
      "phi_stress": 0.09491577744483948,
      "robustness": 0.9999704389956713,
      "mean_entropy": 2.0733633041381836,
      "mean_effective_K": 7.9515581130981445,
      "mean_lr": 0.005010994151234627,
      "mean_drift": 1.4998952150344849,
      "elapsed_s": 5.66484260559082
    },
    {
      "cycle": 3,
      "n_alive_start": 256,
      "n_alive_end": 256,
      "mortality": 0.0,
      "mean_phi": 0.0934636004269123,
      "mean_pred_mse": 0.08155436857865922,
      "pred_mse_early": 0.16310858546149348,
      "pred_mse_late": 1.5169582496810107e-07,
      "phi_base": 0.0929192915558815,
      "phi_stress": 0.09290656298398972,
      "robustness": 0.9998630147552932,
      "mean_entropy": 2.0733530521392822,
      "mean_effective_K": 7.951473236083984,
      "mean_lr": 0.004982572048902512,
      "mean_drift": 1.480181336402893,
      "elapsed_s": 5.631456613540649
    },
    {
      "cycle": 4,
      "n_alive_start": 256,
      "n_alive_end": 256,
      "mortality": 0.0,
      "mean_phi": 0.10322096273303032,
      "mean_pred_mse": 0.0778334099306062,
      "pred_mse_early": 0.15566655006625807,
      "pred_mse_late": 2.6979495430623503e-07,
      "phi_base": 0.10371074676513672,
      "phi_stress": 0.10362678170204162,
      "robustness": 0.9991903918763091,
      "mean_entropy": 2.073145627975464,
      "mean_effective_K": 7.949839115142822,
      "mean_lr": 0.004975389689207077,
      "mean_drift": 1.4672131538391113,
      "elapsed_s": 5.632499694824219
    },
    {
      "cycle": 5,
      "n_alive_start": 256,
      "n_alive_end": 15,
      "mortality": 0.94140625,
      "mean_phi": 0.07487346306443214,
      "mean_pred_mse": 0.04254900707746856,
      "pred_mse_early": 0.06484525471925735,
      "pred_mse_late": 0.020252759435679765,
      "phi_base": 0.04899316653609276,
      "phi_stress": 0.043506786599755286,
      "robustness": 0.8880174456105892,
      "mean_entropy": 2.070582628250122,
      "mean_effective_K": 7.929521560668945,
      "mean_lr": 0.004817848559468985,
      "mean_drift": 0.5503489375114441,
      "elapsed_s": 6.070337772369385
    },
    {
      "cycle": 6,
      "n_alive_start": 256,
      "n_alive_end": 256,
      "mortality": 0.0,
      "mean_phi": 0.05197701714932919,
      "mean_pred_mse": 0.07050236033129038,
      "pred_mse_early": 0.14100399558747712,
      "pred_mse_late": 7.250751036735891e-07,
      "phi_base": 0.05331880152225495,
      "phi_stress": 0.05323517397046089,
      "robustness": 0.9984315560476513,
      "mean_entropy": 2.0692009925842285,
      "mean_effective_K": 7.918598175048828,
      "mean_lr": 0.0048744515515863895,
      "mean_drift": 1.3508594036102295,
      "elapsed_s": 5.717316389083862
    },
    {
      "cycle": 7,
      "n_alive_start": 256,
      "n_alive_end": 256,
      "mortality": 0.0,
      "mean_phi": 0.05145353823900223,
      "mean_pred_mse": 0.0836918216120739,
      "pred_mse_early": 0.16738283907368667,
      "pred_mse_late": 8.041504611355776e-07,
      "phi_base": 0.05168281942605972,
      "phi_stress": 0.05162722766399384,
      "robustness": 0.9989243666912286,
      "mean_entropy": 2.069214344024658,
      "mean_effective_K": 7.918711185455322,
      "mean_lr": 0.004858085419982672,
      "mean_drift": 1.3374736309051514,
      "elapsed_s": 5.680250644683838
    },
    {
      "cycle": 8,
      "n_alive_start": 256,
      "n_alive_end": 256,
      "mortality": 0.0,
      "mean_phi": 0.048099390044808385,
      "mean_pred_mse": 0.0791349028067782,
      "pred_mse_early": 0.15826877608440212,
      "pred_mse_late": 1.029529154266129e-06,
      "phi_base": 0.04821194782853126,
      "phi_stress": 0.04814251884818077,
      "robustness": 0.9985599216900047,
      "mean_entropy": 2.0691213607788086,
      "mean_effective_K": 7.917972564697266,
      "mean_lr": 0.004876045044511557,
      "mean_drift": 1.293135166168213,
      "elapsed_s": 5.666237831115723
    },
    {
      "cycle": 9,
      "n_alive_start": 256,
      "n_alive_end": 256,
      "mortality": 0.0,
      "mean_phi": 0.05604958459734917,
      "mean_pred_mse": 0.07823842933372248,
      "pred_mse_early": 0.1564757730464794,
      "pred_mse_late": 1.0856209655685234e-06,
      "phi_base": 0.056320571899414064,
      "phi_stress": 0.056309811770915985,
      "robustness": 0.9998089485220907,
      "mean_entropy": 2.0691967010498047,
      "mean_effective_K": 7.918574810028076,
      "mean_lr": 0.004899727646261454,
      "mean_drift": 1.2990052700042725,
      "elapsed_s": 5.776172399520874
    },
    {
      "cycle": 10,
      "n_alive_start": 256,
      "n_alive_end": 5,
      "mortality": 0.98046875,
      "mean_phi": 0.042934606038033965,
      "mean_pred_mse": 0.02526177875639405,
      "pred_mse_early": 0.043804023507982494,
      "pred_mse_late": 0.00671953400480561,
      "phi_base": 0.025566472485661507,
      "phi_stress": 0.023736750707030296,
      "robustness": 0.9284327636650939,
      "mean_entropy": 2.0712389945983887,
      "mean_effective_K": 7.934752464294434,
      "mean_lr": 0.004975728690624237,
      "mean_drift": 0.13163238763809204,
      "elapsed_s": 6.130147457122803
    },
    {
      "cycle": 11,
      "n_alive_start": 256,
      "n_alive_end": 256,
      "mortality": 0.0,
      "mean_phi": 0.05416649878025055,
      "mean_pred_mse": 0.07159310359903656,
      "pred_mse_early": 0.1431848135078758,
      "pred_mse_late": 1.3936901973465864e-06,
      "phi_base": 0.05732538476586342,
      "phi_stress": 0.05760692879557609,
      "robustness": 1.0049113325774017,
      "mean_entropy": 2.0678157806396484,
      "mean_effective_K": 7.907664775848389,