{
  "metadata": {
    "snapshot_path": "/Users/jacob/fun/shape-of-experience/empirical/experiments/study_ca_affect/results/v13_s7/v13_s7/snapshots/cycle_029.npz",
    "seed": 7,
    "C": 16,
    "N": 128,
    "n_recording_steps": 50,
    "n_patterns_detected": 24,
    "n_patterns_analyzed": 20,
    "cycle": 29
  },
  "rsa_rho": 0.24166611992459336,
  "rsa_p": 0.0007820100804707219,
  "n_patterns": 20,
  "dim_labels_A": [
    "valence",
    "arousal",
    "integration",
    "d_eff",
    "cf_weight",
    "sm_sal"
  ],
  "dim_labels_C": [
    "approach_avoid",
    "activity",
    "growth",
    "stability"
  ],
  "per_pattern": [
    {
      "pattern_id": 0,
      "space_A": {
        "valence": -0.0006844634595124618,
        "arousal": 18.577592849731445,
        "integration": 0.061997173699698704,
        "d_eff": 1.2650488228530583,
        "cf_weight": 0.9547465927898884,
        "sm_sal": -0.1679506747511963
      },
      "space_C": {
        "approach_avoid": 0.005247622094255813,
        "activity": 5.433556028693083,
        "growth": -0.6785714285714286,
        "stability": 0.4815941903749211
      },
      "n_timesteps": 47
    },
    {
      "pattern_id": 12,
      "space_A": {
        "valence": 0.0011638143788213315,
        "arousal": 31.5270938873291,
        "integration": 0.04606361509391599,
        "d_eff": 1.2073494050568017,
        "cf_weight": 0.89590273052454,
        "sm_sal": -0.08554508370922576
      },
      "space_C": {
        "approach_avoid": 0.0019346050759579273,
        "activity": 6.354174382410603,
        "growth": 0.0,
        "stability": 0.3102181793535312
      },
      "n_timesteps": 47
    },
    {
      "pattern_id": 13,
      "space_A": {
        "valence": -0.0016230189281961193,
        "arousal": 6.463858604431152,
        "integration": 0.14306393010115226,
        "d_eff": 1.5213242914390943,
        "cf_weight": 0.886677049100399,
        "sm_sal": -0.005492443735195529
      },
      "space_C": {
        "approach_avoid": 0.004890409555840999,
        "activity": 6.18654333176038,
        "growth": -0.1111111111111111,
        "stability": 0.4359665402433396
      },
      "n_timesteps": 47
    },
    {
      "pattern_id": 17,
      "space_A": {
        "valence": -0.005824655956692166,
        "arousal": 5.219015121459961,
        "integration": 0.05573645985770137,
        "d_eff": 1.2577865791446552,
        "cf_weight": 0.9644801504909992,
        "sm_sal": -0.0029216469991083516
      },
      "space_C": {
        "approach_avoid": 0.010122562880101412,
        "activity": 4.987798491640185,
        "growth": 0.3333333333333333,
        "stability": 0.5167893336016172
      },
      "n_timesteps": 46
    },
    {
      "pattern_id": 9,
      "space_A": {
        "valence": -0.004260691729458896,
        "arousal": 7.1833271980285645,
        "integration": 0.11246674760867093,
        "d_eff": 1.4573371074554549,
        "cf_weight": 0.9564690999686718,
        "sm_sal": -0.011648374856045196
      },
      "space_C": {
        "approach_avoid": 0.004035980171627469,
        "activity": 5.642016480599808,
        "growth": -0.2916666666666667,
        "stability": 0.42261378282340284
      },
      "n_timesteps": 45
    },
    {
      "pattern_id": 15,
      "space_A": {
        "valence": 0.0015193711627613413,
        "arousal": 9.648021697998047,
        "integration": 0.219043346374295,
        "d_eff": 1.6983751736284711,
        "cf_weight": 0.8669976592063904,
        "sm_sal": -0.031643361473732146
      },
      "space_C": {
        "approach_avoid": 0.0065160698360866975,
        "activity": 5.817658826223419,
        "growth": -0.11538461538461539,
        "stability": 0.5372995265413166
      },
      "n_timesteps": 45
    },
    {
      "pattern_id": 3,
      "space_A": {
        "valence": 0.00781527230905932,
        "arousal": 10.16800594329834,
        "integration": 0.19168244875181328,
        "d_eff": 1.6389472647831909,
        "cf_weight": 0.9837809149175882,
        "sm_sal": -0.2735660184789419
      },
      "space_C": {
        "approach_avoid": -0.00015821104699915105,
        "activity": 5.80900684750211,
        "growth": -0.3333333333333333,
        "stability": 0.6531722432294852
      },
      "n_timesteps": 44
    },
    {
      "pattern_id": 10,
      "space_A": {
        "valence": -0.000971629506065732,
        "arousal": 25.821401596069336,
        "integration": 0.37208629695170437,
        "d_eff": 1.941868055033864,
        "cf_weight": 0.8907612264156342,
        "sm_sal": -0.15666020815362947
      },
      "space_C": {
        "approach_avoid": 0.0026712112648542537,
        "activity": 9.24904289426118,
        "growth": -0.1111111111111111,
        "stability": 0.48939045106997936
      },
      "n_timesteps": 43
    },
    {
      "pattern_id": 14,
      "space_A": {
        "valence": -0.01887962364015125,
        "arousal": 6.250914096832275,
        "integration": 0.049278311440020595,
        "d_eff": 1.2215444177737624,
        "cf_weight": 0.9731300417333841,
        "sm_sal": -0.001535600176847396
      },
      "space_C": {
        "approach_avoid": -4.894373028777366e-05,
        "activity": 4.158357296255124,
        "growth": 0.03225806451612903,
        "stability": 0.4781609952819884
      },
      "n_timesteps": 43
    },
    {
      "pattern_id": 16,
      "space_A": {
        "valence": 0.004185199737548828,
        "arousal": 9.830180168151855,
        "integration": 0.051740438221255625,
        "d_eff": 1.2357586873967956,
        "cf_weight": 0.9265847653150558,
        "sm_sal": -0.011333032335934634
      },
      "space_C": {
        "approach_avoid": 0.005670848346891857,
        "activity": 5.962062497546394,
        "growth": -0.3333333333333333,
        "stability": 0.5306552453485982
      },
      "n_timesteps": 42
    },
    {
      "pattern_id": 19,
      "space_A": {
        "valence": 0.0028195613768042587,
        "arousal": 8.704562187194824,
        "integration": 0.14382527338957474,
        "d_eff": 1.5150944587558515,
        "cf_weight": 0.9544732719659805,
        "sm_sal": -0.1173448312018206
      },
      "space_C": {
        "approach_avoid": -0.003645801828021095,
        "activity": 6.549324454991958,
        "growth": -0.6136363636363636,
        "stability": 0.5613044613127175
      },
      "n_timesteps": 42
    },
    {
      "pattern_id": 8,
      "space_A": {
        "valence": -0.0020085114699143628,
        "arousal": 13.110444068908691,
        "integration": 0.18701360574249204,
        "d_eff": 1.638996055359925,
        "cf_weight": 0.9653898663818836,
        "sm_sal": -0.01794123567736461
      },
      "space_C": {
        "approach_avoid": 0.0022048741579055787,
        "activity": 8.236367797747713,
        "growth": 0.21739130434782608,
        "stability": 0.25155066252526814
      },
      "n_timesteps": 40
    },
    {
      "pattern_id": 5,
      "space_A": {
        "valence": 0.0019329660817196494,
        "arousal": 24.060407638549805,
        "integration": 0.15133621829622723,
        "d_eff": 1.536557456044319,
        "cf_weight": 0.8981776088476181,
        "sm_sal": -0.3870421853992019
      },
      "space_C": {
        "approach_avoid": -0.005408678299341447,
        "activity": 7.515670438481938,
        "growth": -0.05555555555555555,
        "stability": 0.4542753326935525
      },
      "n_timesteps": 39
    },
    {
      "pattern_id": 18,
      "space_A": {
        "valence": 0.0031798701537282844,
        "arousal": 5.621322154998779,
        "integration": 0.4064816552906543,
        "d_eff": 2.0076301022781435,
        "cf_weight": 0.9166118279099464,
        "sm_sal": -0.014323377610494847
      },
      "space_C": {
        "approach_avoid": 0.0011805410568530743,
        "activity": 5.356706731173921,
        "growth": -0.05555555555555555,
        "stability": 0.5911990162694299
      },
      "n_timesteps": 39
    },
    {
      "pattern_id": 2,