{
  "metadata": {
    "snapshot_path": "/Users/jacob/fun/shape-of-experience/empirical/experiments/study_ca_affect/results/v13_s7/v13_s7/snapshots/cycle_025.npz",
    "seed": 7,
    "C": 16,
    "N": 128,
    "n_recording_steps": 50,
    "n_patterns_detected": 29,
    "n_patterns_analyzed": 20,
    "cycle": 25
  },
  "rsa_rho": 0.17952997677439678,
  "rsa_p": 0.01319394799162661,
  "n_patterns": 20,
  "dim_labels_A": [
    "valence",
    "arousal",
    "integration",
    "d_eff",
    "cf_weight",
    "sm_sal"
  ],
  "dim_labels_C": [
    "approach_avoid",
    "activity",
    "growth",
    "stability"
  ],
  "per_pattern": [
    {
      "pattern_id": 14,
      "space_A": {
        "valence": -0.004725410583171438,
        "arousal": 6.1022233963012695,
        "integration": 0.13636844909796852,
        "d_eff": 1.5096387893402015,
        "cf_weight": 0.957568809390068,
        "sm_sal": -0.012240274531841844
      },
      "space_C": {
        "approach_avoid": 0.006772795071204503,
        "activity": 5.864714596904087,
        "growth": -0.7352941176470589,
        "stability": 0.37470839245908827
      },
      "n_timesteps": 48
    },
    {
      "pattern_id": 18,
      "space_A": {
        "valence": -0.0018358433500249335,
        "arousal": 10.416287422180176,
        "integration": 0.38250224722737813,
        "d_eff": 1.97155028911381,
        "cf_weight": 0.8774876669049263,
        "sm_sal": -0.015214162022037736
      },
      "space_C": {
        "approach_avoid": 0.0041471632818380995,
        "activity": 5.868512150464501,
        "growth": -0.14285714285714285,
        "stability": 0.5720712457834821
      },
      "n_timesteps": 48
    },
    {
      "pattern_id": 0,
      "space_A": {
        "valence": -0.005332568417424741,
        "arousal": 6.96654748916626,
        "integration": 0.05845287179931069,
        "d_eff": 1.2544776575552308,
        "cf_weight": 0.7638646215200424,
        "sm_sal": -0.15338541370438696
      },
      "space_C": {
        "approach_avoid": 0.006876168732947492,
        "activity": 4.425218487663231,
        "growth": -0.4482758620689655,
        "stability": 0.6429815592240008
      },
      "n_timesteps": 47
    },
    {
      "pattern_id": 4,
      "space_A": {
        "valence": -0.0005677679310674253,
        "arousal": 17.832612991333008,
        "integration": 0.037993533326532436,
        "d_eff": 1.1784952985687571,
        "cf_weight": 0.981813782826066,
        "sm_sal": -0.1320130183403917
      },
      "space_C": {
        "approach_avoid": 0.007168159839954782,
        "activity": 8.028371422755036,
        "growth": -0.26666666666666666,
        "stability": 0.4654068315188879
      },
      "n_timesteps": 47
    },
    {
      "pattern_id": 5,
      "space_A": {
        "valence": -0.0004811597907024881,
        "arousal": 7.563150882720947,
        "integration": 0.014417480375224612,
        "d_eff": 1.080737078888964,
        "cf_weight": 0.832695484161377,
        "sm_sal": -0.04767077778447737
      },
      "space_C": {
        "approach_avoid": 0.004600795025521136,
        "activity": 4.859940613490733,
        "growth": -0.41379310344827586,
        "stability": 0.5086559118288917
      },
      "n_timesteps": 47
    },
    {
      "pattern_id": 9,
      "space_A": {
        "valence": 0.009436464309692383,
        "arousal": 6.635298728942871,
        "integration": 0.15015442070761953,
        "d_eff": 1.551491313995718,
        "cf_weight": 0.9445971809327602,
        "sm_sal": -0.10999390663920317
      },
      "space_C": {
        "approach_avoid": 0.008116140961647034,
        "activity": 6.369100654161878,
        "growth": 0.5294117647058824,
        "stability": 0.5919230403579786
      },
      "n_timesteps": 46
    },
    {
      "pattern_id": 7,
      "space_A": {
        "valence": 0.0034059882164001465,
        "arousal": 6.318903923034668,
        "integration": 0.11164682076273824,
        "d_eff": 1.4516177702268207,
        "cf_weight": 0.9781202208250761,
        "sm_sal": -0.07380766781999737
      },
      "space_C": {
        "approach_avoid": 0.005052491691377428,
        "activity": 4.716104739171754,
        "growth": 0.058823529411764705,
        "stability": 0.5472837640197826
      },
      "n_timesteps": 45
    },
    {
      "pattern_id": 17,
      "space_A": {
        "valence": 0.0031995827501470394,
        "arousal": 7.313375473022461,
        "integration": 0.03604207019084604,
        "d_eff": 1.1735314606995875,
        "cf_weight": 0.9691060557961464,
        "sm_sal": -0.07112970394151985
      },
      "space_C": {
        "approach_avoid": 0.0030811753537919786,
        "activity": 5.761273793016164,
        "growth": 0.08,
        "stability": 0.5935264756894341
      },
      "n_timesteps": 45
    },
    {
      "pattern_id": 19,
      "space_A": {
        "valence": 0.0028350136496803975,
        "arousal": 7.788882732391357,
        "integration": 0.012837736502291586,
        "d_eff": 1.0731814898923675,
        "cf_weight": 0.8733149319887161,
        "sm_sal": -0.23183981881850024
      },
      "space_C": {
        "approach_avoid": 0.013240757253434923,
        "activity": 3.7140059909127268,
        "growth": -0.05263157894736842,
        "stability": 0.7815872445220172
      },
      "n_timesteps": 45
    },
    {
      "pattern_id": 15,
      "space_A": {
        "valence": 0.003913957019184911,
        "arousal": 14.866451263427734,
        "integration": 0.09182621894321574,
        "d_eff": 1.3632637204746945,
        "cf_weight": 0.9504033625125885,
        "sm_sal": -0.21584378598937826
      },
      "space_C": {
        "approach_avoid": 0.004687406122684479,
        "activity": 8.869384042516446,
        "growth": 0.14285714285714285,
        "stability": 0.1964306278131963
      },
      "n_timesteps": 44
    },
    {
      "pattern_id": 1,
      "space_A": {
        "valence": 0.001968434878758022,
        "arousal": 11.348243713378906,
        "integration": 0.3184172395822802,
        "d_eff": 1.8746028899484501,
        "cf_weight": 0.9511791169643402,
        "sm_sal": -0.4462415897755988
      },
      "space_C": {
        "approach_avoid": 0.014203847840774891,
        "activity": 5.6900833949393474,
        "growth": 0.17647058823529413,
        "stability": 0.6453564857930937
      },
      "n_timesteps": 43
    },
    {
      "pattern_id": 2,
      "space_A": {
        "valence": -0.0011892148426600865,
        "arousal": 15.193594932556152,
        "integration": 0.2675241192875293,
        "d_eff": 1.7957201928739464,
        "cf_weight": 0.9153203815221786,
        "sm_sal": -0.20746929914007217
      },
      "space_C": {
        "approach_avoid": 0.005394942538682805,
        "activity": 5.599549757552611,
        "growth": 0.08695652173913043,
        "stability": 0.527279431967414
      },
      "n_timesteps": 43
    },
    {
      "pattern_id": 6,
      "space_A": {
        "valence": 0.007195461364019485,
        "arousal": 9.16087818145752,
        "integration": 0.02656240177405622,
        "d_eff": 1.133280292161747,
        "cf_weight": 0.9795899093151093,
        "sm_sal": -0.08904491012733573
      },
      "space_C": {
        "approach_avoid": 0.01104399839112925,
        "activity": 4.1768330781189755,
        "growth": 0.23529411764705882,
        "stability": 0.4370999785525709
      },
      "n_timesteps": 43
    },
    {
      "pattern_id": 10,
      "space_A": {
        "valence": 0.004544235411144439,
        "arousal": 18.64947509765625,
        "integration": 0.16604409295254363,
        "d_eff": 1.5725127308521756,
        "cf_weight": 0.9511823244392872,
        "sm_sal": -0.07395983780312376
      },
      "space_C": {
        "approach_avoid": -0.00023980889209481172,
        "activity": 7.528209619508335,
        "growth": 0.25,
        "stability": 0.398242304783878
      },
      "n_timesteps": 43
    },
    {
      "pattern_id": 12,