{
  "metadata": {
    "snapshot_path": "/Users/jacob/fun/shape-of-experience/empirical/experiments/study_ca_affect/results/v13_s7/v13_s7/snapshots/cycle_000.npz",
    "seed": 7,
    "C": 16,
    "N": 128,
    "n_recording_steps": 50,
    "n_patterns_detected": 29,
    "n_patterns_analyzed": 20,
    "cycle": 0
  },
  "rsa_rho": 0.0131296828458581,
  "rsa_p": 0.8573145620955617,
  "n_patterns": 20,
  "dim_labels_A": [
    "valence",
    "arousal",
    "integration",
    "d_eff",
    "cf_weight",
    "sm_sal"
  ],
  "dim_labels_C": [
    "approach_avoid",
    "activity",
    "growth",
    "stability"
  ],
  "per_pattern": [
    {
      "pattern_id": 0,
      "space_A": {
        "valence": -0.00959938399645747,
        "arousal": 10.917329788208008,
        "integration": 0.27802460043797217,
        "d_eff": 2.58564788036551,
        "cf_weight": 0.912391722202301,
        "sm_sal": -0.13426972067915588
      },
      "space_C": {
        "approach_avoid": 0.002044363021850586,
        "activity": 3.0776484501476067,
        "growth": -0.1875,
        "stability": -0.00467182447295377
      },
      "n_timesteps": 50
    },
    {
      "pattern_id": 1,
      "space_A": {
        "valence": 0.002459068687594667,
        "arousal": 4.175088882446289,
        "integration": 0.15077905092877153,
        "d_eff": 1.7716838791922096,
        "cf_weight": 0.9706489313393831,
        "sm_sal": -0.017170341088730168
      },
      "space_C": {
        "approach_avoid": 0.0025180697441101072,
        "activity": 3.286014284511803,
        "growth": 2.2758620689655173,
        "stability": 0.0669334992366836
      },
      "n_timesteps": 50
    },
    {
      "pattern_id": 2,
      "space_A": {
        "valence": 0.0007202673931511082,
        "arousal": 5.219267845153809,
        "integration": 0.01307519915897748,
        "d_eff": 1.076775910431124,
        "cf_weight": 0.9874069839715958,
        "sm_sal": -0.10847392848982551
      },
      "space_C": {
        "approach_avoid": 0.00513819932937622,
        "activity": 2.377602526578988,
        "growth": -0.5,
        "stability": 0.4036761256543922
      },
      "n_timesteps": 50
    },
    {
      "pattern_id": 3,
      "space_A": {
        "valence": -0.001372512505978954,
        "arousal": 6.720962047576904,
        "integration": 0.0788862717687766,
        "d_eff": 1.364840050956835,
        "cf_weight": 0.9427719712257385,
        "sm_sal": -0.007190966542446997
      },
      "space_C": {
        "approach_avoid": -0.002414119243621826,
        "activity": 3.5152266113807293,
        "growth": -0.2978723404255319,
        "stability": 0.27841573255527163
      },
      "n_timesteps": 50
    },
    {
      "pattern_id": 4,
      "space_A": {
        "valence": -0.007574100883639589,
        "arousal": 5.975052356719971,
        "integration": 0.20419715186292486,
        "d_eff": 1.887974229522854,
        "cf_weight": 0.9420757815241814,
        "sm_sal": -0.013486197614332562
      },
      "space_C": {
        "approach_avoid": 0.0014909195899963379,
        "activity": 3.0372084281256106,
        "growth": 0.27586206896551724,
        "stability": 0.21940345514106416
      },
      "n_timesteps": 50
    },
    {
      "pattern_id": 5,
      "space_A": {
        "valence": 0.0046187809535435265,
        "arousal": 12.805270195007324,
        "integration": 0.04032334384673364,
        "d_eff": 1.199577572624664,
        "cf_weight": 0.9527260325849056,
        "sm_sal": -0.38617419940799613
      },
      "space_C": {
        "approach_avoid": 0.0005016672611236572,
        "activity": 3.075325130607293,
        "growth": 0.8333333333333334,
        "stability": 0.33585925895864394
      },
      "n_timesteps": 50
    },
    {
      "pattern_id": 6,
      "space_A": {
        "valence": -0.005796233002020389,
        "arousal": 5.302403450012207,
        "integration": 0.06849148238357083,
        "d_eff": 1.388351657227591,
        "cf_weight": 0.7969270646572113,
        "sm_sal": -0.002081691246684003
      },
      "space_C": {
        "approach_avoid": 0.00046880245208740233,
        "activity": 2.4431373653458186,
        "growth": 0.058823529411764705,
        "stability": 0.48847068676475064
      },
      "n_timesteps": 50
    },
    {
      "pattern_id": 7,
      "space_A": {
        "valence": 0.007636152968114736,
        "arousal": 3.3920235633850098,
        "integration": 0.09239932327506861,
        "d_eff": 1.5089516041325446,
        "cf_weight": 0.9716000705957413,
        "sm_sal": -0.0046121222187529565
      },
      "space_C": {
        "approach_avoid": 0.003749128580093384,
        "activity": 2.805451627754487,
        "growth": 3.0,
        "stability": 0.23803869109820996
      },
      "n_timesteps": 50
    },
    {
      "pattern_id": 8,
      "space_A": {
        "valence": 0.004561346404406489,
        "arousal": 3.9498131275177,
        "integration": 0.06422707218397627,
        "d_eff": 1.336384514656431,
        "cf_weight": 0.9465892761945724,
        "sm_sal": -0.004755954563007259
      },
      "space_C": {
        "approach_avoid": 0.0026485562324523927,
        "activity": 3.213278017866129,
        "growth": -0.44565217391304346,
        "stability": 0.528518266175991
      },
      "n_timesteps": 50
    },
    {
      "pattern_id": 9,
      "space_A": {
        "valence": 0.003782695653487225,
        "arousal": 3.958402156829834,
        "integration": 0.12419013935839485,
        "d_eff": 1.6409394763447007,
        "cf_weight": 0.967854343354702,
        "sm_sal": -0.003720461395319896
      },
      "space_C": {
        "approach_avoid": 0.000624394416809082,
        "activity": 3.160447022327966,
        "growth": 4.739130434782608,
        "stability": -0.028686604645516818
      },
      "n_timesteps": 50
    },
    {
      "pattern_id": 10,
      "space_A": {
        "valence": 0.012298807805898239,
        "arousal": 5.7497992515563965,
        "integration": 0.014643054680069989,
        "d_eff": 1.0864605637131417,
        "cf_weight": 0.9769703168421984,
        "sm_sal": -0.0242898723768441
      },
      "space_C": {
        "approach_avoid": 0.0011074495315551757,
        "activity": 2.943424460992071,
        "growth": 5.529411764705882,
        "stability": 0.33856901338964834
      },
      "n_timesteps": 50
    },
    {
      "pattern_id": 11,
      "space_A": {
        "valence": -0.0002504173590212452,
        "arousal": 4.643370628356934,
        "integration": 0.2777189702776983,
        "d_eff": 2.3078563754720656,
        "cf_weight": 0.9386222511529922,
        "sm_sal": -0.0013935601449225343
      },
      "space_C": {
        "approach_avoid": 0.00313920259475708,
        "activity": 3.681045299013395,
        "growth": 0.3333333333333333,
        "stability": 0.26447816008118297
      },
      "n_timesteps": 50
    },
    {
      "pattern_id": 12,
      "space_A": {
        "valence": 0.011990347687078982,
        "arousal": 3.3090457916259766,
        "integration": 0.057252665658631297,
        "d_eff": 1.3026545667927516,
        "cf_weight": 0.8972672149538994,
        "sm_sal": -0.003582468092830471
      },
      "space_C": {
        "approach_avoid": -0.0023914539813995363,
        "activity": 2.7533508984325765,
        "growth": 0.6333333333333333,
        "stability": 0.48131933305016456
      },
      "n_timesteps": 50
    },
    {
      "pattern_id": 13,
      "space_A": {
        "valence": -0.007636235684764629,
        "arousal": 3.435683488845825,
        "integration": 0.1699775495476219,
        "d_eff": 1.7037965059137148,
        "cf_weight": 0.9680134356021881,
        "sm_sal": -0.006964430010174771
      },
      "space_C": {
        "approach_avoid": -0.0022475337982177735,
        "activity": 3.0194138220141067,
        "growth": 0.0625,
        "stability": 0.21841951080625246
      },
      "n_timesteps": 50
    },
    {
      "pattern_id": 14,