{
  "metadata": {
    "snapshot_path": "/Users/jacob/fun/shape-of-experience/empirical/experiments/study_ca_affect/results/v13_s7/v13_s7/snapshots/cycle_010.npz",
    "seed": 7,
    "C": 16,
    "N": 128,
    "n_recording_steps": 50,
    "n_patterns_detected": 25,
    "n_patterns_analyzed": 20,
    "cycle": 10
  },
  "rsa_rho": 0.37911445279866335,
  "rsa_p": 6.891799303839605e-08,
  "n_patterns": 20,
  "dim_labels_A": [
    "valence",
    "arousal",
    "integration",
    "d_eff",
    "cf_weight",
    "sm_sal"
  ],
  "dim_labels_C": [
    "approach_avoid",
    "activity",
    "growth",
    "stability"
  ],
  "per_pattern": [
    {
      "pattern_id": 0,
      "space_A": {
        "valence": -0.009678349202992965,
        "arousal": 12.033230781555176,
        "integration": 0.04159558468210989,
        "d_eff": 1.197400134320952,
        "cf_weight": 0.9376800209283829,
        "sm_sal": -0.3096915053017939
      },
      "space_C": {
        "approach_avoid": -0.0022852349281311034,
        "activity": 3.616238668538598,
        "growth": 6.571428571428571,
        "stability": 0.3890618425536675
      },
      "n_timesteps": 50
    },
    {
      "pattern_id": 1,
      "space_A": {
        "valence": -0.0019644669124058317,
        "arousal": 4.8914594650268555,
        "integration": 0.11288368496462287,
        "d_eff": 1.4402334733141544,
        "cf_weight": 0.9987690683919936,
        "sm_sal": -0.3622604235116489
      },
      "space_C": {
        "approach_avoid": -0.002593145966529846,
        "activity": 2.1591596357906435,
        "growth": 1.1388888888888888,
        "stability": 0.6764088071902564
      },
      "n_timesteps": 50
    },
    {
      "pattern_id": 2,
      "space_A": {
        "valence": -0.01160481511330118,
        "arousal": 7.869543075561523,
        "integration": 0.031001622178919552,
        "d_eff": 1.1548612830962393,
        "cf_weight": 0.9868956115096807,
        "sm_sal": -0.012425478060859363
      },
      "space_C": {
        "approach_avoid": 5.451321601867676e-05,
        "activity": 2.4058552915800093,
        "growth": 3.4285714285714284,
        "stability": 0.30692893998426607
      },
      "n_timesteps": 50
    },
    {
      "pattern_id": 3,
      "space_A": {
        "valence": -0.012441537818130182,
        "arousal": 5.424710750579834,
        "integration": 0.20666748162744575,
        "d_eff": 2.067500124758257,
        "cf_weight": 0.9854609835892916,
        "sm_sal": -0.004703729127804146
      },
      "space_C": {
        "approach_avoid": -0.0019370055198669434,
        "activity": 2.506957236489883,
        "growth": 0.5769230769230769,
        "stability": 0.5426737067974732
      },
      "n_timesteps": 50
    },
    {
      "pattern_id": 4,
      "space_A": {
        "valence": -0.004536322184971401,
        "arousal": 6.421794891357422,
        "integration": 0.020072569103615434,
        "d_eff": 1.1140381651304576,
        "cf_weight": 0.9967020282056183,
        "sm_sal": -0.12115398119076892
      },
      "space_C": {
        "approach_avoid": -0.002156153917312622,
        "activity": 3.248869705558917,
        "growth": -0.6203703703703703,
        "stability": 0.4816930452346604
      },
      "n_timesteps": 50
    },
    {
      "pattern_id": 5,
      "space_A": {
        "valence": 0.001954472794824717,
        "arousal": 9.814652442932129,
        "integration": 0.009385495789465126,
        "d_eff": 1.0583959380213608,
        "cf_weight": 0.9452084116637707,
        "sm_sal": -0.05693271409675282
      },
      "space_C": {
        "approach_avoid": -0.0003917109966278076,
        "activity": 2.2093077979383806,
        "growth": 0.6666666666666666,
        "stability": 0.2791339024382337
      },
      "n_timesteps": 50
    },
    {
      "pattern_id": 6,
      "space_A": {
        "valence": -0.002061425423135563,
        "arousal": 3.527743339538574,
        "integration": 0.1808871390242658,
        "d_eff": 1.8227510883220326,
        "cf_weight": 0.8797072768211365,
        "sm_sal": -0.0022949930074354086
      },
      "space_C": {
        "approach_avoid": 0.000859445333480835,
        "activity": 2.82381066855171,
        "growth": 0.029411764705882353,
        "stability": 0.26618958691416356
      },
      "n_timesteps": 50
    },
    {
      "pattern_id": 7,
      "space_A": {
        "valence": 0.003009849665116291,
        "arousal": 6.384521961212158,
        "integration": 0.0771806246455009,
        "d_eff": 1.3304645122985448,
        "cf_weight": 0.9991907340590842,
        "sm_sal": -0.03043074551266911
      },
      "space_C": {
        "approach_avoid": -0.0006298744678497315,
        "activity": 3.1429644100841965,
        "growth": -0.6909090909090909,
        "stability": 0.3715643944342335
      },
      "n_timesteps": 50
    },
    {
      "pattern_id": 8,
      "space_A": {
        "valence": -0.0005834589199144013,
        "arousal": 3.8217010498046875,
        "integration": 0.09349897318528688,
        "d_eff": 1.4979877283350393,
        "cf_weight": 0.9924799087457359,
        "sm_sal": -0.0011764425504059428
      },
      "space_C": {
        "approach_avoid": 0.0011357688903808594,
        "activity": 3.199501529339807,
        "growth": 1.3943661971830985,
        "stability": 0.4053526808542462
      },
      "n_timesteps": 50
    },
    {
      "pattern_id": 9,
      "space_A": {
        "valence": -0.003589858814161651,
        "arousal": 3.9490394592285156,
        "integration": 0.040501485703583806,
        "d_eff": 1.236477678971349,
        "cf_weight": 0.9263079687952995,
        "sm_sal": -0.0016265771899608428
      },
      "space_C": {
        "approach_avoid": 0.002575528621673584,
        "activity": 3.1156421813882518,
        "growth": -0.46808510638297873,
        "stability": 0.31060881639477217
      },
      "n_timesteps": 50
    },
    {
      "pattern_id": 10,
      "space_A": {
        "valence": -0.015538984415482501,
        "arousal": 3.4403247833251953,
        "integration": 0.17098338963424098,
        "d_eff": 1.7536354769863352,
        "cf_weight": 0.9642029888927937,
        "sm_sal": -0.001578057100827035
      },
      "space_C": {
        "approach_avoid": 0.00332857608795166,
        "activity": 2.6867744152762665,
        "growth": 2.41025641025641,
        "stability": 0.3204427409043232
      },
      "n_timesteps": 50
    },
    {
      "pattern_id": 11,
      "space_A": {
        "valence": 0.007820066140622509,
        "arousal": 3.8036370277404785,
        "integration": 0.04490094140022238,
        "d_eff": 1.2403540964899227,
        "cf_weight": 0.8817057684063911,
        "sm_sal": -0.027087885499531894
      },
      "space_C": {
        "approach_avoid": 0.0011607134342193604,
        "activity": 3.160346109698117,
        "growth": 0.9714285714285714,
        "stability": 0.19023239684859816
      },
      "n_timesteps": 50
    },
    {
      "pattern_id": 12,
      "space_A": {
        "valence": -0.003916993433115434,
        "arousal": 5.073144912719727,
        "integration": 0.14333121507360358,
        "d_eff": 1.7103068132904933,
        "cf_weight": 0.966249231249094,
        "sm_sal": -0.009341167481089818
      },
      "space_C": {
        "approach_avoid": 0.00020113348960876465,
        "activity": 2.3708372688876573,
        "growth": -0.7736842105263158,
        "stability": 0.10530355711198125
      },
      "n_timesteps": 50
    },
    {
      "pattern_id": 13,
      "space_A": {
        "valence": -0.002492729498415577,
        "arousal": 4.094991683959961,
        "integration": 0.18022204428069355,
        "d_eff": 1.8770883574178434,
        "cf_weight": 0.9805403426289558,
        "sm_sal": -0.002297960335079119
      },
      "space_C": {
        "approach_avoid": 0.0008187401294708252,
        "activity": 3.148930364846312,
        "growth": 1.35,
        "stability": 0.16128908763430233
      },