{
  "metadata": {
    "snapshot_path": "/Users/jacob/fun/shape-of-experience/empirical/experiments/study_ca_affect/results/v13_s7/v13_s7/snapshots/cycle_005.npz",
    "seed": 7,
    "C": 16,
    "N": 128,
    "n_recording_steps": 50,
    "n_patterns_detected": 23,
    "n_patterns_analyzed": 20,
    "cycle": 5
  },
  "rsa_rho": 0.07201336675020886,
  "rsa_p": 0.3234622640587055,
  "n_patterns": 20,
  "dim_labels_A": [
    "valence",
    "arousal",
    "integration",
    "d_eff",
    "cf_weight",
    "sm_sal"
  ],
  "dim_labels_C": [
    "approach_avoid",
    "activity",
    "growth",
    "stability"
  ],
  "per_pattern": [
    {
      "pattern_id": 0,
      "space_A": {
        "valence": -0.005202492889092893,
        "arousal": 7.814126014709473,
        "integration": 0.3703728499729818,
        "d_eff": 1.9444587071990287,
        "cf_weight": 0.9484405219554901,
        "sm_sal": -0.39621189102867715
      },
      "space_C": {
        "approach_avoid": -0.0020579409599304197,
        "activity": 2.504325201064425,
        "growth": 0.3076923076923077,
        "stability": 0.34297164788748463
      },
      "n_timesteps": 50
    },
    {
      "pattern_id": 1,
      "space_A": {
        "valence": -0.0014389583042689732,
        "arousal": 3.5446736812591553,
        "integration": 0.05941229885965604,
        "d_eff": 1.3172634135529198,
        "cf_weight": 0.9609219022095203,
        "sm_sal": -0.004521007445558944
      },
      "space_C": {
        "approach_avoid": 0.0019237112998962403,
        "activity": 2.9974447049422577,
        "growth": 0.9393939393939394,
        "stability": 0.2705402732244056
      },
      "n_timesteps": 50
    },
    {
      "pattern_id": 2,
      "space_A": {
        "valence": -0.007564330587581713,
        "arousal": 7.146414756774902,
        "integration": 0.15445950583391332,
        "d_eff": 1.7338524130289323,
        "cf_weight": 0.9121571928262711,
        "sm_sal": -0.023557769126020256
      },
      "space_C": {
        "approach_avoid": 0.0006242942810058594,
        "activity": 3.2966677618674147,
        "growth": -0.6666666666666666,
        "stability": 0.034463921302534346
      },
      "n_timesteps": 50
    },
    {
      "pattern_id": 3,
      "space_A": {
        "valence": -0.00036500424754862883,
        "arousal": 7.997646331787109,
        "integration": 0.007130931676746166,
        "d_eff": 1.0481003420858221,
        "cf_weight": 0.9849576745182276,
        "sm_sal": -0.1310393482431904
      },
      "space_C": {
        "approach_avoid": -0.0007666754722595215,
        "activity": 2.5656797215116263,
        "growth": 1.75,
        "stability": 0.2320143468559409
      },
      "n_timesteps": 50
    },
    {
      "pattern_id": 4,
      "space_A": {
        "valence": -0.0017356094048947704,
        "arousal": 10.616394996643066,
        "integration": 0.03046667772532663,
        "d_eff": 1.1794885264264587,
        "cf_weight": 0.9651374518871307,
        "sm_sal": -0.011144519238764139
      },
      "space_C": {
        "approach_avoid": 0.0007695972919464112,
        "activity": 3.0411259334753864,
        "growth": 0.17647058823529413,
        "stability": 0.21757563449215891
      },
      "n_timesteps": 50
    },
    {
      "pattern_id": 5,
      "space_A": {
        "valence": -0.005435111571331413,
        "arousal": 5.627697467803955,
        "integration": 0.024758087449469612,
        "d_eff": 1.1473849457225243,
        "cf_weight": 0.9376994781196117,
        "sm_sal": -0.020465431205634044
      },
      "space_C": {
        "approach_avoid": 0.0009720683097839356,
        "activity": 2.7766963492184713,
        "growth": 0.6944444444444444,
        "stability": 0.3897610060449496
      },
      "n_timesteps": 50
    },
    {
      "pattern_id": 6,
      "space_A": {
        "valence": -0.0035583972930908203,
        "arousal": 6.834035396575928,
        "integration": 0.09869874795385636,
        "d_eff": 1.475723343245012,
        "cf_weight": 0.9951526816003025,
        "sm_sal": -0.010357526554947372
      },
      "space_C": {
        "approach_avoid": -0.0004993104934692383,
        "activity": 3.7144079913981347,
        "growth": 0.21212121212121213,
        "stability": 0.09003912815423849
      },
      "n_timesteps": 50
    },
    {
      "pattern_id": 7,
      "space_A": {
        "valence": 0.00468207378776706,
        "arousal": 5.767666339874268,
        "integration": 0.10505996528254447,
        "d_eff": 1.5381747790293585,
        "cf_weight": 0.9523975700139999,
        "sm_sal": -0.02034702759124407
      },
      "space_C": {
        "approach_avoid": 0.001002659797668457,
        "activity": 2.9266117892205883,
        "growth": 0.11764705882352941,
        "stability": 0.43072240037333887
      },
      "n_timesteps": 50
    },
    {
      "pattern_id": 8,
      "space_A": {
        "valence": -0.011829215653088629,
        "arousal": 6.188982963562012,
        "integration": 0.25567645842980036,
        "d_eff": 2.015000663126759,
        "cf_weight": 0.9562105350196362,
        "sm_sal": -0.012266667771635209
      },
      "space_C": {
        "approach_avoid": 0.002237807512283325,
        "activity": 3.2217511427493704,
        "growth": -0.22321428571428573,
        "stability": 0.3141036628004161
      },
      "n_timesteps": 50
    },
    {
      "pattern_id": 9,
      "space_A": {
        "valence": 0.005900879295504823,
        "arousal": 5.532663822174072,
        "integration": 0.055596465405780005,
        "d_eff": 1.25625625145221,
        "cf_weight": 0.9698652494698763,
        "sm_sal": -0.5566443951730426
      },
      "space_C": {
        "approach_avoid": -0.003985010385513306,
        "activity": 2.673200689258108,
        "growth": 0.6875,
        "stability": 0.21205096728184333
      },
      "n_timesteps": 50
    },
    {
      "pattern_id": 10,
      "space_A": {
        "valence": -0.003112033921845105,
        "arousal": 4.9341630935668945,
        "integration": 0.05460861650376625,
        "d_eff": 1.304846722284235,
        "cf_weight": 0.9330289959907532,
        "sm_sal": -0.0033767323132821714
      },
      "space_C": {
        "approach_avoid": 0.0017111611366271973,
        "activity": 2.2107435244194904,
        "growth": -0.66,
        "stability": 0.6323340228382271
      },
      "n_timesteps": 50
    },
    {
      "pattern_id": 11,
      "space_A": {
        "valence": -0.007280636806877292,
        "arousal": 5.364127159118652,
        "integration": 0.07632332105852435,
        "d_eff": 1.3971672517641403,
        "cf_weight": 0.9768873639404774,
        "sm_sal": -0.021600585818825624
      },
      "space_C": {
        "approach_avoid": 0.00042780876159667966,
        "activity": 2.471371181020668,
        "growth": -0.8440366972477065,
        "stability": 0.5230597683590774
      },
      "n_timesteps": 50
    },
    {
      "pattern_id": 12,
      "space_A": {
        "valence": 0.003063245695464465,
        "arousal": 4.945583820343018,
        "integration": 0.3020150581917447,
        "d_eff": 2.43793998960091,
        "cf_weight": 0.9775439761579037,
        "sm_sal": -0.005325041066801983
      },
      "space_C": {
        "approach_avoid": 0.0025453639030456545,
        "activity": 3.5885627419089774,
        "growth": 2.0588235294117645,
        "stability": 0.09898813628716206
      },
      "n_timesteps": 50
    },
    {
      "pattern_id": 13,
      "space_A": {
        "valence": 0.0008787768227713448,
        "arousal": 3.818981170654297,
        "integration": 0.15946155506412962,
        "d_eff": 1.716831334084551,
        "cf_weight": 0.9991411398514174,
        "sm_sal": -0.00043790884452310497
      },
      "space_C": {
        "approach_avoid": 0.0022562742233276367,
        "activity": 3.098867312177567,
        "growth": 9.64,
        "stability": 0.4407961612080975
      },
      "n_timesteps": 50
    },
    {
      "pattern_id": 14,