{
  "metadata": {
    "substrate": "v15",
    "seed": 42,
    "C": 16,
    "N": 128,
    "snapshot_path": "/Users/jacob/fun/shape-of-experience/empirical/experiments/study_ca_affect/results/v15_s42/snapshots/cycle_000.npz",
    "experiment": "self_model"
  },
  "n_results": 20,
  "cycle": 0,
  "results": [
    {
      "pattern_id": 0,
      "n_timesteps": 50,
      "rho_self": 0.0,
      "SM": {
        "1": -2854258.7212870517,
        "2": -1239850.0116301354,
        "5": -4853.711940879091,
        "10": -515.2447680672841
      },
      "SM_capacity": 0.0,
      "SM_sal": 0.0,
      "f_self_mse": {
        "1": 2854311.765235881,
        "2": 1239952.2315165824,
        "5": 4995.869522324682,
        "10": 630.3463526649992
      },
      "f_ext_mse": {
        "1": 53.04394882900143,
        "2": 102.21988644701486,
        "5": 142.15758144559055,
        "10": 115.1015845977151
      }
    },
    {
      "pattern_id": 1,
      "n_timesteps": 50,
      "rho_self": 0.10211498674916301,
      "SM": {
        "1": 32.56317599025264,
        "2": -6.214118741274724,
        "5": -0.6648427822084528,
        "10": 4.388778944923985
      },
      "SM_capacity": 27.25353535743628,
      "SM_sal": Infinity,
      "f_self_mse": {
        "1": 30.415690751103547,
        "2": 61.421629383276944,
        "5": 70.27808884067223,
        "10": 33.789589069594925
      },
      "f_ext_mse": {
        "1": 62.978866741356185,
        "2": 55.20751064200222,
        "5": 69.61324605846377,
        "10": 38.17836801451891
      }
    },
    {
      "pattern_id": 2,
      "n_timesteps": 50,
      "rho_self": 0.0,
      "SM": {
        "1": 23.929778418830843,
        "2": 43.35066872265291,
        "5": 7.42372537468259,
        "10": -90.64424302853895
      },
      "SM_capacity": 128.3611281534516,
      "SM_sal": Infinity,
      "f_self_mse": {
        "1": 35.53007053781784,
        "2": 111.48642048288563,
        "5": 102.63345512613355,
        "10": 150.04741578200816
      },
      "f_ext_mse": {
        "1": 59.459848956648685,
        "2": 154.83708920553855,
        "5": 110.05718050081614,
        "10": 59.40317275346921
      }
    },
    {
      "pattern_id": 3,
      "n_timesteps": 50,
      "rho_self": 0.0,
      "SM": {
        "1": 14.864127001459721,
        "2": 26.954431806004415,
        "5": 3.4326714769414366,
        "10": 24.781767690514794
      },
      "SM_capacity": 137.02603224679143,
      "SM_sal": Infinity,
      "f_self_mse": {
        "1": 47.296222533888525,
        "2": 33.909482429060326,
        "5": 57.8557900467692,
        "10": 31.416026204296276
      },
      "f_ext_mse": {
        "1": 62.160349535348246,
        "2": 60.86391423506474,
        "5": 61.28846152371064,
        "10": 56.19779389481107
      }
    },
    {
      "pattern_id": 4,
      "n_timesteps": 50,
      "rho_self": 0.0,
      "SM": {
        "1": -328.0096628013924,
        "2": -104.90058329926862,
        "5": 28.716519398280475,
        "10": -14.475982151667763
      },
      "SM_capacity": 114.8660775931219,
      "SM_sal": 0.0,
      "f_self_mse": {
        "1": 388.06807349673284,
        "2": 145.84415823336056,
        "5": 37.70593925958618,
        "10": 30.39699714243959
      },
      "f_ext_mse": {
        "1": 60.05841069534047,
        "2": 40.943574934091934,
        "5": 66.42245865786666,
        "10": 15.921014990771829
      }
    },
    {
      "pattern_id": 6,
      "n_timesteps": 50,
      "rho_self": 0.0,
      "SM": {
        "1": -429.8201368062042,
        "2": -15.704578678466575,
        "5": -29.36557250319796,
        "10": -4.993022679475208
      },
      "SM_capacity": 0.0,
      "SM_sal": 0.0,
      "f_self_mse": {
        "1": 487.6072088432003,
        "2": 84.41877078662893,
        "5": 72.42229478332096,
        "10": 11.304293188007955
      },
      "f_ext_mse": {
        "1": 57.78707203699612,
        "2": 68.71419210816235,
        "5": 43.056722280123005,
        "10": 6.311270508532747
      }
    },
    {
      "pattern_id": 7,
      "n_timesteps": 50,
      "rho_self": 0.0,
      "SM": {
        "1": 4.380088552680263,
        "2": -33.33906127714597,
        "5": -45.53577762430692,
        "10": -4.972547887531988
      },
      "SM_capacity": 2.1900442763401315,
      "SM_sal": 0.0,
      "f_self_mse": {
        "1": 14.427887630996775,
        "2": 46.95518956133176,
        "5": 73.42527770454078,
        "10": 47.80311752896257
      },
      "f_ext_mse": {
        "1": 18.807976183677038,
        "2": 13.616128284185786,
        "5": 27.88950008023386,
        "10": 42.83056964143058
      }
    },
    {
      "pattern_id": 8,
      "n_timesteps": 50,
      "rho_self": 0.0,
      "SM": {
        "1": -130.49044677437638,
        "2": -284.50849921397406,
        "5": -282.4753272975321,
        "10": -258.93017733395897
      },
      "SM_capacity": 0.0,
      "SM_sal": 0.0,
      "f_self_mse": {
        "1": 217.67946484128075,
        "2": 356.43365771482866,
        "5": 390.20181228057464,
        "10": 351.4959872194156
      },
      "f_ext_mse": {
        "1": 87.18901806690437,
        "2": 71.92515850085458,
        "5": 107.72648498304254,
        "10": 92.56580988545666
      }
    },
    {
      "pattern_id": 9,
      "n_timesteps": 50,
      "rho_self": 0.0,
      "SM": {
        "1": -0.08937257693424172,
        "2": 0.47873754149809145,
        "5": -22.926704302187762,
        "10": -42.68397822107577
      },
      "SM_capacity": 0.9574750829961829,
      "SM_sal": Infinity,
      "f_self_mse": {
        "1": 21.974506957885414,
        "2": 36.00213061589466,
        "5": 48.466458426312585,
        "10": 99.54012329336463
      },
      "f_ext_mse": {
        "1": 21.885134380951172,
        "2": 36.48086815739275,
        "5": 25.539754124124823,
        "10": 56.85614507228886
      }
    },
    {
      "pattern_id": 10,
      "n_timesteps": 50,
      "rho_self": 0.0,
      "SM": {
        "1": -44346.55656998005,
        "2": -131609.61038511203,
        "5": -16883.049095217848,
        "10": -648464.0387265059
      },
      "SM_capacity": 0.0,
      "SM_sal": 0.0,
      "f_self_mse": {
        "1": 44429.59967346595,
        "2": 131687.8623706654,
        "5": 17001.139509803572,
        "10": 648590.5780898265
      },
      "f_ext_mse": {
        "1": 83.04310348590052,
        "2": 78.2519855533637,
        "5": 118.09041458572385,
        "10": 126.53936332055193
      }
    },
    {
      "pattern_id": 11,
      "n_timesteps": 50,
      "rho_self": 0.0,
      "SM": {
        "1": 36.077855663731896,
        "2": -34.25936613171834,
        "5": -42.0218492150651,
        "10": 3.4603519029647885
      },
      "SM_capacity": 26.68980758927792,
      "SM_sal": Infinity,
      "f_self_mse": {
        "1": 125.94584613613532,
        "2": 164.08582129060974,
        "5": 87.43170927911379,
        "10": 114.90911051878038
      },
      "f_ext_mse": {
        "1": 162.0237017998672,
        "2": 129.8264551588914,
        "5": 45.40986006404869,
        "10": 118.36946242174517
      }
    },
    {
      "pattern_id": 12,
      "n_timesteps": 50,
      "rho_self": 0.0,
      "SM": {
        "1": 38.032966027147324,
        "2": 147.1003517798523,
        "5": -37233.67104584484,
        "10": -18082.230290254567
      },
      "SM_capacity": 313.21718657327824,
      "SM_sal": Infinity,
      "f_self_mse": {
        "1": 154.64661715571623,
        "2": 122.9046032780268,
        "5": 37585.034761921794,
        "10": 18216.49086445401
      },
      "f_ext_mse": {
        "1": 192.67958318286355,
        "2": 270.0049550578791,
        "5": 351.3637160769484,
        "10": 134.26057419943984
      }
    },
    {
      "pattern_id": 13,
      "n_timesteps": 50,
      "rho_self": 0.0,
      "SM": {
        "1": 24.998127459043985,
        "2": -18.053522361794364,
        "5": 9.791455624896628,
        "10": -245.84639508637952
      },