{
  "metadata": {
    "substrate": "v15",
    "seed": 42,
    "C": 16,
    "N": 128,
    "snapshot_path": "/Users/jacob/fun/shape-of-experience/empirical/experiments/study_ca_affect/results/v15_s42/snapshots/cycle_025.npz",
    "experiment": "self_model"
  },
  "n_results": 4,
  "cycle": 25,
  "results": [
    {
      "pattern_id": 0,
      "n_timesteps": 50,
      "rho_self": 0.0,
      "SM": {
        "1": 11.517516436388696,
        "2": 9.73848269288397,
        "5": -8.051039152433518,
        "10": 11.050910348343805
      },
      "SM_capacity": 52.862999474821805,
      "SM_sal": Infinity,
      "f_self_mse": {
        "1": 19.674592683285674,
        "2": 38.82120037609034,
        "5": 89.37040139567041,
        "10": 39.15317330590331
      },
      "f_ext_mse": {
        "1": 31.19210911967437,
        "2": 48.55968306897431,
        "5": 81.3193622432369,
        "10": 50.204083654247114
      }
    },
    {
      "pattern_id": 1,
      "n_timesteps": 50,
      "rho_self": 0.0,
      "SM": {
        "1": 7.850515356846117,
        "2": 1.325514017365272,
        "5": 1.7822526564248786,
        "10": -9.446301267040242
      },
      "SM_capacity": 13.705296338853117,
      "SM_sal": Infinity,
      "f_self_mse": {
        "1": 20.57792335170796,
        "2": 27.26640090842968,
        "5": 14.69211031093169,
        "10": 11.272210926957616
      },
      "f_ext_mse": {
        "1": 28.428438708554076,
        "2": 28.591914925794953,
        "5": 16.47436296735657,
        "10": 1.825909659917373
      }
    },
    {
      "pattern_id": 2,
      "n_timesteps": 50,
      "rho_self": 0.0,
      "SM": {
        "1": 2.7479968826448458,
        "2": 2.3326261634909216,
        "5": -6.679116121333784,
        "10": -0.7379899974885906
      },
      "SM_capacity": 6.0392507683042655,
      "SM_sal": Infinity,
      "f_self_mse": {
        "1": 2.2418920163814073,
        "2": 2.419108362771256,
        "5": 10.403787945363751,
        "10": 2.4915291838446714
      },
      "f_ext_mse": {
        "1": 4.989888899026253,
        "2": 4.751734526262178,
        "5": 3.7246718240299663,
        "10": 1.7535391863560807
      }
    },
    {
      "pattern_id": 3,
      "n_timesteps": 50,
      "rho_self": 0.0,
      "SM": {
        "1": 0.2838369579426363,
        "2": 1.3015908819804132,
        "5": 1.284558179257889,
        "10": 2.2193326222619643
      },
      "SM_capacity": 13.43166451561861,
      "SM_sal": Infinity,
      "f_self_mse": {
        "1": 19.322517609281835,
        "2": 18.33181428776005,
        "5": 18.49998865098455,
        "10": 8.247694332032795
      },
      "f_ext_mse": {
        "1": 19.60635456722447,
        "2": 19.633405169740463,
        "5": 19.78454683024244,
        "10": 10.46702695429476
      }
    }
  ]
}