{
  "metadata": {
    "substrate": "v15",
    "seed": 42,
    "C": 16,
    "N": 128,
    "snapshot_path": "/Users/jacob/fun/shape-of-experience/empirical/experiments/study_ca_affect/results/v15_s42/snapshots/cycle_010.npz",
    "experiment": "self_model"
  },
  "n_results": 20,
  "cycle": 10,
  "results": [
    {
      "pattern_id": 4,
      "n_timesteps": 50,
      "rho_self": 0.4331777618588401,
      "SM": {
        "1": 11.869751020087406,
        "2": 24.6507773849586,
        "5": 49.933228879344455,
        "10": -200.8435464252273
      },
      "SM_capacity": 254.96934579733875,
      "SM_sal": 1.254651826448576,
      "f_self_mse": {
        "1": 125.5431044844509,
        "2": 102.53368767532147,
        "5": 228.6405942094631,
        "10": 324.1256843825418
      },
      "f_ext_mse": {
        "1": 137.4128555045383,
        "2": 127.18446506028008,
        "5": 278.57382308880756,
        "10": 123.28213795731452
      }
    },
    {
      "pattern_id": 11,
      "n_timesteps": 50,
      "rho_self": 0.0,
      "SM": {
        "1": -10.4996275996495,
        "2": 15.928500755259165,
        "5": 24.546359528931454,
        "10": -93.00651638261064
      },
      "SM_capacity": 130.04243962624415,
      "SM_sal": 0.0,
      "f_self_mse": {
        "1": 72.98757840447378,
        "2": 67.16601927706874,
        "5": 43.74398094142227,
        "10": 162.35479392512576
      },
      "f_ext_mse": {
        "1": 62.48795080482428,
        "2": 83.0945200323279,
        "5": 68.29034047035373,
        "10": 69.34827754251512
      }
    },
    {
      "pattern_id": 12,
      "n_timesteps": 50,
      "rho_self": 0.0,
      "SM": {
        "1": -7.111437592782725,
        "2": -27.822758448217385,
        "5": -10.09775650303883,
        "10": -63.4212729686064
      },
      "SM_capacity": 0.0,
      "SM_sal": Infinity,
      "f_self_mse": {
        "1": 26.11107060839431,
        "2": 46.26711648589747,
        "5": 31.060734634157303,
        "10": 92.04292336337298
      },
      "f_ext_mse": {
        "1": 18.999633015611586,
        "2": 18.444358037680082,
        "5": 20.962978131118472,
        "10": 28.621650394766572
      }
    },
    {
      "pattern_id": 14,
      "n_timesteps": 50,
      "rho_self": 0.0,
      "SM": {
        "1": 22.958218354669377,
        "2": 8.660163673442767,
        "5": 18.346597130130583,
        "10": -103.0645132446569
      },
      "SM_capacity": 102.18582504474256,
      "SM_sal": Infinity,
      "f_self_mse": {
        "1": 34.12124016873359,
        "2": 62.65669579889021,
        "5": 38.5817520851701,
        "10": 151.51146178484274
      },
      "f_ext_mse": {
        "1": 57.07945852340297,
        "2": 71.31685947233298,
        "5": 56.928349215300685,
        "10": 48.446948540185836
      }
    },
    {
      "pattern_id": 15,
      "n_timesteps": 50,
      "rho_self": 0.0,
      "SM": {
        "1": -32635.918140325866,
        "2": -27124.309742267436,
        "5": -14617.056542615248,
        "10": -6103.9987783409815
      },
      "SM_capacity": 0.0,
      "SM_sal": 0.0,
      "f_self_mse": {
        "1": 32707.47082652947,
        "2": 27285.861218684266,
        "5": 14820.405359055358,
        "10": 6206.7881888700085
      },
      "f_ext_mse": {
        "1": 71.55268620360206,
        "2": 161.5514764168294,
        "5": 203.3488164401105,
        "10": 102.78941052902664
      }
    },
    {
      "pattern_id": 16,
      "n_timesteps": 50,
      "rho_self": 0.0,
      "SM": {
        "1": -11.318854730834339,
        "2": 9.383827280788722,
        "5": -60.6212849397362,
        "10": -652.6100146078111
      },
      "SM_capacity": 18.767654561577444,
      "SM_sal": Infinity,
      "f_self_mse": {
        "1": 63.512097096345464,
        "2": 47.7110091627842,
        "5": 105.42621345430773,
        "10": 726.8083993183067
      },
      "f_ext_mse": {
        "1": 52.193242365511125,
        "2": 57.09483644357292,
        "5": 44.80492851457153,
        "10": 74.19838471049557
      }
    },
    {
      "pattern_id": 19,
      "n_timesteps": 50,
      "rho_self": 0.0,
      "SM": {
        "1": -1828.8753450733243,
        "2": -224.6023879080243,
        "5": -1600.449295888206,
        "10": -181302.7108909829
      },
      "SM_capacity": 0.0,
      "SM_sal": 0.0,
      "f_self_mse": {
        "1": 1865.4984352827178,
        "2": 272.32870653876665,
        "5": 1651.7269671728832,
        "10": 181340.5734661664
      },
      "f_ext_mse": {
        "1": 36.623090209393496,
        "2": 47.72631863074237,
        "5": 51.2776712846772,
        "10": 37.86257518348402
      }
    },
    {
      "pattern_id": 20,
      "n_timesteps": 50,
      "rho_self": 0.21868428754818725,
      "SM": {
        "1": 9.02709017844785,
        "2": -173.05274269254707,
        "5": -61.97233996881522,
        "10": -15.559197268714257
      },
      "SM_capacity": 4.513545089223925,
      "SM_sal": Infinity,
      "f_self_mse": {
        "1": 110.50865294074978,
        "2": 305.98235845709917,
        "5": 218.40257080153123,
        "10": 162.8318938947401
      },
      "f_ext_mse": {
        "1": 119.53574311919763,
        "2": 132.9296157645521,
        "5": 156.430230832716,
        "10": 147.27269662602583
      }
    },
    {
      "pattern_id": 21,
      "n_timesteps": 50,
      "rho_self": 0.0,
      "SM": {
        "1": -70.39466141860643,
        "2": -98.29452371767704,
        "5": -23.466313136548663,
        "10": -61.517277273576184
      },
      "SM_capacity": 0.0,
      "SM_sal": 0.0,
      "f_self_mse": {
        "1": 136.89730092082635,
        "2": 158.06536466068533,
        "5": 101.19779078700455,
        "10": 182.80818155208414
      },
      "f_ext_mse": {
        "1": 66.50263950221992,
        "2": 59.770840943008295,
        "5": 77.73147765045589,
        "10": 121.29090427850795
      }
    },
    {
      "pattern_id": 24,
      "n_timesteps": 50,
      "rho_self": 0.0,
      "SM": {
        "1": -42.91142772340541,
        "2": -592.3638989031436,
        "5": 7.163059052855146,
        "10": -3.329351522975715
      },
      "SM_capacity": 28.65223621142058,
      "SM_sal": 0.0,
      "f_self_mse": {
        "1": 57.95006456454952,
        "2": 607.6293858607088,
        "5": 7.999323873656221,
        "10": 11.695218741271045
      },
      "f_ext_mse": {
        "1": 15.038636841144108,
        "2": 15.265486957565184,
        "5": 15.162382926511366,
        "10": 8.36586721829533
      }
    },
    {
      "pattern_id": 25,
      "n_timesteps": 50,
      "rho_self": 0.0,
      "SM": {
        "1": 14.254096987488929,
        "2": 2.7341595078388643,
        "5": 20.664618012885068,
        "10": -10.052941875501741
      },
      "SM_capacity": 95.25383956096246,
      "SM_sal": Infinity,
      "f_self_mse": {
        "1": 16.642729898322212,
        "2": 27.162482008001547,
        "5": 14.808761744512271,
        "10": 23.836384065224543
      },
      "f_ext_mse": {
        "1": 30.89682688581114,
        "2": 29.89664151584041,
        "5": 35.47337975739734,
        "10": 13.783442189722802
      }
    },
    {
      "pattern_id": 26,
      "n_timesteps": 50,
      "rho_self": 0.0,
      "SM": {
        "1": -597.9620357250145,
        "2": -158.4078855930594,
        "5": -535.7812305996788,
        "10": -57.7099096387695
      },
      "SM_capacity": 0.0,
      "SM_sal": 0.0,
      "f_self_mse": {
        "1": 639.8656472706564,
        "2": 226.032711168445,
        "5": 610.8606444555188,
        "10": 114.77499867153855
      },
      "f_ext_mse": {
        "1": 41.9036115456419,
        "2": 67.6248255753856,
        "5": 75.07941385584006,
        "10": 57.06508903276905
      }
    },
    {
      "pattern_id": 27,
      "n_timesteps": 50,
      "rho_self": 0.0,
      "SM": {
        "1": -123.65537310411854,
        "2": -98.09588032568647,
        "5": -3.183216580245684,
        "10": 7.0942452426939155
      },