{
  "metadata": {
    "substrate": "v15",
    "seed": 42,
    "C": 16,
    "N": 128,
    "snapshot_path": "/Users/jacob/fun/shape-of-experience/empirical/experiments/study_ca_affect/results/v15_s42/snapshots/cycle_015.npz",
    "experiment": "self_model"
  },
  "n_results": 20,
  "cycle": 15,
  "results": [
    {
      "pattern_id": 0,
      "n_timesteps": 50,
      "rho_self": 0.0,
      "SM": {
        "1": -1.7173382723058097,
        "2": -32.474162649117716,
        "5": -132.28963746593072,
        "10": -653.5393563746113
      },
      "SM_capacity": 0.0,
      "SM_sal": 0.0,
      "f_self_mse": {
        "1": 73.10261534402528,
        "2": 119.40850449960521,
        "5": 287.6745350134344,
        "10": 990.2389546947991
      },
      "f_ext_mse": {
        "1": 71.38527707171947,
        "2": 86.9343418504875,
        "5": 155.3848975475037,
        "10": 336.6995983201878
      }
    },
    {
      "pattern_id": 1,
      "n_timesteps": 50,
      "rho_self": 0.0,
      "SM": {
        "1": -102.57220460969577,
        "2": -1180.6663625477445,
        "5": -14.43606451086424,
        "10": -4.359804169849913
      },
      "SM_capacity": 0.0,
      "SM_sal": 0.0,
      "f_self_mse": {
        "1": 147.46326244861217,
        "2": 1217.89621351294,
        "5": 28.55932140285531,
        "10": 9.621233338769596
      },
      "f_ext_mse": {
        "1": 44.89105783891639,
        "2": 37.229850965195496,
        "5": 14.12325689199107,
        "10": 5.261429168919682
      }
    },
    {
      "pattern_id": 2,
      "n_timesteps": 50,
      "rho_self": 0.0,
      "SM": {
        "1": 252.45636174353479,
        "2": 2707.6189285067217,
        "5": 1694.0656869487668,
        "10": 16484.77839885514
      },
      "SM_capacity": 53529.67478281813,
      "SM_sal": 0.018418701083508182,
      "f_self_mse": {
        "1": 59.388500440888535,
        "2": 89.8334015447427,
        "5": 205.6769348120043,
        "10": 185.96202678621404
      },
      "f_ext_mse": {
        "1": 311.84486218442333,
        "2": 2797.4523300514643,
        "5": 1899.742621760771,
        "10": 16670.740425641354
      }
    },
    {
      "pattern_id": 3,
      "n_timesteps": 50,
      "rho_self": 0.0,
      "SM": {
        "1": -9356.360926506337,
        "2": 25.04035159888067,
        "5": 18.841485738463582,
        "10": -4.800239941660024
      },
      "SM_capacity": 125.44664615161567,
      "SM_sal": 0.0,
      "f_self_mse": {
        "1": 9411.51907027796,
        "2": 39.005894818679955,
        "5": 17.159459165558964,
        "10": 37.2387403217685
      },
      "f_ext_mse": {
        "1": 55.15814377162344,
        "2": 64.04624641756062,
        "5": 36.000944904022546,
        "10": 32.43850038010848
      }
    },
    {
      "pattern_id": 4,
      "n_timesteps": 50,
      "rho_self": 0.06050144402628782,
      "SM": {
        "1": 1.073807388177518,
        "2": 0.3005630298172375,
        "5": 0.1608016938045278,
        "10": -0.12895310099210056
      },
      "SM_capacity": 1.7812365289413452,
      "SM_sal": Infinity,
      "f_self_mse": {
        "1": 1.1839387023045678,
        "2": 1.445281209721616,
        "5": 4.408898587515843,
        "10": 2.3332483435199483
      },
      "f_ext_mse": {
        "1": 2.257746090482086,
        "2": 1.7458442395388534,
        "5": 4.569700281320371,
        "10": 2.2042952425278477
      }
    },
    {
      "pattern_id": 5,
      "n_timesteps": 50,
      "rho_self": 0.0,
      "SM": {
        "1": 64.76748430172805,
        "2": 19.151574138242253,
        "5": 28.408159636867428,
        "10": -17.717206047709894
      },
      "SM_capacity": 184.31952897481824,
      "SM_sal": Infinity,
      "f_self_mse": {
        "1": 12.513047742346144,
        "2": 83.0289120067192,
        "5": 27.719572812882983,
        "10": 79.12929904000472
      },
      "f_ext_mse": {
        "1": 77.28053204407419,
        "2": 102.18048614496145,
        "5": 56.12773244975041,
        "10": 61.41209299229483
      }
    },
    {
      "pattern_id": 6,
      "n_timesteps": 50,
      "rho_self": 0.0,
      "SM": {
        "1": 1.4420563169326988,
        "2": 2.1464033367228867,
        "5": 3.5362182686878327,
        "10": 2.955180708322265
      },
      "SM_capacity": 26.54665967746912,
      "SM_sal": Infinity,
      "f_self_mse": {
        "1": 2.709894128228636,
        "2": 3.520040662596847,
        "5": 1.5777874253325894,
        "10": 2.6129606059443278
      },
      "f_ext_mse": {
        "1": 4.151950445161335,
        "2": 5.666443999319734,
        "5": 5.114005694020422,
        "10": 5.568141314266593
      }
    },
    {
      "pattern_id": 7,
      "n_timesteps": 50,
      "rho_self": 0.0,
      "SM": {
        "1": -600.2875151371451,
        "2": -29.950297245297293,
        "5": -486.0363179684246,
        "10": 18.838009545245257
      },
      "SM_capacity": 47.09502386311314,
      "SM_sal": 0.0,
      "f_self_mse": {
        "1": 656.2163546299691,
        "2": 91.48585158671591,
        "5": 576.8907620929838,
        "10": 42.690330969142494
      },
      "f_ext_mse": {
        "1": 55.92883949282411,
        "2": 61.53555434141862,
        "5": 90.85444412455918,
        "10": 61.52834051438775
      }
    },
    {
      "pattern_id": 8,
      "n_timesteps": 50,
      "rho_self": 0.0,
      "SM": {
        "1": 1.4337445503360358,
        "2": 0.023992003718424915,
        "5": 0.1553717454185901,
        "10": -1.4142739532668753
      },
      "SM_capacity": 1.3863432642792282,
      "SM_sal": 0.0,
      "f_self_mse": {
        "1": 1.5261855850521173,
        "2": 2.6732915068480136,
        "5": 1.8056107263279546,
        "10": 2.463399469464375
      },
      "f_ext_mse": {
        "1": 2.959930135388153,
        "2": 2.6972835105664386,
        "5": 1.9609824717465447,
        "10": 1.0491255161974995
      }
    },
    {
      "pattern_id": 9,
      "n_timesteps": 50,
      "rho_self": 0.0,
      "SM": {
        "1": 4.702682877192156,
        "2": 4.327028879195883,
        "5": -523.0978203527242,
        "10": -225.54118501587504
      },
      "SM_capacity": 11.005399196987844,
      "SM_sal": Infinity,
      "f_self_mse": {
        "1": 1.5978833117599713,
        "2": 1.2339850489558497,
        "5": 527.9729001011649,
        "10": 228.74758498981706
      },
      "f_ext_mse": {
        "1": 6.300566188952127,
        "2": 5.561013928151732,
        "5": 4.875079748440678,
        "10": 3.2063999739420224
      }
    },
    {
      "pattern_id": 10,
      "n_timesteps": 50,
      "rho_self": 0.0,
      "SM": {
        "1": -116.94982210598,
        "2": -62.62014833726205,
        "5": -161.4008881095047,
        "10": -238.9398844388317
      },
      "SM_capacity": 0.0,
      "SM_sal": 0.0,
      "f_self_mse": {
        "1": 125.36595097976513,
        "2": 69.268726567452,
        "5": 166.92968453505327,
        "10": 244.27630654926708
      },
      "f_ext_mse": {
        "1": 8.416128873785132,
        "2": 6.648578230189957,
        "5": 5.528796425548558,
        "10": 5.336422110435366
      }
    },
    {
      "pattern_id": 11,
      "n_timesteps": 50,
      "rho_self": 0.0,
      "SM": {
        "1": -7564.809350228563,
        "2": -17619.17141126386,
        "5": -211424.1337156062,
        "10": -18408.989488132032
      },
      "SM_capacity": 0.0,
      "SM_sal": 0.0,
      "f_self_mse": {
        "1": 7578.692263806652,
        "2": 17632.07574336791,
        "5": 211431.96879189368,
        "10": 18415.720456245777
      },
      "f_ext_mse": {
        "1": 13.882913578089088,
        "2": 12.9043321040534,
        "5": 7.835076287487614,
        "10": 6.730968113743219
      }
    },
    {
      "pattern_id": 12,
      "n_timesteps": 50,
      "rho_self": 0.0,
      "SM": {
        "1": -773.6734787130334,
        "2": -762.0264921775888,
        "5": -215.4946500307308,
        "10": -191.31783129973184
      },
      "SM_capacity": 0.0,