{
  "metadata": {
    "substrate": "v15",
    "seed": 42,
    "C": 16,
    "N": 128,
    "snapshot_path": "/Users/jacob/fun/shape-of-experience/empirical/experiments/study_ca_affect/results/v15_s42/snapshots/cycle_005.npz",
    "experiment": "self_model"
  },
  "n_results": 20,
  "cycle": 5,
  "results": [
    {
      "pattern_id": 3,
      "n_timesteps": 50,
      "rho_self": 0.04578281097411956,
      "SM": {
        "1": -25.03552304897157,
        "2": -29.866197831778017,
        "5": -74.46909730926863,
        "10": -26.64799176727127
      },
      "SM_capacity": 0.0,
      "SM_sal": 0.0,
      "f_self_mse": {
        "1": 68.44898359017193,
        "2": 60.515838297384335,
        "5": 104.80550076202049,
        "10": 44.93923372976471
      },
      "f_ext_mse": {
        "1": 43.413460541200365,
        "2": 30.649640465606318,
        "5": 30.336403452751853,
        "10": 18.291241962493437
      }
    },
    {
      "pattern_id": 4,
      "n_timesteps": 50,
      "rho_self": 0.0,
      "SM": {
        "1": -133.4827601916766,
        "2": -18.249020499184056,
        "5": -49759.33833217191,
        "10": -16.42092945591012
      },
      "SM_capacity": 0.0,
      "SM_sal": 0.0,
      "f_self_mse": {
        "1": 171.46089936527818,
        "2": 38.84415779204776,
        "5": 49766.563619383924,
        "10": 20.888317635720945
      },
      "f_ext_mse": {
        "1": 37.97813917360159,
        "2": 20.595137292863704,
        "5": 7.225287212012573,
        "10": 4.467388179810827
      }
    },
    {
      "pattern_id": 12,
      "n_timesteps": 50,
      "rho_self": 0.0,
      "SM": {
        "1": 0.3011802568665334,
        "2": 1.2098881443871432,
        "5": -3.8320056047446034,
        "10": -2.2363888958690485
      },
      "SM_capacity": 2.570366417207553,
      "SM_sal": 0.0,
      "f_self_mse": {
        "1": 2.128579146895048,
        "2": 1.8424474896691774,
        "5": 5.532991708187308,
        "10": 3.126566004501986
      },
      "f_ext_mse": {
        "1": 2.4297594037615813,
        "2": 3.0523356340563206,
        "5": 1.7009861034427047,
        "10": 0.8901771086329372
      }
    },
    {
      "pattern_id": 13,
      "n_timesteps": 50,
      "rho_self": 0.0,
      "SM": {
        "1": -10.855873236928602,
        "2": -90.08546028200914,
        "5": -1424810.8072637504,
        "10": -3067749.405229774
      },
      "SM_capacity": 0.0,
      "SM_sal": Infinity,
      "f_self_mse": {
        "1": 44.82704753540475,
        "2": 144.85011332040906,
        "5": 1424847.38942871,
        "10": 3067772.0491646277
      },
      "f_ext_mse": {
        "1": 33.97117429847615,
        "2": 54.764653038399935,
        "5": 36.58216495973894,
        "10": 22.64393485396763
      }
    },
    {
      "pattern_id": 18,
      "n_timesteps": 50,
      "rho_self": 0.0,
      "SM": {
        "1": 78.18337103409064,
        "2": 67.77626844266288,
        "5": 23.868264088245,
        "10": -197.5798394066992
      },
      "SM_capacity": 270.1172787553511,
      "SM_sal": Infinity,
      "f_self_mse": {
        "1": 25.0746643294146,
        "2": 63.6957599390416,
        "5": 75.9500107769117,
        "10": 262.21095546108774
      },
      "f_ext_mse": {
        "1": 103.25803536350524,
        "2": 131.4720283817045,
        "5": 99.8182748651567,
        "10": 64.63111605438854
      }
    },
    {
      "pattern_id": 23,
      "n_timesteps": 50,
      "rho_self": 0.0,
      "SM": {
        "1": -50.250950917076416,
        "2": -582.285667549105,
        "5": -350.08527810319663,
        "10": -416.91014857979303
      },
      "SM_capacity": 0.0,
      "SM_sal": 0.0,
      "f_self_mse": {
        "1": 98.73855230767353,
        "2": 628.9570981765288,
        "5": 400.22868453924315,
        "10": 439.5341157513388
      },
      "f_ext_mse": {
        "1": 48.48760139059711,
        "2": 46.67143062742381,
        "5": 50.1434064360465,
        "10": 22.623967171545758
      }
    },
    {
      "pattern_id": 24,
      "n_timesteps": 50,
      "rho_self": 0.0,
      "SM": {
        "1": -31062.90741872778,
        "2": -98623.68672503644,
        "5": -1960741.3387914826,
        "10": -166842.3156061088
      },
      "SM_capacity": 0.0,
      "SM_sal": 0.0,
      "f_self_mse": {
        "1": 31115.671898183693,
        "2": 98681.30339078956,
        "5": 1960808.0869213142,
        "10": 167152.23536533132
      },
      "f_ext_mse": {
        "1": 52.76447945591376,
        "2": 57.61666575311907,
        "5": 66.74812983168253,
        "10": 309.9197592225073
      }
    },
    {
      "pattern_id": 25,
      "n_timesteps": 50,
      "rho_self": 0.0,
      "SM": {
        "1": -18025.493442205032,
        "2": -8701.414234714972,
        "5": -5000.859833375362,
        "10": -3874.1933367744687
      },
      "SM_capacity": 0.0,
      "SM_sal": 0.0,
      "f_self_mse": {
        "1": 18078.693796682615,
        "2": 8756.642848866908,
        "5": 5047.767980397816,
        "10": 4009.1975351650945
      },
      "f_ext_mse": {
        "1": 53.20035447758196,
        "2": 55.22861415193679,
        "5": 46.90814702245495,
        "10": 135.00419839062585
      }
    },
    {
      "pattern_id": 26,
      "n_timesteps": 50,
      "rho_self": 0.0,
      "SM": {
        "1": -2.1412767543153315,
        "2": -0.4207412376216553,
        "5": 8.660007971457311,
        "10": -135.870633937514
      },
      "SM_capacity": 34.640031885829245,
      "SM_sal": 0.07494423694652858,
      "f_self_mse": {
        "1": 19.461327522463527,
        "2": 33.048979538060976,
        "5": 58.830545688338326,
        "10": 166.999813020205
      },
      "f_ext_mse": {
        "1": 17.320050768148196,
        "2": 32.62823830043932,
        "5": 67.49055365979564,
        "10": 31.129179082691014
      }
    },
    {
      "pattern_id": 37,
      "n_timesteps": 50,
      "rho_self": 0.0,
      "SM": {
        "1": -3.647051982870174,
        "2": -5.402952654735849,
        "5": -3115.2402332489755,
        "10": -84.12047496961834
      },
      "SM_capacity": 0.0,
      "SM_sal": 0.0,
      "f_self_mse": {
        "1": 47.85118289129435,
        "2": 42.6944739306724,
        "5": 3143.985265752678,
        "10": 104.07406791355561
      },
      "f_ext_mse": {
        "1": 44.204130908424176,
        "2": 37.29152127593655,
        "5": 28.74503250370244,
        "10": 19.953592943937263
      }
    },
    {
      "pattern_id": 39,
      "n_timesteps": 50,
      "rho_self": 0.0,
      "SM": {
        "1": 3.5804572746243863,
        "2": -274.9947569828429,
        "5": -172.5625997456299,
        "10": -143.46107309054963
      },
      "SM_capacity": 1.7902286373121932,
      "SM_sal": 0.0,
      "f_self_mse": {
        "1": 42.86858886405255,
        "2": 310.7610035547235,
        "5": 195.6678187974165,
        "10": 178.3659634483983
      },
      "f_ext_mse": {
        "1": 46.449046138676934,
        "2": 35.76624657188064,
        "5": 23.105219051786587,
        "10": 34.904890357848664
      }
    },
    {
      "pattern_id": 40,
      "n_timesteps": 50,
      "rho_self": 0.0,
      "SM": {
        "1": -20.30325507995265,
        "2": -17.66327457941317,
        "5": 40.95222545809075,
        "10": -58.94873479745455
      },
      "SM_capacity": 163.808901832363,
      "SM_sal": 0.0,
      "f_self_mse": {
        "1": 29.613134075577943,
        "2": 29.808384348908213,
        "5": 68.93896682089425,
        "10": 138.15425178998348
      },
      "f_ext_mse": {
        "1": 9.309878995625294,
        "2": 12.145109769495045,
        "5": 109.891192278985,
        "10": 79.20551699252893
      }
    },
    {
      "pattern_id": 45,
      "n_timesteps": 50,
      "rho_self": 0.0,
      "SM": {
        "1": -26.606149366783093,
        "2": -17.419484834353895,
        "5": -59.23278556111927,
        "10": -16.320080948267176
      },
      "SM_capacity": 0.0,
      "SM_sal": 0.0,