{
  "seed": 123,
  "experiment": "v29_social_prediction",
  "cycle": 29,
  "config": {
    "N": 128,
    "M_max": 256,
    "obs_radius": 2,
    "embed_dim": 24,
    "hidden_dim": 16,
    "n_actions": 7,
    "K_max": 8,
    "predict_hidden": 8,
    "resource_regen": 0.002,
    "signal_decay": 0.04,
    "signal_diffusion": 0.15,
    "metabolic_cost": 0.0004,
    "initial_energy": 1.0,
    "resource_value": 1.5,
    "initial_resource": 0.5,
    "stress_regen": 0.0002,
    "mutation_std": 0.03,
    "tournament_size": 4,
    "elite_fraction": 0.5,
    "activate_offspring": true,
    "drought_every": 5,
    "drought_depletion": 0.01,
    "drought_regen": 0.0,
    "lamarckian": false,
    "grad_every": 1,
    "chunk_size": 50,
    "steps_per_cycle": 5000,
    "n_cycles": 30,
    "obs_side": 5,
    "obs_flat": 76,
    "n_params": 4186
  },
  "cycles": [
    {
      "cycle": 0,
      "n_alive_start": 64,
      "n_alive_end": 64,
      "mortality": 0.0,
      "mean_phi": 0.08307805433869361,
      "mean_pred_mse": 0.08070122720901525,
      "pred_mse_early": 0.16140242937980306,
      "pred_mse_late": 2.5038227420282057e-08,
      "phi_base": 0.08393860757350921,
      "phi_stress": 0.08391664028167725,
      "robustness": 0.9997382933495446,
      "mean_entropy": 2.0751819610595703,
      "mean_effective_K": 7.9660186767578125,
      "mean_lr": 0.004962284117937088,
      "mean_drift": 1.5497236251831055,
      "elapsed_s": 11.018214464187622
    },
    {
      "cycle": 1,
      "n_alive_start": 256,
      "n_alive_end": 256,
      "mortality": 0.0,
      "mean_phi": 0.08146068081259727,
      "mean_pred_mse": 0.08757528176554409,
      "pred_mse_early": 0.17515051325210884,
      "pred_mse_late": 5.0278979344398064e-08,
      "phi_base": 0.08100425899028778,
      "phi_stress": 0.0810087725520134,
      "robustness": 1.0000557200544995,
      "mean_entropy": 2.074782371520996,
      "mean_effective_K": 7.962840557098389,
      "mean_lr": 0.004957042634487152,
      "mean_drift": 1.529655933380127,
      "elapsed_s": 5.7874157428741455
    },
    {
      "cycle": 2,
      "n_alive_start": 256,
      "n_alive_end": 256,
      "mortality": 0.0,
      "mean_phi": 0.07749633938074112,
      "mean_pred_mse": 0.08092565305258781,
      "pred_mse_early": 0.16185122423043338,
      "pred_mse_late": 8.187474222154378e-08,
      "phi_base": 0.07724575400352478,
      "phi_stress": 0.0772188276052475,
      "robustness": 0.9996514190504755,
      "mean_entropy": 2.07468843460083,
      "mean_effective_K": 7.96209192276001,
      "mean_lr": 0.004978053271770477,
      "mean_drift": 1.5040736198425293,
      "elapsed_s": 5.795713424682617
    },
    {
      "cycle": 3,
      "n_alive_start": 256,
      "n_alive_end": 256,
      "mortality": 0.0,
      "mean_phi": 0.08867675215005874,
      "mean_pred_mse": 0.08072714921138655,
      "pred_mse_early": 0.16145418554516638,
      "pred_mse_late": 1.1287760671052637e-07,
      "phi_base": 0.09026322215795517,
      "phi_stress": 0.09024194329977035,
      "robustness": 0.9997642577156444,
      "mean_entropy": 2.074467658996582,
      "mean_effective_K": 7.9603352546691895,
      "mean_lr": 0.004967099986970425,
      "mean_drift": 1.4939627647399902,
      "elapsed_s": 5.764337062835693
    },
    {
      "cycle": 4,
      "n_alive_start": 256,
      "n_alive_end": 256,
      "mortality": 0.0,
      "mean_phi": 0.08700653240084648,
      "mean_pred_mse": 0.08121760903051665,
      "pred_mse_early": 0.16243498047510002,
      "pred_mse_late": 2.3758593329148425e-07,
      "phi_base": 0.08811356127262115,
      "phi_stress": 0.08809375166893005,
      "robustness": 0.9997751809891122,
      "mean_entropy": 2.073791027069092,
      "mean_effective_K": 7.954967498779297,
      "mean_lr": 0.004942536354064941,
      "mean_drift": 1.4806147813796997,
      "elapsed_s": 5.760350942611694
    },
    {
      "cycle": 5,
      "n_alive_start": 256,
      "n_alive_end": 12,
      "mortality": 0.953125,
      "mean_phi": 0.08614276424050331,
      "mean_pred_mse": 0.04023395377909764,
      "pred_mse_early": 0.061197286397218706,
      "pred_mse_late": 0.019270621160976588,
      "phi_base": 0.09998126327991486,
      "phi_stress": 0.0969003528356552,
      "robustness": 0.9691851218599419,
      "mean_entropy": 2.0746333599090576,
      "mean_effective_K": 7.9616570472717285,
      "mean_lr": 0.004855733830481768,
      "mean_drift": 0.46038588881492615,
      "elapsed_s": 6.321073532104492
    },
    {
      "cycle": 6,
      "n_alive_start": 256,
      "n_alive_end": 256,
      "mortality": 0.0,
      "mean_phi": 0.15970142856240271,
      "mean_pred_mse": 0.06973392942785693,
      "pred_mse_early": 0.139467692122835,
      "pred_mse_late": 1.6673287888124834e-07,
      "phi_base": 0.16360809803009033,
      "phi_stress": 0.16352904438972474,
      "robustness": 0.999516810956686,
      "mean_entropy": 2.0734915733337402,
      "mean_effective_K": 7.952601432800293,
      "mean_lr": 0.004718803334981203,
      "mean_drift": 1.437964677810669,
      "elapsed_s": 5.770559072494507
    },
    {
      "cycle": 7,
      "n_alive_start": 256,
      "n_alive_end": 256,
      "mortality": 0.0,
      "mean_phi": 0.13487277626991273,
      "mean_pred_mse": 0.08121149960680896,
      "pred_mse_early": 0.16242275719256014,
      "pred_mse_late": 2.4202105777249015e-07,
      "phi_base": 0.13570307493209838,
      "phi_stress": 0.13566596508026124,
      "robustness": 0.9997265363967934,
      "mean_entropy": 2.0732669830322266,
      "mean_effective_K": 7.950818061828613,
      "mean_lr": 0.004720036406069994,
      "mean_drift": 1.4210643768310547,
      "elapsed_s": 5.755727529525757
    },
    {
      "cycle": 8,
      "n_alive_start": 256,
      "n_alive_end": 256,
      "mortality": 0.0,
      "mean_phi": 0.13952391296625138,
      "mean_pred_mse": 0.08127268030288008,
      "pred_mse_early": 0.1625449991236735,
      "pred_mse_late": 3.6148208664599225e-07,
      "phi_base": 0.14218613803386687,
      "phi_stress": 0.14217688143253326,
      "robustness": 0.9999348980043934,
      "mean_entropy": 2.072141647338867,
      "mean_effective_K": 7.941946983337402,
      "mean_lr": 0.004693153314292431,
      "mean_drift": 1.4137799739837646,
      "elapsed_s": 5.751389265060425
    },
    {
      "cycle": 9,
      "n_alive_start": 256,
      "n_alive_end": 256,
      "mortality": 0.0,
      "mean_phi": 0.14390385001897812,
      "mean_pred_mse": 0.0816508263220993,
      "pred_mse_early": 0.16330092247472636,
      "pred_mse_late": 7.301694722627871e-07,
      "phi_base": 0.1451217770576477,
      "phi_stress": 0.1450096547603607,
      "robustness": 0.9992273916461039,
      "mean_entropy": 2.0718791484832764,
      "mean_effective_K": 7.939833641052246,
      "mean_lr": 0.004686709027737379,
      "mean_drift": 1.3921974897384644,
      "elapsed_s": 5.730997323989868
    },
    {
      "cycle": 10,
      "n_alive_start": 256,
      "n_alive_end": 5,
      "mortality": 0.98046875,
      "mean_phi": 0.13766449242830275,
      "mean_pred_mse": 0.025907681822427548,
      "pred_mse_early": 0.04373601362109184,
      "pred_mse_late": 0.008079350023763254,
      "phi_base": 0.1440543919801712,
      "phi_stress": 0.14614199697971345,
      "robustness": 1.0144917830747542,
      "mean_entropy": 2.072176694869995,
      "mean_effective_K": 7.9423418045043945,
      "mean_lr": 0.004760912153869867,
      "mean_drift": 0.233368918299675,
      "elapsed_s": 6.264840126037598
    },
    {
      "cycle": 11,
      "n_alive_start": 256,
      "n_alive_end": 256,
      "mortality": 0.0,
      "mean_phi": 0.0806254655122757,
      "mean_pred_mse": 0.07638146203409918,
      "pred_mse_early": 0.15276138005716006,
      "pred_mse_late": 1.544011038276949e-06,
      "phi_base": 0.07797986716032028,
      "phi_stress": 0.07812899649143219,
      "robustness": 1.0019124081194613,
      "mean_entropy": 2.0730671882629395,