{
  "seed": 5,
  "experiment": "v29_social_prediction",
  "config": {
    "N": 128,
    "M_max": 256,
    "obs_radius": 2,
    "embed_dim": 24,
    "hidden_dim": 16,
    "n_actions": 7,
    "K_max": 8,
    "predict_hidden": 8,
    "resource_regen": 0.002,
    "signal_decay": 0.04,
    "signal_diffusion": 0.15,
    "metabolic_cost": 0.0004,
    "initial_energy": 1.0,
    "resource_value": 1.5,
    "initial_resource": 0.5,
    "stress_regen": 0.0002,
    "mutation_std": 0.03,
    "tournament_size": 4,
    "elite_fraction": 0.5,
    "activate_offspring": true,
    "drought_every": 5,
    "drought_depletion": 0.01,
    "drought_regen": 0.0,
    "lamarckian": false,
    "grad_every": 1,
    "chunk_size": 50,
    "steps_per_cycle": 5000,
    "n_cycles": 30,
    "obs_side": 5,
    "obs_flat": 76,
    "n_params": 4186
  },
  "cycles": [
    {
      "cycle": 0,
      "n_alive_start": 64,
      "n_alive_end": 64,
      "mortality": 0.0,
      "mean_phi": 0.08538838475942612,
      "mean_pred_mse": 0.07810871554606429,
      "pred_mse_early": 0.1562173898912949,
      "pred_mse_late": 4.120083367809002e-08,
      "phi_base": 0.08437762260437012,
      "phi_stress": 0.08438900113105774,
      "robustness": 1.000134852421014,
      "mean_entropy": 2.0752625465393066,
      "mean_effective_K": 7.966652870178223,
      "mean_lr": 0.005030779168009758,
      "mean_drift": 1.5643278360366821,
      "elapsed_s": 9.791186809539795
    },
    {
      "cycle": 1,
      "n_alive_start": 256,
      "n_alive_end": 256,
      "mortality": 0.0,
      "mean_phi": 0.09410795345902442,
      "mean_pred_mse": 0.0858100310895749,
      "pred_mse_early": 0.17161998558311553,
      "pred_mse_late": 7.659603426191098e-08,
      "phi_base": 0.09368447363376617,
      "phi_stress": 0.09371269196271896,
      "robustness": 1.0003012060361582,
      "mean_entropy": 2.0749990940093994,
      "mean_effective_K": 7.964557647705078,
      "mean_lr": 0.005024261772632599,
      "mean_drift": 1.5355308055877686,
      "elapsed_s": 5.680959939956665
    },
    {
      "cycle": 2,
      "n_alive_start": 256,
      "n_alive_end": 256,
      "mortality": 0.0,
      "mean_phi": 0.09138715192675591,
      "mean_pred_mse": 0.08290611302641501,
      "pred_mse_early": 0.16581211611889957,
      "pred_mse_late": 1.0993393047442623e-07,
      "phi_base": 0.09003992080688476,
      "phi_stress": 0.09007228016853333,
      "robustness": 1.0003593890505298,
      "mean_entropy": 2.0747904777526855,
      "mean_effective_K": 7.962898254394531,
      "mean_lr": 0.005037379451096058,
      "mean_drift": 1.524093747138977,
      "elapsed_s": 5.67695164680481
    },
    {
      "cycle": 3,
      "n_alive_start": 256,
      "n_alive_end": 256,
      "mortality": 0.0,
      "mean_phi": 0.09181908145546913,
      "mean_pred_mse": 0.08175977539396584,
      "pred_mse_early": 0.16351938313581316,
      "pred_mse_late": 1.6765211853453364e-07,
      "phi_base": 0.08946190774440765,
      "phi_stress": 0.089521124958992,
      "robustness": 1.0006619265794503,
      "mean_entropy": 2.0742716789245605,
      "mean_effective_K": 7.958773612976074,
      "mean_lr": 0.0050262222066521645,
      "mean_drift": 1.497033953666687,
      "elapsed_s": 5.754800319671631
    },
    {
      "cycle": 4,
      "n_alive_start": 256,
      "n_alive_end": 256,
      "mortality": 0.0,
      "mean_phi": 0.08586279079318046,
      "mean_pred_mse": 0.08133868452484677,
      "pred_mse_early": 0.16267716783508063,
      "pred_mse_late": 2.012146129004577e-07,
      "phi_base": 0.08348959237337113,
      "phi_stress": 0.08352328985929489,
      "robustness": 1.0004036130129017,
      "mean_entropy": 2.0735607147216797,
      "mean_effective_K": 7.953132629394531,
      "mean_lr": 0.005045029334723949,
      "mean_drift": 1.4777379035949707,
      "elapsed_s": 5.753075838088989
    },
    {
      "cycle": 5,
      "n_alive_start": 256,
      "n_alive_end": 20,
      "mortality": 0.921875,
      "mean_phi": 0.09062872231006622,
      "mean_pred_mse": 0.03694585149933118,
      "pred_mse_early": 0.060622195079922676,
      "pred_mse_late": 0.013269507918739692,
      "phi_base": 0.060507862269878386,
      "phi_stress": 0.060030581802129744,
      "robustness": 0.9921120917209095,
      "mean_entropy": 2.0709826946258545,
      "mean_effective_K": 7.932686805725098,
      "mean_lr": 0.005108102690428495,
      "mean_drift": 0.21690690517425537,
      "elapsed_s": 6.154565095901489
    },
    {
      "cycle": 6,
      "n_alive_start": 256,
      "n_alive_end": 256,
      "mortality": 0.0,
      "mean_phi": 0.06540567800402641,
      "mean_pred_mse": 0.06740319302729077,
      "pred_mse_early": 0.1348060588690774,
      "pred_mse_late": 3.2718550414756463e-07,
      "phi_base": 0.06403141021728516,
      "phi_stress": 0.06407464593648911,
      "robustness": 1.0006752267216548,
      "mean_entropy": 2.069844961166382,
      "mean_effective_K": 7.923676490783691,
      "mean_lr": 0.0050981976091861725,
      "mean_drift": 1.386094570159912,
      "elapsed_s": 5.729387044906616
    },
    {
      "cycle": 7,
      "n_alive_start": 256,
      "n_alive_end": 256,
      "mortality": 0.0,
      "mean_phi": 0.06049958541989327,
      "mean_pred_mse": 0.07827326184898198,
      "pred_mse_early": 0.15654595472111282,
      "pred_mse_late": 5.689768511274451e-07,
      "phi_base": 0.058847812563180925,
      "phi_stress": 0.05882751122117043,
      "robustness": 0.9996550195984141,
      "mean_entropy": 2.069446563720703,
      "mean_effective_K": 7.920525074005127,
      "mean_lr": 0.005107007455080748,
      "mean_drift": 1.3577144145965576,
      "elapsed_s": 5.732214450836182
    },
    {
      "cycle": 8,
      "n_alive_start": 256,
      "n_alive_end": 256,
      "mortality": 0.0,
      "mean_phi": 0.06460092961788177,
      "mean_pred_mse": 0.07628796181531981,
      "pred_mse_early": 0.1525750715468621,
      "pred_mse_late": 8.520837775449763e-07,
      "phi_base": 0.0642608419060707,
      "phi_stress": 0.06421230137348174,
      "robustness": 0.999244632794262,
      "mean_entropy": 2.0690691471099854,
      "mean_effective_K": 7.917559623718262,
      "mean_lr": 0.005123088601976633,
      "mean_drift": 1.3374323844909668,
      "elapsed_s": 5.747802495956421
    },
    {
      "cycle": 9,
      "n_alive_start": 256,
      "n_alive_end": 256,
      "mortality": 0.0,
      "mean_phi": 0.0858878068625927,
      "mean_pred_mse": 0.0751973561997454,
      "pred_mse_early": 0.15039346518631191,
      "pred_mse_late": 1.2472131788854313e-06,
      "phi_base": 0.08608900010585785,
      "phi_stress": 0.08589224070310593,
      "robustness": 0.9977144652335377,
      "mean_entropy": 2.0675599575042725,
      "mean_effective_K": 7.905702590942383,
      "mean_lr": 0.00508328340947628,
      "mean_drift": 1.3153026103973389,
      "elapsed_s": 5.749162197113037
    },
    {
      "cycle": 10,
      "n_alive_start": 256,
      "n_alive_end": 24,
      "mortality": 0.90625,
      "mean_phi": 0.06811697818338872,
      "mean_pred_mse": 0.040388220974709836,
      "pred_mse_early": 0.06207071024924517,
      "pred_mse_late": 0.018705731700174512,
      "phi_base": 0.05765708535909653,
      "phi_stress": 0.05246119722723961,
      "robustness": 0.9098829207287156,
      "mean_entropy": 2.066401720046997,
      "mean_effective_K": 7.896656036376953,
      "mean_lr": 0.0050871302373707294,
      "mean_drift": 0.3066553473472595,
      "elapsed_s": 6.1295084953308105
    },
    {
      "cycle": 11,
      "n_alive_start": 256,
      "n_alive_end": 256,
      "mortality": 0.0,
      "mean_phi": 0.07954939566552639,
      "mean_pred_mse": 0.06007014367657348,
      "pred_mse_early": 0.12013631772431381,
      "pred_mse_late": 3.969628833146998e-06,
      "phi_base": 0.08308362364768981,
      "phi_stress": 0.08330081403255463,
      "robustness": 1.0026141178649814,
      "mean_entropy": 2.0657005310058594,
      "mean_effective_K": 7.89107608795166,