{
  "prediction_1_td_learning": {
    "supported": true,
    "td_improving_frac": 1.0,
    "mean_td_error": 6.630571728096426e-05
  },
  "prediction_2_phi_increases": {
    "supported": true,
    "mean_phi": 0.13036402409275374
  },
  "prediction_3_robustness_increases": {
    "supported": true,
    "mean_robustness": 1.0028512122059154
  },
  "prediction_4_gamma_maintained": {
    "supported": true,
    "final_gamma": 0.7411261796951294,
    "gamma_suppressed": false
  },
  "prediction_5_drought_differentiation": {
    "supported": true,
    "drought_value_mean": -0.005118914633058012,
    "normal_value_mean": -0.0031954111442882727,
    "value_difference": 0.0019235034887697391
  },
  "drift": {
    "mean_drift_overall": 0.08851080561677614,
    "max_drift_overall": 0.37638697028160095
  }
}