{
  "metadata": {
    "snapshot_path": "/Users/jacob/fun/shape-of-experience/empirical/experiments/study_ca_affect/results/v13_s7/v13_s7/snapshots/cycle_020.npz",
    "seed": 7,
    "C": 16,
    "N": 128,
    "n_recording_steps": 50,
    "substrate_steps_per_record": 10,
    "tau_values": [
      1,
      2,
      5,
      10,
      20
    ],
    "n_patterns_detected": 43,
    "n_patterns_analyzed": 20,
    "cycle": 20,
    "elapsed_s": 6.201998949050903
  },
  "patterns": [
    {
      "pattern_id": 31,
      "n_samples": 39,
      "W": {
        "1": 0.0,
        "2": 0.0,
        "5": 0.0,
        "10": 0.0,
        "20": 0.0
      },
      "mse_full": {
        "1": 0.0006196388467182871,
        "2": 0.0010746912115325781,
        "5": 0.0003726464123926021,
        "10": 0.00029120820339449693,
        "20": 0.0002655864564805665
      },
      "mse_env": {
        "1": 4.9546553453733374e-05,
        "2": 7.333245896050821e-05,
        "5": 5.298276989346999e-05,
        "10": 4.494609333491073e-05,
        "20": 2.717117623129236e-05
      },
      "H_wm": 0.0,
      "C_wm": 0.0,
      "lifetime": 39
    },
    {
      "pattern_id": 1,
      "n_samples": 38,
      "W": {
        "1": 0.0,
        "2": 0.0,
        "5": 0.0,
        "10": 1.0974806635703714e-05,
        "20": 0.0
      },
      "mse_full": {
        "1": 5.311892110348381e-05,
        "2": 5.511453603091846e-05,
        "5": 9.022942560538993e-05,
        "10": 6.226728453650061e-05,
        "20": 0.0001595282352109834
      },
      "mse_env": {
        "1": 3.684357394589129e-05,
        "2": 5.083590564143913e-05,
        "5": 7.792507919516155e-05,
        "10": 7.324209117220432e-05,
        "20": 4.380329163284258e-05
      },
      "H_wm": 10.0,
      "C_wm": 8.231104976777785e-05,
      "lifetime": 38
    },
    {
      "pattern_id": 16,
      "n_samples": 36,
      "W": {
        "1": 0.0,
        "2": 0.0,
        "5": 0.0,
        "10": 0.0,
        "20": 0.0
      },
      "mse_full": {
        "1": 6.451829914204925e-05,
        "2": 6.882027313872255e-05,
        "5": 0.0001865145708559221,
        "10": 9.672006372328997e-05,
        "20": 9.783755724141147e-05
      },
      "mse_env": {
        "1": 3.148709189079987e-05,
        "2": 5.136827561169361e-05,
        "5": 3.5051000677887177e-05,
        "10": 2.827950411523307e-05,
        "20": 2.68407841099016e-05
      },
      "H_wm": 0.0,
      "C_wm": 0.0,
      "lifetime": 36
    },
    {
      "pattern_id": 13,
      "n_samples": 34,
      "W": {
        "1": 0.0,
        "2": 0.0,
        "5": 0.0,
        "10": 0.0,
        "20": 0.0
      },
      "mse_full": {
        "1": 0.00011666250012486038,
        "2": 0.00011259013298474274,
        "5": 4.547349789424682e-05,
        "10": 6.340391176564092e-05,
        "20": 0.00019143118316279983
      },
      "mse_env": {
        "1": 7.202785900001768e-05,
        "2": 8.338911999402972e-05,
        "5": 3.145503908432969e-05,
        "10": 3.639080284103845e-05,
        "20": 2.924753124256498e-05
      },
      "H_wm": 0.0,
      "C_wm": 0.0,
      "lifetime": 34
    },
    {
      "pattern_id": 37,
      "n_samples": 34,
      "W": {
        "1": 0.0,
        "2": 0.0,
        "5": 0.0,
        "10": 5.586656719415709e-06,
        "20": 1.5553000542218903e-05
      },
      "mse_full": {
        "1": 7.505119213369635e-05,
        "2": 0.0001583527842291614,
        "5": 4.7283430656617925e-05,
        "10": 3.293019453301384e-05,
        "20": 3.55189879885203e-05
      },
      "mse_env": {
        "1": 7.2099409645277e-05,
        "2": 8.178211849470996e-05,
        "5": 4.1568327524724694e-05,
        "10": 3.851685125242955e-05,
        "20": 5.1071988530739205e-05
      },
      "H_wm": 20.0,
      "C_wm": 0.00011966492810671234,
      "lifetime": 34
    },
    {
      "pattern_id": 2,
      "n_samples": 31,
      "W": {
        "1": 0.0,
        "2": 0.0,
        "5": 0.0,
        "10": 0.0,
        "20": 0.0
      },
      "mse_full": {
        "1": 0.0001585498153927415,
        "2": 0.00011008727240193784,
        "5": 0.00011246342532851992,
        "10": 0.000156807868388177,
        "20": 0.00014176039706109955
      },
      "mse_env": {
        "1": 5.429502834145682e-05,
        "2": 5.1977609671820475e-05,
        "5": 2.836017232236403e-05,
        "10": 2.9696037763634686e-05,
        "20": 4.425992941577645e-05
      },
      "H_wm": 0.0,
      "C_wm": 0.0,
      "lifetime": 31
    },
    {
      "pattern_id": 8,
      "n_samples": 31,
      "W": {
        "1": 0.0,
        "2": 0.0,
        "5": 0.0,
        "10": 0.0,
        "20": 0.0
      },
      "mse_full": {
        "1": 0.00043100917877824307,
        "2": 0.0012148204821525582,
        "5": 0.00040438241523348156,
        "10": 0.0005272168784987467,
        "20": 0.001370922765394372
      },
      "mse_env": {
        "1": 6.039366629492679e-05,
        "2": 7.195425171110275e-05,
        "5": 4.8911024970969e-05,
        "10": 0.00018939133133853513,
        "20": 9.798905137479901e-05
      },
      "H_wm": 0.0,
      "C_wm": 0.0,
      "lifetime": 31
    },
    {
      "pattern_id": 21,
      "n_samples": 31,
      "W": {
        "1": 4.17672794522841e-06,
        "2": 2.346779085206046e-05,
        "5": 0.0,
        "10": 0.0,
        "20": 5.547553232939417e-05
      },
      "mse_full": {
        "1": 4.701764474142957e-05,
        "2": 6.155243879823967e-05,
        "5": 4.091265890359587e-05,
        "10": 5.138907321774443e-05,
        "20": 6.316105523491446e-05
      },
      "mse_env": {
        "1": 5.119437268665798e-05,
        "2": 8.502022965030013e-05,
        "5": 2.725351125197129e-05,
        "10": 4.597542533311703e-05,
        "20": 0.00011863658756430863
      },
      "H_wm": 20.0,
      "C_wm": 0.00032640160732370595,
      "lifetime": 31
    },
    {
      "pattern_id": 27,
      "n_samples": 31,
      "W": {
        "1": 0.0,
        "2": 4.840750090427773e-05,
        "5": 0.0,
        "10": 0.0,
        "20": 0.0
      },
      "mse_full": {
        "1": 0.00010460179338442365,
        "2": 0.00010147222863320047,
        "5": 1.9908984290980864e-05,
        "10": 2.9576631379315925e-05,
        "20": 0.00016996975926685312
      },
      "mse_env": {
        "1": 8.560199960033174e-05,
        "2": 0.0001498797295374782,
        "5": 1.713390655666373e-05,
        "10": 2.6164486311261774e-05,
        "20": 0.00010607514977648585
      },
      "H_wm": 2.0,
      "C_wm": 9.681500180855546e-05,
      "lifetime": 31
    },
    {
      "pattern_id": 41,
      "n_samples": 31,
      "W": {
        "1": 3.2696937679361945e-05,
        "2": 5.171142514381182e-05,
        "5": 2.100811467863387e-05,
        "10": 6.003477636452311e-06,
        "20": 8.349243317256499e-05
      },
      "mse_full": {
        "1": 8.441838412640435e-05,
        "2": 8.250632999770066e-05,
        "5": 3.293466899162988e-05,
        "10": 4.3168340068787736e-05,
        "20": 6.250100771462277e-05
      },
      "mse_env": {
        "1": 0.0001171153218057663,
        "2": 0.00013421775514151248,
        "5": 5.394278367026375e-05,
        "10": 4.917181770524005e-05,
        "20": 0.00014599344088718776
      },
      "H_wm": 20.0,
      "C_wm": 0.0006662920259780573,
      "lifetime": 31
    },
    {
      "pattern_id": 19,
      "n_samples": 30,
      "W": {
        "1": 0.0,
        "2": 2.4713858263633007e-06,
        "5": 0.0,
        "10": 0.0,
        "20": 0.0
      },
      "mse_full": {
        "1": 0.0002854423330383376,
        "2": 0.00018634383520375018,
        "5": 0.00024247131961394145,
        "10": 0.00038331346195180996,
        "20": 0.00038923838935874547
      },
      "mse_env": {
        "1": 0.0001674163411365896,
        "2": 0.00018881522103011348,
        "5": 2.3903647779003257e-05,
        "10": 4.793723447223122e-05,
        "20": 7.945221352762067e-05
      },
      "H_wm": 2.0,
      "C_wm": 4.942771652726601e-06,