{
  "metadata": {
    "snapshot_path": "/Users/jacob/fun/shape-of-experience/empirical/experiments/study_ca_affect/results/v13_s7/v13_s7/snapshots/cycle_029.npz",
    "seed": 7,
    "C": 16,
    "N": 128,
    "n_recording_steps": 50,
    "substrate_steps_per_record": 10,
    "tau_values": [
      1,
      2,
      5,
      10,
      20
    ],
    "n_patterns_detected": 24,
    "n_patterns_analyzed": 20,
    "cycle": 29,
    "elapsed_s": 6.528896808624268
  },
  "patterns": [
    {
      "pattern_id": 23,
      "n_samples": 46,
      "W": {
        "1": 0.0,
        "2": 0.0,
        "5": 0.0,
        "10": 0.0,
        "20": 0.0
      },
      "mse_full": {
        "1": 0.20470993374363894,
        "2": 0.13146580690529053,
        "5": 0.21318939921851654,
        "10": 0.16825829968340414,
        "20": 0.8858948301900214
      },
      "mse_env": {
        "1": 3.0457352603075156e-05,
        "2": 9.000541498628606e-05,
        "5": 4.339331888825384e-05,
        "10": 0.00010705267530023281,
        "20": 6.58367988249898e-05
      },
      "H_wm": 0.0,
      "C_wm": 0.0,
      "lifetime": 46
    },
    {
      "pattern_id": 12,
      "n_samples": 43,
      "W": {
        "1": 0.0,
        "2": 0.0,
        "5": 9.682943001564578e-07,
        "10": 2.5155780596246115e-05,
        "20": 0.0
      },
      "mse_full": {
        "1": 8.552886538037573e-05,
        "2": 0.00015833291626893666,
        "5": 3.774479121518315e-05,
        "10": 6.354858400399745e-05,
        "20": 0.0001452515198952494
      },
      "mse_env": {
        "1": 7.563251383734142e-05,
        "2": 0.00015087032314928895,
        "5": 3.871308551533961e-05,
        "10": 8.870436460024356e-05,
        "20": 9.99805888167797e-05
      },
      "H_wm": 10.0,
      "C_wm": 0.00019254153167247169,
      "lifetime": 43
    },
    {
      "pattern_id": 9,
      "n_samples": 41,
      "W": {
        "1": 0.0,
        "2": 0.0,
        "5": 0.0,
        "10": 0.0,
        "20": 0.0
      },
      "mse_full": {
        "1": 7.298366183843737e-05,
        "2": 9.446143725940493e-05,
        "5": 4.72942025837701e-05,
        "10": 5.8358674007508354e-05,
        "20": 8.186746509049965e-05
      },
      "mse_env": {
        "1": 4.989078953358106e-05,
        "2": 5.8990293003128104e-05,
        "5": 2.6801937885547406e-05,
        "10": 4.845300055812594e-05,
        "20": 7.75612871266262e-05
      },
      "H_wm": 0.0,
      "C_wm": 0.0,
      "lifetime": 41
    },
    {
      "pattern_id": 14,
      "n_samples": 41,
      "W": {
        "1": 0.0,
        "2": 0.0,
        "5": 0.0,
        "10": 4.757896340015891e-06,
        "20": 0.0
      },
      "mse_full": {
        "1": 9.590272415174476e-05,
        "2": 0.00011357257922646226,
        "5": 7.489245222768983e-05,
        "10": 7.683500797523701e-05,
        "20": 0.0001910958600531035
      },
      "mse_env": {
        "1": 6.813701330266754e-05,
        "2": 9.892760883683464e-05,
        "5": 4.4539580241985334e-05,
        "10": 8.15929043152529e-05,
        "20": 0.00011235637624451342
      },
      "H_wm": 10.0,
      "C_wm": 3.568422255011918e-05,
      "lifetime": 41
    },
    {
      "pattern_id": 2,
      "n_samples": 40,
      "W": {
        "1": 3.1685888345040045e-05,
        "2": 8.179525111595524e-05,
        "5": 7.0754180345393805e-06,
        "10": 2.2762646388083944e-05,
        "20": 1.0855467730162141e-05
      },
      "mse_full": {
        "1": 4.786715908608532e-05,
        "2": 7.259099995769847e-05,
        "5": 3.535581383613764e-05,
        "10": 2.864671536734627e-05,
        "20": 7.075228887134846e-05
      },
      "mse_env": {
        "1": 7.955304743112537e-05,
        "2": 0.0001543862510736537,
        "5": 4.243123187067702e-05,
        "10": 5.140936175543021e-05,
        "20": 8.16077566015106e-05
      },
      "H_wm": 20.0,
      "C_wm": 0.0004327323051040283,
      "lifetime": 40
    },
    {
      "pattern_id": 6,
      "n_samples": 39,
      "W": {
        "1": 0.0,
        "2": 0.0,
        "5": 0.0,
        "10": 0.0,
        "20": 1.0443726251218812e-05
      },
      "mse_full": {
        "1": 5.0722413917604896e-05,
        "2": 0.00010039938971521951,
        "5": 4.0931627685452305e-05,
        "10": 5.007177489028613e-05,
        "20": 4.0281847944842925e-05
      },
      "mse_env": {
        "1": 4.218779340802227e-05,
        "2": 8.493773858877176e-05,
        "5": 2.8169036941467162e-05,
        "10": 4.289709446271779e-05,
        "20": 5.072557419606174e-05
      },
      "H_wm": 20.0,
      "C_wm": 5.221863125609406e-05,
      "lifetime": 39
    },
    {
      "pattern_id": 16,
      "n_samples": 39,
      "W": {
        "1": 0.0,
        "2": 0.0,
        "5": 0.0,
        "10": 0.0,
        "20": 0.0
      },
      "mse_full": {
        "1": 0.0016877189805817132,
        "2": 0.0019931765431726966,
        "5": 0.000736366925147093,
        "10": 0.0011646200818983604,
        "20": 0.0009504209844032241
      },
      "mse_env": {
        "1": 5.512045550057043e-05,
        "2": 7.701044082012531e-05,
        "5": 3.244442206366031e-05,
        "10": 8.07419123157582e-05,
        "20": 5.204484974415359e-05
      },
      "H_wm": 0.0,
      "C_wm": 0.0,
      "lifetime": 39
    },
    {
      "pattern_id": 19,
      "n_samples": 39,
      "W": {
        "1": 0.0,
        "2": 0.0,
        "5": 4.998157169607944e-06,
        "10": 0.0,
        "20": 0.0
      },
      "mse_full": {
        "1": 8.178337696928638e-05,
        "2": 0.00011777595005422009,
        "5": 6.214135032487241e-05,
        "10": 3.861295386056066e-05,
        "20": 5.84462478939838e-05
      },
      "mse_env": {
        "1": 5.132749692405563e-05,
        "2": 5.014629974936972e-05,
        "5": 6.713950749448035e-05,
        "10": 2.907718095085666e-05,
        "20": 5.775191776767705e-05
      },
      "H_wm": 5.0,
      "C_wm": 1.9992628678431777e-05,
      "lifetime": 39
    },
    {
      "pattern_id": 22,
      "n_samples": 38,
      "W": {
        "1": 0.0,
        "2": 0.0,
        "5": 0.0,
        "10": 0.0,
        "20": 0.0
      },
      "mse_full": {
        "1": 9.171159059385022e-05,
        "2": 0.0001725519370000857,
        "5": 9.700448426087601e-05,
        "10": 0.0001463301743931546,
        "20": 0.0001358048407755701
      },
      "mse_env": {
        "1": 8.592559695507974e-05,
        "2": 0.00014331463685957378,
        "5": 9.508313665592552e-05,
        "10": 0.00011269863345525694,
        "20": 9.210284171115013e-05
      },
      "H_wm": 0.0,
      "C_wm": 0.0,
      "lifetime": 38
    },
    {
      "pattern_id": 4,
      "n_samples": 37,
      "W": {
        "1": 7.240238431969135e-05,
        "2": 3.598576145040852e-05,
        "5": 0.0,
        "10": 5.0650297833526055e-05,
        "20": 0.0
      },
      "mse_full": {
        "1": 9.747763698195575e-05,
        "2": 0.000212404885568259,
        "5": 0.00011986228399450696,
        "10": 0.00013971776159994948,
        "20": 9.071052928390555e-05
      },
      "mse_env": {
        "1": 0.0001698800213016471,
        "2": 0.0002483906470186675,
        "5": 7.442475188351972e-05,
        "10": 0.00019036805943347553,
        "20": 8.865948200180322e-05
      },
      "H_wm": 10.0,
      "C_wm": 0.0004880499488121081,
      "lifetime": 37
    },
    {
      "pattern_id": 10,
      "n_samples": 37,
      "W": {
        "1": 0.0,
        "2": 0.0,
        "5": 0.0,
        "10": 0.0,
        "20": 0.0
      },
      "mse_full": {
        "1": 0.0008812114593730611,
        "2": 0.0010802835563394945,
        "5": 0.002440330426040638,
        "10": 0.0008803494985970423,
        "20": 0.0021300557678172816
      },
      "mse_env": {
        "1": 0.00010946183277513413,
        "2": 0.00017113727858932253,
        "5": 7.006262539259117e-05,
        "10": 3.394083100806098e-05,
        "20": 9.031501353897347e-05
      },
      "H_wm": 0.0,
      "C_wm": 0.0,