{
  "metadata": {
    "snapshot_path": "/Users/jacob/fun/shape-of-experience/empirical/experiments/study_ca_affect/results/v13_s7/v13_s7/snapshots/cycle_010.npz",
    "seed": 7,
    "C": 16,
    "N": 128,
    "n_recording_steps": 50,
    "substrate_steps_per_record": 10,
    "tau_values": [
      1,
      2,
      5,
      10,
      20
    ],
    "n_patterns_detected": 25,
    "n_patterns_analyzed": 20,
    "cycle": 10,
    "elapsed_s": 5.74180793762207
  },
  "patterns": [
    {
      "pattern_id": 0,
      "n_samples": 50,
      "W": {
        "1": 0.0,
        "2": 0.0,
        "5": 0.0,
        "10": 0.0,
        "20": 0.0
      },
      "mse_full": {
        "1": 0.0077514872633502275,
        "2": 0.014745531144226892,
        "5": 0.015582954540976662,
        "10": 0.0080215129395096,
        "20": 0.010788375352328034
      },
      "mse_env": {
        "1": 0.0004594652050480064,
        "2": 0.00046874334232772436,
        "5": 0.0003837033978164817,
        "10": 0.00038458114230715266,
        "20": 0.00042703836654422783
      },
      "H_wm": 0.0,
      "C_wm": 0.0,
      "lifetime": 50
    },
    {
      "pattern_id": 1,
      "n_samples": 50,
      "W": {
        "1": 0.0,
        "2": 0.0,
        "5": 0.0,
        "10": 0.0,
        "20": 0.0
      },
      "mse_full": {
        "1": 0.0008556967138548775,
        "2": 0.0011575572538944992,
        "5": 0.0012656265849829787,
        "10": 0.0008533535769219122,
        "20": 0.0007747195050954658
      },
      "mse_env": {
        "1": 0.00024406183380470286,
        "2": 0.00026372357933515526,
        "5": 0.00016562650493346325,
        "10": 0.00017737353076693465,
        "20": 0.00013331895060255712
      },
      "H_wm": 0.0,
      "C_wm": 0.0,
      "lifetime": 50
    },
    {
      "pattern_id": 2,
      "n_samples": 50,
      "W": {
        "1": 0.0,
        "2": 0.0,
        "5": 0.0,
        "10": 0.0,
        "20": 0.0
      },
      "mse_full": {
        "1": 0.011918074689150227,
        "2": 0.009707119706627652,
        "5": 0.002731882137878565,
        "10": 0.010657752383588901,
        "20": 0.0067713238261016525
      },
      "mse_env": {
        "1": 0.00013988601394967974,
        "2": 0.00011872397924654877,
        "5": 0.00011640055581422705,
        "10": 0.00019116335459160881,
        "20": 0.0001559538672428682
      },
      "H_wm": 0.0,
      "C_wm": 0.0,
      "lifetime": 50
    },
    {
      "pattern_id": 3,
      "n_samples": 50,
      "W": {
        "1": 0.0,
        "2": 0.0,
        "5": 0.0,
        "10": 0.0,
        "20": 0.0
      },
      "mse_full": {
        "1": 0.000276186033499461,
        "2": 0.00024784364668233407,
        "5": 0.00022734604175202573,
        "10": 0.00020037435146087932,
        "20": 0.00017574167669650323
      },
      "mse_env": {
        "1": 0.00019282776626911033,
        "2": 0.0001362376961433547,
        "5": 0.00021640750595687135,
        "10": 0.0001596365779546705,
        "20": 0.0001741057594828003
      },
      "H_wm": 0.0,
      "C_wm": 0.0,
      "lifetime": 50
    },
    {
      "pattern_id": 4,
      "n_samples": 50,
      "W": {
        "1": 0.0,
        "2": 0.0,
        "5": 0.0,
        "10": 0.0,
        "20": 0.0
      },
      "mse_full": {
        "1": 0.0008984745932458188,
        "2": 0.0006449662276535451,
        "5": 0.00043871117845864244,
        "10": 0.0005404886981122681,
        "20": 0.0006193827021205919
      },
      "mse_env": {
        "1": 0.0003532140368389065,
        "2": 0.00024329369160010992,
        "5": 0.00039523363564039523,
        "10": 0.00022872762276966106,
        "20": 0.0003569774572315776
      },
      "H_wm": 0.0,
      "C_wm": 0.0,
      "lifetime": 50
    },
    {
      "pattern_id": 5,
      "n_samples": 50,
      "W": {
        "1": 0.0,
        "2": 0.0,
        "5": 0.0,
        "10": 0.0,
        "20": 0.0
      },
      "mse_full": {
        "1": 0.002169456986355641,
        "2": 0.00403995152558182,
        "5": 0.0031072702873640914,
        "10": 0.0023896084821206113,
        "20": 0.005401341318229208
      },
      "mse_env": {
        "1": 0.00026613219477969967,
        "2": 0.00028544898999844677,
        "5": 0.00023563270983166913,
        "10": 0.00023687352735878107,
        "20": 0.00023863199310542185
      },
      "H_wm": 0.0,
      "C_wm": 0.0,
      "lifetime": 50
    },
    {
      "pattern_id": 6,
      "n_samples": 50,
      "W": {
        "1": 6.030577813676512e-05,
        "2": 3.250143735941273e-05,
        "5": 0.0,
        "10": 6.848383897508736e-05,
        "20": 1.0047080451629415e-05
      },
      "mse_full": {
        "1": 0.0002145335546877289,
        "2": 0.00023057308398364765,
        "5": 0.0003192291052154833,
        "10": 0.0002707822061744535,
        "20": 0.0002897766957867528
      },
      "mse_env": {
        "1": 0.000274839332824494,
        "2": 0.0002630745213430604,
        "5": 0.00026284800727493227,
        "10": 0.00033926604514954086,
        "20": 0.0002998237762383822
      },
      "H_wm": 20.0,
      "C_wm": 0.0006590199583585103,
      "lifetime": 50
    },
    {
      "pattern_id": 7,
      "n_samples": 50,
      "W": {
        "1": 0.0,
        "2": 0.0,
        "5": 0.0,
        "10": 0.0,
        "20": 0.0
      },
      "mse_full": {
        "1": 0.0008302714423130464,
        "2": 0.0007288355336756945,
        "5": 0.00048186373919723805,
        "10": 0.0007199584790847323,
        "20": 0.0007772302084344792
      },
      "mse_env": {
        "1": 0.0004497544133338488,
        "2": 0.0003160028429193511,
        "5": 0.00026980221562918565,
        "10": 0.000489523573876253,
        "20": 0.0004912759055318567
      },
      "H_wm": 0.0,
      "C_wm": 0.0,
      "lifetime": 50
    },
    {
      "pattern_id": 8,
      "n_samples": 50,
      "W": {
        "1": 3.478705671825709e-05,
        "2": 3.93714351256881e-05,
        "5": 7.548703720301964e-06,
        "10": 0.0,
        "20": 2.400704197820958e-05
      },
      "mse_full": {
        "1": 0.00029039395006828604,
        "2": 0.00034361671667483453,
        "5": 0.00019409356360045,
        "10": 0.0002519983130375088,
        "20": 0.0002613468845203392
      },
      "mse_env": {
        "1": 0.00032518100678654313,
        "2": 0.00038298815180052263,
        "5": 0.00020164226732075197,
        "10": 0.00023791725852340684,
        "20": 0.0002853539264985488
      },
      "H_wm": 20.0,
      "C_wm": 0.0002463664233827605,
      "lifetime": 50
    },
    {
      "pattern_id": 9,
      "n_samples": 50,
      "W": {
        "1": 0.0,
        "2": 0.0,
        "5": 0.0,
        "10": 0.0,
        "20": 0.0
      },
      "mse_full": {
        "1": 0.5168183651798243,
        "2": 1.1785621343207364,
        "5": 0.26907941638701227,
        "10": 0.46127340377449705,
        "20": 0.4666475072872056
      },
      "mse_env": {
        "1": 0.00024951307324344997,
        "2": 0.00032580875045253624,
        "5": 0.00018862372614552662,
        "10": 0.00019976034230880443,
        "20": 0.0002140019775657455
      },
      "H_wm": 0.0,
      "C_wm": 0.0,
      "lifetime": 50
    },
    {
      "pattern_id": 10,
      "n_samples": 50,
      "W": {
        "1": 0.0,
        "2": 0.0,
        "5": 0.0,
        "10": 1.7929571155610326e-05,
        "20": 0.0
      },
      "mse_full": {
        "1": 0.00043402514966318125,
        "2": 0.0003651308842343209,
        "5": 0.00020340071863541461,
        "10": 0.00013042578203906983,
        "20": 0.0002500073715490149
      },
      "mse_env": {
        "1": 0.00027555809962774477,
        "2": 0.00020118700777028308,
        "5": 0.00018978308126005203,
        "10": 0.00014835535319468015,
        "20": 0.0001358165262730578
      },
      "H_wm": 10.0,
      "C_wm": 0.00013447178366707746,
      "lifetime": 50
    },
    {
      "pattern_id": 11,
      "n_samples": 50,
      "W": {
        "1": 0.00010496531268500798,