{
  "metadata": {
    "snapshot_path": "/Users/jacob/fun/shape-of-experience/empirical/experiments/study_ca_affect/results/v13_s7/v13_s7/snapshots/cycle_025.npz",
    "seed": 7,
    "C": 16,
    "N": 128,
    "n_recording_steps": 50,
    "substrate_steps_per_record": 10,
    "tau_values": [
      1,
      2,
      5,
      10,
      20
    ],
    "n_patterns_detected": 29,
    "n_patterns_analyzed": 20,
    "cycle": 25,
    "elapsed_s": 7.330576181411743
  },
  "patterns": [
    {
      "pattern_id": 24,
      "n_samples": 48,
      "W": {
        "1": 0.0,
        "2": 0.0,
        "5": 0.0,
        "10": 0.0,
        "20": 0.0
      },
      "mse_full": {
        "1": 0.0010861086151801062,
        "2": 0.0018934287917283475,
        "5": 0.0005724886880600434,
        "10": 0.0007607937886367239,
        "20": 0.000749258176716838
      },
      "mse_env": {
        "1": 4.5184511414460645e-05,
        "2": 6.383447913207225e-05,
        "5": 4.0968739544107016e-05,
        "10": 5.1521530277065344e-05,
        "20": 4.115613901103215e-05
      },
      "H_wm": 0.0,
      "C_wm": 0.0,
      "lifetime": 48
    },
    {
      "pattern_id": 19,
      "n_samples": 41,
      "W": {
        "1": 0.0,
        "2": 0.0,
        "5": 0.0,
        "10": 7.418773129153027e-05,
        "20": 0.0
      },
      "mse_full": {
        "1": 0.00011728380948464172,
        "2": 0.00020224905873728622,
        "5": 0.00014939352176153187,
        "10": 5.124840578944765e-05,
        "20": 0.00015150797185904314
      },
      "mse_env": {
        "1": 0.00010071889720482518,
        "2": 0.00018584394041014075,
        "5": 0.00014506319792495796,
        "10": 0.00012543613708097793,
        "20": 0.00012798868420125907
      },
      "H_wm": 10.0,
      "C_wm": 0.0005564079846864771,
      "lifetime": 41
    },
    {
      "pattern_id": 21,
      "n_samples": 41,
      "W": {
        "1": 0.0,
        "2": 0.0,
        "5": 0.0,
        "10": 0.0,
        "20": 0.0
      },
      "mse_full": {
        "1": 0.01561525164790364,
        "2": 0.03777490173697719,
        "5": 0.03398795780759277,
        "10": 0.019880511251356394,
        "20": 0.04838154247628139
      },
      "mse_env": {
        "1": 9.763335887031342e-05,
        "2": 0.00012210257819649314,
        "5": 4.6322010630988e-05,
        "10": 0.0001291778217707883,
        "20": 0.00011262103590895354
      },
      "H_wm": 0.0,
      "C_wm": 0.0,
      "lifetime": 41
    },
    {
      "pattern_id": 22,
      "n_samples": 41,
      "W": {
        "1": 0.0,
        "2": 0.0,
        "5": 2.881649676732634e-05,
        "10": 0.0,
        "20": 0.0
      },
      "mse_full": {
        "1": 0.00013296943613387043,
        "2": 0.00022127131131901618,
        "5": 4.929739194417009e-05,
        "10": 5.703368091400363e-05,
        "20": 0.00036889304432433844
      },
      "mse_env": {
        "1": 6.983927304120706e-05,
        "2": 9.226299854379117e-05,
        "5": 7.811388871149643e-05,
        "10": 3.3515279320157986e-05,
        "20": 0.00010973835631638059
      },
      "H_wm": 5.0,
      "C_wm": 0.00011526598706930536,
      "lifetime": 41
    },
    {
      "pattern_id": 25,
      "n_samples": 41,
      "W": {
        "1": 0.0,
        "2": 0.0,
        "5": 0.0,
        "10": 0.0,
        "20": 0.0
      },
      "mse_full": {
        "1": 0.00027408860091088585,
        "2": 0.0003281112193093967,
        "5": 0.0005255280715179839,
        "10": 0.00011222557051328496,
        "20": 0.001294043847644377
      },
      "mse_env": {
        "1": 5.4520762865919686e-05,
        "2": 8.054812807883453e-05,
        "5": 6.395400612016727e-05,
        "10": 3.806004572599878e-05,
        "20": 9.109850837414995e-05
      },
      "H_wm": 0.0,
      "C_wm": 0.0,
      "lifetime": 41
    },
    {
      "pattern_id": 5,
      "n_samples": 39,
      "W": {
        "1": 0.0,
        "2": 0.0,
        "5": 0.0,
        "10": 0.0,
        "20": 0.0
      },
      "mse_full": {
        "1": 0.007432265512794285,
        "2": 0.006668785654154147,
        "5": 0.002269179233912395,
        "10": 0.0010791327518196224,
        "20": 0.0032002835325350724
      },
      "mse_env": {
        "1": 5.246527664231166e-05,
        "2": 8.392657010281224e-05,
        "5": 7.86648840972208e-05,
        "10": 0.00021892598220925102,
        "20": 5.204953082407613e-05
      },
      "H_wm": 0.0,
      "C_wm": 0.0,
      "lifetime": 39
    },
    {
      "pattern_id": 18,
      "n_samples": 39,
      "W": {
        "1": 0.0,
        "2": 0.0,
        "5": 5.421772354746878e-06,
        "10": 0.0,
        "20": 1.307217638366409e-05
      },
      "mse_full": {
        "1": 0.00013122841237512455,
        "2": 0.000150371016431323,
        "5": 8.148052129176865e-05,
        "10": 0.00012223411496845967,
        "20": 9.085896765766906e-05
      },
      "mse_env": {
        "1": 5.7570082835779895e-05,
        "2": 0.00011853510085618616,
        "5": 8.690229364651553e-05,
        "10": 9.888275012770522e-05,
        "20": 0.00010393114404133315
      },
      "H_wm": 20.0,
      "C_wm": 8.704797133730796e-05,
      "lifetime": 39
    },
    {
      "pattern_id": 16,
      "n_samples": 37,
      "W": {
        "1": 0.0,
        "2": 0.0,
        "5": 0.0,
        "10": 0.0,
        "20": 0.0
      },
      "mse_full": {
        "1": 0.041060285072003884,
        "2": 0.045661948550736076,
        "5": 0.0489582290109727,
        "10": 0.053480577345585846,
        "20": 0.03206275115486461
      },
      "mse_env": {
        "1": 7.432139157240072e-05,
        "2": 0.00013764395663630312,
        "5": 5.6087714208038725e-05,
        "10": 4.532941010125013e-05,
        "20": 9.218952775368671e-05
      },
      "H_wm": 0.0,
      "C_wm": 0.0,
      "lifetime": 37
    },
    {
      "pattern_id": 20,
      "n_samples": 37,
      "W": {
        "1": 0.0,
        "2": 4.212567088252042e-06,
        "5": 0.0,
        "10": 0.0,
        "20": 0.0
      },
      "mse_full": {
        "1": 5.7514733785104034e-05,
        "2": 7.513241245018543e-05,
        "5": 7.060714400205541e-05,
        "10": 0.0001717104444835151,
        "20": 0.00020589676530487124
      },
      "mse_env": {
        "1": 5.0424758202882454e-05,
        "2": 7.934497953843747e-05,
        "5": 4.4176784912203774e-05,
        "10": 9.632040624345616e-05,
        "20": 6.217458423680915e-05
      },
      "H_wm": 2.0,
      "C_wm": 8.425134176504083e-06,
      "lifetime": 37
    },
    {
      "pattern_id": 7,
      "n_samples": 36,
      "W": {
        "1": 0.0,
        "2": 0.0,
        "5": 0.0,
        "10": 0.0,
        "20": 0.0
      },
      "mse_full": {
        "1": 0.00016511530732818915,
        "2": 0.0005035561557754122,
        "5": 0.0007902325751644954,
        "10": 0.0007612920859332538,
        "20": 0.00044574600062826156
      },
      "mse_env": {
        "1": 0.00011881189834885818,
        "2": 0.00014154807095629975,
        "5": 6.788467482016033e-05,
        "10": 5.848791439501228e-05,
        "20": 6.136537248216972e-05
      },
      "H_wm": 0.0,
      "C_wm": 0.0,
      "lifetime": 36
    },
    {
      "pattern_id": 0,
      "n_samples": 35,
      "W": {
        "1": 0.0,
        "2": 0.0,
        "5": 0.0,
        "10": 1.2423956602777202e-06,
        "20": 1.0402306704138093e-05
      },
      "mse_full": {
        "1": 0.00013230755065664923,
        "2": 0.00017902327252392196,
        "5": 8.528084224198649e-05,
        "10": 7.347778780262048e-05,
        "20": 7.83071334521664e-05
      },
      "mse_env": {
        "1": 9.256398537026962e-05,
        "2": 8.730477335735742e-05,
        "5": 5.977314779916283e-05,
        "10": 7.47201834628982e-05,
        "20": 8.870944015630449e-05
      },
      "H_wm": 20.0,
      "C_wm": 6.132950097277336e-05,
      "lifetime": 35
    },
    {
      "pattern_id": 12,
      "n_samples": 35,
      "W": {
        "1": 2.0739437331752388e-05,