{
  "metadata": {
    "snapshot_path": "/Users/jacob/fun/shape-of-experience/empirical/experiments/study_ca_affect/results/v13_s7/v13_s7/snapshots/cycle_015.npz",
    "seed": 7,
    "C": 16,
    "N": 128,
    "n_recording_steps": 50,
    "substrate_steps_per_record": 10,
    "tau_values": [
      1,
      2,
      5,
      10,
      20
    ],
    "n_patterns_detected": 37,
    "n_patterns_analyzed": 20,
    "cycle": 15,
    "elapsed_s": 5.50104284286499
  },
  "patterns": [
    {
      "pattern_id": 11,
      "n_samples": 36,
      "W": {
        "1": 1.3309365683204357e-05,
        "2": 0.0,
        "5": 3.123614512967481e-05,
        "10": 0.0,
        "20": 1.2291321951083518e-05
      },
      "mse_full": {
        "1": 7.029621496738888e-05,
        "2": 0.00013709057680979362,
        "5": 7.517089216660199e-05,
        "10": 0.0002875950641911941,
        "20": 0.00010363666816372774
      },
      "mse_env": {
        "1": 8.360558065059324e-05,
        "2": 0.00011736598607653439,
        "5": 0.0001064070372962768,
        "10": 0.0001599524868690946,
        "20": 0.00011592799011481125
      },
      "H_wm": 20.0,
      "C_wm": 0.000193055873115719,
      "lifetime": 36
    },
    {
      "pattern_id": 14,
      "n_samples": 36,
      "W": {
        "1": 0.0,
        "2": 0.0,
        "5": 0.0,
        "10": 0.0,
        "20": 0.0
      },
      "mse_full": {
        "1": 0.00016106195179733186,
        "2": 0.0002583429407780965,
        "5": 6.467726908668378e-05,
        "10": 0.0001629526907989876,
        "20": 0.00017305245535947523
      },
      "mse_env": {
        "1": 7.414151900419523e-05,
        "2": 9.861345664193864e-05,
        "5": 2.511860272129652e-05,
        "10": 8.22901359149952e-05,
        "20": 5.520383075722495e-05
      },
      "H_wm": 0.0,
      "C_wm": 0.0,
      "lifetime": 36
    },
    {
      "pattern_id": 29,
      "n_samples": 36,
      "W": {
        "1": 0.0,
        "2": 0.0,
        "5": 0.0,
        "10": 0.0,
        "20": 0.0
      },
      "mse_full": {
        "1": 0.009043725219164692,
        "2": 0.009773098394339574,
        "5": 0.001682012891628313,
        "10": 0.0027174655024145016,
        "20": 0.005116191250527586
      },
      "mse_env": {
        "1": 4.335736596132556e-05,
        "2": 4.103992502159323e-05,
        "5": 3.361297579854845e-05,
        "10": 4.5654258760427385e-05,
        "20": 2.047759446928306e-05
      },
      "H_wm": 0.0,
      "C_wm": 0.0,
      "lifetime": 36
    },
    {
      "pattern_id": 34,
      "n_samples": 34,
      "W": {
        "1": 0.0,
        "2": 0.0,
        "5": 0.0,
        "10": 0.0,
        "20": 0.0
      },
      "mse_full": {
        "1": 0.0003441887912890129,
        "2": 0.0017304055588655194,
        "5": 0.001770564244047118,
        "10": 0.0007376123097670198,
        "20": 0.0018281475700819652
      },
      "mse_env": {
        "1": 0.00015955487300996747,
        "2": 0.00017491614668257733,
        "5": 6.179912897035274e-05,
        "10": 3.6956607568394504e-05,
        "20": 0.00011313333236246322
      },
      "H_wm": 0.0,
      "C_wm": 0.0,
      "lifetime": 34
    },
    {
      "pattern_id": 7,
      "n_samples": 31,
      "W": {
        "1": 0.0,
        "2": 3.5105788503976613e-05,
        "5": 0.0,
        "10": 2.1194025312948475e-06,
        "20": 0.0
      },
      "mse_full": {
        "1": 9.226184184934241e-05,
        "2": 8.01652738682302e-05,
        "5": 0.00012830118403687918,
        "10": 7.00568247998451e-05,
        "20": 9.208860552528594e-05
      },
      "mse_env": {
        "1": 4.864185771832529e-05,
        "2": 0.0001152710623722068,
        "5": 4.5426776834782836e-05,
        "10": 7.217622733113995e-05,
        "20": 5.016548172430285e-05
      },
      "H_wm": 10.0,
      "C_wm": 8.610709599266458e-05,
      "lifetime": 31
    },
    {
      "pattern_id": 25,
      "n_samples": 31,
      "W": {
        "1": 0.0,
        "2": 0.0,
        "5": 0.0,
        "10": 0.0,
        "20": 0.0
      },
      "mse_full": {
        "1": 0.001499309509131235,
        "2": 0.0006207541920876724,
        "5": 0.0005945750456427005,
        "10": 0.0014205799618514188,
        "20": 0.0006417799454925787
      },
      "mse_env": {
        "1": 4.762073156755843e-05,
        "2": 8.344289631221934e-05,
        "5": 3.255780054394447e-05,
        "10": 9.994017404681606e-05,
        "20": 5.857393714941764e-05
      },
      "H_wm": 0.0,
      "C_wm": 0.0,
      "lifetime": 31
    },
    {
      "pattern_id": 36,
      "n_samples": 31,
      "W": {
        "1": 9.376212752165261e-05,
        "2": 1.6098878858717146e-05,
        "5": 0.0,
        "10": 0.0,
        "20": 0.0
      },
      "mse_full": {
        "1": 0.00016584706379656468,
        "2": 0.00023464324960530882,
        "5": 0.0001401190052059258,
        "10": 0.00014861875087437368,
        "20": 0.00033528396927468235
      },
      "mse_env": {
        "1": 0.0002596091913182173,
        "2": 0.00025074212846402596,
        "5": 5.4204632782732976e-05,
        "10": 9.630637967230847e-05,
        "20": 0.00011015092275718365
      },
      "H_wm": 2.0,
      "C_wm": 7.90788214782606e-05,
      "lifetime": 31
    },
    {
      "pattern_id": 24,
      "n_samples": 30,
      "W": {
        "1": 0.0,
        "2": 0.0,
        "5": 0.0,
        "10": 0.0,
        "20": 2.255609021630569e-06
      },
      "mse_full": {
        "1": 4.6299329578722154e-05,
        "2": 0.00010429569477465644,
        "5": 0.00015122843876753212,
        "10": 8.916884729656418e-05,
        "20": 0.00010822763717019759
      },
      "mse_env": {
        "1": 3.450183576820426e-05,
        "2": 6.428888990389918e-05,
        "5": 6.362072064528057e-05,
        "10": 8.38347577569183e-05,
        "20": 0.00011048324619182816
      },
      "H_wm": 20.0,
      "C_wm": 1.1278045108152845e-05,
      "lifetime": 30
    },
    {
      "pattern_id": 26,
      "n_samples": 29,
      "W": {
        "1": 0.0,
        "2": 0.0,
        "5": 0.0,
        "10": 0.0,
        "20": 0.0
      },
      "mse_full": {
        "1": 0.00017056527791243904,
        "2": 0.00021963643358404104,
        "5": 0.00011380336462898214,
        "10": 0.00012267334667812093,
        "20": 0.0001106596280887286
      },
      "mse_env": {
        "1": 0.0001646708495453561,
        "2": 0.0001708060202836004,
        "5": 3.281876543636819e-05,
        "10": 4.322078688689878e-05,
        "20": 6.844597403681148e-05
      },
      "H_wm": 0.0,
      "C_wm": 0.0,
      "lifetime": 29
    },
    {
      "pattern_id": 30,
      "n_samples": 29,
      "W": {
        "1": 0.0,
        "2": 0.0,
        "5": 0.0,
        "10": 0.0,
        "20": 0.0
      },
      "mse_full": {
        "1": 0.0003389928557791479,
        "2": 0.0002595393575181722,
        "5": 7.639953458791441e-05,
        "10": 0.00012416337681250866,
        "20": 0.0001235867763926591
      },
      "mse_env": {
        "1": 5.131628652454864e-05,
        "2": 5.042619822667239e-05,
        "5": 3.160735234725144e-05,
        "10": 2.5575232798826608e-05,
        "20": 3.7785621116158375e-05
      },
      "H_wm": 0.0,
      "C_wm": 0.0,
      "lifetime": 29
    },
    {
      "pattern_id": 8,
      "n_samples": 28,
      "W": {
        "1": 2.328482017843491e-05,
        "2": 4.640083729217185e-05,
        "5": 0.0,
        "10": 0.0,
        "20": 3.027124767523745e-05
      },
      "mse_full": {
        "1": 7.386935978584313e-05,
        "2": 0.00011640988454502737,
        "5": 2.0514653392220663e-05,
        "10": 2.967338922334925e-05,
        "20": 8.467052872561395e-05
      },
      "mse_env": {
        "1": 9.715417996427804e-05,
        "2": 0.00016281072183719922,
        "5": 1.5601119699792265e-05,
        "10": 2.9201979538021808e-05,
        "20": 0.0001149417764008514
      },
      "H_wm": 20.0,
      "C_wm": 0.00025580032304974845,
      "lifetime": 28
    },
    {
      "pattern_id": 18,