{
  "metadata": {
    "snapshot_path": "/Users/jacob/fun/shape-of-experience/empirical/experiments/study_ca_affect/results/v13_s7/v13_s7/snapshots/cycle_000.npz",
    "seed": 7,
    "C": 16,
    "N": 128,
    "n_recording_steps": 50,
    "substrate_steps_per_record": 10,
    "tau_values": [
      1,
      2,
      5,
      10,
      20
    ],
    "n_patterns_detected": 29,
    "n_patterns_analyzed": 20,
    "cycle": 0,
    "elapsed_s": 6.248992919921875
  },
  "patterns": [
    {
      "pattern_id": 0,
      "n_samples": 50,
      "W": {
        "1": 0.0,
        "2": 0.0,
        "5": 0.0,
        "10": 0.0,
        "20": 0.0
      },
      "mse_full": {
        "1": 0.0004937828297299296,
        "2": 0.00040835947665321664,
        "5": 0.0003707629218833464,
        "10": 0.0004815334279831914,
        "20": 0.0004704053011975719
      },
      "mse_env": {
        "1": 0.0003161439514447562,
        "2": 0.00023303902456061135,
        "5": 0.0003618515163466773,
        "10": 0.0003391109622257971,
        "20": 0.00044051097447702096
      },
      "H_wm": 0.0,
      "C_wm": 0.0,
      "lifetime": 50
    },
    {
      "pattern_id": 1,
      "n_samples": 50,
      "W": {
        "1": 0.0,
        "2": 0.0,
        "5": 0.0,
        "10": 0.0,
        "20": 0.0
      },
      "mse_full": {
        "1": 0.002983918542759169,
        "2": 0.002475814525719762,
        "5": 0.0012175897691451875,
        "10": 0.0011213433169217203,
        "20": 0.0012099294626670538
      },
      "mse_env": {
        "1": 0.0004910329994403161,
        "2": 0.00039304336340423106,
        "5": 0.0002005798454614165,
        "10": 0.00020769714388218081,
        "20": 0.00018197706382290326
      },
      "H_wm": 0.0,
      "C_wm": 0.0,
      "lifetime": 50
    },
    {
      "pattern_id": 2,
      "n_samples": 50,
      "W": {
        "1": 0.0007142583206315768,
        "2": 0.0001435579666147681,
        "5": 0.0008618121870002865,
        "10": 0.0005973492584785577,
        "20": 0.00036637926227937114
      },
      "mse_full": {
        "1": 0.0005065880224985949,
        "2": 0.0004565258955795016,
        "5": 0.00025289893432399316,
        "10": 0.0003067667064955902,
        "20": 0.0002181080768257298
      },
      "mse_env": {
        "1": 0.0012208463431301717,
        "2": 0.0006000838621942697,
        "5": 0.0011147111213242796,
        "10": 0.0009041159649741479,
        "20": 0.000584487339105101
      },
      "H_wm": 20.0,
      "C_wm": 0.010403509591532509,
      "lifetime": 50
    },
    {
      "pattern_id": 3,
      "n_samples": 50,
      "W": {
        "1": 0.0,
        "2": 0.0,
        "5": 0.0,
        "10": 0.0,
        "20": 0.0
      },
      "mse_full": {
        "1": 0.2250841324457114,
        "2": 0.2687987392318141,
        "5": 0.5407660845270497,
        "10": 0.1464803381288279,
        "20": 0.3277994352930471
      },
      "mse_env": {
        "1": 0.0002900654067298789,
        "2": 0.0002440043655364659,
        "5": 0.00022426863157356034,
        "10": 0.00016779582191046283,
        "20": 0.00016515649759976035
      },
      "H_wm": 0.0,
      "C_wm": 0.0,
      "lifetime": 50
    },
    {
      "pattern_id": 4,
      "n_samples": 50,
      "W": {
        "1": 0.0,
        "2": 0.0,
        "5": 0.0,
        "10": 0.0,
        "20": 0.0
      },
      "mse_full": {
        "1": 0.013860756336664897,
        "2": 0.018028957802044207,
        "5": 0.005346682353714006,
        "10": 0.008141873659429096,
        "20": 0.01047437586737097
      },
      "mse_env": {
        "1": 0.0003161090597986227,
        "2": 0.00029288679232592553,
        "5": 0.00036615885970525756,
        "10": 0.000419527084134948,
        "20": 0.0004890495163485428
      },
      "H_wm": 0.0,
      "C_wm": 0.0,
      "lifetime": 50
    },
    {
      "pattern_id": 5,
      "n_samples": 50,
      "W": {
        "1": 0.0,
        "2": 0.0,
        "5": 0.0,
        "10": 0.0,
        "20": 0.0
      },
      "mse_full": {
        "1": 0.0010360545173730975,
        "2": 0.000993221331779885,
        "5": 0.0007781043785510448,
        "10": 0.0007672369382727411,
        "20": 0.0009284974027501461
      },
      "mse_env": {
        "1": 0.00036670449096970514,
        "2": 0.00032114592925818104,
        "5": 0.0003195681965856941,
        "10": 0.000283651569042826,
        "20": 0.0003387746968520591
      },
      "H_wm": 0.0,
      "C_wm": 0.0,
      "lifetime": 50
    },
    {
      "pattern_id": 6,
      "n_samples": 50,
      "W": {
        "1": 8.357107350712097e-05,
        "2": 5.187045013851487e-05,
        "5": 0.0,
        "10": 2.780767823225687e-05,
        "20": 0.00015972257711939828
      },
      "mse_full": {
        "1": 0.00017410819663114525,
        "2": 0.00015841554915011603,
        "5": 0.000225214938799483,
        "10": 0.00017605469985228277,
        "20": 0.00019549787693578678
      },
      "mse_env": {
        "1": 0.0002576792701382662,
        "2": 0.0002102859992886309,
        "5": 0.00021056681869890235,
        "10": 0.00020386237808453964,
        "20": 0.00035522045405518506
      },
      "H_wm": 20.0,
      "C_wm": 0.0011526969093695082,
      "lifetime": 50
    },
    {
      "pattern_id": 7,
      "n_samples": 50,
      "W": {
        "1": 2.5168870105553092e-05,
        "2": 1.7335883397134736e-06,
        "5": 2.936461163314467e-05,
        "10": 0.00014848881568115349,
        "20": 0.0001956257111608139
      },
      "mse_full": {
        "1": 0.0002681664074612235,
        "2": 0.00023943702178054645,
        "5": 0.0002751971088226198,
        "10": 0.0001825730361508147,
        "20": 0.0002206299876591837
      },
      "mse_env": {
        "1": 0.00029333527756677657,
        "2": 0.00024117061012025992,
        "5": 0.00030456172045576445,
        "10": 0.0003310618518319682,
        "20": 0.0004162556988199976
      },
      "H_wm": 20.0,
      "C_wm": 0.002225304731677503,
      "lifetime": 50
    },
    {
      "pattern_id": 8,
      "n_samples": 50,
      "W": {
        "1": 7.881913646431228e-05,
        "2": 3.157046191774415e-06,
        "5": 0.0,
        "10": 0.00011398334861384987,
        "20": 0.00031507550323873606
      },
      "mse_full": {
        "1": 0.0004332992915023149,
        "2": 0.0004989851124462041,
        "5": 0.0002505793187439357,
        "10": 0.0003937250435878281,
        "20": 0.0003686680177372059
      },
      "mse_env": {
        "1": 0.0005121184279666272,
        "2": 0.0005021421586379785,
        "5": 0.00021983765947290973,
        "10": 0.000507708392201678,
        "20": 0.000683743520975942
      },
      "H_wm": 20.0,
      "C_wm": 0.0024759762914132594,
      "lifetime": 50
    },
    {
      "pattern_id": 9,
      "n_samples": 50,
      "W": {
        "1": 0.0,
        "2": 0.0,
        "5": 0.0,
        "10": 0.0,
        "20": 0.0
      },
      "mse_full": {
        "1": 0.0004260684905569097,
        "2": 0.00045776658137638895,
        "5": 0.0005245407886352452,
        "10": 0.0008912875809388493,
        "20": 0.0013205961719674364
      },
      "mse_env": {
        "1": 0.0003099112636423007,
        "2": 0.00036100286720313344,
        "5": 0.0003916848002175892,
        "10": 0.00028901928890158896,
        "20": 0.00041714816516693167
      },
      "H_wm": 0.0,
      "C_wm": 0.0,
      "lifetime": 50
    },
    {
      "pattern_id": 10,
      "n_samples": 50,
      "W": {
        "1": 0.0,
        "2": 0.0,
        "5": 0.0,
        "10": 0.00010754469413247009,
        "20": 0.0
      },
      "mse_full": {
        "1": 0.0004082771790462271,
        "2": 0.0003984640298258104,
        "5": 0.00033139796368691855,
        "10": 0.00021752275771262658,
        "20": 0.0003808892084307353
      },
      "mse_env": {
        "1": 0.00032675693020775163,
        "2": 0.00024906297645481266,
        "5": 0.00030952617722364317,
        "10": 0.00032506745184509667,
        "20": 0.0003185621734412718
      },