{
  "metadata": {
    "snapshot_path": "/Users/jacob/fun/shape-of-experience/empirical/experiments/study_ca_affect/results/v13_s7/v13_s7/snapshots/cycle_005.npz",
    "seed": 7,
    "C": 16,
    "N": 128,
    "n_recording_steps": 50,
    "substrate_steps_per_record": 10,
    "tau_values": [
      1,
      2,
      5,
      10,
      20
    ],
    "n_patterns_detected": 23,
    "n_patterns_analyzed": 20,
    "cycle": 5,
    "elapsed_s": 5.920703172683716
  },
  "patterns": [
    {
      "pattern_id": 0,
      "n_samples": 50,
      "W": {
        "1": 0.0,
        "2": 0.0,
        "5": 0.0,
        "10": 0.0,
        "20": 0.0
      },
      "mse_full": {
        "1": 0.002862452315160138,
        "2": 0.0017340450288724292,
        "5": 0.003984158892496555,
        "10": 0.006299193774561414,
        "20": 0.0012966197227100558
      },
      "mse_env": {
        "1": 0.0003545611916557814,
        "2": 0.00036633324875327605,
        "5": 0.0002578557216013651,
        "10": 0.0002438899899174382,
        "20": 0.00029719361136703166
      },
      "H_wm": 0.0,
      "C_wm": 0.0,
      "lifetime": 50
    },
    {
      "pattern_id": 1,
      "n_samples": 50,
      "W": {
        "1": 0.0,
        "2": 3.6121868933106094e-05,
        "5": 0.0,
        "10": 0.0001944109194940838,
        "20": 0.00011979117100271866
      },
      "mse_full": {
        "1": 0.00038758955475524156,
        "2": 0.00038477595469129224,
        "5": 0.0006106193342423597,
        "10": 0.00033523839974092083,
        "20": 0.0006530859230117756
      },
      "mse_env": {
        "1": 0.00038175596841951234,
        "2": 0.00042089782362439833,
        "5": 0.0004317204919723354,
        "10": 0.0005296493192350046,
        "20": 0.0007728770940144943
      },
      "H_wm": 20.0,
      "C_wm": 0.002129281489085434,
      "lifetime": 50
    },
    {
      "pattern_id": 2,
      "n_samples": 50,
      "W": {
        "1": 0.0,
        "2": 0.0,
        "5": 4.244386285971334e-05,
        "10": 3.863965312718437e-05,
        "20": 2.9298976610185926e-05
      },
      "mse_full": {
        "1": 0.0003347388267843637,
        "2": 0.0003248436019140803,
        "5": 0.00021953095287951456,
        "10": 0.00029988515546993993,
        "20": 0.00024183304228667422
      },
      "mse_env": {
        "1": 0.0003085678210987135,
        "2": 0.000320346801849511,
        "5": 0.0002619748157392279,
        "10": 0.0003385248085971243,
        "20": 0.00027113201889686014
      },
      "H_wm": 20.0,
      "C_wm": 0.0006060677329436657,
      "lifetime": 50
    },
    {
      "pattern_id": 3,
      "n_samples": 50,
      "W": {
        "1": 0.0,
        "2": 0.0,
        "5": 0.0,
        "10": 0.0,
        "20": 0.0
      },
      "mse_full": {
        "1": 0.003285241573837199,
        "2": 0.003402999967193911,
        "5": 0.001717301538943107,
        "10": 0.0033905138165728757,
        "20": 0.0018256309416290605
      },
      "mse_env": {
        "1": 0.0002910914598862506,
        "2": 0.0003445771218311352,
        "5": 0.00027587567707737103,
        "10": 0.0005994319690932323,
        "20": 0.0004797378789252308
      },
      "H_wm": 0.0,
      "C_wm": 0.0,
      "lifetime": 50
    },
    {
      "pattern_id": 4,
      "n_samples": 50,
      "W": {
        "1": 6.035739699310932e-05,
        "2": 4.3225164551126394e-05,
        "5": 0.0,
        "10": 5.382843307438705e-05,
        "20": 6.089301656763194e-05
      },
      "mse_full": {
        "1": 0.0001899178870139992,
        "2": 0.00020821393084051101,
        "5": 0.0002095589139276243,
        "10": 0.00017499630056010048,
        "20": 0.0002544223524407894
      },
      "mse_env": {
        "1": 0.0002502752840071085,
        "2": 0.0002514390953916374,
        "5": 0.00017566176096083362,
        "10": 0.00022882473363448753,
        "20": 0.00031531536900842135
      },
      "H_wm": 20.0,
      "C_wm": 0.00082480735849487,
      "lifetime": 50
    },
    {
      "pattern_id": 5,
      "n_samples": 50,
      "W": {
        "1": 0.0,
        "2": 6.180163942071283e-05,
        "5": 9.258628288075178e-05,
        "10": 9.529040966140706e-05,
        "20": 7.534572331835605e-05
      },
      "mse_full": {
        "1": 0.00040195287276426246,
        "2": 0.00025802294282505084,
        "5": 0.00026896552959317424,
        "10": 0.00022046464060324105,
        "20": 0.0001488026655491252
      },
      "mse_env": {
        "1": 0.00029874503083500393,
        "2": 0.00031982458224576367,
        "5": 0.000361551812473926,
        "10": 0.0003157550502646481,
        "20": 0.00022414838886748123
      },
      "H_wm": 20.0,
      "C_wm": 0.001585355099416766,
      "lifetime": 50
    },
    {
      "pattern_id": 6,
      "n_samples": 50,
      "W": {
        "1": 0.0,
        "2": 0.0,
        "5": 0.0,
        "10": 0.0,
        "20": 0.0
      },
      "mse_full": {
        "1": 0.0007192852403950622,
        "2": 0.0005257671490452781,
        "5": 0.0006281029570847378,
        "10": 0.0005517205911571069,
        "20": 0.0006762970484527886
      },
      "mse_env": {
        "1": 0.0002793978517366933,
        "2": 0.00027393765871496867,
        "5": 0.00021912489877512145,
        "10": 0.00018497282565254047,
        "20": 0.0002677441136421405
      },
      "H_wm": 0.0,
      "C_wm": 0.0,
      "lifetime": 50
    },
    {
      "pattern_id": 7,
      "n_samples": 50,
      "W": {
        "1": 0.0,
        "2": 0.0,
        "5": 0.0,
        "10": 0.0,
        "20": 0.0
      },
      "mse_full": {
        "1": 0.0013415997307931562,
        "2": 0.002096802535123119,
        "5": 0.0009084421341399859,
        "10": 0.0009979848390123797,
        "20": 0.001149892889538782
      },
      "mse_env": {
        "1": 0.00030965494653145193,
        "2": 0.00026246309496799695,
        "5": 0.00021137967985882582,
        "10": 0.0004228637583373494,
        "20": 0.0002148432176272982
      },
      "H_wm": 0.0,
      "C_wm": 0.0,
      "lifetime": 50
    },
    {
      "pattern_id": 8,
      "n_samples": 50,
      "W": {
        "1": 0.0,
        "2": 0.0,
        "5": 0.0,
        "10": 0.0,
        "20": 0.0
      },
      "mse_full": {
        "1": 0.0626917315733068,
        "2": 0.04097607942951674,
        "5": 0.13971497428858495,
        "10": 0.057108848395237444,
        "20": 0.03997485517558185
      },
      "mse_env": {
        "1": 0.0001674019056335991,
        "2": 0.00012877212055834275,
        "5": 0.00017651565192289585,
        "10": 0.00024166802652564418,
        "20": 0.00020688807391891313
      },
      "H_wm": 0.0,
      "C_wm": 0.0,
      "lifetime": 50
    },
    {
      "pattern_id": 9,
      "n_samples": 50,
      "W": {
        "1": 0.0,
        "2": 0.0,
        "5": 0.0,
        "10": 0.0,
        "20": 0.0
      },
      "mse_full": {
        "1": 0.000892158610279506,
        "2": 0.0008682737594071895,
        "5": 0.0004818563807882533,
        "10": 0.0005607629364544347,
        "20": 0.0006713123931198882
      },
      "mse_env": {
        "1": 0.00031024007974701106,
        "2": 0.0002455069797517105,
        "5": 0.0002904726844497616,
        "10": 0.00028566844356039766,
        "20": 0.00028866056831591054
      },
      "H_wm": 0.0,
      "C_wm": 0.0,
      "lifetime": 50
    },
    {
      "pattern_id": 10,
      "n_samples": 50,
      "W": {
        "1": 0.0,
        "2": 0.0,
        "5": 0.0,
        "10": 1.4429135695719791e-05,
        "20": 0.0
      },
      "mse_full": {
        "1": 0.00018195980570604868,
        "2": 0.00017601411179368455,
        "5": 0.000166008211175598,
        "10": 0.00018062598335249504,
        "20": 0.00014773338927567847
      },
      "mse_env": {
        "1": 0.00011874724125464275,
        "2": 0.00010793537987257066,
        "5": 0.00013532714774444553,
        "10": 0.00019505511904821483,
        "20": 0.00014173082200516203
      },
      "H_wm": 10.0,
      "C_wm": 0.00010821851771789843,