{
  "metadata": {
    "substrate": "v15",
    "seed": 123,
    "C": 16,
    "N": 128,
    "snapshot_path": "/Users/jacob/fun/shape-of-experience/empirical/experiments/study_ca_affect/results/v15_s123/snapshots/cycle_000.npz",
    "experiment": "world_model",
    "n_recording_steps": 50,
    "tau_values": [
      1,
      2,
      5,
      10,
      20
    ]
  },
  "patterns": [
    {
      "pattern_id": 0,
      "n_samples": 50,
      "W": {
        "1": 0.0,
        "2": 0.0,
        "5": 0.0,
        "10": 0.0,
        "20": 0.0
      },
      "mse_full": {
        "1": 0.00965642448978161,
        "2": 0.007853407344681075,
        "5": 0.012514276927682071,
        "10": 0.010810975818785502,
        "20": 0.005511829637537829
      },
      "mse_env": {
        "1": 0.00035787600191423545,
        "2": 0.0003558679981743135,
        "5": 0.0003337894603264684,
        "10": 0.00033969307687879377,
        "20": 0.0004712305937050388
      },
      "H_wm": 0.0,
      "C_wm": 0.0,
      "lifetime": 50
    },
    {
      "pattern_id": 1,
      "n_samples": 50,
      "W": {
        "1": 0.00016345827852269027,
        "2": 0.00014940204024053468,
        "5": 0.0,
        "10": 0.000184431760791233,
        "20": 0.00015850323448332474
      },
      "mse_full": {
        "1": 0.00042424952388589747,
        "2": 0.00041717045763574394,
        "5": 0.0002897055467860522,
        "10": 0.0002765586908706927,
        "20": 0.0002487837467342784
      },
      "mse_env": {
        "1": 0.0005877078024085877,
        "2": 0.0005665724978762786,
        "5": 0.000230702133939695,
        "10": 0.0004609904516619257,
        "20": 0.00040728698121760313
      },
      "H_wm": 20.0,
      "C_wm": 0.002556287598093286,
      "lifetime": 50
    },
    {
      "pattern_id": 2,
      "n_samples": 50,
      "W": {
        "1": 0.0,
        "2": 0.0,
        "5": 0.0001153344816119444,
        "10": 0.00013503931223950188,
        "20": 4.168664431143437e-05
      },
      "mse_full": {
        "1": 0.0004007809662144323,
        "2": 0.0003571731894237956,
        "5": 0.0002168241424993536,
        "10": 0.0002528832225391943,
        "20": 0.00014712422339810573
      },
      "mse_env": {
        "1": 0.0003677442477883575,
        "2": 0.0002646707662783547,
        "5": 0.000332158624111298,
        "10": 0.00038792253477869617,
        "20": 0.0001888108677095401
      },
      "H_wm": 20.0,
      "C_wm": 0.0016825659898012137,
      "lifetime": 50
    },
    {
      "pattern_id": 3,
      "n_samples": 50,
      "W": {
        "1": 0.0,
        "2": 3.8496462060925334e-05,
        "5": 0.0,
        "10": 3.798298024831816e-06,
        "20": 0.0
      },
      "mse_full": {
        "1": 0.0004090699104898299,
        "2": 0.0003186997233580361,
        "5": 0.00023733903751987044,
        "10": 0.0002318154379932354,
        "20": 0.00021211392896111335
      },
      "mse_env": {
        "1": 0.00040007908530399603,
        "2": 0.00035719618541896143,
        "5": 0.00011926047065993807,
        "10": 0.0002356137360180672,
        "20": 0.0002079433519008903
      },
      "H_wm": 10.0,
      "C_wm": 0.00010548015930808929,
      "lifetime": 50
    },
    {
      "pattern_id": 4,
      "n_samples": 50,
      "W": {
        "1": 0.0,
        "2": 0.0,
        "5": 0.0001087956098080997,
        "10": 0.0,
        "20": 0.0002248976717695361
      },
      "mse_full": {
        "1": 0.0005344302139329248,
        "2": 0.00042502501582696234,
        "5": 0.00023586379151116678,
        "10": 0.00027188999970651975,
        "20": 0.00029760940317891365
      },
      "mse_env": {
        "1": 0.0004979329103530801,
        "2": 0.0003084290542516181,
        "5": 0.0003446594013192665,
        "10": 0.00023697168569766007,
        "20": 0.0005225070749484498
      },
      "H_wm": 20.0,
      "C_wm": 0.0015596707980800794,
      "lifetime": 50
    },
    {
      "pattern_id": 5,
      "n_samples": 50,
      "W": {
        "1": 0.0,
        "2": 0.0,
        "5": 3.899916118853185e-05,
        "10": 3.819436896964151e-05,
        "20": 8.434907559313435e-05
      },
      "mse_full": {
        "1": 0.00043949075317301165,
        "2": 0.00039333599590266456,
        "5": 0.0002360195292719856,
        "10": 0.0001878391724176252,
        "20": 0.00022755012184712237
      },
      "mse_env": {
        "1": 0.0003207286686288544,
        "2": 0.00038831925386633635,
        "5": 0.00027501869046051746,
        "10": 0.00022603354138726672,
        "20": 0.0003118991974402567
      },
      "H_wm": 20.0,
      "C_wm": 0.0008641997899921104,
      "lifetime": 50
    },
    {
      "pattern_id": 6,
      "n_samples": 50,
      "W": {
        "1": 0.0,
        "2": 0.0,
        "5": 0.0,
        "10": 0.0,
        "20": 0.0
      },
      "mse_full": {
        "1": 0.0003837900434635049,
        "2": 0.00022344051323905834,
        "5": 0.00021523829687297155,
        "10": 0.00038585483252095087,
        "20": 0.00019430916189960292
      },
      "mse_env": {
        "1": 0.0002438448635952469,
        "2": 0.0001721175197230838,
        "5": 0.00019220485860399185,
        "10": 0.00023932090150994607,
        "20": 0.00012577551348369546
      },
      "H_wm": 0.0,
      "C_wm": 0.0,
      "lifetime": 50
    },
    {
      "pattern_id": 7,
      "n_samples": 50,
      "W": {
        "1": 0.0,
        "2": 0.0,
        "5": 0.0,
        "10": 0.0,
        "20": 0.0
      },
      "mse_full": {
        "1": 0.0003864797485080483,
        "2": 0.0002786640258248987,
        "5": 0.00030507392710665013,
        "10": 0.00020391690119414256,
        "20": 0.00026064549182877405
      },
      "mse_env": {
        "1": 0.0003028260864785235,
        "2": 0.00021612783625799548,
        "5": 0.00013852883563395885,
        "10": 0.00018335877584602493,
        "20": 0.00018211741029592964
      },
      "H_wm": 0.0,
      "C_wm": 0.0,
      "lifetime": 50
    },
    {
      "pattern_id": 8,
      "n_samples": 50,
      "W": {
        "1": 0.0,
        "2": 0.0,
        "5": 0.0,
        "10": 0.0,
        "20": 0.0
      },
      "mse_full": {
        "1": 0.006966118484481842,
        "2": 0.0016443188288916913,
        "5": 0.001707527766689653,
        "10": 0.005090921011639054,
        "20": 0.0019296808290681187
      },
      "mse_env": {
        "1": 0.0001493007850861963,
        "2": 0.00015853950616402627,
        "5": 0.00011164043348362207,
        "10": 0.00027626585275121576,
        "20": 0.0002569007606698738
      },
      "H_wm": 0.0,
      "C_wm": 0.0,
      "lifetime": 50
    }
  ],
  "summary": {
    "mean_C_wm": 0.0007520227039194198,
    "max_C_wm": 0.002556287598093286,
    "mean_H_wm": 10.0,
    "n_with_world_model": 5,
    "frac_with_world_model": 0.5555555555555556,
    "mean_W_by_tau": {
      "1": 1.8162030946965585e-05,
      "2": 2.087761136682889e-05,
      "5": 2.9236583623175106e-05,
      "10": 4.0162637780578695e-05,
      "20": 5.660406957304773e-05
    }
  }
}