{
  "metadata": {
    "substrate": "v15",
    "seed": 123,
    "C": 16,
    "N": 128,
    "snapshot_path": "/Users/jacob/fun/shape-of-experience/empirical/experiments/study_ca_affect/results/v15_s123/snapshots/cycle_005.npz",
    "experiment": "world_model",
    "n_recording_steps": 50,
    "tau_values": [
      1,
      2,
      5,
      10,
      20
    ]
  },
  "patterns": [
    {
      "pattern_id": 0,
      "n_samples": 50,
      "W": {
        "1": 0.0,
        "2": 0.0,
        "5": 1.8467868369189528e-05,
        "10": 0.0,
        "20": 5.724414875830439e-05
      },
      "mse_full": {
        "1": 0.0003747448704293557,
        "2": 0.00043713417811996923,
        "5": 0.00040873951030301396,
        "10": 0.0002463232994061535,
        "20": 0.00019898166670516445
      },
      "mse_env": {
        "1": 0.00032740361843070946,
        "2": 0.0004218938670399614,
        "5": 0.0004272073786722035,
        "10": 0.00020463279081645277,
        "20": 0.00025622581546346884
      },
      "H_wm": 20.0,
      "C_wm": 0.0003600922172682801,
      "lifetime": 50
    },
    {
      "pattern_id": 1,
      "n_samples": 50,
      "W": {
        "1": 0.0,
        "2": 0.0,
        "5": 0.00019157672463989577,
        "10": 0.0,
        "20": 0.0
      },
      "mse_full": {
        "1": 0.000834480322875727,
        "2": 0.0011508630659370425,
        "5": 0.00031678174784959597,
        "10": 0.000866705275822116,
        "20": 0.0004630354926017665
      },
      "mse_env": {
        "1": 0.000524353849181272,
        "2": 0.0004824296280154288,
        "5": 0.0005083584724894917,
        "10": 0.00045992162927062255,
        "20": 0.00031285158988907433
      },
      "H_wm": 5.0,
      "C_wm": 0.0007663068985595831,
      "lifetime": 50
    },
    {
      "pattern_id": 2,
      "n_samples": 50,
      "W": {
        "1": 9.299888429509473e-05,
        "2": 0.00016494868819557233,
        "5": 4.6065970083688916e-06,
        "10": 2.0532753891998388e-05,
        "20": 8.907382282151194e-06
      },
      "mse_full": {
        "1": 0.00034088600237721983,
        "2": 0.00016789914307019813,
        "5": 0.0001742931735621732,
        "10": 0.0002445351998113921,
        "20": 0.00016238258642373957
      },
      "mse_env": {
        "1": 0.00043388488667231456,
        "2": 0.00033284783126577046,
        "5": 0.0001788997705705421,
        "10": 0.00026506795370339047,
        "20": 0.00017128996870589076
      },
      "H_wm": 20.0,
      "C_wm": 0.0005933557721729115,
      "lifetime": 50
    },
    {
      "pattern_id": 3,
      "n_samples": 50,
      "W": {
        "1": 0.0,
        "2": 0.0,
        "5": 0.0,
        "10": 0.0,
        "20": 0.0
      },
      "mse_full": {
        "1": 0.00876955492869744,
        "2": 0.014417803428177972,
        "5": 0.011925353470131492,
        "10": 0.006161944668095333,
        "20": 0.012281412447230529
      },
      "mse_env": {
        "1": 0.0002553501699272269,
        "2": 0.00023661839374888166,
        "5": 0.0001228482440949638,
        "10": 0.0002100639709077667,
        "20": 0.0001648291711243726
      },
      "H_wm": 0.0,
      "C_wm": 0.0,
      "lifetime": 50
    },
    {
      "pattern_id": 4,
      "n_samples": 50,
      "W": {
        "1": 0.0,
        "2": 0.0,
        "5": 0.0,
        "10": 0.0,
        "20": 0.0
      },
      "mse_full": {
        "1": 0.001853040100300013,
        "2": 0.0031637612162223874,
        "5": 0.0037060016477330655,
        "10": 0.002961251636659781,
        "20": 0.0029448106903216713
      },
      "mse_env": {
        "1": 0.00029261988554602717,
        "2": 0.00018335251420917967,
        "5": 0.00017864081062311446,
        "10": 0.00020203135844063257,
        "20": 0.00015004353583637818
      },
      "H_wm": 0.0,
      "C_wm": 0.0,
      "lifetime": 50
    },
    {
      "pattern_id": 5,
      "n_samples": 50,
      "W": {
        "1": 0.0,
        "2": 0.0,
        "5": 0.0,
        "10": 0.0,
        "20": 5.368448098806223e-06
      },
      "mse_full": {
        "1": 0.00028481160558160683,
        "2": 0.0002670042882823608,
        "5": 0.00032753094112235933,
        "10": 0.00017897738115044772,
        "20": 0.0002539716796544974
      },
      "mse_env": {
        "1": 0.0002477545427852908,
        "2": 0.00022770171052570858,
        "5": 0.00031884420434484414,
        "10": 0.00011834419659339978,
        "20": 0.00025934012775330364
      },
      "H_wm": 20.0,
      "C_wm": 2.6842240494031114e-05,
      "lifetime": 50
    },
    {
      "pattern_id": 6,
      "n_samples": 50,
      "W": {
        "1": 0.0,
        "2": 0.0,
        "5": 0.00021622623087447977,
        "10": 1.9534298664435176e-05,
        "20": 0.00020819141422990492
      },
      "mse_full": {
        "1": 0.00043378673814110013,
        "2": 0.00021418380612792798,
        "5": 0.000287748350275265,
        "10": 0.0002142964869326764,
        "20": 0.00023112806324839192
      },
      "mse_env": {
        "1": 0.00016743368220192313,
        "2": 0.00019703533303450947,
        "5": 0.0005039745811497448,
        "10": 0.0002338307855971116,
        "20": 0.00043931947747829684
      },
      "H_wm": 20.0,
      "C_wm": 0.0020523692346307073,
      "lifetime": 50
    },
    {
      "pattern_id": 7,
      "n_samples": 50,
      "W": {
        "1": 7.104235378570565e-05,
        "2": 5.6858047098969815e-05,
        "5": 0.0,
        "10": 1.8565985516246636e-06,
        "20": 7.672774389752291e-06
      },
      "mse_full": {
        "1": 0.0003330172415416488,
        "2": 0.0002714631183468897,
        "5": 0.0003077309992727915,
        "10": 0.0002794761549466473,
        "20": 0.00013588679102608607
      },
      "mse_env": {
        "1": 0.00040405959532735443,
        "2": 0.0003283211654458595,
        "5": 0.00016620845534039898,
        "10": 0.00028133275349827194,
        "20": 0.00014355956541583836
      },
      "H_wm": 20.0,
      "C_wm": 0.0002015256321767389,
      "lifetime": 50
    },
    {
      "pattern_id": 8,
      "n_samples": 50,
      "W": {
        "1": 0.0,
        "2": 1.4026351506156963e-05,
        "5": 0.0,
        "10": 5.9094374356616385e-05,
        "20": 0.0
      },
      "mse_full": {
        "1": 0.0002997689486312766,
        "2": 0.00032439042409249813,
        "5": 0.0002625919719218087,
        "10": 0.00042758777133211797,
        "20": 0.00021288901152082367
      },
      "mse_env": {
        "1": 0.0002378821865089824,
        "2": 0.0003384167755986551,
        "5": 0.0002508584515642058,
        "10": 0.00048668214568873435,
        "20": 0.0001862109028365476
      },
      "H_wm": 10.0,
      "C_wm": 0.0004712605106869368,
      "lifetime": 50
    },
    {
      "pattern_id": 9,
      "n_samples": 50,
      "W": {
        "1": 0.0,
        "2": 0.0,
        "5": 0.0,
        "10": 0.0,
        "20": 6.836439533699042e-06
      },
      "mse_full": {
        "1": 0.0002773503630956129,
        "2": 0.0002162394330134586,
        "5": 0.00012757061734623476,
        "10": 0.00014029503972605269,
        "20": 0.00011521803640190512
      },
      "mse_env": {
        "1": 0.00021035138599398198,
        "2": 0.00017668527761280722,
        "5": 0.00010189397614169461,
        "10": 0.00012033085267098591,
        "20": 0.00012205447593560417
      },
      "H_wm": 20.0,
      "C_wm": 3.418219766849521e-05,
      "lifetime": 50
    },
    {
      "pattern_id": 10,
      "n_samples": 50,
      "W": {
        "1": 0.0,
        "2": 0.0,
        "5": 0.0,
        "10": 0.0,
        "20": 0.0
      },
      "mse_full": {
        "1": 0.0011393346502858153,
        "2": 0.0018961392915741071,
        "5": 0.0013707195144354112,
        "10": 0.001646416100075166,
        "20": 0.001509031533945138
      },
      "mse_env": {
        "1": 0.00023826588419093706,
        "2": 0.00020531512439781038,
        "5": 0.0001960792291753353,
        "10": 0.0003101911944214849,