{
  "metadata": {
    "substrate": "v15",
    "seed": 123,
    "C": 16,
    "N": 128,
    "snapshot_path": "/Users/jacob/fun/shape-of-experience/empirical/experiments/study_ca_affect/results/v15_s123/snapshots/cycle_015.npz",
    "experiment": "world_model",
    "n_recording_steps": 50,
    "tau_values": [
      1,
      2,
      5,
      10,
      20
    ]
  },
  "patterns": [
    {
      "pattern_id": 0,
      "n_samples": 50,
      "W": {
        "1": 0.0,
        "2": 0.0,
        "5": 0.0,
        "10": 0.0,
        "20": 0.0
      },
      "mse_full": {
        "1": 0.0011267245828315714,
        "2": 0.0010165884725380334,
        "5": 0.001188178982299667,
        "10": 0.0018072116713493235,
        "20": 0.002097404719332722
      },
      "mse_env": {
        "1": 0.0004897436189818548,
        "2": 0.00047119737010871496,
        "5": 0.00029189380328753246,
        "10": 0.0002212214592796706,
        "20": 0.0002841685460784721
      },
      "H_wm": 0.0,
      "C_wm": 0.0,
      "lifetime": 50
    },
    {
      "pattern_id": 1,
      "n_samples": 50,
      "W": {
        "1": 0.0,
        "2": 0.0,
        "5": 0.0,
        "10": 0.0,
        "20": 0.0
      },
      "mse_full": {
        "1": 0.007908561777919463,
        "2": 0.007591040740874841,
        "5": 0.017851393255983734,
        "10": 0.005002053667218355,
        "20": 0.020685572395650078
      },
      "mse_env": {
        "1": 0.00022585089403646946,
        "2": 0.0002159748727762412,
        "5": 0.0003294618523858537,
        "10": 0.00018791328960969213,
        "20": 0.0004530074607579604
      },
      "H_wm": 0.0,
      "C_wm": 0.0,
      "lifetime": 50
    },
    {
      "pattern_id": 2,
      "n_samples": 50,
      "W": {
        "1": 0.0,
        "2": 0.0,
        "5": 0.0,
        "10": 0.0,
        "20": 0.0
      },
      "mse_full": {
        "1": 0.004091950896164374,
        "2": 0.004455895860476932,
        "5": 0.001727050147724005,
        "10": 0.005346032453721071,
        "20": 0.004972442486195174
      },
      "mse_env": {
        "1": 0.00017984334863382752,
        "2": 0.00013759553860059952,
        "5": 0.00015463294925434535,
        "10": 0.00026086734263326873,
        "20": 0.00019614953240436605
      },
      "H_wm": 0.0,
      "C_wm": 0.0,
      "lifetime": 50
    },
    {
      "pattern_id": 3,
      "n_samples": 50,
      "W": {
        "1": 4.1715422760815724e-05,
        "2": 2.1336931679160525e-05,
        "5": 0.0,
        "10": 0.0,
        "20": 3.396988976827036e-05
      },
      "mse_full": {
        "1": 0.0004073496498718113,
        "2": 0.000485890137397838,
        "5": 0.0006205183584104421,
        "10": 0.0009819104426479308,
        "20": 0.0002348184803354361
      },
      "mse_env": {
        "1": 0.00044906507263262703,
        "2": 0.0005072270690769985,
        "5": 0.000573842953602035,
        "10": 0.0006002986179817398,
        "20": 0.0002687883701037065
      },
      "H_wm": 20.0,
      "C_wm": 0.0002333810235800807,
      "lifetime": 50
    },
    {
      "pattern_id": 4,
      "n_samples": 50,
      "W": {
        "1": 0.0,
        "2": 0.0,
        "5": 3.301656202875413e-05,
        "10": 6.79427184025687e-05,
        "20": 0.0
      },
      "mse_full": {
        "1": 0.0003349038685441126,
        "2": 0.0002705378045139217,
        "5": 0.0003968756856454725,
        "10": 0.0002529529534333362,
        "20": 0.0002983926972272577
      },
      "mse_env": {
        "1": 0.0002962718180379954,
        "2": 0.00020949448934897723,
        "5": 0.00042989224767422664,
        "10": 0.0003208956718359049,
        "20": 0.0002692661230290492
      },
      "H_wm": 10.0,
      "C_wm": 0.0006416366361342817,
      "lifetime": 50
    },
    {
      "pattern_id": 5,
      "n_samples": 50,
      "W": {
        "1": 7.657304020638886e-05,
        "2": 4.698778326867029e-05,
        "5": 0.0,
        "10": 3.286419840918195e-05,
        "20": 0.00011991817130490695
      },
      "mse_full": {
        "1": 0.00030789106460400056,
        "2": 0.00024389236419123747,
        "5": 0.0002119766022049851,
        "10": 0.00021629499084318957,
        "20": 0.0002049580396461755
      },
      "mse_env": {
        "1": 0.0003844641048103894,
        "2": 0.00029088014745990776,
        "5": 0.0001844248091100801,
        "10": 0.0002491591892523715,
        "20": 0.00032487621095108243
      },
      "H_wm": 20.0,
      "C_wm": 0.0009783344312339344,
      "lifetime": 50
    },
    {
      "pattern_id": 6,
      "n_samples": 50,
      "W": {
        "1": 0.0,
        "2": 0.0,
        "5": 0.0,
        "10": 0.00010097536800236009,
        "20": 0.0
      },
      "mse_full": {
        "1": 0.0004406221565169366,
        "2": 0.00031257049907330506,
        "5": 0.000352911517989757,
        "10": 0.0002823150816321031,
        "20": 0.00018662999576348347
      },
      "mse_env": {
        "1": 0.00042195390144708373,
        "2": 0.0003076964005222115,
        "5": 0.00024298637323302025,
        "10": 0.0003832904496344632,
        "20": 0.00012411614117883456
      },
      "H_wm": 10.0,
      "C_wm": 0.0007573152600177006,
      "lifetime": 50
    },
    {
      "pattern_id": 7,
      "n_samples": 50,
      "W": {
        "1": 0.0,
        "2": 0.0,
        "5": 0.0,
        "10": 0.0,
        "20": 0.0
      },
      "mse_full": {
        "1": 0.0005440802364237869,
        "2": 0.0006082380825337325,
        "5": 0.0007838536429638944,
        "10": 0.0004330453234616644,
        "20": 0.0006762795411143245
      },
      "mse_env": {
        "1": 0.00023976133091224545,
        "2": 0.0002685803624813873,
        "5": 0.0003827710455590697,
        "10": 0.000213075108899906,
        "20": 0.0001838823152762702
      },
      "H_wm": 0.0,
      "C_wm": 0.0,
      "lifetime": 50
    },
    {
      "pattern_id": 8,
      "n_samples": 50,
      "W": {
        "1": 0.0,
        "2": 0.0,
        "5": 0.0,
        "10": 0.0,
        "20": 0.0
      },
      "mse_full": {
        "1": 0.006918422310437868,
        "2": 0.0023608056064211335,
        "5": 0.0009757247891210918,
        "10": 0.0010402724811033794,
        "20": 0.0006957566864660093
      },
      "mse_env": {
        "1": 0.00021416779092786592,
        "2": 0.00013368815935736793,
        "5": 8.222843806806376e-05,
        "10": 0.00013585817046418325,
        "20": 0.00013251474159543342
      },
      "H_wm": 0.0,
      "C_wm": 0.0,
      "lifetime": 50
    },
    {
      "pattern_id": 9,
      "n_samples": 50,
      "W": {
        "1": 0.0,
        "2": 0.0,
        "5": 0.0,
        "10": 0.0,
        "20": 0.0
      },
      "mse_full": {
        "1": 0.0003548638290995851,
        "2": 0.0008671321275159772,
        "5": 0.0012056741957673753,
        "10": 0.0006450814186074174,
        "20": 0.0010741802087882975
      },
      "mse_env": {
        "1": 0.00021094854270740284,
        "2": 0.00020356570875945112,
        "5": 0.00034339475742176275,
        "10": 0.0003581029317416975,
        "20": 0.00022288451766890494
      },
      "H_wm": 0.0,
      "C_wm": 0.0,
      "lifetime": 50
    },
    {
      "pattern_id": 10,
      "n_samples": 50,
      "W": {
        "1": 0.00012675831778305246,
        "2": 0.00012465561691527526,
        "5": 0.0,
        "10": 0.0,
        "20": 0.0
      },
      "mse_full": {
        "1": 0.00035789253034608937,
        "2": 0.00035605837588416974,
        "5": 0.0004019751165598733,
        "10": 0.0001950697462500218,
        "20": 0.0003212307373607566
      },
      "mse_env": {
        "1": 0.00048465084812914183,
        "2": 0.000480713992799445,
        "5": 0.00032103260438456015,
        "10": 0.00019476637231666992,
        "20": 0.00029676709987631466
      },
      "H_wm": 2.0,
      "C_wm": 0.00031269039272207677,
      "lifetime": 50
    },
    {
      "pattern_id": 11,
      "n_samples": 50,
      "W": {
        "1": 0.0,
        "2": 0.0,
        "5": 0.0,