{
  "metadata": {
    "substrate": "v15",
    "seed": 123,
    "C": 16,
    "N": 128,
    "snapshot_path": "/Users/jacob/fun/shape-of-experience/empirical/experiments/study_ca_affect/results/v15_s123/snapshots/cycle_029.npz",
    "experiment": "world_model",
    "n_recording_steps": 50,
    "tau_values": [
      1,
      2,
      5,
      10,
      20
    ]
  },
  "patterns": [
    {
      "pattern_id": 0,
      "n_samples": 50,
      "W": {
        "1": 0.0,
        "2": 1.244713566648305e-06,
        "5": 0.0,
        "10": 0.0,
        "20": 0.0
      },
      "mse_full": {
        "1": 9.37826360555654e-05,
        "2": 9.108880982651901e-05,
        "5": 0.00011476914558555633,
        "10": 7.296893745481268e-05,
        "20": 0.00011044326629177556
      },
      "mse_env": {
        "1": 9.277503852400162e-05,
        "2": 9.233352339316732e-05,
        "5": 7.525230701083791e-05,
        "10": 5.701340683250688e-05,
        "20": 9.654108915063748e-05
      },
      "H_wm": 2.0,
      "C_wm": 2.48942713329661e-06,
      "lifetime": 50
    },
    {
      "pattern_id": 1,
      "n_samples": 50,
      "W": {
        "1": 1.2477417901633853e-05,
        "2": 1.376502306171641e-06,
        "5": 8.049544064514278e-05,
        "10": 2.8597879068796275e-05,
        "20": 1.8856190633138985e-05
      },
      "mse_full": {
        "1": 8.15385311511421e-05,
        "2": 7.378443175930474e-05,
        "5": 4.779791681814207e-05,
        "10": 4.944977049937555e-05,
        "20": 5.072741207892393e-05
      },
      "mse_env": {
        "1": 9.401594905277596e-05,
        "2": 7.516093406547638e-05,
        "5": 0.00012829335746328486,
        "10": 7.804764956817183e-05,
        "20": 6.958360271206292e-05
      },
      "H_wm": 20.0,
      "C_wm": 0.0006397385223253983,
      "lifetime": 50
    },
    {
      "pattern_id": 2,
      "n_samples": 50,
      "W": {
        "1": 0.0,
        "2": 0.0,
        "5": 0.0,
        "10": 0.0,
        "20": 0.0
      },
      "mse_full": {
        "1": 0.0005395378172507717,
        "2": 0.00041077923800311017,
        "5": 0.0003618013306137937,
        "10": 0.00020306169094612062,
        "20": 0.0003259256237418657
      },
      "mse_env": {
        "1": 0.00012467988345443362,
        "2": 0.00013183760647837473,
        "5": 0.00011013930379278488,
        "10": 0.00011727108839667227,
        "20": 0.00016674507586913507
      },
      "H_wm": 0.0,
      "C_wm": 0.0,
      "lifetime": 50
    },
    {
      "pattern_id": 3,
      "n_samples": 50,
      "W": {
        "1": 0.0,
        "2": 0.0,
        "5": 0.0,
        "10": 0.0,
        "20": 1.5684487731675313e-05
      },
      "mse_full": {
        "1": 6.364987479478281e-05,
        "2": 5.493652301109747e-05,
        "5": 5.5385120338535834e-05,
        "10": 4.7445338062891636e-05,
        "20": 3.744409643142297e-05
      },
      "mse_env": {
        "1": 6.332838127936359e-05,
        "2": 5.211449018555795e-05,
        "5": 5.283989196617941e-05,
        "10": 3.8613500483500906e-05,
        "20": 5.312858416309828e-05
      },
      "H_wm": 20.0,
      "C_wm": 7.842243865837657e-05,
      "lifetime": 50
    },
    {
      "pattern_id": 5,
      "n_samples": 50,
      "W": {
        "1": 0.0,
        "2": 0.0,
        "5": 3.3738487573849006e-05,
        "10": 1.594553853358523e-05,
        "20": 0.0
      },
      "mse_full": {
        "1": 0.00010083066057381808,
        "2": 8.729108880306114e-05,
        "5": 6.81979273220414e-05,
        "10": 5.1311780181727034e-05,
        "20": 6.900014014007402e-05
      },
      "mse_env": {
        "1": 6.0309612451061764e-05,
        "2": 5.6004490336799e-05,
        "5": 0.00010193641489589041,
        "10": 6.725731871531226e-05,
        "20": 4.623832269760228e-05
      },
      "H_wm": 10.0,
      "C_wm": 0.00025454548929728526,
      "lifetime": 50
    },
    {
      "pattern_id": 6,
      "n_samples": 50,
      "W": {
        "1": 3.593609949359769e-06,
        "2": 5.437972192039325e-07,
        "5": 0.0,
        "10": 1.2377882852310606e-05,
        "20": 1.4271470373832535e-05
      },
      "mse_full": {
        "1": 6.318171204027274e-05,
        "2": 5.48863991593173e-05,
        "5": 8.000790935937462e-05,
        "10": 5.818593623963771e-05,
        "20": 6.604628423206375e-05
      },
      "mse_env": {
        "1": 6.67753219896325e-05,
        "2": 5.5430196378521235e-05,
        "5": 6.314279812536034e-05,
        "10": 7.056381909194832e-05,
        "20": 8.031775460589628e-05
      },
      "H_wm": 20.0,
      "C_wm": 0.00016707587267457996,
      "lifetime": 50
    },
    {
      "pattern_id": 7,
      "n_samples": 50,
      "W": {
        "1": 1.6938975131741203e-05,
        "2": 5.28508075216317e-06,
        "5": 1.3403822936197194e-05,
        "10": 4.005283325967911e-06,
        "20": 3.4837561441613705e-06
      },
      "mse_full": {
        "1": 6.310499532982884e-05,
        "2": 4.753038462763967e-05,
        "5": 6.142642158316174e-05,
        "10": 6.959761118266705e-05,
        "20": 6.239009948990085e-05
      },
      "mse_env": {
        "1": 8.004397046157004e-05,
        "2": 5.281546537980284e-05,
        "5": 7.483024451935893e-05,
        "10": 7.360289450863496e-05,
        "20": 6.587385563406222e-05
      },
      "H_wm": 20.0,
      "C_wm": 0.0001201133464805519,
      "lifetime": 50
    },
    {
      "pattern_id": 8,
      "n_samples": 50,
      "W": {
        "1": 0.0,
        "2": 0.0,
        "5": 0.0,
        "10": 0.0,
        "20": 0.0
      },
      "mse_full": {
        "1": 0.020765719357302627,
        "2": 0.008533810655213463,
        "5": 0.012162260190245883,
        "10": 0.010589203922487356,
        "20": 0.018703545250079754
      },
      "mse_env": {
        "1": 4.8238804933821705e-05,
        "2": 4.038167974364691e-05,
        "5": 3.261053557161291e-05,
        "10": 4.658756188464395e-05,
        "20": 5.9396971961773875e-05
      },
      "H_wm": 0.0,
      "C_wm": 0.0,
      "lifetime": 50
    },
    {
      "pattern_id": 9,
      "n_samples": 50,
      "W": {
        "1": 5.179522119029465e-05,
        "2": 6.31542041233014e-05,
        "5": 2.5193838429128887e-05,
        "10": 6.823008740121273e-05,
        "20": 6.632482368908491e-05
      },
      "mse_full": {
        "1": 7.630266231048714e-05,
        "2": 7.974038699260055e-05,
        "5": 5.897283449546706e-05,
        "10": 9.972504358104156e-05,
        "20": 8.6758909319678e-05
      },
      "mse_env": {
        "1": 0.0001280978835007818,
        "2": 0.00014289459111590196,
        "5": 8.416667292459595e-05,
        "10": 0.0001679551309822543,
        "20": 0.0001530837330087629
      },
      "H_wm": 20.0,
      "C_wm": 0.0010963311465127857,
      "lifetime": 50
    },
    {
      "pattern_id": 10,
      "n_samples": 50,
      "W": {
        "1": 0.0,
        "2": 0.0,
        "5": 0.0,
        "10": 0.0,
        "20": 0.0
      },
      "mse_full": {
        "1": 0.003406125628535524,
        "2": 0.0010105941491646505,
        "5": 0.0021946153637111463,
        "10": 0.0014200240599793993,
        "20": 0.003970216907653428
      },
      "mse_env": {
        "1": 6.622410494136756e-05,
        "2": 7.526746604360853e-05,
        "5": 4.9644861763198e-05,
        "10": 4.271990599130364e-05,
        "20": 5.176703840495655e-05
      },
      "H_wm": 0.0,
      "C_wm": 0.0,
      "lifetime": 50
    },
    {
      "pattern_id": 11,
      "n_samples": 50,
      "W": {
        "1": 8.079015713537691e-06,
        "2": 3.0426427463917978e-06,
        "5": 2.3349554429109376e-05,
        "10": 5.201961817501883e-05,
        "20": 8.571433893642962e-06
      },
      "mse_full": {
        "1": 5.410849505364107e-05,
        "2": 4.850796662231091e-05,
        "5": 6.231240933888905e-05,
        "10": 5.364780446235679e-05,
        "20": 3.184446593811807e-05
      },
      "mse_env": {
        "1": 6.218751076717876e-05,
        "2": 5.155060936870271e-05,