{
  "metadata": {
    "substrate": "v15",
    "seed": 123,
    "C": 16,
    "N": 128,
    "snapshot_path": "/Users/jacob/fun/shape-of-experience/empirical/experiments/study_ca_affect/results/v15_s123/snapshots/cycle_010.npz",
    "experiment": "world_model",
    "n_recording_steps": 50,
    "tau_values": [
      1,
      2,
      5,
      10,
      20
    ]
  },
  "patterns": [
    {
      "pattern_id": 0,
      "n_samples": 50,
      "W": {
        "1": 5.4767827509464705e-05,
        "2": 1.674269268112265e-05,
        "5": 0.00011848357572934127,
        "10": 0.0,
        "20": 8.894555047199378e-06
      },
      "mse_full": {
        "1": 0.0001562878201044406,
        "2": 0.00019069396913156926,
        "5": 0.00011201968085967925,
        "10": 0.00026176437784881256,
        "20": 0.00016325911198024424
      },
      "mse_env": {
        "1": 0.0002110556476139053,
        "2": 0.0002074366618126919,
        "5": 0.00023050325658902052,
        "10": 0.00020389720922412455,
        "20": 0.00017215366702744362
      },
      "H_wm": 20.0,
      "C_wm": 0.0005792763772703396,
      "lifetime": 50
    },
    {
      "pattern_id": 1,
      "n_samples": 50,
      "W": {
        "1": 4.967306346134005e-05,
        "2": 2.84303873731298e-05,
        "5": 0.0,
        "10": 0.0,
        "20": 0.0
      },
      "mse_full": {
        "1": 0.00017262417195208313,
        "2": 0.0001366763780448601,
        "5": 0.0001783715158155103,
        "10": 0.00023008249498111268,
        "20": 0.00018960691408335308
      },
      "mse_env": {
        "1": 0.00022229723541342317,
        "2": 0.0001651067654179899,
        "5": 0.000160675571484791,
        "10": 0.00021335910968992675,
        "20": 0.00011311673163342296
      },
      "H_wm": 2.0,
      "C_wm": 8.169730647692962e-05,
      "lifetime": 50
    },
    {
      "pattern_id": 2,
      "n_samples": 50,
      "W": {
        "1": 3.9081458676352746e-05,
        "2": 6.247800285364146e-05,
        "5": 6.250314209284015e-07,
        "10": 0.0,
        "20": 8.778348412678716e-06
      },
      "mse_full": {
        "1": 8.045568862847792e-05,
        "2": 5.934180356248609e-05,
        "5": 9.857877343206903e-05,
        "10": 0.00010034690886142868,
        "20": 9.060743086917211e-05
      },
      "mse_env": {
        "1": 0.00011953714730483066,
        "2": 0.00012181980641612754,
        "5": 9.920380485299743e-05,
        "10": 7.813656130636148e-05,
        "20": 9.938577928185083e-05
      },
      "H_wm": 20.0,
      "C_wm": 0.00019088860279256646,
      "lifetime": 50
    },
    {
      "pattern_id": 3,
      "n_samples": 50,
      "W": {
        "1": 0.0,
        "2": 0.0,
        "5": 1.1768019641548208e-05,
        "10": 0.0,
        "20": 4.2728209731740345e-06
      },
      "mse_full": {
        "1": 0.0001096450790869688,
        "2": 6.877801805660607e-05,
        "5": 0.0001649304582532578,
        "10": 8.49074241885223e-05,
        "20": 5.366268475851621e-05
      },
      "mse_env": {
        "1": 9.555687859313307e-05,
        "2": 5.8596336794778596e-05,
        "5": 0.000176698477894806,
        "10": 8.370348511241041e-05,
        "20": 5.793550573169024e-05
      },
      "H_wm": 20.0,
      "C_wm": 6.8436183432063e-05,
      "lifetime": 50
    },
    {
      "pattern_id": 4,
      "n_samples": 50,
      "W": {
        "1": 0.0,
        "2": 0.0,
        "5": 0.0,
        "10": 0.0,
        "20": 0.0
      },
      "mse_full": {
        "1": 0.022147323218564476,
        "2": 0.0084668551732414,
        "5": 0.00870679398092078,
        "10": 0.006610447736324904,
        "20": 0.004952413963000393
      },
      "mse_env": {
        "1": 0.0001743008546087953,
        "2": 0.00010024619550413282,
        "5": 8.027867755472343e-05,
        "10": 8.250993145680235e-05,
        "20": 9.589396902685574e-05
      },
      "H_wm": 0.0,
      "C_wm": 0.0,
      "lifetime": 50
    },
    {
      "pattern_id": 5,
      "n_samples": 50,
      "W": {
        "1": 0.0,
        "2": 0.0,
        "5": 0.0,
        "10": 0.0,
        "20": 0.0
      },
      "mse_full": {
        "1": 0.00021092156631543542,
        "2": 0.00015182830492062506,
        "5": 0.00018465555871187037,
        "10": 0.00017863626065313742,
        "20": 0.00020536375168413073
      },
      "mse_env": {
        "1": 0.00018137528755146276,
        "2": 0.00011419606706427334,
        "5": 9.278222427477514e-05,
        "10": 0.00012615135607843453,
        "20": 0.00012800117171882778
      },
      "H_wm": 0.0,
      "C_wm": 0.0,
      "lifetime": 50
    },
    {
      "pattern_id": 6,
      "n_samples": 50,
      "W": {
        "1": 0.0,
        "2": 0.0,
        "5": 0.0,
        "10": 0.0,
        "20": 0.0
      },
      "mse_full": {
        "1": 0.0010752036618301727,
        "2": 0.0005104795161466668,
        "5": 0.00017444870986441774,
        "10": 0.00014972380712306648,
        "20": 0.00018499507860941924
      },
      "mse_env": {
        "1": 0.0001718959508387531,
        "2": 0.0001341901944337173,
        "5": 5.845144408717842e-05,
        "10": 6.560761089818214e-05,
        "20": 6.890675187346795e-05
      },
      "H_wm": 0.0,
      "C_wm": 0.0,
      "lifetime": 50
    },
    {
      "pattern_id": 7,
      "n_samples": 50,
      "W": {
        "1": 0.0,
        "2": 1.5568252563002397e-05,
        "5": 0.0,
        "10": 4.4070529250375435e-05,
        "20": 1.809281404094418e-05
      },
      "mse_full": {
        "1": 0.0001909356385843089,
        "2": 0.0001222960287559322,
        "5": 0.00013860988250617078,
        "10": 0.00012117052918371205,
        "20": 0.000115112514368432
      },
      "mse_env": {
        "1": 0.00016202633382552902,
        "2": 0.00013786428131893458,
        "5": 0.00012461943152686952,
        "10": 0.00016524105843408748,
        "20": 0.00013320532840937617
      },
      "H_wm": 20.0,
      "C_wm": 0.0004521295447085414,
      "lifetime": 50
    },
    {
      "pattern_id": 8,
      "n_samples": 50,
      "W": {
        "1": 0.0,
        "2": 3.381631234947647e-05,
        "5": 2.7823498684324488e-05,
        "10": 5.236864990163767e-06,
        "20": 5.938844546020489e-05
      },
      "mse_full": {
        "1": 0.00012325129752235945,
        "2": 8.16260057373426e-05,
        "5": 6.753374432303702e-05,
        "10": 0.00013362875530717371,
        "20": 6.244515183009064e-05
      },
      "mse_env": {
        "1": 0.00011730094238592643,
        "2": 0.00011544231808681907,
        "5": 9.535724300736151e-05,
        "10": 0.00013886562029733748,
        "20": 0.00012183359729029554
      },
      "H_wm": 20.0,
      "C_wm": 0.0005151453341635036,
      "lifetime": 50
    },
    {
      "pattern_id": 9,
      "n_samples": 50,
      "W": {
        "1": 0.0,
        "2": 1.473551998966099e-06,
        "5": 0.0,
        "10": 0.0,
        "20": 0.0
      },
      "mse_full": {
        "1": 9.8305599569671e-05,
        "2": 4.9270952205729394e-05,
        "5": 8.542110174306845e-05,
        "10": 0.00013155001962673004,
        "20": 7.741610638899453e-05
      },
      "mse_env": {
        "1": 8.422934806064333e-05,
        "2": 5.074450420469549e-05,
        "5": 5.562782804117983e-05,
        "10": 5.917701743187529e-05,
        "20": 4.387463403947794e-05
      },
      "H_wm": 2.0,
      "C_wm": 2.947103997932198e-06,
      "lifetime": 50
    },
    {
      "pattern_id": 10,
      "n_samples": 50,
      "W": {
        "1": 0.0,
        "2": 0.0,
        "5": 0.0,
        "10": 0.0,
        "20": 0.0
      },
      "mse_full": {
        "1": 0.00021217376768022014,
        "2": 0.00015417043177595025,
        "5": 0.000216937318541493,
        "10": 0.00012526606164803392,
        "20": 0.00010278920690072765
      },
      "mse_env": {
        "1": 9.934810656086886e-05,
        "2": 6.569642353839774e-05,
        "5": 0.00012176998647530373,
        "10": 4.8902289285105135e-05,
        "20": 6.334504320460507e-05
      },