{
  "metadata": {
    "substrate": "v15",
    "seed": 123,
    "C": 16,
    "N": 128,
    "snapshot_path": "/Users/jacob/fun/shape-of-experience/empirical/experiments/study_ca_affect/results/v15_s123/snapshots/cycle_020.npz",
    "experiment": "world_model",
    "n_recording_steps": 50,
    "tau_values": [
      1,
      2,
      5,
      10,
      20
    ]
  },
  "patterns": [
    {
      "pattern_id": 0,
      "n_samples": 50,
      "W": {
        "1": 9.479171091879632e-05,
        "2": 5.789365581498917e-05,
        "5": 6.8678060626505195e-06,
        "10": 0.0,
        "20": 1.1713030566863332e-06
      },
      "mse_full": {
        "1": 0.00015431514322714437,
        "2": 0.00013887398653745554,
        "5": 0.00011649791506047815,
        "10": 0.0001774032798912467,
        "20": 0.00014089016933265495
      },
      "mse_env": {
        "1": 0.0002491068541459407,
        "2": 0.0001967676423524447,
        "5": 0.00012336572112312867,
        "10": 0.00017649588642753363,
        "20": 0.0001420614723893413
      },
      "H_wm": 20.0,
      "C_wm": 0.00019651090662341024,
      "lifetime": 50
    },
    {
      "pattern_id": 1,
      "n_samples": 50,
      "W": {
        "1": 0.0,
        "2": 0.0,
        "5": 0.0,
        "10": 0.0,
        "20": 0.0
      },
      "mse_full": {
        "1": 0.0007823810193753512,
        "2": 0.0010541893156318645,
        "5": 0.0008732651543450381,
        "10": 0.0015258417079824932,
        "20": 0.0010252383995416974
      },
      "mse_env": {
        "1": 0.00029559815296425416,
        "2": 0.00021672707407792286,
        "5": 0.00026261922590840793,
        "10": 0.0004986692013799211,
        "20": 0.0002108341384544837
      },
      "H_wm": 0.0,
      "C_wm": 0.0,
      "lifetime": 50
    },
    {
      "pattern_id": 2,
      "n_samples": 50,
      "W": {
        "1": 0.0,
        "2": 0.0,
        "5": 0.0,
        "10": 0.0,
        "20": 0.0
      },
      "mse_full": {
        "1": 192.85950886274446,
        "2": 95.42554675879566,
        "5": 65.39357007852067,
        "10": 75.1914334370132,
        "20": 52.21089307303625
      },
      "mse_env": {
        "1": 0.0006484953055981974,
        "2": 0.0005169321711888974,
        "5": 0.00033057099920566913,
        "10": 0.00026228804787030923,
        "20": 0.0001571976184929894
      },
      "H_wm": 0.0,
      "C_wm": 0.0,
      "lifetime": 50
    },
    {
      "pattern_id": 3,
      "n_samples": 50,
      "W": {
        "1": 0.0,
        "2": 0.0,
        "5": 0.0,
        "10": 0.0,
        "20": 0.0
      },
      "mse_full": {
        "1": 0.0006174058487170117,
        "2": 0.00038538142722318035,
        "5": 0.000368432921863896,
        "10": 0.0005767449564397277,
        "20": 0.0004013272988176508
      },
      "mse_env": {
        "1": 0.00038528721360707354,
        "2": 0.00026920964693573606,
        "5": 0.00022239784066672205,
        "10": 0.0002471229257170535,
        "20": 0.0003527265085681845
      },
      "H_wm": 0.0,
      "C_wm": 0.0,
      "lifetime": 50
    },
    {
      "pattern_id": 4,
      "n_samples": 50,
      "W": {
        "1": 0.0,
        "2": 0.0,
        "5": 0.0,
        "10": 0.0,
        "20": 0.0
      },
      "mse_full": {
        "1": 0.0058249793022391045,
        "2": 0.0017204326471332548,
        "5": 0.007528283171785928,
        "10": 0.009183429028800032,
        "20": 0.008174921049801732
      },
      "mse_env": {
        "1": 0.0002147231534937598,
        "2": 0.00021805127382490815,
        "5": 0.0003945572540508054,
        "10": 0.00017796505717995186,
        "20": 0.0003612948565694375
      },
      "H_wm": 0.0,
      "C_wm": 0.0,
      "lifetime": 50
    },
    {
      "pattern_id": 5,
      "n_samples": 50,
      "W": {
        "1": 0.0,
        "2": 0.00012576849045894197,
        "5": 6.011617597156694e-05,
        "10": 7.497398137593699e-05,
        "20": 0.0
      },
      "mse_full": {
        "1": 0.0007852561682305243,
        "2": 0.0007309570625671316,
        "5": 0.0004848404357803893,
        "10": 0.0003145703714591416,
        "20": 0.0003640047251878253
      },
      "mse_env": {
        "1": 0.0007722134412526252,
        "2": 0.0008567255530260735,
        "5": 0.0005449566117519563,
        "10": 0.0003895443528350786,
        "20": 0.0003582200290136127
      },
      "H_wm": 10.0,
      "C_wm": 0.0010543065451236791,
      "lifetime": 50
    },
    {
      "pattern_id": 6,
      "n_samples": 50,
      "W": {
        "1": 0.0,
        "2": 0.0,
        "5": 0.0,
        "10": 0.0,
        "20": 0.0
      },
      "mse_full": {
        "1": 0.0030459223029400207,
        "2": 0.002221742617686829,
        "5": 0.002493051049059313,
        "10": 0.002033767996492357,
        "20": 0.005058969376025817
      },
      "mse_env": {
        "1": 0.00023137097860435738,
        "2": 0.0001354142725577729,
        "5": 0.0004177736727447941,
        "10": 0.0002750880846156982,
        "20": 0.00032237836599179813
      },
      "H_wm": 0.0,
      "C_wm": 0.0,
      "lifetime": 50
    },
    {
      "pattern_id": 7,
      "n_samples": 50,
      "W": {
        "1": 0.00012508148204901993,
        "2": 3.0308994127676604e-05,
        "5": 0.0,
        "10": 0.0,
        "20": 1.332858414525653e-06
      },
      "mse_full": {
        "1": 0.0002670652207119829,
        "2": 0.00020679383789044652,
        "5": 0.00022379355610006158,
        "10": 0.00022293041890437447,
        "20": 0.00022801040682185383
      },
      "mse_env": {
        "1": 0.00039214670276100283,
        "2": 0.00023710283201812312,
        "5": 0.00017030753349198238,
        "10": 0.00013152416846926073,
        "20": 0.00022934326523637948
      },
      "H_wm": 20.0,
      "C_wm": 0.00012982302135249144,
      "lifetime": 50
    },
    {
      "pattern_id": 8,
      "n_samples": 50,
      "W": {
        "1": 0.0,
        "2": 0.0,
        "5": 0.00021327003387309822,
        "10": 0.0,
        "20": 0.00016682063316768682
      },
      "mse_full": {
        "1": 0.00017351906551775264,
        "2": 0.00021862826909305644,
        "5": 0.00024577196928274737,
        "10": 0.00025062923598473283,
        "20": 0.00022016212152921717
      },
      "mse_env": {
        "1": 0.00014298977523983665,
        "2": 0.00016695383924221507,
        "5": 0.0004590420031558456,
        "10": 0.00022597915481865384,
        "20": 0.000386982754696904
      },
      "H_wm": 20.0,
      "C_wm": 0.0016871833013308271,
      "lifetime": 50
    },
    {
      "pattern_id": 9,
      "n_samples": 50,
      "W": {
        "1": 0.0,
        "2": 0.0,
        "5": 0.0,
        "10": 0.0,
        "20": 0.0
      },
      "mse_full": {
        "1": 0.0814841025441332,
        "2": 0.05091124078027361,
        "5": 0.027274418318559496,
        "10": 0.009637691410637092,
        "20": 0.04642380315333542
      },
      "mse_env": {
        "1": 0.00018780415427791295,
        "2": 0.00013716256130561077,
        "5": 6.668203124453251e-05,
        "10": 7.90696410856184e-05,
        "20": 5.577004067764441e-05
      },
      "H_wm": 0.0,
      "C_wm": 0.0,
      "lifetime": 50
    },
    {
      "pattern_id": 10,
      "n_samples": 50,
      "W": {
        "1": 0.0,
        "2": 0.0,
        "5": 0.0,
        "10": 0.0,
        "20": 0.0
      },
      "mse_full": {
        "1": 0.0008742066698758475,
        "2": 0.0008474437185404457,
        "5": 0.0004724553513807741,
        "10": 0.0008011160470759093,
        "20": 0.0011307719225179217
      },
      "mse_env": {
        "1": 0.0005115842230056949,
        "2": 0.00043037116676718034,
        "5": 0.00015795032544171282,
        "10": 0.00037257836408835667,
        "20": 0.0003294410574294647
      },
      "H_wm": 0.0,
      "C_wm": 0.0,
      "lifetime": 50
    },
    {
      "pattern_id": 11,
      "n_samples": 50,
      "W": {
        "1": 0.0,
        "2": 0.0,
        "5": 0.0,
        "10": 7.690213764554292e-06,