{
  "metadata": {
    "substrate": "v15",
    "seed": 123,
    "C": 16,
    "N": 128,
    "snapshot_path": "/Users/jacob/fun/shape-of-experience/empirical/experiments/study_ca_affect/results/v15_s123/snapshots/cycle_025.npz",
    "experiment": "world_model",
    "n_recording_steps": 50,
    "tau_values": [
      1,
      2,
      5,
      10,
      20
    ]
  },
  "patterns": [
    {
      "pattern_id": 0,
      "n_samples": 50,
      "W": {
        "1": 0.0,
        "2": 0.0,
        "5": 1.869016626008762e-06,
        "10": 0.0,
        "20": 0.0
      },
      "mse_full": {
        "1": 3.1853447805346306e-05,
        "2": 4.527797865787035e-05,
        "5": 5.808640829988211e-05,
        "10": 3.696317216681117e-05,
        "20": 2.9355800252694852e-05
      },
      "mse_env": {
        "1": 2.449598832743333e-05,
        "2": 3.180890152735151e-05,
        "5": 5.995542492589087e-05,
        "10": 3.4699826587548274e-05,
        "20": 2.8508264263761856e-05
      },
      "H_wm": 5.0,
      "C_wm": 7.476066504035048e-06,
      "lifetime": 50
    },
    {
      "pattern_id": 1,
      "n_samples": 50,
      "W": {
        "1": 0.0,
        "2": 0.0,
        "5": 0.0,
        "10": 0.0,
        "20": 0.0
      },
      "mse_full": {
        "1": 0.001845811231200151,
        "2": 0.0011280950076432992,
        "5": 0.000841977208706052,
        "10": 0.0006845221126146138,
        "20": 0.0011297059501148615
      },
      "mse_env": {
        "1": 5.7687881590614026e-05,
        "2": 7.099624159749717e-05,
        "5": 4.754649063335133e-05,
        "10": 5.89112534901822e-05,
        "20": 5.568612087096586e-05
      },
      "H_wm": 0.0,
      "C_wm": 0.0,
      "lifetime": 50
    },
    {
      "pattern_id": 2,
      "n_samples": 50,
      "W": {
        "1": 0.0,
        "2": 0.0,
        "5": 0.0,
        "10": 0.0,
        "20": 0.0
      },
      "mse_full": {
        "1": 6.032025082685369e-05,
        "2": 7.628560037270486e-05,
        "5": 5.008789415031443e-05,
        "10": 7.549232695488344e-05,
        "20": 6.62239863701304e-05
      },
      "mse_env": {
        "1": 3.242828993622024e-05,
        "2": 3.5226580713333e-05,
        "5": 2.1125216132268694e-05,
        "10": 3.631239114074524e-05,
        "20": 3.409006673059653e-05
      },
      "H_wm": 0.0,
      "C_wm": 0.0,
      "lifetime": 50
    },
    {
      "pattern_id": 3,
      "n_samples": 50,
      "W": {
        "1": 5.145735225925991e-06,
        "2": 1.8143910218666544e-05,
        "5": 0.0,
        "10": 4.424072458369542e-07,
        "20": 0.0
      },
      "mse_full": {
        "1": 3.155470679923e-05,
        "2": 3.821048165274631e-05,
        "5": 4.486305675898036e-05,
        "10": 3.300208357844461e-05,
        "20": 4.551613299691253e-05
      },
      "mse_env": {
        "1": 3.670044202515599e-05,
        "2": 5.635439187141285e-05,
        "5": 3.76857317446162e-05,
        "10": 3.344449082428156e-05,
        "20": 3.605713410748252e-05
      },
      "H_wm": 10.0,
      "C_wm": 4.217874239407324e-05,
      "lifetime": 50
    },
    {
      "pattern_id": 4,
      "n_samples": 50,
      "W": {
        "1": 0.0,
        "2": 1.6236790996194419e-06,
        "5": 1.0634215913811265e-05,
        "10": 2.1819207129831193e-05,
        "20": 1.4938161854267224e-05
      },
      "mse_full": {
        "1": 6.168830945292583e-05,
        "2": 7.258069510872755e-05,
        "5": 6.29611888309677e-05,
        "10": 4.812135931512477e-05,
        "20": 9.132578852061858e-05
      },
      "mse_env": {
        "1": 5.656830431045348e-05,
        "2": 7.420437420834699e-05,
        "5": 7.359540474477897e-05,
        "10": 6.994056644495596e-05,
        "20": 0.0001062639503748858
      },
      "H_wm": 20.0,
      "C_wm": 0.00028411908459955403,
      "lifetime": 50
    },
    {
      "pattern_id": 5,
      "n_samples": 50,
      "W": {
        "1": 0.0,
        "2": 0.0,
        "5": 0.0,
        "10": 0.0,
        "20": 0.0
      },
      "mse_full": {
        "1": 0.00013017229963582398,
        "2": 9.812375443187897e-05,
        "5": 0.00013348877928461985,
        "10": 8.228790903435237e-05,
        "20": 0.00011468980022640437
      },
      "mse_env": {
        "1": 4.080499354285845e-05,
        "2": 3.476793262898878e-05,
        "5": 3.226746885394082e-05,
        "10": 3.312616578709443e-05,
        "20": 2.952116293236416e-05
      },
      "H_wm": 0.0,
      "C_wm": 0.0,
      "lifetime": 50
    },
    {
      "pattern_id": 6,
      "n_samples": 50,
      "W": {
        "1": 0.0,
        "2": 0.0,
        "5": 0.0,
        "10": 0.0,
        "20": 0.0
      },
      "mse_full": {
        "1": 3.4587696474928036e-05,
        "2": 4.214212667875413e-05,
        "5": 8.014354243476607e-05,
        "10": 6.358102223115336e-05,
        "20": 8.157962034943439e-05
      },
      "mse_env": {
        "1": 2.6415611581176527e-05,
        "2": 2.4801679053769773e-05,
        "5": 5.3700512651182434e-05,
        "10": 3.356150291296958e-05,
        "20": 5.652380664684134e-05
      },
      "H_wm": 0.0,
      "C_wm": 0.0,
      "lifetime": 50
    },
    {
      "pattern_id": 7,
      "n_samples": 50,
      "W": {
        "1": 0.0,
        "2": 6.146481886918828e-06,
        "5": 1.6423375727598436e-05,
        "10": 0.0,
        "20": 5.303283580311861e-06
      },
      "mse_full": {
        "1": 7.218530400925397e-05,
        "2": 9.10931183683249e-05,
        "5": 8.184844311607776e-05,
        "10": 8.103709898500874e-05,
        "20": 0.00019007307138504305
      },
      "mse_env": {
        "1": 6.762078435109622e-05,
        "2": 9.723960025524373e-05,
        "5": 9.82718188436762e-05,
        "10": 6.418812444491561e-05,
        "20": 0.00019537635496535491
      },
      "H_wm": 20.0,
      "C_wm": 0.00010450288458579071,
      "lifetime": 50
    },
    {
      "pattern_id": 8,
      "n_samples": 50,
      "W": {
        "1": 0.0,
        "2": 0.0,
        "5": 0.0,
        "10": 0.0,
        "20": 0.0
      },
      "mse_full": {
        "1": 8.906760679016407e-05,
        "2": 5.920825179736407e-05,
        "5": 7.938942597603737e-05,
        "10": 6.0720173088505376e-05,
        "20": 0.00010631471586147177
      },
      "mse_env": {
        "1": 4.8300186666502156e-05,
        "2": 4.712977045551392e-05,
        "5": 4.5384669930940114e-05,
        "10": 3.502447478163788e-05,
        "20": 5.776783156808649e-05
      },
      "H_wm": 0.0,
      "C_wm": 0.0,
      "lifetime": 50
    },
    {
      "pattern_id": 11,
      "n_samples": 50,
      "W": {
        "1": 2.3392623189308516e-06,
        "2": 0.0,
        "5": 8.74323490196704e-06,
        "10": 8.319012956421796e-06,
        "20": 0.0
      },
      "mse_full": {
        "1": 3.695629253633305e-05,
        "2": 4.408692070219482e-05,
        "5": 6.894484911343604e-05,
        "10": 6.018670788445481e-05,
        "20": 8.679857871653752e-05
      },
      "mse_env": {
        "1": 3.92955548552639e-05,
        "2": 3.935879000725827e-05,
        "5": 7.768808401540308e-05,
        "10": 6.850572084087661e-05,
        "20": 4.9028539519725234e-05
      },
      "H_wm": 10.0,
      "C_wm": 9.853516794049706e-05,
      "lifetime": 50
    },
    {
      "pattern_id": 13,
      "n_samples": 50,
      "W": {
        "1": 0.0,
        "2": 0.0,
        "5": 3.5479200003491894e-06,
        "10": 1.5763007725528074e-05,
        "20": 6.992105709846095e-05
      },
      "mse_full": {
        "1": 6.063261028616818e-05,
        "2": 6.610991143470501e-05,
        "5": 5.30395675347355e-05,
        "10": 5.915265641440998e-05,
        "20": 9.627699325798007e-05
      },
      "mse_env": {
        "1": 5.859354385415165e-05,
        "2": 5.3371930453681436e-05,
        "5": 5.658748753508469e-05,
        "10": 7.491566413993806e-05,
        "20": 0.00016619805035644102
      },
      "H_wm": 20.0,
      "C_wm": 0.000482019523435162,
      "lifetime": 50
    },
    {
      "pattern_id": 14,