{
  "metadata": {
    "substrate": "v18",
    "seed": 7,
    "C": 16,
    "N": 128,
    "snapshot_path": "/Users/jacob/fun/shape-of-experience/empirical/experiments/study_ca_affect/results/v18_s7/snapshots/cycle_020.npz",
    "experiment": "world_model",
    "tau_values": [
      1,
      2,
      5,
      10,
      20
    ]
  },
  "patterns": [
    {
      "pattern_id": 10,
      "n_samples": 47,
      "W": {
        "1": 0.0,
        "2": 0.0,
        "5": 0.0,
        "10": 0.0,
        "20": 0.0
      },
      "mse_full": {
        "1": 0.0008009147530844869,
        "2": 0.000738088141179413,
        "5": 0.0005605668138807108,
        "10": 0.0005745056390259884,
        "20": 0.0005505253539218088
      },
      "mse_env": {
        "1": 0.0007428827489054058,
        "2": 0.0006985811128289519,
        "5": 0.0004272811466350416,
        "10": 0.00046242622340369126,
        "20": 0.0003797445719311954
      },
      "H_wm": 0.0,
      "C_wm": 0.0,
      "lifetime": 47
    },
    {
      "pattern_id": 55,
      "n_samples": 47,
      "W": {
        "1": 0.0,
        "2": 0.0,
        "5": 0.0,
        "10": 0.0,
        "20": 0.0
      },
      "mse_full": {
        "1": 0.0008930231537753736,
        "2": 0.0007753054236127527,
        "5": 0.0011895177117732486,
        "10": 0.0006327086792273323,
        "20": 0.001197777191946351
      },
      "mse_env": {
        "1": 0.0006260832267381141,
        "2": 0.0004280830068463306,
        "5": 0.0006965901810773564,
        "10": 0.00043831163497376046,
        "20": 0.000502160484066394
      },
      "H_wm": 0.0,
      "C_wm": 0.0,
      "lifetime": 47
    },
    {
      "pattern_id": 1,
      "n_samples": 46,
      "W": {
        "1": 0.0,
        "2": 0.0,
        "5": 0.0,
        "10": 0.0,
        "20": 0.0
      },
      "mse_full": {
        "1": 0.00139823905082987,
        "2": 0.0010466472204944395,
        "5": 0.000986227753105644,
        "10": 0.000526811822561133,
        "20": 0.001184789556957614
      },
      "mse_env": {
        "1": 0.0006701113362670744,
        "2": 0.0005816014715456733,
        "5": 0.00047406174413705884,
        "10": 0.00042484415026291253,
        "20": 0.00031784628761342173
      },
      "H_wm": 0.0,
      "C_wm": 0.0,
      "lifetime": 46
    },
    {
      "pattern_id": 6,
      "n_samples": 46,
      "W": {
        "1": 0.0,
        "2": 0.0,
        "5": 0.0,
        "10": 0.0,
        "20": 0.0
      },
      "mse_full": {
        "1": 0.001308503764579569,
        "2": 0.0016617344242086884,
        "5": 0.0012758660464049763,
        "10": 0.001102174230058026,
        "20": 0.000700831037078418
      },
      "mse_env": {
        "1": 0.0006744116504941016,
        "2": 0.0005925027027640572,
        "5": 0.000740146954892383,
        "10": 0.00046619951776273404,
        "20": 0.0005170545563563097
      },
      "H_wm": 0.0,
      "C_wm": 0.0,
      "lifetime": 46
    },
    {
      "pattern_id": 16,
      "n_samples": 46,
      "W": {
        "1": 0.0,
        "2": 0.0,
        "5": 0.0,
        "10": 0.0,
        "20": 0.0
      },
      "mse_full": {
        "1": 0.014630783817229783,
        "2": 0.007538244307673888,
        "5": 0.006622080327141998,
        "10": 0.003038347665806518,
        "20": 0.009451935028150706
      },
      "mse_env": {
        "1": 0.0008971067197141334,
        "2": 0.0009691897609871078,
        "5": 0.0005508979263861237,
        "10": 0.00039926259901103083,
        "20": 0.0007541930985163795
      },
      "H_wm": 0.0,
      "C_wm": 0.0,
      "lifetime": 46
    },
    {
      "pattern_id": 26,
      "n_samples": 46,
      "W": {
        "1": 0.0,
        "2": 0.0,
        "5": 0.0,
        "10": 0.0,
        "20": 0.0
      },
      "mse_full": {
        "1": 0.0024628766629595997,
        "2": 0.0020513122066446805,
        "5": 0.001963935073646243,
        "10": 0.000993390222716543,
        "20": 0.001145006266463463
      },
      "mse_env": {
        "1": 0.0007623695756292787,
        "2": 0.0007395875126649355,
        "5": 0.0008238437179714207,
        "10": 0.0005725131280809039,
        "20": 0.0008842366121944514
      },
      "H_wm": 0.0,
      "C_wm": 0.0,
      "lifetime": 46
    },
    {
      "pattern_id": 30,
      "n_samples": 46,
      "W": {
        "1": 0.0,
        "2": 0.0,
        "5": 0.0,
        "10": 0.0,
        "20": 0.0
      },
      "mse_full": {
        "1": 0.15836326504683138,
        "2": 0.11130679804880506,
        "5": 0.03152423758289939,
        "10": 0.13910622197819505,
        "20": 0.11303390704678115
      },
      "mse_env": {
        "1": 0.0006402182151413166,
        "2": 0.0005861241181214164,
        "5": 0.0006361821922325943,
        "10": 0.0004984725403571569,
        "20": 0.0005504916432084985
      },
      "H_wm": 0.0,
      "C_wm": 0.0,
      "lifetime": 46
    },
    {
      "pattern_id": 50,
      "n_samples": 46,
      "W": {
        "1": 0.0,
        "2": 0.0,
        "5": 0.0,
        "10": 0.0,
        "20": 0.0
      },
      "mse_full": {
        "1": 0.0011629804560741787,
        "2": 0.000923105881073654,
        "5": 0.0010347211937633788,
        "10": 0.0007132570940673978,
        "20": 0.0020999783490283815
      },
      "mse_env": {
        "1": 0.0008739484070825817,
        "2": 0.0008937763452286496,
        "5": 0.000552454322950068,
        "10": 0.0006094840921942934,
        "20": 0.000857176576877873
      },
      "H_wm": 0.0,
      "C_wm": 0.0,
      "lifetime": 46
    },
    {
      "pattern_id": 8,
      "n_samples": 45,
      "W": {
        "1": 0.0,
        "2": 1.1330095208379526e-06,
        "5": 3.0411221251157685e-05,
        "10": 4.041115150397643e-05,
        "20": 0.0
      },
      "mse_full": {
        "1": 0.0008792791432958925,
        "2": 0.0005305576146795693,
        "5": 0.0004877068775663835,
        "10": 0.00046552414145491737,
        "20": 0.0007820034556999058
      },
      "mse_env": {
        "1": 0.0006867142916405092,
        "2": 0.0005316906242004072,
        "5": 0.0005181180988175412,
        "10": 0.0005059352929588938,
        "20": 0.0006496402180475519
      },
      "H_wm": 10.0,
      "C_wm": 0.00042699454032612985,
      "lifetime": 45
    },
    {
      "pattern_id": 15,
      "n_samples": 45,
      "W": {
        "1": 0.0,
        "2": 0.0,
        "5": 0.0,
        "10": 0.0,
        "20": 0.0
      },
      "mse_full": {
        "1": 0.0015336046078816637,
        "2": 0.001777165756623725,
        "5": 0.0011710904996718708,
        "10": 0.0013584394172401727,
        "20": 0.0009380112405790172
      },
      "mse_env": {
        "1": 0.0011344627035652067,
        "2": 0.001162279585197188,
        "5": 0.0005405894900250916,
        "10": 0.0006486431022469557,
        "20": 0.0004414445527435907
      },
      "H_wm": 0.0,
      "C_wm": 0.0,
      "lifetime": 45
    },
    {
      "pattern_id": 17,
      "n_samples": 45,
      "W": {
        "1": 0.0,
        "2": 0.0,
        "5": 0.0,
        "10": 0.0,
        "20": 0.0
      },
      "mse_full": {
        "1": 0.021825838320184074,
        "2": 0.032547401408167004,
        "5": 0.023459559915125567,
        "10": 0.020830599428409164,
        "20": 0.02194622056782818
      },
      "mse_env": {
        "1": 0.0011263290931983225,
        "2": 0.0008546312190988274,
        "5": 0.0007915801082310686,
        "10": 0.00046599651632131664,
        "20": 0.0004962147096050915
      },
      "H_wm": 0.0,
      "C_wm": 0.0,
      "lifetime": 45
    },
    {
      "pattern_id": 46,
      "n_samples": 45,
      "W": {
        "1": 5.239011131896406e-05,
        "2": 0.0,
        "5": 2.3561437408315907e-05,
        "10": 0.0,
        "20": 0.0
      },
      "mse_full": {
        "1": 0.0006983373164321427,
        "2": 0.0008347260049244813,
        "5": 0.0005325742730188331,
        "10": 0.0008630596195375436,
        "20": 0.0007354290275931152
      },