{
  "metadata": {
    "substrate": "v18",
    "seed": 7,
    "C": 16,
    "N": 128,
    "snapshot_path": "/Users/jacob/fun/shape-of-experience/empirical/experiments/study_ca_affect/results/v18_s7/snapshots/cycle_025.npz",
    "experiment": "world_model",
    "tau_values": [
      1,
      2,
      5,
      10,
      20
    ]
  },
  "patterns": [
    {
      "pattern_id": 0,
      "n_samples": 50,
      "W": {
        "1": 0.0,
        "2": 0.0,
        "5": 0.0,
        "10": 3.439324674506662e-05,
        "20": 0.0
      },
      "mse_full": {
        "1": 0.0010042772931492733,
        "2": 0.0010783429658769703,
        "5": 0.001113518159638805,
        "10": 0.0012180691018092236,
        "20": 0.0012141140521678543
      },
      "mse_env": {
        "1": 0.0008839314538090341,
        "2": 0.0006508400355749413,
        "5": 0.0010480532971014818,
        "10": 0.0012524623485542902,
        "20": 0.0009748959046964082
      },
      "H_wm": 10.0,
      "C_wm": 0.00025794935058799965,
      "lifetime": 50
    },
    {
      "pattern_id": 1,
      "n_samples": 50,
      "W": {
        "1": 0.0,
        "2": 0.0,
        "5": 0.0,
        "10": 0.0,
        "20": 0.0
      },
      "mse_full": {
        "1": 0.003606633753058433,
        "2": 0.0030986366348055303,
        "5": 0.0037203719195005257,
        "10": 0.004408512961245011,
        "20": 0.007879194500429712
      },
      "mse_env": {
        "1": 0.0010621172674252014,
        "2": 0.0007789746839397424,
        "5": 0.0008761486434670518,
        "10": 0.0011695150596743521,
        "20": 0.0015332494459447895
      },
      "H_wm": 0.0,
      "C_wm": 0.0,
      "lifetime": 50
    },
    {
      "pattern_id": 2,
      "n_samples": 50,
      "W": {
        "1": 0.0,
        "2": 0.0,
        "5": 0.0,
        "10": 0.0,
        "20": 0.0
      },
      "mse_full": {
        "1": 0.07069806162010528,
        "2": 0.03466728468051249,
        "5": 0.0357655472935853,
        "10": 0.02502847717329439,
        "20": 0.025774197383351783
      },
      "mse_env": {
        "1": 0.00251184813471687,
        "2": 0.00257911132147894,
        "5": 0.001997592306154141,
        "10": 0.0013767041691467885,
        "20": 0.001562157057453362
      },
      "H_wm": 0.0,
      "C_wm": 0.0,
      "lifetime": 50
    },
    {
      "pattern_id": 3,
      "n_samples": 50,
      "W": {
        "1": 0.0,
        "2": 0.0,
        "5": 0.0,
        "10": 0.0,
        "20": 0.0
      },
      "mse_full": {
        "1": 0.002670633300630279,
        "2": 0.00392588121173681,
        "5": 0.003825310322985419,
        "10": 0.003200127958671134,
        "20": 0.002389048161791044
      },
      "mse_env": {
        "1": 0.0011184334747605005,
        "2": 0.001163646964463157,
        "5": 0.0011731270143828035,
        "10": 0.0016243237670693473,
        "20": 0.0013933130433836244
      },
      "H_wm": 0.0,
      "C_wm": 0.0,
      "lifetime": 50
    },
    {
      "pattern_id": 4,
      "n_samples": 50,
      "W": {
        "1": 0.0,
        "2": 0.0,
        "5": 0.00010975347253444742,
        "10": 0.0,
        "20": 0.00015197054790959093
      },
      "mse_full": {
        "1": 0.0014758793315477435,
        "2": 0.0012642035880241465,
        "5": 0.0006439469983592188,
        "10": 0.0007189949061358448,
        "20": 0.0006373189312475952
      },
      "mse_env": {
        "1": 0.0011477730090892163,
        "2": 0.000758834823723468,
        "5": 0.0007537004708936662,
        "10": 0.0006914806148801831,
        "20": 0.0007892894791571861
      },
      "H_wm": 20.0,
      "C_wm": 0.0011988666296857443,
      "lifetime": 50
    },
    {
      "pattern_id": 5,
      "n_samples": 50,
      "W": {
        "1": 0.0,
        "2": 0.0,
        "5": 0.0,
        "10": 0.0,
        "20": 0.0
      },
      "mse_full": {
        "1": 0.005025297243036007,
        "2": 0.005607745727353771,
        "5": 0.004481489683554458,
        "10": 0.005766997214818096,
        "20": 0.004251151343939418
      },
      "mse_env": {
        "1": 0.0012209995167904626,
        "2": 0.0010047110795838136,
        "5": 0.0008829529410098603,
        "10": 0.0009715746312692252,
        "20": 0.001600540352343826
      },
      "H_wm": 0.0,
      "C_wm": 0.0,
      "lifetime": 50
    },
    {
      "pattern_id": 6,
      "n_samples": 50,
      "W": {
        "1": 0.0,
        "2": 0.0,
        "5": 0.0,
        "10": 0.0001381469369867818,
        "20": 0.0
      },
      "mse_full": {
        "1": 0.0017321631861125426,
        "2": 0.0015502708126599834,
        "5": 0.0009769270510945915,
        "10": 0.001145309892485094,
        "20": 0.0009323392477647938
      },
      "mse_env": {
        "1": 0.0016629790299606286,
        "2": 0.001229141604325116,
        "5": 0.0009046134958315995,
        "10": 0.0012834568294718758,
        "20": 0.000921329682960175
      },
      "H_wm": 10.0,
      "C_wm": 0.0010361020274008634,
      "lifetime": 50
    },
    {
      "pattern_id": 7,
      "n_samples": 50,
      "W": {
        "1": 0.0002086950537310327,
        "2": 0.00016100560522057101,
        "5": 6.879516294431686e-06,
        "10": 0.0001657051328243309,
        "20": 0.0006192281353081797
      },
      "mse_full": {
        "1": 0.0010092371391317956,
        "2": 0.0007690341063990275,
        "5": 0.0006369218572425344,
        "10": 0.0010798187872860794,
        "20": 0.0006077023159893524
      },
      "mse_env": {
        "1": 0.0012179321928628283,
        "2": 0.0009300397116195986,
        "5": 0.0006438013735369661,
        "10": 0.0012455239201104103,
        "20": 0.001226930451297532
      },
      "H_wm": 20.0,
      "C_wm": 0.004792805975207766,
      "lifetime": 50
    },
    {
      "pattern_id": 8,
      "n_samples": 50,
      "W": {
        "1": 0.0008014949992760033,
        "2": 0.00034937112818415644,
        "5": 0.00014621402724699696,
        "10": 0.0,
        "20": 2.1538149949439458e-05
      },
      "mse_full": {
        "1": 0.0015135108436468377,
        "2": 0.001593896849728025,
        "5": 0.0005606976364032296,
        "10": 0.001023683971011872,
        "20": 0.0008696090093998611
      },
      "mse_env": {
        "1": 0.002315005842922841,
        "2": 0.0019432679779121814,
        "5": 0.0007069116636502265,
        "10": 0.0006159706798047991,
        "20": 0.0008911471593493006
      },
      "H_wm": 20.0,
      "C_wm": 0.0017920366147414993,
      "lifetime": 50
    },
    {
      "pattern_id": 9,
      "n_samples": 50,
      "W": {
        "1": 7.745339397679813e-05,
        "2": 8.596190299482546e-05,
        "5": 0.00012368419948554363,
        "10": 5.073850874867214e-05,
        "20": 7.778877311846386e-06
      },
      "mse_full": {
        "1": 0.0010864851856297124,
        "2": 0.00082819062538604,
        "5": 0.0006037065626973303,
        "10": 0.001027701089256016,
        "20": 0.000712262325360657
      },
      "mse_env": {
        "1": 0.0011639385796065106,
        "2": 0.0009141525283808654,
        "5": 0.000727390762182874,
        "10": 0.0010784395980046881,
        "20": 0.0007200412026725034
      },
      "H_wm": 20.0,
      "C_wm": 0.0011248205030944974,
      "lifetime": 50
    },
    {
      "pattern_id": 10,
      "n_samples": 50,
      "W": {
        "1": 0.0,
        "2": 0.0,
        "5": 0.0,
        "10": 0.0,
        "20": 0.00013664041391202439
      },
      "mse_full": {
        "1": 0.001335017855426049,
        "2": 0.0010564142786831337,
        "5": 0.0013239058967644672,
        "10": 0.0012848799899977865,
        "20": 0.0010587730067014773
      },
      "mse_env": {
        "1": 0.0010351404257667386,
        "2": 0.0009050282311181882,
        "5": 0.0010111317664530397,
        "10": 0.0012535529229934516,
        "20": 0.0011954134206135017
      },
      "H_wm": 20.0,
      "C_wm": 0.0006832020695601219,
      "lifetime": 50
    },
    {
      "pattern_id": 11,
      "n_samples": 50,