{
  "metadata": {
    "substrate": "v18",
    "seed": 7,
    "C": 16,
    "N": 128,
    "snapshot_path": "/Users/jacob/fun/shape-of-experience/empirical/experiments/study_ca_affect/results/v18_s7/snapshots/cycle_029.npz",
    "experiment": "world_model",
    "tau_values": [
      1,
      2,
      5,
      10,
      20
    ]
  },
  "patterns": [
    {
      "pattern_id": 5,
      "n_samples": 50,
      "W": {
        "1": 0.0,
        "2": 0.0,
        "5": 0.0,
        "10": 0.0,
        "20": 0.0
      },
      "mse_full": {
        "1": 0.0759619976575655,
        "2": 0.12357522824323171,
        "5": 0.053747428022246954,
        "10": 0.06027707960296021,
        "20": 0.1812384301511223
      },
      "mse_env": {
        "1": 0.0010852383632593994,
        "2": 0.0010231198726697332,
        "5": 0.0006791949365879893,
        "10": 0.0005769714509518388,
        "20": 0.0005889775319368471
      },
      "H_wm": 0.0,
      "C_wm": 0.0,
      "lifetime": 50
    },
    {
      "pattern_id": 7,
      "n_samples": 50,
      "W": {
        "1": 0.0,
        "2": 0.0,
        "5": 0.0,
        "10": 0.0,
        "20": 0.0
      },
      "mse_full": {
        "1": 0.0007879006855677386,
        "2": 0.0007242607742821656,
        "5": 0.0008923894937619161,
        "10": 0.0011601951264063998,
        "20": 0.0009102121359828089
      },
      "mse_env": {
        "1": 0.0007222307604750538,
        "2": 0.0007229191277492738,
        "5": 0.0008641377384672348,
        "10": 0.000922824400294965,
        "20": 0.0007701534938344054
      },
      "H_wm": 0.0,
      "C_wm": 0.0,
      "lifetime": 50
    },
    {
      "pattern_id": 8,
      "n_samples": 50,
      "W": {
        "1": 0.00042002488842505603,
        "2": 0.0001519831547413486,
        "5": 0.0,
        "10": 0.00038749031923866804,
        "20": 0.0002796226589806479
      },
      "mse_full": {
        "1": 0.0006996651516885673,
        "2": 0.000798880417945871,
        "5": 0.000994838369138417,
        "10": 0.000641924794108993,
        "20": 0.0006567170186658762
      },
      "mse_env": {
        "1": 0.0011196900401136234,
        "2": 0.0009508635726872196,
        "5": 0.0009466156811746151,
        "10": 0.001029415113347661,
        "20": 0.0009363396776465241
      },
      "H_wm": 20.0,
      "C_wm": 0.004818269442888475,
      "lifetime": 50
    },
    {
      "pattern_id": 13,
      "n_samples": 50,
      "W": {
        "1": 0.0,
        "2": 0.0,
        "5": 0.0,
        "10": 0.0,
        "20": 0.0
      },
      "mse_full": {
        "1": 0.0025224176982821447,
        "2": 0.002126458741328425,
        "5": 0.00783427929933499,
        "10": 0.002514900463964143,
        "20": 0.0012925047248055744
      },
      "mse_env": {
        "1": 0.0008729787411600439,
        "2": 0.0006433665483907656,
        "5": 0.0005990610448141514,
        "10": 0.0007821076788888414,
        "20": 0.000693061715368914
      },
      "H_wm": 0.0,
      "C_wm": 0.0,
      "lifetime": 50
    },
    {
      "pattern_id": 16,
      "n_samples": 50,
      "W": {
        "1": 0.0,
        "2": 0.0,
        "5": 0.0,
        "10": 0.0,
        "20": 0.0
      },
      "mse_full": {
        "1": 0.0014283878709539697,
        "2": 0.001115104471161313,
        "5": 0.0013856899081312447,
        "10": 0.0016951474110561437,
        "20": 0.0017283542562151002
      },
      "mse_env": {
        "1": 0.0010805020430649367,
        "2": 0.001093218995060171,
        "5": 0.0009495461593575786,
        "10": 0.001131560577193535,
        "20": 0.0007750721630588807
      },
      "H_wm": 0.0,
      "C_wm": 0.0,
      "lifetime": 50
    },
    {
      "pattern_id": 19,
      "n_samples": 50,
      "W": {
        "1": 0.0,
        "2": 0.0,
        "5": 0.0,
        "10": 0.0002337993735875998,
        "20": 0.0
      },
      "mse_full": {
        "1": 0.001268077532951941,
        "2": 0.0010957075424261509,
        "5": 0.0008739737233389589,
        "10": 0.0008698087772136105,
        "20": 0.0012888780827037625
      },
      "mse_env": {
        "1": 0.0011119945171026205,
        "2": 0.0009464062984641741,
        "5": 0.0008611607144829078,
        "10": 0.0011036081508012103,
        "20": 0.0008259982963094919
      },
      "H_wm": 10.0,
      "C_wm": 0.0017534953019069986,
      "lifetime": 50
    },
    {
      "pattern_id": 22,
      "n_samples": 50,
      "W": {
        "1": 0.0,
        "2": 0.0,
        "5": 0.0,
        "10": 0.0,
        "20": 0.0
      },
      "mse_full": {
        "1": 0.0013144323572223664,
        "2": 0.0008223215499001858,
        "5": 0.0009905405803687993,
        "10": 0.0009409008506978369,
        "20": 0.0007888248668219735
      },
      "mse_env": {
        "1": 0.0006305258433431957,
        "2": 0.0005723757054414188,
        "5": 0.0006977072145096777,
        "10": 0.0008866560293084181,
        "20": 0.0007070924115947557
      },
      "H_wm": 0.0,
      "C_wm": 0.0,
      "lifetime": 50
    },
    {
      "pattern_id": 23,
      "n_samples": 50,
      "W": {
        "1": 0.0,
        "2": 0.0,
        "5": 0.0,
        "10": 0.0,
        "20": 0.0
      },
      "mse_full": {
        "1": 0.030567613416194916,
        "2": 0.018951660746953397,
        "5": 0.012906416895825001,
        "10": 0.014117703271145563,
        "20": 0.01165007866399645
      },
      "mse_env": {
        "1": 0.0013974231359032134,
        "2": 0.0010216332488265914,
        "5": 0.0010093466273411766,
        "10": 0.0012366029274165722,
        "20": 0.0006008643910877118
      },
      "H_wm": 0.0,
      "C_wm": 0.0,
      "lifetime": 50
    },
    {
      "pattern_id": 24,
      "n_samples": 50,
      "W": {
        "1": 0.0,
        "2": 0.0,
        "5": 0.0,
        "10": 0.0,
        "20": 0.0
      },
      "mse_full": {
        "1": 0.0021896280553678074,
        "2": 0.0016950662247022987,
        "5": 0.0018334202937063172,
        "10": 0.0017365417912323198,
        "20": 0.0024651676132631797
      },
      "mse_env": {
        "1": 0.0008686055048658939,
        "2": 0.0008352828807938679,
        "5": 0.001038479872900206,
        "10": 0.0012525443931408894,
        "20": 0.00045998242254104003
      },
      "H_wm": 0.0,
      "C_wm": 0.0,
      "lifetime": 50
    },
    {
      "pattern_id": 26,
      "n_samples": 50,
      "W": {
        "1": 0.0,
        "2": 5.8018177549809665e-05,
        "5": 0.0,
        "10": 0.0,
        "20": 0.0
      },
      "mse_full": {
        "1": 0.0019183446375972142,
        "2": 0.00143157240836432,
        "5": 0.0013129406088165448,
        "10": 0.0007581701896358072,
        "20": 0.0008263713567908542
      },
      "mse_env": {
        "1": 0.0018071368654610774,
        "2": 0.0014895905859141298,
        "5": 0.0012678913258010452,
        "10": 0.0005452492573897402,
        "20": 0.000809174830669913
      },
      "H_wm": 2.0,
      "C_wm": 0.00011603635509961933,
      "lifetime": 50
    },
    {
      "pattern_id": 29,
      "n_samples": 50,
      "W": {
        "1": 0.0,
        "2": 0.0003094451851928294,
        "5": 0.0,
        "10": 0.0,
        "20": 0.0
      },
      "mse_full": {
        "1": 0.0017387808639129,
        "2": 0.0011336805257517461,
        "5": 0.0015336182947851492,
        "10": 0.0012691153879629796,
        "20": 0.0011136218883137376
      },
      "mse_env": {
        "1": 0.0016936538362415658,
        "2": 0.0014431257109445755,
        "5": 0.0009474720255697882,
        "10": 0.0006008338809954177,
        "20": 0.0007477639633157605
      },
      "H_wm": 2.0,
      "C_wm": 0.0006188903703856588,
      "lifetime": 50
    },
    {
      "pattern_id": 33,
      "n_samples": 50,
      "W": {
        "1": 0.0,
        "2": 0.0,
        "5": 0.0,
        "10": 0.0,
        "20": 0.0
      },
      "mse_full": {
        "1": 0.0216765508954004,
        "2": 0.03257084357362855,
        "5": 0.0120349035890307,
        "10": 0.017528911706569762,