{
  "metadata": {
    "substrate": "v18",
    "seed": 7,
    "C": 16,
    "N": 128,
    "snapshot_path": "/Users/jacob/fun/shape-of-experience/empirical/experiments/study_ca_affect/results/v18_s7/snapshots/cycle_000.npz",
    "experiment": "world_model",
    "tau_values": [
      1,
      2,
      5,
      10,
      20
    ]
  },
  "patterns": [
    {
      "pattern_id": 32,
      "n_samples": 50,
      "W": {
        "1": 0.0,
        "2": 0.0,
        "5": 0.0,
        "10": 7.021428962945852e-06,
        "20": 0.0
      },
      "mse_full": {
        "1": 0.00039668742165067174,
        "2": 0.0004275925265608121,
        "5": 0.0007563125928405709,
        "10": 0.0003391729240781787,
        "20": 0.0004984180567546175
      },
      "mse_env": {
        "1": 0.0003730575263750843,
        "2": 0.0003275585263089963,
        "5": 0.0003646564819994253,
        "10": 0.00034619435304112457,
        "20": 0.0004015188041894947
      },
      "H_wm": 10.0,
      "C_wm": 5.266071722209389e-05,
      "lifetime": 50
    },
    {
      "pattern_id": 34,
      "n_samples": 50,
      "W": {
        "1": 0.0,
        "2": 0.0,
        "5": 0.0,
        "10": 0.0,
        "20": 0.0
      },
      "mse_full": {
        "1": 0.0011844950471154316,
        "2": 0.00109485474380828,
        "5": 0.0008714422877941989,
        "10": 0.000658931129863929,
        "20": 0.0007000139037918005
      },
      "mse_env": {
        "1": 0.0004402141412541244,
        "2": 0.00040586178254772116,
        "5": 0.00037816840105788744,
        "10": 0.0005884187921892858,
        "20": 0.00042553116199925135
      },
      "H_wm": 0.0,
      "C_wm": 0.0,
      "lifetime": 50
    },
    {
      "pattern_id": 39,
      "n_samples": 50,
      "W": {
        "1": 0.0,
        "2": 2.6793677488648623e-05,
        "5": 0.0,
        "10": 0.0,
        "20": 0.0
      },
      "mse_full": {
        "1": 0.0005341035425662069,
        "2": 0.0005565814210842667,
        "5": 0.0007655964730438474,
        "10": 0.0006965401351577086,
        "20": 0.0007818739633546987
      },
      "mse_env": {
        "1": 0.000489176234497642,
        "2": 0.0005833750985729154,
        "5": 0.0005343279487431141,
        "10": 0.00042495838016369926,
        "20": 0.0004479881344183883
      },
      "H_wm": 2.0,
      "C_wm": 5.3587354977297245e-05,
      "lifetime": 50
    },
    {
      "pattern_id": 2,
      "n_samples": 49,
      "W": {
        "1": 0.0,
        "2": 0.0,
        "5": 0.0,
        "10": 0.0,
        "20": 0.0
      },
      "mse_full": {
        "1": 0.0006187031150630512,
        "2": 0.0006040201739412569,
        "5": 0.0009078214309383702,
        "10": 0.000574121908480111,
        "20": 0.0010214724519567015
      },
      "mse_env": {
        "1": 0.000490938132942522,
        "2": 0.0005480150433643909,
        "5": 0.0006846747571024132,
        "10": 0.0004438919398260582,
        "20": 0.0007209058940166686
      },
      "H_wm": 0.0,
      "C_wm": 0.0,
      "lifetime": 49
    },
    {
      "pattern_id": 3,
      "n_samples": 49,
      "W": {
        "1": 0.0,
        "2": 0.0,
        "5": 0.0,
        "10": 0.0,
        "20": 0.0
      },
      "mse_full": {
        "1": 0.0008947135544393993,
        "2": 0.0011121008462696548,
        "5": 0.00102391858077077,
        "10": 0.0012232316136068027,
        "20": 0.0016200811833786272
      },
      "mse_env": {
        "1": 0.00039138232030958063,
        "2": 0.0004494957181405256,
        "5": 0.0007268319942269272,
        "10": 0.0007008692666403704,
        "20": 0.0006004071156678989
      },
      "H_wm": 0.0,
      "C_wm": 0.0,
      "lifetime": 49
    },
    {
      "pattern_id": 4,
      "n_samples": 49,
      "W": {
        "1": 0.0,
        "2": 0.0,
        "5": 0.0,
        "10": 3.1200537124927976e-06,
        "20": 0.0
      },
      "mse_full": {
        "1": 0.0005802246311531724,
        "2": 0.0005919362481836169,
        "5": 0.0005387869993759331,
        "10": 0.0008081429336966071,
        "20": 0.0009496228008477527
      },
      "mse_env": {
        "1": 0.00035605640062783456,
        "2": 0.0004219848050076441,
        "5": 0.0004982531085444941,
        "10": 0.0008112629874090999,
        "20": 0.0006397766166017532
      },
      "H_wm": 10.0,
      "C_wm": 2.3400402843695982e-05,
      "lifetime": 49
    },
    {
      "pattern_id": 7,
      "n_samples": 49,
      "W": {
        "1": 0.0,
        "2": 0.0,
        "5": 0.0,
        "10": 0.0,
        "20": 0.0
      },
      "mse_full": {
        "1": 0.0012249395643129794,
        "2": 0.0016189380459897436,
        "5": 0.003120557277730176,
        "10": 0.0011933362572677853,
        "20": 0.001240205579526344
      },
      "mse_env": {
        "1": 0.0007587346909178463,
        "2": 0.0007005988071693441,
        "5": 0.000651065016881304,
        "10": 0.00046535878111355396,
        "20": 0.00044357998463754125
      },
      "H_wm": 0.0,
      "C_wm": 0.0,
      "lifetime": 49
    },
    {
      "pattern_id": 11,
      "n_samples": 49,
      "W": {
        "1": 0.0,
        "2": 4.486685835279234e-05,
        "5": 0.0,
        "10": 0.0,
        "20": 0.0
      },
      "mse_full": {
        "1": 0.0006950882152105757,
        "2": 0.0006864017998152274,
        "5": 0.0007311126688549343,
        "10": 0.0008247951441134932,
        "20": 0.0009088337244432863
      },
      "mse_env": {
        "1": 0.0006853199832480523,
        "2": 0.0007312686581680197,
        "5": 0.0005431652266797691,
        "10": 0.0006685504544166413,
        "20": 0.0006332995102621339
      },
      "H_wm": 2.0,
      "C_wm": 8.973371670558468e-05,
      "lifetime": 49
    },
    {
      "pattern_id": 12,
      "n_samples": 49,
      "W": {
        "1": 0.0,
        "2": 0.0,
        "5": 0.0,
        "10": 0.0,
        "20": 0.0
      },
      "mse_full": {
        "1": 0.0013974524219627416,
        "2": 0.0009704893824689098,
        "5": 0.001637863235383381,
        "10": 0.0038287638499490454,
        "20": 0.0017073245693352338
      },
      "mse_env": {
        "1": 0.0005056095603699145,
        "2": 0.0004578201645283347,
        "5": 0.0005223667295580741,
        "10": 0.0005133206999693135,
        "20": 0.0004534887755826807
      },
      "H_wm": 0.0,
      "C_wm": 0.0,
      "lifetime": 49
    },
    {
      "pattern_id": 14,
      "n_samples": 49,
      "W": {
        "1": 0.0,
        "2": 0.0,
        "5": 0.0,
        "10": 0.0,
        "20": 0.0
      },
      "mse_full": {
        "1": 0.0006799177658075881,
        "2": 0.0007517725570816397,
        "5": 0.0007345412134970518,
        "10": 0.0005702506298433925,
        "20": 0.0006343634553372778
      },
      "mse_env": {
        "1": 0.00044577248858073646,
        "2": 0.00048459409760112475,
        "5": 0.000346843470475448,
        "10": 0.00034411036403188624,
        "20": 0.0004739357945141233
      },
      "H_wm": 0.0,
      "C_wm": 0.0,
      "lifetime": 49
    },
    {
      "pattern_id": 24,
      "n_samples": 49,
      "W": {
        "1": 0.0,
        "2": 0.0,
        "5": 0.0,
        "10": 0.0,
        "20": 0.0
      },
      "mse_full": {
        "1": 0.0006491902368108173,
        "2": 0.0009100500274569672,
        "5": 0.0005944415686045784,
        "10": 0.0008998596153439551,
        "20": 0.0007523943454690903
      },
      "mse_env": {
        "1": 0.0004170372496192315,
        "2": 0.0004957960657136506,
        "5": 0.00042184627646456047,
        "10": 0.0005051906833215436,
        "20": 0.0004930588026937816
      },
      "H_wm": 0.0,
      "C_wm": 0.0,
      "lifetime": 49
    },
    {
      "pattern_id": 38,
      "n_samples": 49,
      "W": {
        "1": 0.0,
        "2": 0.0,
        "5": 0.0,
        "10": 0.0,
        "20": 0.0
      },
      "mse_full": {
        "1": 0.009190342805200527,
        "2": 0.017661484643464277,
        "5": 0.018289062010870993,
        "10": 0.016396768540877092,