{
  "metadata": {
    "substrate": "v18",
    "seed": 7,
    "C": 16,
    "N": 128,
    "snapshot_path": "/Users/jacob/fun/shape-of-experience/empirical/experiments/study_ca_affect/results/v18_s7/snapshots/cycle_005.npz",
    "experiment": "world_model",
    "tau_values": [
      1,
      2,
      5,
      10,
      20
    ]
  },
  "patterns": [
    {
      "pattern_id": 0,
      "n_samples": 50,
      "W": {
        "1": 0.0,
        "2": 0.0,
        "5": 0.0,
        "10": 0.0,
        "20": 0.0
      },
      "mse_full": {
        "1": 0.035464680077014914,
        "2": 0.026041712865982374,
        "5": 0.04689826996671497,
        "10": 0.013367079105185262,
        "20": 0.03223884224386457
      },
      "mse_env": {
        "1": 0.00011073298023286052,
        "2": 6.950332001290935e-05,
        "5": 0.00010283033623319663,
        "10": 7.187700328145667e-05,
        "20": 9.218507587988907e-05
      },
      "H_wm": 0.0,
      "C_wm": 0.0,
      "lifetime": 50
    },
    {
      "pattern_id": 1,
      "n_samples": 50,
      "W": {
        "1": 0.0011231151803697441,
        "2": 0.0013338065528641508,
        "5": 0.001977358594424221,
        "10": 0.0014193425858060878,
        "20": 0.0005575490668750806
      },
      "mse_full": {
        "1": 0.000489462978334575,
        "2": 0.0006412698317740941,
        "5": 0.0004379826584092232,
        "10": 0.00043398732452419917,
        "20": 0.0006364280308587128
      },
      "mse_env": {
        "1": 0.0016125781587043191,
        "2": 0.001975076384638245,
        "5": 0.0024153412528334444,
        "10": 0.001853329910330287,
        "20": 0.0011939770977337934
      },
      "H_wm": 20.0,
      "C_wm": 0.02457141980153112,
      "lifetime": 50
    },
    {
      "pattern_id": 2,
      "n_samples": 50,
      "W": {
        "1": 0.0,
        "2": 0.0,
        "5": 0.0,
        "10": 0.0,
        "20": 0.0
      },
      "mse_full": {
        "1": 0.0001479026906976185,
        "2": 0.00011704647136387414,
        "5": 0.0002003834998429929,
        "10": 0.00015105744995988154,
        "20": 8.368373000422263e-05
      },
      "mse_env": {
        "1": 9.8712244364614e-05,
        "2": 8.065115577104203e-05,
        "5": 6.760822295722796e-05,
        "10": 4.165874397026827e-05,
        "20": 3.8294246950467247e-05
      },
      "H_wm": 0.0,
      "C_wm": 0.0,
      "lifetime": 50
    },
    {
      "pattern_id": 3,
      "n_samples": 50,
      "W": {
        "1": 8.200479478038202e-05,
        "2": 0.0,
        "5": 0.0001703569389683772,
        "10": 0.0,
        "20": 4.959421878502154e-05
      },
      "mse_full": {
        "1": 0.000162134498648205,
        "2": 0.00021085121657972555,
        "5": 0.000299057465491928,
        "10": 0.00015389915048046268,
        "20": 0.00016665589891334964
      },
      "mse_env": {
        "1": 0.00024413929342858703,
        "2": 0.0001930651408346897,
        "5": 0.00046941440446030523,
        "10": 0.00010071376353417967,
        "20": 0.00021625011769837118
      },
      "H_wm": 20.0,
      "C_wm": 0.0009704012471888075,
      "lifetime": 50
    },
    {
      "pattern_id": 4,
      "n_samples": 50,
      "W": {
        "1": 0.0,
        "2": 0.0,
        "5": 0.0,
        "10": 0.0,
        "20": 0.0
      },
      "mse_full": {
        "1": 0.027820392770419228,
        "2": 0.05234986269841839,
        "5": 0.06309056326764859,
        "10": 0.028546052346125384,
        "20": 0.03652769560604192
      },
      "mse_env": {
        "1": 0.0006291336409343427,
        "2": 0.0015625495157632694,
        "5": 0.0008023607506400679,
        "10": 0.0008778506414137006,
        "20": 0.0006821377196514794
      },
      "H_wm": 0.0,
      "C_wm": 0.0,
      "lifetime": 50
    },
    {
      "pattern_id": 5,
      "n_samples": 50,
      "W": {
        "1": 0.0,
        "2": 0.0,
        "5": 0.0,
        "10": 0.0,
        "20": 0.0
      },
      "mse_full": {
        "1": 0.00020268864812431707,
        "2": 0.00014222768995530947,
        "5": 0.0001395025384750064,
        "10": 0.00016398693117505807,
        "20": 0.0001970808366776487
      },
      "mse_env": {
        "1": 7.779023110343177e-05,
        "2": 6.635292428594295e-05,
        "5": 6.693086643578917e-05,
        "10": 5.110195055973985e-05,
        "20": 4.361970681704253e-05
      },
      "H_wm": 0.0,
      "C_wm": 0.0,
      "lifetime": 50
    },
    {
      "pattern_id": 6,
      "n_samples": 50,
      "W": {
        "1": 0.0,
        "2": 0.0,
        "5": 0.0,
        "10": 0.0,
        "20": 0.0
      },
      "mse_full": {
        "1": 0.0007893740008359559,
        "2": 0.0006834620237518644,
        "5": 0.0018726432899052621,
        "10": 0.0026166218611677738,
        "20": 0.002613579623046929
      },
      "mse_env": {
        "1": 8.181771823259779e-05,
        "2": 7.519591962547969e-05,
        "5": 4.767365877002501e-05,
        "10": 9.377625526600253e-05,
        "20": 8.246581869163734e-05
      },
      "H_wm": 0.0,
      "C_wm": 0.0,
      "lifetime": 50
    },
    {
      "pattern_id": 7,
      "n_samples": 50,
      "W": {
        "1": 0.0,
        "2": 0.0,
        "5": 0.0,
        "10": 0.0,
        "20": 0.0
      },
      "mse_full": {
        "1": 0.0006993763976495415,
        "2": 0.0008584510415165376,
        "5": 0.0005479948026418642,
        "10": 0.0005307904006715499,
        "20": 0.0011027672948260752
      },
      "mse_env": {
        "1": 6.827248418763194e-05,
        "2": 7.736183759032039e-05,
        "5": 9.682854122011944e-05,
        "10": 6.25308520410766e-05,
        "20": 7.861529880946608e-05
      },
      "H_wm": 0.0,
      "C_wm": 0.0,
      "lifetime": 50
    },
    {
      "pattern_id": 8,
      "n_samples": 50,
      "W": {
        "1": 0.0009038802764015696,
        "2": 0.0010962709999815575,
        "5": 1.831327112491066e-05,
        "10": 3.3430320809072406e-05,
        "20": 5.8515118425799364e-05
      },
      "mse_full": {
        "1": 0.00020932152525144073,
        "2": 0.00030182523454087617,
        "5": 0.00025503875733182764,
        "10": 0.0001242271020587094,
        "20": 0.00016663188361849265
      },
      "mse_env": {
        "1": 0.0011132018016530103,
        "2": 0.0013980962345224337,
        "5": 0.0002733520284567383,
        "10": 0.00015765742286778182,
        "20": 0.000225147002044292
      },
      "H_wm": 20.0,
      "C_wm": 0.0032610382208605824,
      "lifetime": 50
    },
    {
      "pattern_id": 9,
      "n_samples": 50,
      "W": {
        "1": 2.1149923659697417e-05,
        "2": 7.277106047279104e-06,
        "5": 7.025439774947796e-06,
        "10": 0.0,
        "20": 1.5045730444371563e-06
      },
      "mse_full": {
        "1": 8.845931389612325e-05,
        "2": 6.438404460292534e-05,
        "5": 3.891272571338023e-05,
        "10": 6.0064707524249976e-05,
        "20": 6.330168135700251e-05
      },
      "mse_env": {
        "1": 0.00010960923755582066,
        "2": 7.166115065020445e-05,
        "5": 4.5938165488328024e-05,
        "10": 3.131112958816443e-05,
        "20": 6.480625440143967e-05
      },
      "H_wm": 20.0,
      "C_wm": 6.0753798246383875e-05,
      "lifetime": 50
    },
    {
      "pattern_id": 10,
      "n_samples": 50,
      "W": {
        "1": 0.0,
        "2": 0.0,
        "5": 0.0,
        "10": 0.0,
        "20": 0.0
      },
      "mse_full": {
        "1": 0.00014643942746633202,
        "2": 0.00021367789138780987,
        "5": 0.00019826759511017267,
        "10": 0.00017557835351946372,
        "20": 0.00021893327420516897
      },
      "mse_env": {
        "1": 8.013136525102628e-05,
        "2": 6.149393728659692e-05,
        "5": 4.345193971934824e-05,
        "10": 4.001094088970661e-05,
        "20": 3.49284797150346e-05
      },
      "H_wm": 0.0,
      "C_wm": 0.0,
      "lifetime": 50
    },
    {
      "pattern_id": 11,
      "n_samples": 50,
      "W": {
        "1": 0.0,
        "2": 0.0,