{
  "seed": 42,
  "cycle": 29,
  "config": {
    "N": 256,
    "M_max": 512,
    "obs_radius": 0,
    "embed_dim": 16,
    "hidden_dim": 32,
    "n_actions": 7,
    "prey_fraction": 0.8,
    "n_patches": 12,
    "patch_radius": 20,
    "patch_min_spacing": 60,
    "patch_regen": 0.003,
    "barren_regen": 0.0,
    "compass_noise_std": 0.5,
    "signal_decay": 0.04,
    "signal_diffusion": 0.15,
    "initial_energy": 1.0,
    "resource_value": 1.5,
    "initial_resource": 0.6,
    "prey_metabolic": 0.0004,
    "prey_metabolic_barren": 0.001,
    "pred_metabolic": 0.0008,
    "predation_gain": 0.15,
    "predation_loss": 0.2,
    "stress_regen": 0.0003,
    "mutation_std": 0.03,
    "tournament_size": 4,
    "elite_fraction": 0.5,
    "activate_offspring": true,
    "drought_every": 5,
    "drought_depletion": 0.01,
    "drought_regen": 0.0,
    "chunk_size": 50,
    "steps_per_cycle": 5000,
    "n_cycles": 30,
    "obs_flat": 8,
    "n_prey": 409,
    "n_pred": 103,
    "n_params": 5079
  },
  "cycles": [
    {
      "cycle": 0,
      "n_alive_start": 127,
      "n_alive_end": 98,
      "n_prey_start": 102,
      "n_prey_end": 95,
      "n_pred_start": 25,
      "n_pred_end": 3,
      "mean_alive": 110.47739959716797,
      "mean_prey": 98.56339988708496,
      "mean_pred": 11.913999979496003,
      "mortality": 0.2283464566929134,
      "mean_phi": 0.03712032027542591,
      "phi_base": 0.034813810139894485,
      "phi_stress": 0.03476156070828438,
      "robustness": 0.998499175143423,
      "n_alive_base": 98,
      "n_alive_stress": 98,
      "elapsed_s": 1.8584012985229492
    },
    {
      "cycle": 1,
      "n_alive_start": 512,
      "n_alive_end": 432,
      "n_prey_start": 409,
      "n_prey_end": 371,
      "n_pred_start": 103,
      "n_pred_end": 61,
      "mean_alive": 470.59359588623045,
      "mean_prey": 387.8043975830078,
      "mean_pred": 82.78919956207275,
      "mortality": 0.15625,
      "mean_phi": 0.03146490342915058,
      "phi_base": 0.032091743871569635,
      "phi_stress": 0.031836945191025735,
      "robustness": 0.9920603043086845,
      "n_alive_base": 431,
      "n_alive_stress": 431,
      "elapsed_s": 1.9772298336029053
    },
    {
      "cycle": 2,
      "n_alive_start": 512,
      "n_alive_end": 438,
      "n_prey_start": 409,
      "n_prey_end": 372,
      "n_pred_start": 103,
      "n_pred_end": 66,
      "mean_alive": 472.60779571533203,
      "mean_prey": 387.19219665527345,
      "mean_pred": 85.41559959411622,
      "mortality": 0.14453125,
      "mean_phi": 0.036234918236732486,
      "phi_base": 0.035734014213085176,
      "phi_stress": 0.03601943403482437,
      "robustness": 1.0079873428167685,
      "n_alive_base": 436,
      "n_alive_stress": 436,
      "elapsed_s": 0.7764298915863037
    },
    {
      "cycle": 3,
      "n_alive_start": 512,
      "n_alive_end": 448,
      "n_prey_start": 409,
      "n_prey_end": 374,
      "n_pred_start": 103,
      "n_pred_end": 74,
      "mean_alive": 476.49879638671877,
      "mean_prey": 388.86499755859376,
      "mean_pred": 87.63379974365235,
      "mortality": 0.125,
      "mean_phi": 0.03698654323816299,
      "phi_base": 0.0382529117166996,
      "phi_stress": 0.038175374269485474,
      "robustness": 0.9979730314965729,
      "n_alive_base": 448,
      "n_alive_stress": 448,
      "elapsed_s": 0.7638208866119385
    },
    {
      "cycle": 4,
      "n_alive_start": 512,
      "n_alive_end": 440,
      "n_prey_start": 409,
      "n_prey_end": 369,
      "n_pred_start": 103,
      "n_pred_end": 71,
      "mean_alive": 469.1165960693359,
      "mean_prey": 384.8713983154297,
      "mean_pred": 84.24519966125489,
      "mortality": 0.140625,
      "mean_phi": 0.035678885877132416,
      "phi_base": 0.03602348566055298,
      "phi_stress": 0.03602635338902473,
      "robustness": 1.0000796071901197,
      "n_alive_base": 439,
      "n_alive_stress": 439,
      "elapsed_s": 0.7531521320343018
    },
    {
      "cycle": 5,
      "n_alive_start": 512,
      "n_alive_end": 0,
      "n_prey_start": 409,
      "n_prey_end": 0,
      "n_pred_start": 103,
      "n_pred_end": 0,
      "mean_alive": 146.7023972249031,
      "mean_prey": 92.57899810969829,
      "mean_pred": 54.12339972734451,
      "mortality": 1.0,
      "mean_phi": 0.021354908216744663,
      "phi_base": 0.0,
      "phi_stress": 0.0,
      "robustness": 0.0,
      "n_alive_base": 0,
      "n_alive_stress": 0,
      "elapsed_s": 0.8041167259216309
    },
    {
      "cycle": 6,
      "n_alive_start": 510,
      "n_alive_end": 401,
      "n_prey_start": 408,
      "n_prey_end": 350,
      "n_pred_start": 102,
      "n_pred_end": 51,
      "mean_alive": 446.6289959716797,
      "mean_prey": 374.06459747314454,
      "mean_pred": 72.56439975738526,
      "mortality": 0.21372549019607842,
      "mean_phi": 0.04562257900834084,
      "phi_base": 0.04611262604594231,
      "phi_stress": 0.04603825956583023,
      "robustness": 0.9983872859455458,
      "n_alive_base": 400,
      "n_alive_stress": 399,
      "elapsed_s": 0.751542329788208
    },
    {
      "cycle": 7,
      "n_alive_start": 512,
      "n_alive_end": 416,
      "n_prey_start": 409,
      "n_prey_end": 360,
      "n_pred_start": 103,
      "n_pred_end": 56,
      "mean_alive": 462.38139678955076,
      "mean_prey": 382.110598449707,
      "mean_pred": 80.27079956054688,
      "mortality": 0.1875,
      "mean_phi": 0.05033535175025463,
      "phi_base": 0.04719380885362625,
      "phi_stress": 0.047060038149356845,
      "robustness": 0.9971655031132516,
      "n_alive_base": 415,
      "n_alive_stress": 400,
      "elapsed_s": 0.7693588733673096
    },
    {
      "cycle": 8,
      "n_alive_start": 512,
      "n_alive_end": 440,
      "n_prey_start": 409,
      "n_prey_end": 378,
      "n_pred_start": 103,
      "n_pred_end": 62,
      "mean_alive": 473.97919677734376,
      "mean_prey": 394.19799865722655,
      "mean_pred": 79.7811996459961,
      "mortality": 0.140625,
      "mean_phi": 0.0479231484234333,
      "phi_base": 0.05078233629465103,
      "phi_stress": 0.050707506388425826,
      "robustness": 0.9985264579835196,
      "n_alive_base": 438,
      "n_alive_stress": 438,
      "elapsed_s": 0.7604465484619141
    },
    {
      "cycle": 9,
      "n_alive_start": 512,
      "n_alive_end": 439,
      "n_prey_start": 409,
      "n_prey_end": 373,
      "n_pred_start": 103,
      "n_pred_end": 66,
      "mean_alive": 470.8511975097656,
      "mean_prey": 389.3443991088867,
      "mean_pred": 81.50679946899415,
      "mortality": 0.142578125,
      "mean_phi": 0.051236269250512126,
      "phi_base": 0.052002689242362975,
      "phi_stress": 0.051962371170520785,
      "robustness": 0.9992246925605274,
      "n_alive_base": 437,
      "n_alive_stress": 437,
      "elapsed_s": 0.7457470893859863
    },
    {
      "cycle": 10,
      "n_alive_start": 512,
      "n_alive_end": 0,
      "n_prey_start": 409,
      "n_prey_end": 0,
      "n_pred_start": 103,
      "n_pred_end": 0,
      "mean_alive": 140.27179685175417,
      "mean_prey": 91.43899832934142,
      "mean_pred": 48.83279973566532,
      "mortality": 1.0,
      "mean_phi": 0.026381938240956516,
      "phi_base": 0.0,
      "phi_stress": 0.0,
      "robustness": 0.0,
      "n_alive_base": 0,
      "n_alive_stress": 0,
      "elapsed_s": 0.8000802993774414
    },
    {
      "cycle": 11,
      "n_alive_start": 510,
      "n_alive_end": 451,
      "n_prey_start": 408,
      "n_prey_end": 398,
      "n_pred_start": 102,
      "n_pred_end": 53,
      "mean_alive": 481.09839752197263,
      "mean_prey": 402.5801989746094,
      "mean_pred": 78.51819965362549,
      "mortality": 0.11568627450980393,
      "mean_phi": 0.04888011254370213,
      "phi_base": 0.04970118105411529,
      "phi_stress": 0.04968003109097481,
      "robustness": 0.999574457534169,
      "n_alive_base": 451,
      "n_alive_stress": 451,
      "elapsed_s": 0.7641353607177734
    },
    {
      "cycle": 12,