{
  "seed": 42,
  "cycle": 29,
  "config": {
    "N": 256,
    "M_max": 512,
    "obs_radius": 2,
    "embed_dim": 24,
    "hidden_dim": 16,
    "n_actions": 7,
    "prey_fraction": 0.8,
    "n_patches": 12,
    "patch_radius": 20,
    "patch_min_spacing": 60,
    "patch_regen": 0.003,
    "barren_regen": 0.0,
    "signal_decay": 0.04,
    "signal_diffusion": 0.15,
    "initial_energy": 1.0,
    "resource_value": 1.5,
    "initial_resource": 0.6,
    "prey_metabolic": 0.0004,
    "prey_metabolic_barren": 0.001,
    "pred_metabolic": 0.0008,
    "predation_gain": 0.15,
    "predation_loss": 0.2,
    "stress_regen": 0.0003,
    "mutation_std": 0.03,
    "tournament_size": 4,
    "elite_fraction": 0.5,
    "activate_offspring": true,
    "drought_every": 5,
    "drought_depletion": 0.01,
    "drought_regen": 0.0,
    "chunk_size": 50,
    "steps_per_cycle": 5000,
    "n_cycles": 30,
    "obs_side": 5,
    "obs_flat": 102,
    "n_prey": 409,
    "n_pred": 103,
    "n_params": 4559
  },
  "cycles": [
    {
      "cycle": 0,
      "n_alive_start": 127,
      "n_alive_end": 98,
      "n_prey_start": 102,
      "n_prey_end": 93,
      "n_pred_start": 25,
      "n_pred_end": 5,
      "mean_alive": 108.49159973144532,
      "mean_prey": 98.17019981384277,
      "mean_pred": 10.321399998664855,
      "mortality": 0.2283464566929134,
      "mean_phi": 0.10141477808356285,
      "phi_base": 0.10433233827352524,
      "phi_stress": 0.10484589785337448,
      "robustness": 1.00492234323842,
      "n_alive_base": 98,
      "n_alive_stress": 98,
      "elapsed_s": 1.8672504425048828
    },
    {
      "cycle": 1,
      "n_alive_start": 512,
      "n_alive_end": 439,
      "n_prey_start": 409,
      "n_prey_end": 367,
      "n_pred_start": 103,
      "n_pred_end": 72,
      "mean_alive": 470.7645965576172,
      "mean_prey": 383.09139862060545,
      "mean_pred": 87.67319976806641,
      "mortality": 0.142578125,
      "mean_phi": 0.10374091789126397,
      "phi_base": 0.10360907465219497,
      "phi_stress": 0.10286290496587754,
      "robustness": 0.9927982207270719,
      "n_alive_base": 436,
      "n_alive_stress": 436,
      "elapsed_s": 1.55513596534729
    },
    {
      "cycle": 2,
      "n_alive_start": 512,
      "n_alive_end": 460,
      "n_prey_start": 409,
      "n_prey_end": 390,
      "n_pred_start": 103,
      "n_pred_end": 70,
      "mean_alive": 483.4183966064453,
      "mean_prey": 396.85119873046875,
      "mean_pred": 86.56719947814942,
      "mortality": 0.1015625,
      "mean_phi": 0.1137018270790577,
      "phi_base": 0.1133142277598381,
      "phi_stress": 0.11655611544847488,
      "robustness": 1.0286097143556214,
      "n_alive_base": 457,
      "n_alive_stress": 457,
      "elapsed_s": 0.7638638019561768
    },
    {
      "cycle": 3,
      "n_alive_start": 512,
      "n_alive_end": 454,
      "n_prey_start": 409,
      "n_prey_end": 384,
      "n_pred_start": 103,
      "n_pred_end": 70,
      "mean_alive": 483.6845962524414,
      "mean_prey": 396.4517984008789,
      "mean_pred": 87.23279945373535,
      "mortality": 0.11328125,
      "mean_phi": 0.09967645332217216,
      "phi_base": 0.10001660436391831,
      "phi_stress": 0.10011100620031357,
      "robustness": 1.0009438616417308,
      "n_alive_base": 453,
      "n_alive_stress": 453,
      "elapsed_s": 0.772221565246582
    },
    {
      "cycle": 4,
      "n_alive_start": 512,
      "n_alive_end": 451,
      "n_prey_start": 409,
      "n_prey_end": 381,
      "n_pred_start": 103,
      "n_pred_end": 70,
      "mean_alive": 479.5781967163086,
      "mean_prey": 394.5085983276367,
      "mean_pred": 85.06959976196289,
      "mortality": 0.119140625,
      "mean_phi": 0.09970259293913841,
      "phi_base": 0.10329327285289765,
      "phi_stress": 0.10410440266132355,
      "robustness": 1.007852687653542,
      "n_alive_base": 448,
      "n_alive_stress": 448,
      "elapsed_s": 0.7609775066375732
    },
    {
      "cycle": 5,
      "n_alive_start": 512,
      "n_alive_end": 0,
      "n_prey_start": 409,
      "n_prey_end": 0,
      "n_pred_start": 103,
      "n_pred_end": 0,
      "mean_alive": 146.7295977705717,
      "mean_prey": 101.7947983545065,
      "mean_pred": 44.93479987323284,
      "mortality": 1.0,
      "mean_phi": 0.09939906597137452,
      "phi_base": 0.0,
      "phi_stress": 0.0,
      "robustness": 0.0,
      "n_alive_base": 0,
      "n_alive_stress": 0,
      "elapsed_s": 0.7968065738677979
    },
    {
      "cycle": 6,
      "n_alive_start": 510,
      "n_alive_end": 375,
      "n_prey_start": 408,
      "n_prey_end": 362,
      "n_pred_start": 102,
      "n_pred_end": 13,
      "mean_alive": 444.1415957641602,
      "mean_prey": 390.78859771728514,
      "mean_pred": 53.352999773025516,
      "mortality": 0.2647058823529412,
      "mean_phi": 0.10510477423667908,
      "phi_base": 0.10077414363622665,
      "phi_stress": 0.09911389499902726,
      "robustness": 0.9835250533788454,
      "n_alive_base": 375,
      "n_alive_stress": 375,
      "elapsed_s": 0.7651519775390625
    },
    {
      "cycle": 7,
      "n_alive_start": 512,
      "n_alive_end": 384,
      "n_prey_start": 409,
      "n_prey_end": 342,
      "n_pred_start": 103,
      "n_pred_end": 42,
      "mean_alive": 441.7613961791992,
      "mean_prey": 371.9469967651367,
      "mean_pred": 69.8143996810913,
      "mortality": 0.25,
      "mean_phi": 0.09275566190481185,
      "phi_base": 0.08996622115373612,
      "phi_stress": 0.08819613456726075,
      "robustness": 0.9803249868253262,
      "n_alive_base": 382,
      "n_alive_stress": 381,
      "elapsed_s": 0.7735662460327148
    },
    {
      "cycle": 8,
      "n_alive_start": 512,
      "n_alive_end": 397,
      "n_prey_start": 409,
      "n_prey_end": 348,
      "n_pred_start": 103,
      "n_pred_end": 49,
      "mean_alive": 448.19199432373046,
      "mean_prey": 373.49459686279295,
      "mean_pred": 74.69739967346192,
      "mortality": 0.224609375,
      "mean_phi": 0.09141250252723694,
      "phi_base": 0.09096122235059738,
      "phi_stress": 0.08857687562704086,
      "robustness": 0.9737872176523048,
      "n_alive_base": 397,
      "n_alive_stress": 397,
      "elapsed_s": 0.7640330791473389
    },
    {
      "cycle": 9,
      "n_alive_start": 512,
      "n_alive_end": 420,
      "n_prey_start": 409,
      "n_prey_end": 365,
      "n_pred_start": 103,
      "n_pred_end": 55,
      "mean_alive": 464.08259521484376,
      "mean_prey": 386.01619720458984,
      "mean_pred": 78.06639968872071,
      "mortality": 0.1796875,
      "mean_phi": 0.08617049306631089,
      "phi_base": 0.08608694225549698,
      "phi_stress": 0.0859783872961998,
      "robustness": 0.9987390078395978,
      "n_alive_base": 418,
      "n_alive_stress": 418,
      "elapsed_s": 0.7538509368896484
    },
    {
      "cycle": 10,
      "n_alive_start": 512,
      "n_alive_end": 0,
      "n_prey_start": 409,
      "n_prey_end": 0,
      "n_pred_start": 103,
      "n_pred_end": 0,
      "mean_alive": 149.28499723136426,
      "mean_prey": 98.94839801371097,
      "mean_pred": 50.336599804759025,
      "mortality": 1.0,
      "mean_phi": 0.17764912992715837,
      "phi_base": 0.0,
      "phi_stress": 0.0,
      "robustness": 0.0,
      "n_alive_base": 0,
      "n_alive_stress": 0,
      "elapsed_s": 0.7774052619934082
    },
    {
      "cycle": 11,
      "n_alive_start": 510,
      "n_alive_end": 463,
      "n_prey_start": 408,
      "n_prey_end": 403,
      "n_pred_start": 102,
      "n_pred_end": 60,
      "mean_alive": 489.46459716796875,
      "mean_prey": 407.00839965820313,
      "mean_pred": 82.45619956970215,
      "mortality": 0.09215686274509804,
      "mean_phi": 0.15983181148767472,
      "phi_base": 0.1561450630426407,
      "phi_stress": 0.1564296692609787,
      "robustness": 1.001822703918985,
      "n_alive_base": 463,
      "n_alive_stress": 463,
      "elapsed_s": 0.7543129920959473
    },
    {
      "cycle": 12,
      "n_alive_start": 512,