{
  "seed": 7,
  "experiment": "v29_social_prediction",
  "cycle": 29,
  "config": {
    "N": 128,
    "M_max": 256,
    "obs_radius": 2,
    "embed_dim": 24,
    "hidden_dim": 16,
    "n_actions": 7,
    "K_max": 8,
    "predict_hidden": 8,
    "resource_regen": 0.002,
    "signal_decay": 0.04,
    "signal_diffusion": 0.15,
    "metabolic_cost": 0.0004,
    "initial_energy": 1.0,
    "resource_value": 1.5,
    "initial_resource": 0.5,
    "stress_regen": 0.0002,
    "mutation_std": 0.03,
    "tournament_size": 4,
    "elite_fraction": 0.5,
    "activate_offspring": true,
    "drought_every": 5,
    "drought_depletion": 0.01,
    "drought_regen": 0.0,
    "lamarckian": false,
    "grad_every": 1,
    "chunk_size": 50,
    "steps_per_cycle": 5000,
    "n_cycles": 30,
    "obs_side": 5,
    "obs_flat": 76,
    "n_params": 4186
  },
  "cycles": [
    {
      "cycle": 0,
      "n_alive_start": 64,
      "n_alive_end": 64,
      "mortality": 0.0,
      "mean_phi": 0.08096389323472977,
      "mean_pred_mse": 0.09028734045697583,
      "pred_mse_early": 0.18057464489086947,
      "pred_mse_late": 3.6023082188307856e-08,
      "phi_base": 0.0787628397345543,
      "phi_stress": 0.07874223440885544,
      "robustness": 0.9997383877248676,
      "mean_entropy": 2.075279712677002,
      "mean_effective_K": 7.966790199279785,
      "mean_lr": 0.005017925053834915,
      "mean_drift": 1.552239179611206,
      "elapsed_s": 10.803287982940674
    },
    {
      "cycle": 1,
      "n_alive_start": 256,
      "n_alive_end": 256,
      "mortality": 0.0,
      "mean_phi": 0.07880736887454987,
      "mean_pred_mse": 0.09397546223105052,
      "pred_mse_early": 0.1879508381355032,
      "pred_mse_late": 8.632659785234864e-08,
      "phi_base": 0.07699213922023773,
      "phi_stress": 0.07702288329601288,
      "robustness": 1.0003993144766015,
      "mean_entropy": 2.0750651359558105,
      "mean_effective_K": 7.965084075927734,
      "mean_lr": 0.005030485801398754,
      "mean_drift": 1.533410906791687,
      "elapsed_s": 5.76549506187439
    },
    {
      "cycle": 2,
      "n_alive_start": 256,
      "n_alive_end": 256,
      "mortality": 0.0,
      "mean_phi": 0.0810489073395729,
      "mean_pred_mse": 0.08916642645452505,
      "pred_mse_early": 0.17833273816093453,
      "pred_mse_late": 1.1474811557832254e-07,
      "phi_base": 0.08026075065135956,
      "phi_stress": 0.08030939996242523,
      "robustness": 1.0006061407434002,
      "mean_entropy": 2.074592351913452,
      "mean_effective_K": 7.96132230758667,
      "mean_lr": 0.005042732693254948,
      "mean_drift": 1.5141122341156006,
      "elapsed_s": 5.786761045455933
    },
    {
      "cycle": 3,
      "n_alive_start": 256,
      "n_alive_end": 256,
      "mortality": 0.0,
      "mean_phi": 0.09349172562360764,
      "mean_pred_mse": 0.08501531960433198,
      "pred_mse_early": 0.17003043401152781,
      "pred_mse_late": 2.0519713615385625e-07,
      "phi_base": 0.09293409883975982,
      "phi_stress": 0.09302924126386643,
      "robustness": 1.0010237622712699,
      "mean_entropy": 2.0744571685791016,
      "mean_effective_K": 7.960251808166504,
      "mean_lr": 0.005064776167273521,
      "mean_drift": 1.4740694761276245,
      "elapsed_s": 5.792412996292114
    },
    {
      "cycle": 4,
      "n_alive_start": 256,
      "n_alive_end": 256,
      "mortality": 0.0,
      "mean_phi": 0.0892179436981678,
      "mean_pred_mse": 0.08457516616531734,
      "pred_mse_early": 0.1691498864288758,
      "pred_mse_late": 4.4590175889425155e-07,
      "phi_base": 0.08875450491905212,
      "phi_stress": 0.08876984566450119,
      "robustness": 1.000172844696312,
      "mean_entropy": 2.0739221572875977,
      "mean_effective_K": 7.955999374389648,
      "mean_lr": 0.005059918854385614,
      "mean_drift": 1.4560019969940186,
      "elapsed_s": 5.771368503570557
    },
    {
      "cycle": 5,
      "n_alive_start": 256,
      "n_alive_end": 8,
      "mortality": 0.96875,
      "mean_phi": 0.10164821892976761,
      "mean_pred_mse": 0.034862029290816283,
      "pred_mse_early": 0.05423793978989124,
      "pred_mse_late": 0.015486118791741318,
      "phi_base": 0.11028283387422562,
      "phi_stress": 0.0985534094274044,
      "robustness": 0.8936423372997624,
      "mean_entropy": 2.0721817016601562,
      "mean_effective_K": 7.942182540893555,
      "mean_lr": 0.005240015685558319,
      "mean_drift": 0.42118850350379944,
      "elapsed_s": 6.301553249359131
    },
    {
      "cycle": 6,
      "n_alive_start": 256,
      "n_alive_end": 256,
      "mortality": 0.0,
      "mean_phi": 0.10986891239881516,
      "mean_pred_mse": 0.04958886531267979,
      "pred_mse_early": 0.09917686249025451,
      "pred_mse_late": 8.681351050654484e-07,
      "phi_base": 0.11405905187129975,
      "phi_stress": 0.11407952755689621,
      "robustness": 1.000179518286892,
      "mean_entropy": 2.069981813430786,
      "mean_effective_K": 7.924710273742676,
      "mean_lr": 0.0052164108492434025,
      "mean_drift": 1.1795237064361572,
      "elapsed_s": 5.750751972198486
    },
    {
      "cycle": 7,
      "n_alive_start": 256,
      "n_alive_end": 256,
      "mortality": 0.0,
      "mean_phi": 0.10445490553975105,
      "mean_pred_mse": 0.06055670204502348,
      "pred_mse_early": 0.12111214800444259,
      "pred_mse_late": 1.2560856043819513e-06,
      "phi_base": 0.10688555985689163,
      "phi_stress": 0.1069240540266037,
      "robustness": 1.0003601437814762,
      "mean_entropy": 2.0691637992858887,
      "mean_effective_K": 7.918244361877441,
      "mean_lr": 0.005210397765040398,
      "mean_drift": 1.1696491241455078,
      "elapsed_s": 5.771614074707031
    },
    {
      "cycle": 8,
      "n_alive_start": 256,
      "n_alive_end": 256,
      "mortality": 0.0,
      "mean_phi": 0.10821245163679123,
      "mean_pred_mse": 0.06009017090404768,
      "pred_mse_early": 0.12017894012046099,
      "pred_mse_late": 1.4016876343703189e-06,
      "phi_base": 0.110814368724823,
      "phi_stress": 0.1108620971441269,
      "robustness": 1.0004307060524111,
      "mean_entropy": 2.0685901641845703,
      "mean_effective_K": 7.913715839385986,
      "mean_lr": 0.005225551314651966,
      "mean_drift": 1.1626710891723633,
      "elapsed_s": 5.769562005996704
    },
    {
      "cycle": 9,
      "n_alive_start": 256,
      "n_alive_end": 256,
      "mortality": 0.0,
      "mean_phi": 0.08466646075248718,
      "mean_pred_mse": 0.06003636822794988,
      "pred_mse_early": 0.12007134801792517,
      "pred_mse_late": 1.388437974583212e-06,
      "phi_base": 0.08790654540061951,
      "phi_stress": 0.08789910823106765,
      "robustness": 0.9999153968624525,
      "mean_entropy": 2.0674452781677246,
      "mean_effective_K": 7.904715538024902,
      "mean_lr": 0.005234870128333569,
      "mean_drift": 1.1587224006652832,
      "elapsed_s": 5.769876003265381
    },
    {
      "cycle": 10,
      "n_alive_start": 256,
      "n_alive_end": 0,
      "mortality": 1.0,
      "mean_phi": 0.07155438587069511,
      "mean_pred_mse": 0.015145645565207816,
      "pred_mse_early": 0.02766541692428291,
      "pred_mse_late": 0.002625874206132721,
      "phi_base": 0.0,
      "phi_stress": 0.0,
      "robustness": 0.0,
      "mean_entropy": 0.0,
      "mean_effective_K": 1.0,
      "mean_lr": 0.0,
      "mean_drift": 0.0,
      "elapsed_s": 6.3338024616241455
    },
    {
      "cycle": 11,
      "n_alive_start": 255,
      "n_alive_end": 255,
      "mortality": 0.0,
      "mean_phi": 0.02683273274451494,
      "mean_pred_mse": 0.056077332505456635,
      "pred_mse_early": 0.11215386020321035,
      "pred_mse_late": 8.048077029343403e-07,
      "phi_base": 0.02538285218179226,
      "phi_stress": 0.025295983999967575,
      "robustness": 0.9965776823974495,
      "mean_entropy": 2.0560221672058105,
      "mean_effective_K": 7.814847469329834,
      "mean_lr": 0.0050384593196213245,
      "mean_drift": 1.1771790981292725,