{
  "seed": 0,
  "config": {
    "N": 32,
    "M_max": 32,
    "obs_radius": 2,
    "embed_dim": 24,
    "hidden_dim": 16,
    "n_actions": 7,
    "K_max": 4,
    "resource_regen": 0.002,
    "signal_decay": 0.04,
    "signal_diffusion": 0.15,
    "metabolic_cost": 0.0004,
    "initial_energy": 1.0,
    "resource_value": 1.5,
    "initial_resource": 0.5,
    "stress_regen": 0.0002,
    "mutation_std": 0.03,
    "tournament_size": 4,
    "elite_fraction": 0.5,
    "activate_offspring": true,
    "drought_every": 2,
    "drought_depletion": 0.01,
    "drought_regen": 0.0,
    "lamarckian": false,
    "grad_every": 1,
    "chunk_size": 25,
    "steps_per_cycle": 100,
    "n_cycles": 3,
    "obs_side": 5,
    "obs_flat": 76,
    "n_params": 4055
  },
  "cycles": [
    {
      "cycle": 0,
      "n_alive_start": 8,
      "n_alive_end": 8,
      "mean_alive": 8.0,
      "mortality": 0.0,
      "mean_phi": 0.10189034789800644,
      "mean_phi_sync": 0.558131992816925,
      "mean_divergence": 36.29135643038899,
      "mean_td_error": 0.0035075142804998904,
      "td_error_early": 0.006066653062589467,
      "td_error_late": 0.0009483754984103143,
      "mean_value": 0.10029399953782558,
      "mean_grad_norm": 0.07312106806784868,
      "fitness": [
        329.58740234375,
        329.58740234375,
        329.58740234375,
        329.58740234375,
        329.58740234375,
        329.58740234375,
        329.58740234375,
        213.85145568847656,
        0.0,
        0.0,
        0.0,
        0.0,
        0.0,
        0.0,
        0.0,
        0.0,
        0.0,
        0.0,
        0.0,
        0.0,
        0.0,
        0.0,
        0.0,
        0.0,
        0.0,
        0.0,
        0.0,
        0.0,
        0.0,
        0.0,
        0.0,
        0.0
      ],
      "phi_base": 0.0997288018465042,
      "phi_stress": 0.09934645295143127,
      "robustness": 0.9961661136202015,
      "n_alive_base": 8,
      "n_alive_stress": 8,
      "tick_usage": {
        "mean_entropy": 1.382566213607788,
        "mean_effective_K": 3.9851300716400146,
        "std_effective_K": 0.01096571609377861,
        "dominant_tick_distribution": [
          1,
          1,
          0,
          6
        ],
        "tick_0_weight_mean": 0.24110813438892365,
        "tick_0_collapsed": 0.0
      },
      "sync_decay": {
        "mean_sync_decay": 0.7522140741348267,
        "std_sync_decay": 0.012409385293722153
      },
      "lr_stats": {
        "mean_lr": 0.005097491666674614,
        "std_lr": 0.000172169748111628,
        "min_lr": 0.004938365891575813,
        "max_lr": 0.005451839882880449
      },
      "gamma_stats": {
        "mean_gamma": 0.7489455938339233,
        "std_gamma": 0.008141538128256798,
        "min_gamma": 0.7427622675895691,
        "max_gamma": 0.765589714050293
      },
      "phenotype_drift": {
        "mean_drift": 0.021776210516691208,
        "max_drift": 0.08273550122976303,
        "std_drift": 0.02407282404601574
      },
      "elapsed_s": 1.3671989440917969
    },
    {
      "cycle": 1,
      "n_alive_start": 32,
      "n_alive_end": 32,
      "mean_alive": 32.0,
      "mortality": 0.0,
      "mean_phi": 0.0894509106874466,
      "mean_phi_sync": 0.6241007447242737,
      "mean_divergence": 38.68320927396417,
      "mean_td_error": 0.0032682955206837505,
      "td_error_early": 0.005686678516212851,
      "td_error_late": 0.0008499125251546502,
      "mean_value": 0.08864512667059898,
      "mean_grad_norm": 0.06771406251937151,
      "fitness": [
        329.58740234375,
        329.58740234375,
        329.58740234375,
        329.58740234375,
        329.58740234375,
        329.58740234375,
        329.58740234375,
        329.58740234375,
        329.58740234375,
        329.58740234375,
        329.58740234375,
        329.58740234375,
        329.58740234375,
        329.58740234375,
        329.58740234375,
        320.5543212890625,
        329.58740234375,
        329.58740234375,
        329.58740234375,
        329.58740234375,
        329.58740234375,
        329.58740234375,
        329.58740234375,
        329.58740234375,
        329.58740234375,
        329.58740234375,
        329.58740234375,
        329.58740234375,
        329.58740234375,
        329.58740234375,
        329.58740234375,
        329.58740234375
      ],
      "phi_base": 0.09331131726503372,
      "phi_stress": 0.09285938143730163,
      "robustness": 0.9951566879454884,
      "n_alive_base": 32,
      "n_alive_stress": 32,
      "tick_usage": {
        "mean_entropy": 1.3827261924743652,
        "mean_effective_K": 3.9857654571533203,
        "std_effective_K": 0.010247590020298958,
        "dominant_tick_distribution": [
          7,
          6,
          0,
          19
        ],
        "tick_0_weight_mean": 0.24793963134288788,
        "tick_0_collapsed": 0.0
      },
      "sync_decay": {
        "mean_sync_decay": 0.7494538426399231,
        "std_sync_decay": 0.012408162467181683
      },
      "lr_stats": {
        "mean_lr": 0.005100018344819546,
        "std_lr": 0.00016943304217420518,
        "min_lr": 0.004884681664407253,
        "max_lr": 0.005451839882880449
      },
      "gamma_stats": {
        "mean_gamma": 0.7472928762435913,
        "std_gamma": 0.007400271948426962,
        "min_gamma": 0.7367523312568665,
        "max_gamma": 0.765589714050293
      },
      "phenotype_drift": {
        "mean_drift": 0.01963653415441513,
        "max_drift": 0.08681970089673996,
        "std_drift": 0.02427358366549015
      },
      "elapsed_s": 0.18283891677856445
    },
    {
      "cycle": 2,
      "n_alive_start": 32,
      "n_alive_end": 32,
      "mean_alive": 32.0,
      "mortality": 0.0,
      "mean_phi": 0.09410355240106583,
      "mean_phi_sync": 0.6623943448066711,
      "mean_divergence": 39.18524211272597,
      "mean_td_error": 0.0004592093755491078,
      "td_error_early": 0.0005333002773113549,
      "td_error_late": 0.0003851184737868607,
      "mean_value": 0.057724970392882824,
      "mean_grad_norm": 0.03672007843852043,
      "fitness": [
        73.02852630615234,
        61.16525650024414,
        21.038646697998047,
        47.36918640136719,
        14.40461254119873,
        45.55937576293945,
        61.81753921508789,
        0.24426597356796265,
        0.24263085424900055,
        113.62928009033203,
        22.586442947387695,
        28.72052764892578,
        40.12126159667969,
        10.580473899841309,
        2.344599485397339,
        3.007020950317383,
        146.69908142089844,
        32.6873893737793,
        133.22198486328125,
        147.1975555419922,
        185.5491943359375,
        43.58379364013672,
        170.00686645507812,
        79.41438293457031,
        145.77146911621094,
        148.8732452392578,
        7.488047122955322,
        16.199228286743164,
        178.5956268310547,
        26.861021041870117,
        143.74884033203125,
        43.29765701293945
      ],
      "phi_base": 0.09642688632011413,
      "phi_stress": 0.09218560308218002,
      "robustness": 0.9560155533400293,
      "n_alive_base": 32,
      "n_alive_stress": 32,
      "tick_usage": {
        "mean_entropy": 1.3809998035430908,
        "mean_effective_K": 3.978904962539673,
        "std_effective_K": 0.014662982895970345,
        "dominant_tick_distribution": [
          9,
          6,
          0,
          17
        ],
        "tick_0_weight_mean": 0.25070130825042725,
        "tick_0_collapsed": 0.0
      },
      "sync_decay": {
        "mean_sync_decay": 0.7510523796081543,
        "std_sync_decay": 0.012735975906252861
      },
      "lr_stats": {
        "mean_lr": 0.005116231739521027,
        "std_lr": 0.00019685921142809093,
        "min_lr": 0.004738564603030682,
        "max_lr": 0.005451839882880449
      },
      "gamma_stats": {
        "mean_gamma": 0.746046781539917,
        "std_gamma": 0.007057955022901297,
        "min_gamma": 0.7306551933288574,