{
  "metadata": {
    "substrate": "v18",
    "seed": 7,
    "C": 16,
    "N": 128,
    "snapshot_path": "/Users/jacob/fun/shape-of-experience/empirical/experiments/study_ca_affect/results/v18_s7/snapshots/cycle_029.npz",
    "experiment": "self_model"
  },
  "n_results": 20,
  "cycle": 29,
  "results": [
    {
      "pattern_id": 5,
      "n_timesteps": 50,
      "rho_self": 0.0,
      "SM": {
        "1": -3684.059671370863,
        "2": -249601.81991351378,
        "5": -7667.854113664847,
        "10": -1230.3109754182688
      },
      "SM_capacity": 0.0,
      "SM_sal": 0.0,
      "f_self_mse": {
        "1": 3719.3570908078386,
        "2": 249653.0186194699,
        "5": 7720.3951943971115,
        "10": 1297.0885333933861
      },
      "f_ext_mse": {
        "1": 35.29741943697593,
        "2": 51.19870595609327,
        "5": 52.54108073226447,
        "10": 66.77755797511745
      }
    },
    {
      "pattern_id": 7,
      "n_timesteps": 50,
      "rho_self": 0.0,
      "SM": {
        "1": -110.51715010216411,
        "2": 6.097176936976346,
        "5": -21.478472310171654,
        "10": -88.76325553165822
      },
      "SM_capacity": 12.194353873952693,
      "SM_sal": 0.0,
      "f_self_mse": {
        "1": 139.229776265396,
        "2": 20.81370056877543,
        "5": 45.242303320741804,
        "10": 130.6665099182482
      },
      "f_ext_mse": {
        "1": 28.712626163231892,
        "2": 26.910877505751778,
        "5": 23.76383101057015,
        "10": 41.90325438658999
      }
    },
    {
      "pattern_id": 8,
      "n_timesteps": 50,
      "rho_self": 0.0,
      "SM": {
        "1": 19.75108454601626,
        "2": 43.877816078656124,
        "5": -693.4216678662386,
        "10": -7154.992838241419
      },
      "SM_capacity": 97.63117443032039,
      "SM_sal": 0.0,
      "f_self_mse": {
        "1": 89.1072096513428,
        "2": 92.46005746557258,
        "5": 818.6274968138109,
        "10": 7298.548115291033
      },
      "f_ext_mse": {
        "1": 108.85829419735906,
        "2": 136.3378735442287,
        "5": 125.20582894757233,
        "10": 143.55527704961435
      }
    },
    {
      "pattern_id": 13,
      "n_timesteps": 50,
      "rho_self": 0.0,
      "SM": {
        "1": -214.97783249075366,
        "2": -430.2012384613,
        "5": -250.09104649946147,
        "10": -446.7408578903712
      },
      "SM_capacity": 0.0,
      "SM_sal": 0.0,
      "f_self_mse": {
        "1": 306.2773963358832,
        "2": 556.0591276243447,
        "5": 359.3192707239983,
        "10": 768.3049641250619
      },
      "f_ext_mse": {
        "1": 91.29956384512957,
        "2": 125.85788916304469,
        "5": 109.2282242245368,
        "10": 321.5641062346907
      }
    },
    {
      "pattern_id": 16,
      "n_timesteps": 50,
      "rho_self": 0.0,
      "SM": {
        "1": -14.91830710975961,
        "2": 50.23394689825437,
        "5": 52.60538732058893,
        "10": 29.290345882485568
      },
      "SM_capacity": 384.11530778507836,
      "SM_sal": Infinity,
      "f_self_mse": {
        "1": 135.4784069811315,
        "2": 59.29900839308965,
        "5": 151.31027519893286,
        "10": 94.9089548099836
      },
      "f_ext_mse": {
        "1": 120.5600998713719,
        "2": 109.53295529134402,
        "5": 203.9156625195218,
        "10": 124.19930069246917
      }
    },
    {
      "pattern_id": 19,
      "n_timesteps": 50,
      "rho_self": 0.0,
      "SM": {
        "1": 9.184952956383011,
        "2": -19.74071219102742,
        "5": -232.67049039769896,
        "10": -27.19485350238058
      },
      "SM_capacity": 4.5924764781915055,
      "SM_sal": Infinity,
      "f_self_mse": {
        "1": 12.167509171923697,
        "2": 37.723778977604915,
        "5": 254.09994184098974,
        "10": 45.04117205140691
      },
      "f_ext_mse": {
        "1": 21.35246212830671,
        "2": 17.983066786577496,
        "5": 21.42945144329078,
        "10": 17.84631854902633
      }
    },
    {
      "pattern_id": 22,
      "n_timesteps": 50,
      "rho_self": 0.0,
      "SM": {
        "1": -5.2887940494197485,
        "2": -4.8292870691304,
        "5": 0.41145088930741647,
        "10": 0.6624298358833265
      },
      "SM_capacity": 3.301878146937982,
      "SM_sal": 0.0,
      "f_self_mse": {
        "1": 9.3141434034839,
        "2": 8.489589196051476,
        "5": 5.472688441030455,
        "10": 2.529410336792329
      },
      "f_ext_mse": {
        "1": 4.025349354064152,
        "2": 3.6603021269210756,
        "5": 5.884139330337871,
        "10": 3.1918401726756556
      }
    },
    {
      "pattern_id": 23,
      "n_timesteps": 50,
      "rho_self": 0.0,
      "SM": {
        "1": -1672.4832992438587,
        "2": -7188.231218842396,
        "5": -475.75767139555336,
        "10": -357.15644696067403
      },
      "SM_capacity": 0.0,
      "SM_sal": 0.0,
      "f_self_mse": {
        "1": 1694.9899435611362,
        "2": 7214.87191012201,
        "5": 514.4251177389966,
        "10": 396.0514803865743
      },
      "f_ext_mse": {
        "1": 22.50664431727751,
        "2": 26.64069127961478,
        "5": 38.66744634344324,
        "10": 38.89503342590029
      }
    },
    {
      "pattern_id": 24,
      "n_timesteps": 50,
      "rho_self": 0.0,
      "SM": {
        "1": -102.24816644014201,
        "2": -49.74322145651246,
        "5": -341.769489641554,
        "10": -9.39573216632239
      },
      "SM_capacity": 0.0,
      "SM_sal": Infinity,
      "f_self_mse": {
        "1": 175.31164756721546,
        "2": 95.66329673953877,
        "5": 396.7702482975777,
        "10": 67.6937358335247
      },
      "f_ext_mse": {
        "1": 73.06348112707344,
        "2": 45.92007528302631,
        "5": 55.000758656023734,
        "10": 58.29800366720231
      }
    },
    {
      "pattern_id": 26,
      "n_timesteps": 50,
      "rho_self": 0.14983049827448885,
      "SM": {
        "1": 6.737793483882077,
        "2": 1.3537190813791344,
        "5": -6.260107412550095,
        "10": -4.547953025486539
      },
      "SM_capacity": 6.076334904699308,
      "SM_sal": 0.006775064803663852,
      "f_self_mse": {
        "1": 4.404187355897655,
        "2": 9.896220601634507,
        "5": 23.840539651230653,
        "10": 15.837937119131894
      },
      "f_ext_mse": {
        "1": 11.141980839779732,
        "2": 11.249939683013642,
        "5": 17.580432238680558,
        "10": 11.289984093645355
      }
    },
    {
      "pattern_id": 29,
      "n_timesteps": 50,
      "rho_self": 0.0,
      "SM": {
        "1": -165.32599773676438,
        "2": -60.960310934519676,
        "5": -201.41633762981337,
        "10": -199.74136258444395
      },
      "SM_capacity": 0.0,
      "SM_sal": 0.0,
      "f_self_mse": {
        "1": 261.30273680577034,
        "2": 107.14119160936268,
        "5": 322.57027701752855,
        "10": 293.46018749027087
      },
      "f_ext_mse": {
        "1": 95.97673906900596,
        "2": 46.180880674843,
        "5": 121.1539393877152,
        "10": 93.71882490582692
      }
    },
    {
      "pattern_id": 33,
      "n_timesteps": 50,
      "rho_self": 0.0,
      "SM": {
        "1": -610.7722598295098,
        "2": -390.4522457616081,
        "5": -650.6473772511813,
        "10": -1149.5307596623013
      },
      "SM_capacity": 0.0,
      "SM_sal": 0.0,
      "f_self_mse": {
        "1": 623.0050692618579,
        "2": 409.4186885819255,
        "5": 672.6561324875458,
        "10": 1176.019777418275
      },
      "f_ext_mse": {
        "1": 12.232809432348109,
        "2": 18.96644282031741,
        "5": 22.008755236364497,
        "10": 26.489017755973784
      }
    },
    {
      "pattern_id": 34,
      "n_timesteps": 50,
      "rho_self": 0.0,
      "SM": {
        "1": -963156.0849681173,
        "2": -432315.9193169329,
        "5": -18004.8008275747,
        "10": -333526.92821289884
      },
      "SM_capacity": 0.0,
      "SM_sal": 0.0,