{
  "metadata": {
    "substrate": "v18",
    "seed": 7,
    "C": 16,
    "N": 128,
    "snapshot_path": "/Users/jacob/fun/shape-of-experience/empirical/experiments/study_ca_affect/results/v18_s7/snapshots/cycle_000.npz",
    "experiment": "self_model"
  },
  "n_results": 20,
  "cycle": 0,
  "results": [
    {
      "pattern_id": 32,
      "n_timesteps": 50,
      "rho_self": 0.0,
      "SM": {
        "1": 3.5739326127252795,
        "2": -3.172278960901771,
        "5": -333.48502148005826,
        "10": -368.5253439222654
      },
      "SM_capacity": 1.7869663063626398,
      "SM_sal": Infinity,
      "f_self_mse": {
        "1": 11.767351710087912,
        "2": 15.594455027935158,
        "5": 362.6214256509534,
        "10": 395.89963437464814
      },
      "f_ext_mse": {
        "1": 15.341284322813191,
        "2": 12.422176067033387,
        "5": 29.13640417089516,
        "10": 27.374290452382752
      }
    },
    {
      "pattern_id": 34,
      "n_timesteps": 50,
      "rho_self": 0.0,
      "SM": {
        "1": -4.849296895735918,
        "2": -32.07845957609717,
        "5": -199.51340167836258,
        "10": 39.02408162116495
      },
      "SM_capacity": 97.56020405291238,
      "SM_sal": 0.0,
      "f_self_mse": {
        "1": 56.31641981488102,
        "2": 89.93911645568254,
        "5": 252.83417360433114,
        "10": 111.62374902341298
      },
      "f_ext_mse": {
        "1": 51.467122919145105,
        "2": 57.86065687958537,
        "5": 53.32077192596855,
        "10": 150.64783064457794
      }
    },
    {
      "pattern_id": 39,
      "n_timesteps": 50,
      "rho_self": 0.0,
      "SM": {
        "1": 0.06260056732967456,
        "2": 7.6405055164211575,
        "5": -46.65799382655537,
        "10": -65366.647069491424
      },
      "SM_capacity": 15.312311316507152,
      "SM_sal": Infinity,
      "f_self_mse": {
        "1": 31.526255884633734,
        "2": 27.824006025832205,
        "5": 85.89791800195334,
        "10": 65412.57704507872
      },
      "f_ext_mse": {
        "1": 31.58885645196341,
        "2": 35.46451154225336,
        "5": 39.239924175397974,
        "10": 45.92997558729546
      }
    },
    {
      "pattern_id": 2,
      "n_timesteps": 49,
      "rho_self": 0.0,
      "SM": {
        "1": -3.7010374877147427,
        "2": -54.58464064102799,
        "5": -101.08842743169855,
        "10": -128.94397389914587
      },
      "SM_capacity": 0.0,
      "SM_sal": 0.0,
      "f_self_mse": {
        "1": 83.2717256604382,
        "2": 139.90416683682483,
        "5": 175.72590464029847,
        "10": 239.88978981545606
      },
      "f_ext_mse": {
        "1": 79.57068817272345,
        "2": 85.31952619579684,
        "5": 74.63747720859992,
        "10": 110.94581591631018
      }
    },
    {
      "pattern_id": 3,
      "n_timesteps": 49,
      "rho_self": 0.0,
      "SM": {
        "1": 23.30109202293729,
        "2": 9.636044812499655,
        "5": -217.54352853090353,
        "10": -57.21644433803556
      },
      "SM_capacity": 30.922635636467955,
      "SM_sal": Infinity,
      "f_self_mse": {
        "1": 38.526130821323754,
        "2": 51.31432364066977,
        "5": 282.1492134263894,
        "10": 82.56971005926621
      },
      "f_ext_mse": {
        "1": 61.827222844261044,
        "2": 60.950368453169425,
        "5": 64.60568489548588,
        "10": 25.353265721230656
      }
    },
    {
      "pattern_id": 4,
      "n_timesteps": 49,
      "rho_self": 0.0,
      "SM": {
        "1": -19.77077845520011,
        "2": -10.621880630215479,
        "5": -294.02263256951056,
        "10": -172.57568155907083
      },
      "SM_capacity": 0.0,
      "SM_sal": Infinity,
      "f_self_mse": {
        "1": 51.80477056501202,
        "2": 40.873780295337525,
        "5": 368.9624449108679,
        "10": 207.09687116533593
      },
      "f_ext_mse": {
        "1": 32.03399210981191,
        "2": 30.251899665122046,
        "5": 74.93981234135732,
        "10": 34.521189606265104
      }
    },
    {
      "pattern_id": 7,
      "n_timesteps": 49,
      "rho_self": 0.0,
      "SM": {
        "1": -4.3960344364797805,
        "2": -134.22020361840353,
        "5": -58.900006210880285,
        "10": -34.80648500839089
      },
      "SM_capacity": 0.0,
      "SM_sal": 0.0,
      "f_self_mse": {
        "1": 36.91800855416122,
        "2": 165.30125555381704,
        "5": 93.82753833500044,
        "10": 45.100232925211515
      },
      "f_ext_mse": {
        "1": 32.52197411768144,
        "2": 31.0810519354135,
        "5": 34.927532124120155,
        "10": 10.293747916820626
      }
    },
    {
      "pattern_id": 11,
      "n_timesteps": 49,
      "rho_self": 0.0,
      "SM": {
        "1": 12.896787582541233,
        "2": 13.784539339889019,
        "5": -384.49705983120737,
        "10": -266.3264286306891
      },
      "SM_capacity": 34.01747247104865,
      "SM_sal": Infinity,
      "f_self_mse": {
        "1": 22.732069407975917,
        "2": 25.063951695753037,
        "5": 428.41923209071444,
        "10": 309.4462109794695
      },
      "f_ext_mse": {
        "1": 35.62885699051715,
        "2": 38.848491035642056,
        "5": 43.9221722595071,
        "10": 43.11978234878038
      }
    },
    {
      "pattern_id": 12,
      "n_timesteps": 49,
      "rho_self": 0.0,
      "SM": {
        "1": -266.66263129397913,
        "2": -293.8808175899318,
        "5": 27.19786127813414,
        "10": -45.89065815046547
      },
      "SM_capacity": 108.79144511253656,
      "SM_sal": 0.0,
      "f_self_mse": {
        "1": 362.9434606799449,
        "2": 414.9224506343882,
        "5": 88.47213784059876,
        "10": 185.21537961464483
      },
      "f_ext_mse": {
        "1": 96.28082938596576,
        "2": 121.04163304445646,
        "5": 115.6699991187329,
        "10": 139.32472146417936
      }
    },
    {
      "pattern_id": 14,
      "n_timesteps": 49,
      "rho_self": 0.11025023013566179,
      "SM": {
        "1": 25.918105262095185,
        "2": 20.983698702472626,
        "5": 7.800310586366891,
        "10": 1.6011191907565987
      },
      "SM_capacity": 90.1304903583519,
      "SM_sal": 0.005865897485927888,
      "f_self_mse": {
        "1": 11.917500609044122,
        "2": 21.36929451001424,
        "5": 33.55370525986387,
        "10": 17.58583634122926
      },
      "f_ext_mse": {
        "1": 37.83560587113931,
        "2": 42.352993212486865,
        "5": 41.35401584623076,
        "10": 19.18695553198586
      }
    },
    {
      "pattern_id": 24,
      "n_timesteps": 49,
      "rho_self": 0.0,
      "SM": {
        "1": -42.82261095447733,
        "2": -64.1773580332617,
        "5": -75.64476524220163,
        "10": -291.1090261245039
      },
      "SM_capacity": 0.0,
      "SM_sal": 0.0,
      "f_self_mse": {
        "1": 72.15088655096989,
        "2": 103.09075976703767,
        "5": 107.51407637131953,
        "10": 331.19109978044656
      },
      "f_ext_mse": {
        "1": 29.328275596492563,
        "2": 38.91340173377597,
        "5": 31.869311129117904,
        "10": 40.082073655942665
      }
    },
    {
      "pattern_id": 38,
      "n_timesteps": 49,
      "rho_self": 0.0,
      "SM": {
        "1": -4130.10512139883,
        "2": 35.748291257866214,
        "5": -2171.6824985730645,
        "10": -87158.38869448141
      },
      "SM_capacity": 71.49658251573243,
      "SM_sal": 0.0,
      "f_self_mse": {
        "1": 4296.698097809734,
        "2": 222.54028908531532,
        "5": 2355.9056473279443,
        "10": 87381.54901278959
      },
      "f_ext_mse": {
        "1": 166.59297641090345,
        "2": 258.28858034318154,
        "5": 184.22314875487953,
        "10": 223.16031830818093
      }
    },
    {
      "pattern_id": 43,
      "n_timesteps": 49,
      "rho_self": 0.015728610608085322,
      "SM": {
        "1": -131.8189866638878,
        "2": -529.9912412317524,
        "5": -213.54698123653944,