{
  "metadata": {
    "substrate": "v18",
    "seed": 7,
    "C": 16,
    "N": 128,
    "snapshot_path": "/Users/jacob/fun/shape-of-experience/empirical/experiments/study_ca_affect/results/v18_s7/snapshots/cycle_020.npz",
    "experiment": "self_model"
  },
  "n_results": 20,
  "cycle": 20,
  "results": [
    {
      "pattern_id": 10,
      "n_timesteps": 47,
      "rho_self": 0.2645814022289076,
      "SM": {
        "1": -41.69084960174749,
        "2": 42.5159810669374,
        "5": 2.150648419698552,
        "10": 3.38604140241727
      },
      "SM_capacity": 102.0996593187122,
      "SM_sal": 0.0,
      "f_self_mse": {
        "1": 79.65557006530348,
        "2": 11.940524762838516,
        "5": 14.724760133832888,
        "10": 16.649180744695855
      },
      "f_ext_mse": {
        "1": 37.96472046355599,
        "2": 54.456505829775914,
        "5": 16.87540855353144,
        "10": 20.035222147113124
      }
    },
    {
      "pattern_id": 55,
      "n_timesteps": 47,
      "rho_self": 0.0,
      "SM": {
        "1": -19.537559720467904,
        "2": -1.424073637413521,
        "5": -2.9180433388897704,
        "10": -2595.434344186888
      },
      "SM_capacity": 0.0,
      "SM_sal": 0.0,
      "f_self_mse": {
        "1": 32.114709364178495,
        "2": 13.140589662395367,
        "5": 10.21087195686072,
        "10": 2603.1258337400445
      },
      "f_ext_mse": {
        "1": 12.57714964371059,
        "2": 11.716516024981846,
        "5": 7.292828617970949,
        "10": 7.691489553156321
      }
    },
    {
      "pattern_id": 1,
      "n_timesteps": 46,
      "rho_self": 0.0,
      "SM": {
        "1": -8.797858377094059,
        "2": -7.266403143166954,
        "5": -34.71816357013534,
        "10": -149.32590680699997
      },
      "SM_capacity": 0.0,
      "SM_sal": 0.08622325261853156,
      "f_self_mse": {
        "1": 77.51858879794656,
        "2": 66.71439379906397,
        "5": 54.996480303373176,
        "10": 172.9342582995198
      },
      "f_ext_mse": {
        "1": 68.7207304208525,
        "2": 59.447990655897016,
        "5": 20.278316733237837,
        "10": 23.60835149251983
      }
    },
    {
      "pattern_id": 6,
      "n_timesteps": 46,
      "rho_self": 0.0,
      "SM": {
        "1": -2.6044995283464907,
        "2": 2.1291348762763267,
        "5": -4.904526876677357,
        "10": -105.17252524616089
      },
      "SM_capacity": 4.258269752552653,
      "SM_sal": Infinity,
      "f_self_mse": {
        "1": 15.6865244290314,
        "2": 8.562705845666004,
        "5": 14.457781318721441,
        "10": 125.39973090620678
      },
      "f_ext_mse": {
        "1": 13.082024900684909,
        "2": 10.69184072194233,
        "5": 9.553254442044084,
        "10": 20.22720566004589
      }
    },
    {
      "pattern_id": 16,
      "n_timesteps": 46,
      "rho_self": 0.0,
      "SM": {
        "1": -114.24164791300286,
        "2": -520.440297889266,
        "5": -119.10308711342071,
        "10": -357.8303656798206
      },
      "SM_capacity": 0.0,
      "SM_sal": 0.0,
      "f_self_mse": {
        "1": 135.41218918650566,
        "2": 553.978279722277,
        "5": 136.213414121473,
        "10": 379.6931387262697
      },
      "f_ext_mse": {
        "1": 21.170541273502792,
        "2": 33.537981833010974,
        "5": 17.110327008052288,
        "10": 21.86277304644912
      }
    },
    {
      "pattern_id": 26,
      "n_timesteps": 46,
      "rho_self": 0.0,
      "SM": {
        "1": -41.69288353142903,
        "2": -47.94802312125308,
        "5": -45.765337752200544,
        "10": -11.714075312794964
      },
      "SM_capacity": 0.0,
      "SM_sal": 0.0,
      "f_self_mse": {
        "1": 45.48763814213589,
        "2": 52.518102639914524,
        "5": 50.04353629890825,
        "10": 14.463905445829372
      },
      "f_ext_mse": {
        "1": 3.7947546107068604,
        "2": 4.570079518661446,
        "5": 4.2781985467077055,
        "10": 2.749830133034407
      }
    },
    {
      "pattern_id": 30,
      "n_timesteps": 46,
      "rho_self": 0.0,
      "SM": {
        "1": -731.2746668651075,
        "2": -261.16903862363773,
        "5": -2243.909747473514,
        "10": -48.89639515849535
      },
      "SM_capacity": 0.0,
      "SM_sal": 0.0,
      "f_self_mse": {
        "1": 739.4452702907422,
        "2": 269.26778818919644,
        "5": 2251.188660812381,
        "10": 55.43631657319452
      },
      "f_ext_mse": {
        "1": 8.17060342563468,
        "2": 8.098749565558709,
        "5": 7.278913338866838,
        "10": 6.539921414699168
      }
    },
    {
      "pattern_id": 50,
      "n_timesteps": 46,
      "rho_self": 0.037723627435934,
      "SM": {
        "1": 42.398178006398894,
        "2": -84.2284946448101,
        "5": -2388.440961525337,
        "10": -410.545831657143
      },
      "SM_capacity": 21.199089003199447,
      "SM_sal": Infinity,
      "f_self_mse": {
        "1": 21.53606732844393,
        "2": 127.31184307196872,
        "5": 2485.638973913964,
        "10": 510.26801760688215
      },
      "f_ext_mse": {
        "1": 63.93424533484283,
        "2": 43.08334842715862,
        "5": 97.19801238862678,
        "10": 99.72218594973913
      }
    },
    {
      "pattern_id": 8,
      "n_timesteps": 45,
      "rho_self": 0.07003724247366025,
      "SM": {
        "1": -51.40577599733549,
        "2": -60.252665741871816,
        "5": 32.75576620500665,
        "10": -56.19825032196517
      },
      "SM_capacity": 131.0230648200266,
      "SM_sal": 0.0,
      "f_self_mse": {
        "1": 98.29605341306035,
        "2": 100.42341311761062,
        "5": 29.326051255496747,
        "10": 113.75871181575833
      },
      "f_ext_mse": {
        "1": 46.89027741572486,
        "2": 40.170747375738806,
        "5": 62.081817460503395,
        "10": 57.56046149379316
      }
    },
    {
      "pattern_id": 15,
      "n_timesteps": 45,
      "rho_self": 0.0,
      "SM": {
        "1": -231.59985425995762,
        "2": -105.89482960290147,
        "5": -484.4727837572128,
        "10": -31.372729058014563
      },
      "SM_capacity": 0.0,
      "SM_sal": 0.0,
      "f_self_mse": {
        "1": 261.3532093111602,
        "2": 131.9832551264066,
        "5": 507.3916882764158,
        "10": 54.25007813406289
      },
      "f_ext_mse": {
        "1": 29.753355051202554,
        "2": 26.08842552350513,
        "5": 22.91890451920295,
        "10": 22.877349076048326
      }
    },
    {
      "pattern_id": 17,
      "n_timesteps": 45,
      "rho_self": 0.0,
      "SM": {
        "1": -3887.938940115575,
        "2": -1428.470082411054,
        "5": -1840.9413564939862,
        "10": -1847.332184805604
      },
      "SM_capacity": 0.0,
      "SM_sal": 0.0,
      "f_self_mse": {
        "1": 3940.037306559344,
        "2": 1505.8317350025425,
        "5": 1914.2566070166388,
        "10": 1999.3326434006874
      },
      "f_ext_mse": {
        "1": 52.09836644376899,
        "2": 77.36165259148865,
        "5": 73.31525052265252,
        "10": 152.0004585950836
      }
    },
    {
      "pattern_id": 46,
      "n_timesteps": 45,
      "rho_self": 0.0,
      "SM": {
        "1": -3.04076039367272,
        "2": -0.23370963837328862,
        "5": -22.341688653440325,
        "10": -0.4661013991224596
      },
      "SM_capacity": 0.0,
      "SM_sal": 0.0,
      "f_self_mse": {
        "1": 6.796997813782579,
        "2": 5.806350664347081,
        "5": 27.629442394941712,
        "10": 5.36720296847024
      },
      "f_ext_mse": {
        "1": 3.7562374201098594,
        "2": 5.572641025973792,
        "5": 5.287753741501386,
        "10": 4.90110156934778
      }
    },
    {
      "pattern_id": 7,
      "n_timesteps": 44,
      "rho_self": 0.04949962703536556,
      "SM": {
        "1": -147.8962712798134,
        "2": 5.898891669902966,
        "5": -172.90851969787786,
        "10": -22.356127736380394
      },
      "SM_capacity": 11.797783339805932,