{
  "metadata": {
    "substrate": "v18",
    "seed": 7,
    "C": 16,
    "N": 128,
    "snapshot_path": "/Users/jacob/fun/shape-of-experience/empirical/experiments/study_ca_affect/results/v18_s7/snapshots/cycle_005.npz",
    "experiment": "self_model"
  },
  "n_results": 19,
  "cycle": 5,
  "results": [
    {
      "pattern_id": 0,
      "n_timesteps": 50,
      "rho_self": 0.0,
      "SM": {
        "1": -6531.384149566882,
        "2": -19992.501499346996,
        "5": -38413.59494351628,
        "10": 52.44724588576963
      },
      "SM_capacity": 131.11811471442408,
      "SM_sal": 0.0,
      "f_self_mse": {
        "1": 6666.054506222936,
        "2": 20140.747454327375,
        "5": 38484.56113681477,
        "10": 266.44138031211816
      },
      "f_ext_mse": {
        "1": 134.67035665605346,
        "2": 148.2459549803779,
        "5": 70.96619329849909,
        "10": 318.8886261978878
      }
    },
    {
      "pattern_id": 1,
      "n_timesteps": 50,
      "rho_self": 0.0,
      "SM": {
        "1": 509.24021142789155,
        "2": 549.7703420136025,
        "5": 776.6686389279391,
        "10": 226.15055364502962
      },
      "SM_capacity": 5026.211729565481,
      "SM_sal": 9.320415603894531,
      "f_self_mse": {
        "1": 1.8698677042237832,
        "2": 12.942140760736715,
        "5": 10.932214034342888,
        "10": 6.313469095570303
      },
      "f_ext_mse": {
        "1": 511.11007913211535,
        "2": 562.7124827743393,
        "5": 787.600852962282,
        "10": 232.46402274059992
      }
    },
    {
      "pattern_id": 2,
      "n_timesteps": 50,
      "rho_self": 0.0,
      "SM": {
        "1": -1.7325320136642406,
        "2": -2.7036272839312256,
        "5": -2.343026377485524,
        "10": -2.416982942469489
      },
      "SM_capacity": 0.0,
      "SM_sal": 0.0,
      "f_self_mse": {
        "1": 3.184125067238456,
        "2": 4.464892381731045,
        "5": 3.7934153701078452,
        "10": 5.236187785255649
      },
      "f_ext_mse": {
        "1": 1.4515930535742154,
        "2": 1.7612650977998192,
        "5": 1.4503889926223212,
        "10": 2.81920484278616
      }
    },
    {
      "pattern_id": 3,
      "n_timesteps": 50,
      "rho_self": 0.23500198696706304,
      "SM": {
        "1": 223.64181052164054,
        "2": 247.15558135670494,
        "5": -5.101962867233617,
        "10": 11.948535714327175
      },
      "SM_capacity": 636.0034072600481,
      "SM_sal": 3.422094614292072,
      "f_self_mse": {
        "1": 50.171259159268956,
        "2": 31.39491483383069,
        "5": 55.40662676453221,
        "10": 13.272883264954245
      },
      "f_ext_mse": {
        "1": 273.8130696809095,
        "2": 278.5504961905356,
        "5": 50.304663897298596,
        "10": 25.22141897928142
      }
    },
    {
      "pattern_id": 4,
      "n_timesteps": 50,
      "rho_self": 0.0,
      "SM": {
        "1": 1335.0301183963797,
        "2": -487.28955361639856,
        "5": -314577.20284157945,
        "10": -81541.64548741856
      },
      "SM_capacity": 667.5150591981899,
      "SM_sal": 0.0,
      "f_self_mse": {
        "1": 486.37657120984807,
        "2": 671.7262909052761,
        "5": 316284.08127425535,
        "10": 81594.98624525861
      },
      "f_ext_mse": {
        "1": 1821.406689606228,
        "2": 184.4367372888775,
        "5": 1706.8784326758862,
        "10": 53.34075784005414
      }
    },
    {
      "pattern_id": 5,
      "n_timesteps": 50,
      "rho_self": 0.0,
      "SM": {
        "1": -461.87789106795617,
        "2": -115.30990094330926,
        "5": -30.88248749407248,
        "10": -56.60640960238018
      },
      "SM_capacity": 0.0,
      "SM_sal": 0.0,
      "f_self_mse": {
        "1": 498.3813967529428,
        "2": 155.1422631284844,
        "5": 67.54610050457703,
        "10": 76.81160703304235
      },
      "f_ext_mse": {
        "1": 36.503505684986614,
        "2": 39.83236218517513,
        "5": 36.66361301050455,
        "10": 20.205197430662167
      }
    },
    {
      "pattern_id": 6,
      "n_timesteps": 50,
      "rho_self": 0.0,
      "SM": {
        "1": -13631.229829886242,
        "2": -4671.9402415980185,
        "5": -4977.651666548907,
        "10": -170.26682314533548
      },
      "SM_capacity": 0.0,
      "SM_sal": 0.0,
      "f_self_mse": {
        "1": 13784.038927115329,
        "2": 4791.36651085341,
        "5": 5100.282805414611,
        "10": 259.0159670088255
      },
      "f_ext_mse": {
        "1": 152.80909722908638,
        "2": 119.42626925539125,
        "5": 122.63113886570366,
        "10": 88.74914386349002
      }
    },
    {
      "pattern_id": 7,
      "n_timesteps": 50,
      "rho_self": 0.0,
      "SM": {
        "1": -10.524850630065533,
        "2": -42.14519409060705,
        "5": 8.567341939976528,
        "10": -18.704493152062085
      },
      "SM_capacity": 34.26936775990611,
      "SM_sal": 0.0,
      "f_self_mse": {
        "1": 25.63324563414256,
        "2": 54.951126894657115,
        "5": 1.3003104415701243,
        "10": 27.135577226190247
      },
      "f_ext_mse": {
        "1": 15.108395004077028,
        "2": 12.805932804050064,
        "5": 9.867652381546652,
        "10": 8.431084074128162
      }
    },
    {
      "pattern_id": 8,
      "n_timesteps": 50,
      "rho_self": 0.0,
      "SM": {
        "1": 15.553935669113647,
        "2": 11.365840217254666,
        "5": 22.74084089277901,
        "10": 13.282858485502226
      },
      "SM_capacity": 154.67915805393778,
      "SM_sal": 1.929613249612563,
      "f_self_mse": {
        "1": 1.3171232396433499,
        "2": 1.3054344745543713,
        "5": 1.6698727816361045,
        "10": 1.950393460843059
      },
      "f_ext_mse": {
        "1": 16.871058908756996,
        "2": 12.671274691809037,
        "5": 24.410713674415113,
        "10": 15.233251946345286
      }
    },
    {
      "pattern_id": 9,
      "n_timesteps": 50,
      "rho_self": 0.1258970530673872,
      "SM": {
        "1": 5.6087672833563875,
        "2": 4.5497916753097005,
        "5": 2.359378001547706,
        "10": 1.8975311103088366
      },
      "SM_capacity": 26.08530677426051,
      "SM_sal": 0.2963504779048199,
      "f_self_mse": {
        "1": 1.17276445951805,
        "2": 1.66675274976119,
        "5": 1.9306378688288155,
        "10": 1.937478712509268
      },
      "f_ext_mse": {
        "1": 6.781531742874438,
        "2": 6.21654442507089,
        "5": 4.290015870376521,
        "10": 3.8350098228181047
      }
    },
    {
      "pattern_id": 10,
      "n_timesteps": 50,
      "rho_self": 0.0,
      "SM": {
        "1": 2.5503501216809994,
        "2": -134.36006142557858,
        "5": -115.09005519568258,
        "10": 85.45843717288933
      },
      "SM_capacity": 214.92126799306382,
      "SM_sal": Infinity,
      "f_self_mse": {
        "1": 52.796803393004645,
        "2": 190.17120572163486,
        "5": 151.3270893460653,
        "10": 63.43586385425222
      },
      "f_ext_mse": {
        "1": 55.347153514685644,
        "2": 55.8111442960563,
        "5": 36.23703415038271,
        "10": 148.89430102714155
      }
    },
    {
      "pattern_id": 11,
      "n_timesteps": 50,
      "rho_self": 0.0,
      "SM": {
        "1": 4.7537801117967495,
        "2": 4.673020858659932,
        "5": 5.211943727955334,
        "10": 3.35547696812228
      },
      "SM_capacity": 40.95939910534527,
      "SM_sal": Infinity,
      "f_self_mse": {
        "1": 1.9594933409552897,
        "2": 1.9591357392603483,
        "5": 2.441004393362486,
        "10": 1.7014636295602856
      },
      "f_ext_mse": {
        "1": 6.7132734527520395,
        "2": 6.632156597920281,
        "5": 7.65294812131782,
        "10": 5.056940597682566
      }
    },
    {
      "pattern_id": 12,
      "n_timesteps": 50,
      "rho_self": 0.0,
      "SM": {
        "1": 3.8131558859028747,
        "2": 4.52682259190404,
        "5": 0.5366301301548626,