{
  "metadata": {
    "substrate": "v18",
    "seed": 7,
    "C": 16,
    "N": 128,
    "snapshot_path": "/Users/jacob/fun/shape-of-experience/empirical/experiments/study_ca_affect/results/v18_s7/snapshots/cycle_025.npz",
    "experiment": "self_model"
  },
  "n_results": 17,
  "cycle": 25,
  "results": [
    {
      "pattern_id": 0,
      "n_timesteps": 50,
      "rho_self": 0.0,
      "SM": {
        "1": -97.54243204307525,
        "2": 13.169618884495655,
        "5": 30.17499785348994,
        "10": -49.02653568879013
      },
      "SM_capacity": 147.0392291829511,
      "SM_sal": 0.0,
      "f_self_mse": {
        "1": 151.9982913819352,
        "2": 63.71640956428437,
        "5": 81.89535847608985,
        "10": 108.05793917262534
      },
      "f_ext_mse": {
        "1": 54.455859338859945,
        "2": 76.88602844878002,
        "5": 112.0703563295798,
        "10": 59.031403483835206
      }
    },
    {
      "pattern_id": 1,
      "n_timesteps": 50,
      "rho_self": 0.0,
      "SM": {
        "1": -287.8516081660024,
        "2": -152.42528248560097,
        "5": -547.5076804158432,
        "10": -924531.8709424997
      },
      "SM_capacity": 0.0,
      "SM_sal": 0.0,
      "f_self_mse": {
        "1": 326.0371700581579,
        "2": 190.66128799016772,
        "5": 599.9983585865879,
        "10": 924554.9649706358
      },
      "f_ext_mse": {
        "1": 38.18556189215555,
        "2": 38.23600550456676,
        "5": 52.49067817074466,
        "10": 23.094028136095126
      }
    },
    {
      "pattern_id": 2,
      "n_timesteps": 50,
      "rho_self": 0.0,
      "SM": {
        "1": -27.588596999630568,
        "2": -77.2767754675442,
        "5": -40.743130034367816,
        "10": 32.642717528053865
      },
      "SM_capacity": 81.60679382013467,
      "SM_sal": 0.10197705125564287,
      "f_self_mse": {
        "1": 100.73595577874869,
        "2": 117.63836828768777,
        "5": 92.56604367578737,
        "10": 47.41300071205235
      },
      "f_ext_mse": {
        "1": 73.14735877911812,
        "2": 40.36159282014357,
        "5": 51.822913641419554,
        "10": 80.05571824010622
      }
    },
    {
      "pattern_id": 3,
      "n_timesteps": 50,
      "rho_self": 0.07709074282221748,
      "SM": {
        "1": 4.10641093761403,
        "2": -2.519959278760685,
        "5": -1.1019261957092361,
        "10": -3.4651270338818794
      },
      "SM_capacity": 2.053205468807015,
      "SM_sal": Infinity,
      "f_self_mse": {
        "1": 5.87952072237059,
        "2": 9.642687677454006,
        "5": 9.54162510442368,
        "10": 11.778183955416443
      },
      "f_ext_mse": {
        "1": 9.98593165998462,
        "2": 7.122728398693321,
        "5": 8.439698908714444,
        "10": 8.313056921534564
      }
    },
    {
      "pattern_id": 4,
      "n_timesteps": 50,
      "rho_self": 0.3153259625388685,
      "SM": {
        "1": 21.117659377803847,
        "2": -14.837161435696117,
        "5": -21.1080001610597,
        "10": -15.992955706681613
      },
      "SM_capacity": 10.558829688901923,
      "SM_sal": Infinity,
      "f_self_mse": {
        "1": 33.21859215249194,
        "2": 66.09632186657261,
        "5": 58.19524838161179,
        "10": 38.55935251265125
      },
      "f_ext_mse": {
        "1": 54.33625153029578,
        "2": 51.25916043087649,
        "5": 37.08724822055209,
        "10": 22.56639680596964
      }
    },
    {
      "pattern_id": 5,
      "n_timesteps": 50,
      "rho_self": 0.0,
      "SM": {
        "1": 16.33003563690032,
        "2": 21.867763362160463,
        "5": 7.9917242596134415,
        "10": -6.04049211739699
      },
      "SM_capacity": 83.86744158122485,
      "SM_sal": Infinity,
      "f_self_mse": {
        "1": 6.157091816612247,
        "2": 8.829628484572144,
        "5": 13.11069661930864,
        "10": 23.07504764259344
      },
      "f_ext_mse": {
        "1": 22.487127453512567,
        "2": 30.697391846732607,
        "5": 21.102420878922082,
        "10": 17.03455552519645
      }
    },
    {
      "pattern_id": 6,
      "n_timesteps": 50,
      "rho_self": 0.0,
      "SM": {
        "1": -71.05994664229634,
        "2": 47.767825574521154,
        "5": -637.2169394163284,
        "10": -347.8484290195772
      },
      "SM_capacity": 95.53565114904231,
      "SM_sal": 0.0,
      "f_self_mse": {
        "1": 105.16592555739717,
        "2": 46.901442897455624,
        "5": 704.2804870524747,
        "10": 542.8001491958232
      },
      "f_ext_mse": {
        "1": 34.105978915100835,
        "2": 94.66926847197678,
        "5": 67.0635476361463,
        "10": 194.951720176246
      }
    },
    {
      "pattern_id": 7,
      "n_timesteps": 50,
      "rho_self": 0.0,
      "SM": {
        "1": 98.2707017979488,
        "2": 69.9924848656098,
        "5": 23.15779055635395,
        "10": -109.06441682039983
      },
      "SM_capacity": 281.75148285560977,
      "SM_sal": Infinity,
      "f_self_mse": {
        "1": 30.94182577813091,
        "2": 56.31301394474674,
        "5": 62.78897925648298,
        "10": 161.00021104063381
      },
      "f_ext_mse": {
        "1": 129.2125275760797,
        "2": 126.30549881035654,
        "5": 85.94676981283693,
        "10": 51.93579422023398
      }
    },
    {
      "pattern_id": 8,
      "n_timesteps": 50,
      "rho_self": 0.0,
      "SM": {
        "1": 6.561384920694707,
        "2": 56.05663857098014,
        "5": -23.351244749959562,
        "10": -161.08510027671062
      },
      "SM_capacity": 115.39396960230764,
      "SM_sal": Infinity,
      "f_self_mse": {
        "1": 107.00398472689389,
        "2": 83.21938698769307,
        "5": 151.77027176909147,
        "10": 252.4510756161281
      },
      "f_ext_mse": {
        "1": 113.5653696475886,
        "2": 139.2760255586732,
        "5": 128.4190270191319,
        "10": 91.36597533941747
      }
    },
    {
      "pattern_id": 9,
      "n_timesteps": 50,
      "rho_self": 0.0,
      "SM": {
        "1": 16.283847367674355,
        "2": 22.40022929365533,
        "5": 21.279419371446664,
        "10": -59.97895229727135
      },
      "SM_capacity": 138.0600597569345,
      "SM_sal": 0.0,
      "f_self_mse": {
        "1": 71.03707249655432,
        "2": 32.26364205484206,
        "5": 50.57256304560333,
        "10": 93.8490684153631
      },
      "f_ext_mse": {
        "1": 87.32091986422867,
        "2": 54.66387134849739,
        "5": 71.85198241705,
        "10": 33.87011611809176
      }
    },
    {
      "pattern_id": 10,
      "n_timesteps": 50,
      "rho_self": 0.20428960417292744,
      "SM": {
        "1": 2.9999626115984395,
        "2": 6.543238403398638,
        "5": 11.714237575927356,
        "10": 2.0722637611794132
      },
      "SM_capacity": 66.62406781925446,
      "SM_sal": 0.0017913082976619612,
      "f_self_mse": {
        "1": 7.965209540068528,
        "2": 8.139119415982965,
        "5": 3.944816878362482,
        "10": 6.810815880149801
      },
      "f_ext_mse": {
        "1": 10.965172151666968,
        "2": 14.682357819381602,
        "5": 15.659054454289839,
        "10": 8.883079641329214
      }
    },
    {
      "pattern_id": 11,
      "n_timesteps": 50,
      "rho_self": 0.0,
      "SM": {
        "1": 59.95197835424254,
        "2": -27.60051966122775,
        "5": -37.2742812659892,
        "10": -1032.1595167680016
      },
      "SM_capacity": 29.97598917712127,
      "SM_sal": Infinity,
      "f_self_mse": {
        "1": 64.46927654105349,
        "2": 116.88690615766299,
        "5": 84.53393022933476,
        "10": 1055.1078478997692
      },
      "f_ext_mse": {
        "1": 124.42125489529603,
        "2": 89.28638649643524,
        "5": 47.259648963345555,
        "10": 22.948331131767652
      }
    },
    {
      "pattern_id": 12,
      "n_timesteps": 50,
      "rho_self": 0.0,
      "SM": {
        "1": -26.487089301667332,
        "2": -29.022341378930818,