{
  "metadata": {
    "substrate": "v15",
    "seed": 123,
    "C": 16,
    "N": 128,
    "snapshot_path": "/Users/jacob/fun/shape-of-experience/empirical/experiments/study_ca_affect/results/v15_s123/snapshots/cycle_015.npz",
    "experiment": "self_model"
  },
  "n_results": 20,
  "cycle": 15,
  "results": [
    {
      "pattern_id": 0,
      "n_timesteps": 50,
      "rho_self": 0.0,
      "SM": {
        "1": -23.880447779642758,
        "2": -6.013966095966982,
        "5": 0.8742377612642116,
        "10": -7.6553604450244475
      },
      "SM_capacity": 3.4969510450568464,
      "SM_sal": 0.0,
      "f_self_mse": {
        "1": 40.57592583915901,
        "2": 25.683228226573625,
        "5": 7.416612796166177,
        "10": 11.685719327353919
      },
      "f_ext_mse": {
        "1": 16.695478059516255,
        "2": 19.669262130606644,
        "5": 8.290850557430389,
        "10": 4.030358882329471
      }
    },
    {
      "pattern_id": 1,
      "n_timesteps": 50,
      "rho_self": 0.0,
      "SM": {
        "1": -263.4245917317515,
        "2": 4.478452117785636,
        "5": 29.559760835983056,
        "10": 17.390105633610872
      },
      "SM_capacity": 170.67121166353067,
      "SM_sal": 0.0,
      "f_self_mse": {
        "1": 325.42447261227034,
        "2": 79.0072569091626,
        "5": 126.9460963021166,
        "10": 75.8765489449214
      },
      "f_ext_mse": {
        "1": 61.99988088051882,
        "2": 83.48570902694824,
        "5": 156.50585713809966,
        "10": 93.26665457853227
      }
    },
    {
      "pattern_id": 2,
      "n_timesteps": 50,
      "rho_self": 0.0,
      "SM": {
        "1": -0.9741722186832718,
        "2": -74.47474847310994,
        "5": 16.58960244314316,
        "10": -357.10144574098484
      },
      "SM_capacity": 66.35840977257264,
      "SM_sal": 0.0,
      "f_self_mse": {
        "1": 48.12706772875936,
        "2": 111.01046695357445,
        "5": 19.213701743972326,
        "10": 378.03982954443774
      },
      "f_ext_mse": {
        "1": 47.152895510076085,
        "2": 36.53571848046452,
        "5": 35.80330418711549,
        "10": 20.938383803452886
      }
    },
    {
      "pattern_id": 3,
      "n_timesteps": 50,
      "rho_self": 0.0,
      "SM": {
        "1": -4.266076162030259,
        "2": -3.728015978039572,
        "5": -6.793350917390981,
        "10": -2.159474653592214
      },
      "SM_capacity": 0.0,
      "SM_sal": 0.0,
      "f_self_mse": {
        "1": 22.713158238590154,
        "2": 28.192494025669674,
        "5": 20.749107700109807,
        "10": 5.703438591398253
      },
      "f_ext_mse": {
        "1": 18.447082076559894,
        "2": 24.464478047630102,
        "5": 13.955756782718826,
        "10": 3.5439639378060392
      }
    },
    {
      "pattern_id": 4,
      "n_timesteps": 50,
      "rho_self": 0.0,
      "SM": {
        "1": 55.96989389675845,
        "2": 106.21923221362103,
        "5": 98.03176559006384,
        "10": -115.10670081180233
      },
      "SM_capacity": 632.5504737358766,
      "SM_sal": Infinity,
      "f_self_mse": {
        "1": 35.47450014377223,
        "2": 39.16876407640417,
        "5": 22.18355022952893,
        "10": 180.19859451031863
      },
      "f_ext_mse": {
        "1": 91.44439404053068,
        "2": 145.3879962900252,
        "5": 120.21531581959277,
        "10": 65.0918936985163
      }
    },
    {
      "pattern_id": 5,
      "n_timesteps": 50,
      "rho_self": 0.0,
      "SM": {
        "1": 18.945525475177334,
        "2": -49.042467236398764,
        "5": 37.19909327764725,
        "10": 34.87105496980254
      },
      "SM_capacity": 245.44677327268403,
      "SM_sal": Infinity,
      "f_self_mse": {
        "1": 130.55892313753301,
        "2": 130.32832539950888,
        "5": 163.98515289870411,
        "10": 100.37474836047656
      },
      "f_ext_mse": {
        "1": 149.50444861271035,
        "2": 81.28585816311012,
        "5": 201.18424617635137,
        "10": 135.2458033302791
      }
    },
    {
      "pattern_id": 6,
      "n_timesteps": 50,
      "rho_self": 0.0,
      "SM": {
        "1": 33.795075632967254,
        "2": -32.966569960947204,
        "5": -16.045493780956377,
        "10": 40.45173484826398
      },
      "SM_capacity": 118.02687493714359,
      "SM_sal": Infinity,
      "f_self_mse": {
        "1": 21.898647604862386,
        "2": 87.94822825476267,
        "5": 49.211156170419066,
        "10": 59.89508346047869
      },
      "f_ext_mse": {
        "1": 55.69372323782964,
        "2": 54.981658293815464,
        "5": 33.16566238946269,
        "10": 100.34681830874267
      }
    },
    {
      "pattern_id": 7,
      "n_timesteps": 50,
      "rho_self": 0.0,
      "SM": {
        "1": -3.6167236947136225,
        "2": -7.401586022402696,
        "5": 1.1729849081472432,
        "10": -0.8996409067440077
      },
      "SM_capacity": 4.691939632588973,
      "SM_sal": 0.0,
      "f_self_mse": {
        "1": 6.329971490161288,
        "2": 10.238062086665597,
        "5": 4.776488539619888,
        "10": 8.589207384982398
      },
      "f_ext_mse": {
        "1": 2.7132477954476655,
        "2": 2.836476064262901,
        "5": 5.949473447767131,
        "10": 7.68956647823839
      }
    },
    {
      "pattern_id": 8,
      "n_timesteps": 50,
      "rho_self": 0.0,
      "SM": {
        "1": -933.4328384954156,
        "2": -548.5273641493814,
        "5": -0.29654567955982714,
        "10": -4470.39004892433
      },
      "SM_capacity": 0.0,
      "SM_sal": 0.0,
      "f_self_mse": {
        "1": 973.7182992566035,
        "2": 584.3369027510089,
        "5": 48.559856491361174,
        "10": 4500.778929451019
      },
      "f_ext_mse": {
        "1": 40.28546076118789,
        "2": 35.80953860162757,
        "5": 48.26331081180135,
        "10": 30.388880526689697
      }
    },
    {
      "pattern_id": 9,
      "n_timesteps": 50,
      "rho_self": 0.0,
      "SM": {
        "1": -2927.7945065569006,
        "2": -12.480254173309135,
        "5": -19959.136351830843,
        "10": -39470.7651329552
      },
      "SM_capacity": 0.0,
      "SM_sal": 0.0,
      "f_self_mse": {
        "1": 2944.0806068197153,
        "2": 29.22182227818533,
        "5": 20055.124597000504,
        "10": 39556.53272254129
      },
      "f_ext_mse": {
        "1": 16.286100262814735,
        "2": 16.741568104876194,
        "5": 95.98824516966003,
        "10": 85.7675895860868
      }
    },
    {
      "pattern_id": 10,
      "n_timesteps": 50,
      "rho_self": 0.0,
      "SM": {
        "1": -7.722606646818761,
        "2": 8.424325791398207,
        "5": -23.396454073237095,
        "10": -4.8055811591849515
      },
      "SM_capacity": 16.848651582796414,
      "SM_sal": Infinity,
      "f_self_mse": {
        "1": 36.508608820803076,
        "2": 19.865045327128115,
        "5": 28.225266687826156,
        "10": 7.496199312151309
      },
      "f_ext_mse": {
        "1": 28.786002173984315,
        "2": 28.289371118526322,
        "5": 4.82881261458906,
        "10": 2.6906181529663575
      }
    },
    {
      "pattern_id": 11,
      "n_timesteps": 50,
      "rho_self": 0.0,
      "SM": {
        "1": -203.50287202666155,
        "2": -55.46933584227456,
        "5": -814.8860198059249,
        "10": -10101.753260822165
      },
      "SM_capacity": 0.0,
      "SM_sal": 0.0,
      "f_self_mse": {
        "1": 261.48054883573934,
        "2": 98.37640856148221,
        "5": 839.4195590803596,
        "10": 10141.38410364439
      },
      "f_ext_mse": {
        "1": 57.977676809077785,
        "2": 42.90707271920765,
        "5": 24.53353927443469,
        "10": 39.63084282222504
      }
    },
    {
      "pattern_id": 12,
      "n_timesteps": 50,
      "rho_self": 0.0,
      "SM": {
        "1": -1.6507521626704946,
        "2": 0.5218943398557112,
        "5": -0.46651918160080763,
        "10": -2.1970980156817532
      },
      "SM_capacity": 1.0437886797114224,