{
  "metadata": {
    "substrate": "v15",
    "seed": 123,
    "C": 16,
    "N": 128,
    "snapshot_path": "/Users/jacob/fun/shape-of-experience/empirical/experiments/study_ca_affect/results/v15_s123/snapshots/cycle_029.npz",
    "experiment": "self_model"
  },
  "n_results": 20,
  "cycle": 29,
  "results": [
    {
      "pattern_id": 0,
      "n_timesteps": 50,
      "rho_self": 0.0,
      "SM": {
        "1": 2.4879401518480186,
        "2": 3.3165177903868104,
        "5": 3.893348461202954,
        "10": -1.902826226077618
      },
      "SM_capacity": 23.450399501509445,
      "SM_sal": Infinity,
      "f_self_mse": {
        "1": 4.053826035282436,
        "2": 4.26847300143143,
        "5": 2.5364143507485424,
        "10": 4.367915320765014
      },
      "f_ext_mse": {
        "1": 6.541766187130454,
        "2": 7.584990791818241,
        "5": 6.4297628119514965,
        "10": 2.4650890946873956
      }
    },
    {
      "pattern_id": 1,
      "n_timesteps": 50,
      "rho_self": 0.0,
      "SM": {
        "1": -139.77494856472873,
        "2": 6.118194175633619,
        "5": -844.6641602225637,
        "10": -17.75528825883245
      },
      "SM_capacity": 12.236388351267237,
      "SM_sal": 0.0,
      "f_self_mse": {
        "1": 167.56742877319442,
        "2": 28.831959668599012,
        "5": 908.5286506756668,
        "10": 115.94798878980873
      },
      "f_ext_mse": {
        "1": 27.792480208465683,
        "2": 34.95015384423263,
        "5": 63.86449045310301,
        "10": 98.19270053097628
      }
    },
    {
      "pattern_id": 2,
      "n_timesteps": 50,
      "rho_self": 0.0,
      "SM": {
        "1": -13.012841186076448,
        "2": -13.232499101122198,
        "5": -28.026977203076697,
        "10": -6.795102133444132
      },
      "SM_capacity": 0.0,
      "SM_sal": 0.0,
      "f_self_mse": {
        "1": 17.721431807880485,
        "2": 16.72931211829106,
        "5": 31.9197179996657,
        "10": 12.545595601815563
      },
      "f_ext_mse": {
        "1": 4.708590621804037,
        "2": 3.4968130171688614,
        "5": 3.8927407965890017,
        "10": 5.750493468371431
      }
    },
    {
      "pattern_id": 3,
      "n_timesteps": 50,
      "rho_self": 0.0,
      "SM": {
        "1": 5.918783802411889,
        "2": -0.6572203890800568,
        "5": -1.985702932289624,
        "10": -13.681026322503353
      },
      "SM_capacity": 2.9593919012059446,
      "SM_sal": Infinity,
      "f_self_mse": {
        "1": 9.631711770362198,
        "2": 7.671805234701402,
        "5": 7.418065685402098,
        "10": 17.80053398487523
      },
      "f_ext_mse": {
        "1": 15.550495572774087,
        "2": 7.0145848456213455,
        "5": 5.432362753112474,
        "10": 4.119507662371877
      }
    },
    {
      "pattern_id": 5,
      "n_timesteps": 50,
      "rho_self": 0.0,
      "SM": {
        "1": 48.262653964999274,
        "2": 48.175120416354105,
        "5": -1511.1387711086602,
        "10": -138.27065526114666
      },
      "SM_capacity": 120.48156781520785,
      "SM_sal": Infinity,
      "f_self_mse": {
        "1": 32.48801846178074,
        "2": 33.70205111035362,
        "5": 1529.4330106484506,
        "10": 202.39163709911833
      },
      "f_ext_mse": {
        "1": 80.75067242678001,
        "2": 81.87717152670773,
        "5": 18.294239539790418,
        "10": 64.12098183797168
      }
    },
    {
      "pattern_id": 6,
      "n_timesteps": 50,
      "rho_self": 0.0,
      "SM": {
        "1": -16.394951073103588,
        "2": 5.377718931363953,
        "5": -11.88889636970119,
        "10": -23.533686123844006
      },
      "SM_capacity": 10.755437862727906,
      "SM_sal": Infinity,
      "f_self_mse": {
        "1": 34.053885983231645,
        "2": 13.176144618009067,
        "5": 34.28663367984082,
        "10": 34.02214485738233
      },
      "f_ext_mse": {
        "1": 17.658934910128057,
        "2": 18.55386354937302,
        "5": 22.39773731013963,
        "10": 10.488458733538325
      }
    },
    {
      "pattern_id": 7,
      "n_timesteps": 50,
      "rho_self": 0.00887834877832088,
      "SM": {
        "1": 7.585008557664693,
        "2": 17.57170317443078,
        "5": -3.9837100027826757,
        "10": -5.409789023995806
      },
      "SM_capacity": 38.93591062769391,
      "SM_sal": 0.39836647362878724,
      "f_self_mse": {
        "1": 34.938088785170116,
        "2": 19.86134006972504,
        "5": 27.298567085434343,
        "10": 9.37952665596572
      },
      "f_ext_mse": {
        "1": 42.52309734283481,
        "2": 37.43304324415582,
        "5": 23.314857082651667,
        "10": 3.969737631969913
      }
    },
    {
      "pattern_id": 8,
      "n_timesteps": 50,
      "rho_self": 0.0,
      "SM": {
        "1": -31312.752815296433,
        "2": -8218.250546117979,
        "5": -148664.82931741513,
        "10": -60.24531076051557
      },
      "SM_capacity": 0.0,
      "SM_sal": 0.0,
      "f_self_mse": {
        "1": 31390.85922496543,
        "2": 8286.307618532388,
        "5": 148730.89753797016,
        "10": 120.78796356974945
      },
      "f_ext_mse": {
        "1": 78.10640966899352,
        "2": 68.05707241440965,
        "5": 66.06822055503463,
        "10": 60.54265280923388
      }
    },
    {
      "pattern_id": 9,
      "n_timesteps": 50,
      "rho_self": 0.0,
      "SM": {
        "1": 25.372567737105108,
        "2": 24.591049743628005,
        "5": 2.524265398242612,
        "10": -40.028561424212484
      },
      "SM_capacity": 71.96544494877902,
      "SM_sal": 10.26738578730929,
      "f_self_mse": {
        "1": 60.38679453507344,
        "2": 40.122675936111946,
        "5": 45.32776907769635,
        "10": 59.361237265788795
      },
      "f_ext_mse": {
        "1": 85.75936227217855,
        "2": 64.71372567973995,
        "5": 47.852034475938964,
        "10": 19.332675841576314
      }
    },
    {
      "pattern_id": 10,
      "n_timesteps": 50,
      "rho_self": 0.0,
      "SM": {
        "1": -3662.806794720732,
        "2": -11307.150637438726,
        "5": -655.9260683154372,
        "10": -7552.3642319622
      },
      "SM_capacity": 0.0,
      "SM_sal": 0.0,
      "f_self_mse": {
        "1": 3781.9598094313906,
        "2": 11408.843907997854,
        "5": 797.4567347536155,
        "10": 7628.851746767122
      },
      "f_ext_mse": {
        "1": 119.1530147106585,
        "2": 101.6932705591284,
        "5": 141.5306664381783,
        "10": 76.48751480492133
      }
    },
    {
      "pattern_id": 11,
      "n_timesteps": 50,
      "rho_self": 0.0,
      "SM": {
        "1": 4.4953812796991635,
        "2": 2.2307310167921486,
        "5": -12.345205103123348,
        "10": -144.96922619092211
      },
      "SM_capacity": 6.709152673433879,
      "SM_sal": Infinity,
      "f_self_mse": {
        "1": 16.64648724234194,
        "2": 47.06630315410051,
        "5": 57.31251226080915,
        "10": 187.6511477351522
      },
      "f_ext_mse": {
        "1": 21.141868522041104,
        "2": 49.29703417089266,
        "5": 44.9673071576858,
        "10": 42.68192154423007
      }
    },
    {
      "pattern_id": 12,
      "n_timesteps": 50,
      "rho_self": 0.17916317880211555,
      "SM": {
        "1": 28.733739252220623,
        "2": 39.64594502137175,
        "5": 23.939855101358816,
        "10": -146.78822146164003
      },
      "SM_capacity": 189.4181800742891,
      "SM_sal": 0.10650681641444822,
      "f_self_mse": {
        "1": 32.45410400670618,
        "2": 34.27078125538919,
        "5": 119.62288912618563,
        "10": 266.9773353633052
      },
      "f_ext_mse": {
        "1": 61.187843258926804,
        "2": 73.91672627676094,
        "5": 143.56274422754444,
        "10": 120.18911390166515
      }
    },
    {
      "pattern_id": 13,
      "n_timesteps": 50,
      "rho_self": 0.24476454475174217,
      "SM": {
        "1": -22.027922715839644,
        "2": 18.403429795465723,