{
  "metadata": {
    "substrate": "v15",
    "seed": 123,
    "C": 16,
    "N": 128,
    "snapshot_path": "/Users/jacob/fun/shape-of-experience/empirical/experiments/study_ca_affect/results/v15_s123/snapshots/cycle_000.npz",
    "experiment": "self_model"
  },
  "n_results": 9,
  "cycle": 0,
  "results": [
    {
      "pattern_id": 0,
      "n_timesteps": 50,
      "rho_self": 0.0,
      "SM": {
        "1": -19.467643142169862,
        "2": -136.74571693784182,
        "5": -249.77932935249396,
        "10": -23.555585487570642
      },
      "SM_capacity": 0.0,
      "SM_sal": 0.0,
      "f_self_mse": {
        "1": 77.48795243895992,
        "2": 184.06501440743526,
        "5": 268.13413011983533,
        "10": 30.05071568341295
      },
      "f_ext_mse": {
        "1": 58.02030929679006,
        "2": 47.31929746959343,
        "5": 18.35480076734137,
        "10": 6.495130195842307
      }
    },
    {
      "pattern_id": 1,
      "n_timesteps": 50,
      "rho_self": 0.14313252660793518,
      "SM": {
        "1": 49.77904323614665,
        "2": 6.397718780910978,
        "5": -80.2022409279417,
        "10": -255.39333896026113
      },
      "SM_capacity": 37.68495917989528,
      "SM_sal": 0.18081071105279098,
      "f_self_mse": {
        "1": 88.05083267055049,
        "2": 82.45508845195639,
        "5": 131.980437929075,
        "10": 264.91597256951957
      },
      "f_ext_mse": {
        "1": 137.82987590669714,
        "2": 88.85280723286736,
        "5": 51.77819700113331,
        "10": 9.522633609258447
      }
    },
    {
      "pattern_id": 2,
      "n_timesteps": 50,
      "rho_self": 0.0,
      "SM": {
        "1": 26.754122798173853,
        "2": 11.38214498945105,
        "5": -180.4619104585978,
        "10": -217.7392838681613
      },
      "SM_capacity": 36.141351377989025,
      "SM_sal": Infinity,
      "f_self_mse": {
        "1": 102.2656651660491,
        "2": 89.4630532610466,
        "5": 280.7969526445143,
        "10": 420.5376143494221
      },
      "f_ext_mse": {
        "1": 129.01978796422296,
        "2": 100.84519825049765,
        "5": 100.33504218591649,
        "10": 202.7983304812608
      }
    },
    {
      "pattern_id": 3,
      "n_timesteps": 50,
      "rho_self": 0.0,
      "SM": {
        "1": 0.13382554239258582,
        "2": -37.8998395474534,
        "5": -233.4827565472503,
        "10": -418.39263324123743
      },
      "SM_capacity": 0.06691277119629291,
      "SM_sal": Infinity,
      "f_self_mse": {
        "1": 23.244894914790173,
        "2": 54.76516539228635,
        "5": 256.12110332438186,
        "10": 453.64851791390845
      },
      "f_ext_mse": {
        "1": 23.37872045718276,
        "2": 16.865325844832956,
        "5": 22.638346777131567,
        "10": 35.25588467267102
      }
    },
    {
      "pattern_id": 4,
      "n_timesteps": 50,
      "rho_self": 0.0,
      "SM": {
        "1": 7.225174731405857,
        "2": 4.265080519970519,
        "5": -0.22517093741655625,
        "10": 0.3407463291295194
      },
      "SM_capacity": 12.994614228467766,
      "SM_sal": Infinity,
      "f_self_mse": {
        "1": 3.1188786240853235,
        "2": 3.2612395700179517,
        "5": 5.048327542441069,
        "10": 5.082255308700556
      },
      "f_ext_mse": {
        "1": 10.34405335549118,
        "2": 7.526320089988471,
        "5": 4.823156605024513,
        "10": 5.423001637830075
      }
    },
    {
      "pattern_id": 5,
      "n_timesteps": 50,
      "rho_self": 0.0,
      "SM": {
        "1": 27.963051147037152,
        "2": 32.052927990697604,
        "5": 37.45476036896993,
        "10": 31.498198842386557
      },
      "SM_capacity": 306.6519201367599,
      "SM_sal": Infinity,
      "f_self_mse": {
        "1": 4.626246302722412,
        "2": 1.1361974132850103,
        "5": 3.2923552180359934,
        "10": 5.3644068808979295
      },
      "f_ext_mse": {
        "1": 32.58929744975956,
        "2": 33.189125403982615,
        "5": 40.74711558700592,
        "10": 36.86260572328449
      }
    },
    {
      "pattern_id": 6,
      "n_timesteps": 50,
      "rho_self": 0.21202831438511596,
      "SM": {
        "1": -57.28520992417078,
        "2": 16.833633112992445,
        "5": -165.02192170178193,
        "10": 6.544369624281117
      },
      "SM_capacity": 50.02819028668768,
      "SM_sal": 0.0,
      "f_self_mse": {
        "1": 95.29277108952071,
        "2": 41.73874334646315,
        "5": 298.64762499866157,
        "10": 68.88774490505854
      },
      "f_ext_mse": {
        "1": 38.007561165349934,
        "2": 58.5723764594556,
        "5": 133.62570329687964,
        "10": 75.43211452933966
      }
    },
    {
      "pattern_id": 7,
      "n_timesteps": 50,
      "rho_self": 0.0,
      "SM": {
        "1": -1.4824555180582584,
        "2": 1.4472887199396673,
        "5": -13.83564579052766,
        "10": -3.2424949202002593
      },
      "SM_capacity": 2.8945774398793347,
      "SM_sal": 0.0,
      "f_self_mse": {
        "1": 4.654519719984323,
        "2": 2.5989414990671653,
        "5": 16.186284925250202,
        "10": 5.863438557061255
      },
      "f_ext_mse": {
        "1": 3.172064201926065,
        "2": 4.046230219006833,
        "5": 2.350639134722542,
        "10": 2.620943636860996
      }
    },
    {
      "pattern_id": 8,
      "n_timesteps": 50,
      "rho_self": 0.0,
      "SM": {
        "1": -1045.5363443062765,
        "2": -105.42919724073026,
        "5": 104.48310021663792,
        "10": -2345.6853941410923
      },
      "SM_capacity": 417.9324008665517,
      "SM_sal": 0.0,
      "f_self_mse": {
        "1": 1098.0786777433143,
        "2": 151.35629606956346,
        "5": 60.293792200400425,
        "10": 2406.992001562102
      },
      "f_ext_mse": {
        "1": 52.542333437037726,
        "2": 45.927098828833195,
        "5": 164.77689241703834,
        "10": 61.30660742100976
      }
    }
  ]
}