{
  "metadata": {
    "substrate": "v15",
    "seed": 123,
    "C": 16,
    "N": 128,
    "snapshot_path": "/Users/jacob/fun/shape-of-experience/empirical/experiments/study_ca_affect/results/v15_s123/snapshots/cycle_025.npz",
    "experiment": "self_model"
  },
  "n_results": 20,
  "cycle": 25,
  "results": [
    {
      "pattern_id": 0,
      "n_timesteps": 50,
      "rho_self": 0.0,
      "SM": {
        "1": 63.886034126074634,
        "2": 118.96113267598673,
        "5": -1.1093376790070266,
        "10": -7.212918439998859
      },
      "SM_capacity": 269.86528241501077,
      "SM_sal": Infinity,
      "f_self_mse": {
        "1": 21.132742053803867,
        "2": 30.154967072837024,
        "5": 64.63031766882058,
        "10": 51.50000606598055
      },
      "f_ext_mse": {
        "1": 85.0187761798785,
        "2": 149.11609974882376,
        "5": 63.520979989813554,
        "10": 44.28708762598169
      }
    },
    {
      "pattern_id": 1,
      "n_timesteps": 50,
      "rho_self": 0.0,
      "SM": {
        "1": -23714.80850011371,
        "2": -8966.052530939492,
        "5": -4341.745266898179,
        "10": -19.705161564097942
      },
      "SM_capacity": 0.0,
      "SM_sal": 0.0,
      "f_self_mse": {
        "1": 23783.007769783053,
        "2": 9045.89643687253,
        "5": 4426.50102479794,
        "10": 78.79259838210714
      },
      "f_ext_mse": {
        "1": 68.19926966934075,
        "2": 79.84390593303763,
        "5": 84.75575789976104,
        "10": 59.0874368180092
      }
    },
    {
      "pattern_id": 2,
      "n_timesteps": 50,
      "rho_self": 0.0,
      "SM": {
        "1": 11.953372091378455,
        "2": 2.4160073771454904,
        "5": -89.59166368450407,
        "10": -137.41152866485513
      },
      "SM_capacity": 10.808700799980208,
      "SM_sal": 0.32455964727572056,
      "f_self_mse": {
        "1": 42.21102530865635,
        "2": 57.15797384711634,
        "5": 163.53151510472918,
        "10": 185.0462096913259
      },
      "f_ext_mse": {
        "1": 54.16439740003481,
        "2": 59.57398122426183,
        "5": 73.93985142022511,
        "10": 47.63468102647078
      }
    },
    {
      "pattern_id": 3,
      "n_timesteps": 50,
      "rho_self": 0.0,
      "SM": {
        "1": 33.69110405913783,
        "2": -7.268816648020682,
        "5": -19.014971133588897,
        "10": -79.1799782289244
      },
      "SM_capacity": 16.845552029568914,
      "SM_sal": Infinity,
      "f_self_mse": {
        "1": 8.046636293946259,
        "2": 37.401493976739665,
        "5": 40.0898455555019,
        "10": 84.8291995783912
      },
      "f_ext_mse": {
        "1": 41.737740353084085,
        "2": 30.132677328718984,
        "5": 21.074874421913005,
        "10": 5.649221349466799
      }
    },
    {
      "pattern_id": 4,
      "n_timesteps": 50,
      "rho_self": 0.0,
      "SM": {
        "1": -173.51052271030974,
        "2": -184.97009556953685,
        "5": -358.4567012602347,
        "10": -207.111653642726
      },
      "SM_capacity": 0.0,
      "SM_sal": 0.0,
      "f_self_mse": {
        "1": 275.5605885850212,
        "2": 290.9841474594983,
        "5": 428.6910184487598,
        "10": 267.4796870696528
      },
      "f_ext_mse": {
        "1": 102.05006587471146,
        "2": 106.01405188996141,
        "5": 70.23431718852507,
        "10": 60.36803342692681
      }
    },
    {
      "pattern_id": 5,
      "n_timesteps": 50,
      "rho_self": 0.0,
      "SM": {
        "1": 6.86353127837981,
        "2": -1.865287899010287,
        "5": -76.326611405635,
        "10": 1.5806492349959234
      },
      "SM_capacity": 7.383388726679714,
      "SM_sal": Infinity,
      "f_self_mse": {
        "1": 30.050146725304778,
        "2": 33.4349404484172,
        "5": 111.6634001415249,
        "10": 5.2708168437979435
      },
      "f_ext_mse": {
        "1": 36.91367800368459,
        "2": 31.569652549406914,
        "5": 35.3367887358899,
        "10": 6.851466078793867
      }
    },
    {
      "pattern_id": 6,
      "n_timesteps": 50,
      "rho_self": 0.0536300101098014,
      "SM": {
        "1": 0.56969462636469,
        "2": 0.8352608463680511,
        "5": -1.3399626451319477,
        "10": -190.66233663126246
      },
      "SM_capacity": 1.9553690059184472,
      "SM_sal": 0.0,
      "f_self_mse": {
        "1": 27.02786370105242,
        "2": 32.82688556760573,
        "5": 34.103328113958995,
        "10": 193.89529768592573
      },
      "f_ext_mse": {
        "1": 27.59755832741711,
        "2": 33.66214641397378,
        "5": 32.76336546882705,
        "10": 3.232961054663267
      }
    },
    {
      "pattern_id": 7,
      "n_timesteps": 50,
      "rho_self": 0.018719683584431684,
      "SM": {
        "1": 5.551749915761185,
        "2": -53.807844023564414,
        "5": -26.740762581656128,
        "10": -66.77927698274955
      },
      "SM_capacity": 2.7758749578805926,
      "SM_sal": 0.0,
      "f_self_mse": {
        "1": 50.41435435442628,
        "2": 90.76884454464746,
        "5": 119.51812049820012,
        "10": 115.66140662685783
      },
      "f_ext_mse": {
        "1": 55.966104270187465,
        "2": 36.96100052108305,
        "5": 92.77735791654399,
        "10": 48.882129644108275
      }
    },
    {
      "pattern_id": 8,
      "n_timesteps": 50,
      "rho_self": 0.0,
      "SM": {
        "1": 27.113461202331834,
        "2": 14.708153364915887,
        "5": -13.811862270675206,
        "10": -5.052870453185775
      },
      "SM_capacity": 42.97303733099769,
      "SM_sal": Infinity,
      "f_self_mse": {
        "1": 27.404501788917678,
        "2": 24.005933687776185,
        "5": 77.4779222438361,
        "10": 9.868397202519308
      },
      "f_ext_mse": {
        "1": 54.51796299124951,
        "2": 38.71408705269207,
        "5": 63.6660599731609,
        "10": 4.815526749333533
      }
    },
    {
      "pattern_id": 11,
      "n_timesteps": 50,
      "rho_self": 0.0,
      "SM": {
        "1": -195.08989415688612,
        "2": 11.556596219861998,
        "5": -122.62197657878224,
        "10": -155.89013669018587
      },
      "SM_capacity": 23.113192439723996,
      "SM_sal": 0.0,
      "f_self_mse": {
        "1": 267.8147612519412,
        "2": 23.532806334876437,
        "5": 168.68582184060853,
        "10": 264.38011492116084
      },
      "f_ext_mse": {
        "1": 72.72486709505509,
        "2": 35.089402554738435,
        "5": 46.063845261826295,
        "10": 108.48997823097497
      }
    },
    {
      "pattern_id": 13,
      "n_timesteps": 50,
      "rho_self": 0.0,
      "SM": {
        "1": 19.27460339323913,
        "2": -9.50898763798017,
        "5": -22.325114570701125,
        "10": -37.4899717246838
      },
      "SM_capacity": 9.637301696619565,
      "SM_sal": Infinity,
      "f_self_mse": {
        "1": 25.131774288786435,
        "2": 55.402942371619375,
        "5": 71.39820436078196,
        "10": 71.10809466757468
      },
      "f_ext_mse": {
        "1": 44.406377682025564,
        "2": 45.893954733639205,
        "5": 49.073089790080836,
        "10": 33.61812294289088
      }
    },
    {
      "pattern_id": 14,
      "n_timesteps": 50,
      "rho_self": 0.0,
      "SM": {
        "1": -371.2738637840558,
        "2": -15523.077150284787,
        "5": -367.2016866377101,
        "10": -13523.957828000668
      },
      "SM_capacity": 0.0,
      "SM_sal": 0.0,
      "f_self_mse": {
        "1": 388.8486672140878,
        "2": 15558.892547133906,
        "5": 406.9177766358948,
        "10": 13549.800151570622
      },
      "f_ext_mse": {
        "1": 17.57480343003205,
        "2": 35.815396849119466,
        "5": 39.71608999818473,
        "10": 25.84232356995426
      }
    },
    {
      "pattern_id": 15,
      "n_timesteps": 50,
      "rho_self": 0.0,
      "SM": {
        "1": 2.093107390017934,
        "2": -47.13295395456824,
        "5": 6.967323038162938,