{
  "metadata": {
    "substrate": "v15",
    "seed": 123,
    "C": 16,
    "N": 128,
    "snapshot_path": "/Users/jacob/fun/shape-of-experience/empirical/experiments/study_ca_affect/results/v15_s123/snapshots/cycle_010.npz",
    "experiment": "self_model"
  },
  "n_results": 20,
  "cycle": 10,
  "results": [
    {
      "pattern_id": 0,
      "n_timesteps": 50,
      "rho_self": 0.0,
      "SM": {
        "1": 41.128595419287024,
        "2": 65.42404381488888,
        "5": 66.9035922402347,
        "10": -68.0726033801965
      },
      "SM_capacity": 419.0267543003601,
      "SM_sal": Infinity,
      "f_self_mse": {
        "1": 106.45744816126012,
        "2": 151.9232425565428,
        "5": 108.34493254464425,
        "10": 170.75812449610606
      },
      "f_ext_mse": {
        "1": 147.58604358054714,
        "2": 217.34728637143166,
        "5": 175.24852478487895,
        "10": 102.68552111590957
      }
    },
    {
      "pattern_id": 1,
      "n_timesteps": 50,
      "rho_self": 0.0,
      "SM": {
        "1": -11.6345832412851,
        "2": 51.32124454720136,
        "5": -14.113273065327565,
        "10": -17.153269187880923
      },
      "SM_capacity": 102.64248909440272,
      "SM_sal": Infinity,
      "f_self_mse": {
        "1": 106.54755306690272,
        "2": 34.15607723113072,
        "5": 40.83807481700379,
        "10": 79.04673101957559
      },
      "f_ext_mse": {
        "1": 94.91296982561762,
        "2": 85.47732177833208,
        "5": 26.724801751676228,
        "10": 61.893461831694665
      }
    },
    {
      "pattern_id": 2,
      "n_timesteps": 50,
      "rho_self": 0.0,
      "SM": {
        "1": 43.02651374440834,
        "2": 30.183289874931823,
        "5": 27.718670848140697,
        "10": -100.9092439741143
      },
      "SM_capacity": 192.7545200146306,
      "SM_sal": 1.3253913920832623,
      "f_self_mse": {
        "1": 14.387877329662425,
        "2": 32.21662942366714,
        "5": 30.619605834143236,
        "10": 125.23416286311458
      },
      "f_ext_mse": {
        "1": 57.414391074070764,
        "2": 62.39991929859897,
        "5": 58.33827668228393,
        "10": 24.324918889000276
      }
    },
    {
      "pattern_id": 3,
      "n_timesteps": 50,
      "rho_self": 0.0,
      "SM": {
        "1": 63.19761304084254,
        "2": 52.33880272712244,
        "5": 25.82977638392066,
        "10": -755.4272589546217
      },
      "SM_capacity": 239.5955175103488,
      "SM_sal": Infinity,
      "f_self_mse": {
        "1": 42.279465532718675,
        "2": 100.38664013682123,
        "5": 136.67558779033715,
        "10": 840.6673737131077
      },
      "f_ext_mse": {
        "1": 105.47707857356122,
        "2": 152.72544286394367,
        "5": 162.5053641742578,
        "10": 85.24011475848607
      }
    },
    {
      "pattern_id": 4,
      "n_timesteps": 50,
      "rho_self": 0.0,
      "SM": {
        "1": 13.353447637533083,
        "2": 15.807666615034176,
        "5": 14.495133218376026,
        "10": -236.32033893607263
      },
      "SM_capacity": 96.272589922339,
      "SM_sal": 0.0,
      "f_self_mse": {
        "1": 18.430703290983473,
        "2": 28.175214254405194,
        "5": 36.28412529948145,
        "10": 260.9936839988823
      },
      "f_ext_mse": {
        "1": 31.784150928516556,
        "2": 43.98288086943937,
        "5": 50.77925851785748,
        "10": 24.673345062809673
      }
    },
    {
      "pattern_id": 5,
      "n_timesteps": 50,
      "rho_self": 0.0,
      "SM": {
        "1": -0.9589202120008302,
        "2": -4.967252638753947,
        "5": 1.5944962520625752,
        "10": -0.49431373480616747
      },
      "SM_capacity": 6.377985008250301,
      "SM_sal": Infinity,
      "f_self_mse": {
        "1": 6.027574542629018,
        "2": 9.720203286032383,
        "5": 3.4561084420068213,
        "10": 2.6065316660816436
      },
      "f_ext_mse": {
        "1": 5.0686543306281875,
        "2": 4.752950647278436,
        "5": 5.0506046940693965,
        "10": 2.112217931275476
      }
    },
    {
      "pattern_id": 6,
      "n_timesteps": 50,
      "rho_self": 0.0,
      "SM": {
        "1": 4.914696630440733,
        "2": -6.941301289168479,
        "5": 4.957615322386168,
        "10": -6.992906085103639
      },
      "SM_capacity": 22.287809604765037,
      "SM_sal": Infinity,
      "f_self_mse": {
        "1": 3.886775856149316,
        "2": 14.242837296815836,
        "5": 2.7964320788250654,
        "10": 10.624034956890313
      },
      "f_ext_mse": {
        "1": 8.801472486590049,
        "2": 7.301536007647357,
        "5": 7.754047401211234,
        "10": 3.631128871786673
      }
    },
    {
      "pattern_id": 7,
      "n_timesteps": 50,
      "rho_self": 0.0,
      "SM": {
        "1": -0.08210073425234121,
        "2": 1.1166817613853066,
        "5": -0.6098433620998089,
        "10": -31.206212259295782
      },
      "SM_capacity": 2.2333635227706132,
      "SM_sal": Infinity,
      "f_self_mse": {
        "1": 3.0950604460070315,
        "2": 2.59085033937309,
        "5": 2.9700563484059725,
        "10": 33.1095717496616
      },
      "f_ext_mse": {
        "1": 3.0129597117546902,
        "2": 3.707532100758397,
        "5": 2.3602129863061636,
        "10": 1.903359490365815
      }
    },
    {
      "pattern_id": 8,
      "n_timesteps": 50,
      "rho_self": 0.02685355224032701,
      "SM": {
        "1": -9.311352698791524,
        "2": 7.968847928604781,
        "5": 13.635113790014685,
        "10": -14.95017918534699
      },
      "SM_capacity": 70.4781510172683,
      "SM_sal": Infinity,
      "f_self_mse": {
        "1": 70.1537673067904,
        "2": 55.215882842703344,
        "5": 56.86945753163211,
        "10": 56.518766427385856
      },
      "f_ext_mse": {
        "1": 60.842414607998876,
        "2": 63.184730771308125,
        "5": 70.5045713216468,
        "10": 41.568587242038866
      }
    },
    {
      "pattern_id": 9,
      "n_timesteps": 50,
      "rho_self": 0.0,
      "SM": {
        "1": -103.28041571822641,
        "2": 46.022731313574866,
        "5": -17.84442606476145,
        "10": -264.2882813032699
      },
      "SM_capacity": 92.04546262714973,
      "SM_sal": 0.0,
      "f_self_mse": {
        "1": 175.1242418665292,
        "2": 33.84640145145839,
        "5": 77.83751307132584,
        "10": 299.1961755812628
      },
      "f_ext_mse": {
        "1": 71.84382614830278,
        "2": 79.86913276503326,
        "5": 59.993087006564394,
        "10": 34.907894277992916
      }
    },
    {
      "pattern_id": 10,
      "n_timesteps": 50,
      "rho_self": 0.0,
      "SM": {
        "1": 24.766042221508354,
        "2": -345.72819660096,
        "5": -152.29972166008875,
        "10": -1239.195238052526
      },
      "SM_capacity": 12.383021110754177,
      "SM_sal": 0.0,
      "f_self_mse": {
        "1": 30.576686622511584,
        "2": 417.2600459520835,
        "5": 204.34650020549367,
        "10": 1301.868392178128
      },
      "f_ext_mse": {
        "1": 55.34272884401994,
        "2": 71.53184935112347,
        "5": 52.046778545404926,
        "10": 62.67315412560199
      }
    },
    {
      "pattern_id": 11,
      "n_timesteps": 50,
      "rho_self": 0.4311842490173103,
      "SM": {
        "1": 6.017578663189433,
        "2": 5.202218492633383,
        "5": 1.813518371957029,
        "10": 8.733393869869728
      },
      "SM_capacity": 42.500784479363915,
      "SM_sal": Infinity,
      "f_self_mse": {
        "1": 1.842600855923782,
        "2": 2.256885252187312,
        "5": 4.9934256034164735,
        "10": 3.9313635675069385
      },
      "f_ext_mse": {
        "1": 7.860179519113215,
        "2": 7.459103744820695,
        "5": 6.806943975373502,
        "10": 12.664757437376666
      }
    },
    {
      "pattern_id": 12,
      "n_timesteps": 50,
      "rho_self": 0.0,
      "SM": {
        "1": -0.44992519658825714,
        "2": 1.676020230966813,