{
  "metadata": {
    "substrate": "v15",
    "seed": 123,
    "C": 16,
    "N": 128,
    "snapshot_path": "/Users/jacob/fun/shape-of-experience/empirical/experiments/study_ca_affect/results/v15_s123/snapshots/cycle_005.npz",
    "experiment": "self_model"
  },
  "n_results": 20,
  "cycle": 5,
  "results": [
    {
      "pattern_id": 0,
      "n_timesteps": 50,
      "rho_self": 0.0,
      "SM": {
        "1": -0.9921569541247033,
        "2": -2.4450488965665143,
        "5": 2.403202155479047,
        "10": -4.1505127917528615
      },
      "SM_capacity": 9.612808621916187,
      "SM_sal": 0.0,
      "f_self_mse": {
        "1": 6.386695406352312,
        "2": 7.059762456913075,
        "5": 5.380410790153276,
        "10": 11.859625356039361
      },
      "f_ext_mse": {
        "1": 5.394538452227609,
        "2": 4.61471356034656,
        "5": 7.783612945632322,
        "10": 7.7091125642864995
      }
    },
    {
      "pattern_id": 1,
      "n_timesteps": 50,
      "rho_self": 0.0,
      "SM": {
        "1": 0.471867722007582,
        "2": 0.17693214611772068,
        "5": -1.5116802016503113,
        "10": -1.4693849664622864
      },
      "SM_capacity": 0.5897981532392323,
      "SM_sal": Infinity,
      "f_self_mse": {
        "1": 1.3184098270575246,
        "2": 1.6158116313446105,
        "5": 3.8290799436549974,
        "10": 2.6870048908166595
      },
      "f_ext_mse": {
        "1": 1.7902775490651066,
        "2": 1.7927437774623312,
        "5": 2.317399742004686,
        "10": 1.217619924354373
      }
    },
    {
      "pattern_id": 2,
      "n_timesteps": 50,
      "rho_self": 0.0,
      "SM": {
        "1": 112.97778664398703,
        "2": 92.94692925939171,
        "5": -15.243471052130118,
        "10": -22.33017884177429
      },
      "SM_capacity": 242.38275184077693,
      "SM_sal": 1.6696406276230913,
      "f_self_mse": {
        "1": 27.49094573765752,
        "2": 60.09779390340202,
        "5": 105.09058333467382,
        "10": 49.24165433827549
      },
      "f_ext_mse": {
        "1": 140.46873238164454,
        "2": 153.04472316279373,
        "5": 89.8471122825437,
        "10": 26.911475496501197
      }
    },
    {
      "pattern_id": 3,
      "n_timesteps": 50,
      "rho_self": 0.0,
      "SM": {
        "1": -20.38689115011788,
        "2": -5.062188504022146,
        "5": 4.08569931193215,
        "10": 0.08707908501715367
      },
      "SM_capacity": 16.560494960271484,
      "SM_sal": 0.0,
      "f_self_mse": {
        "1": 35.73671607865747,
        "2": 17.12329076298928,
        "5": 3.948122506760197,
        "10": 1.9748715952668146
      },
      "f_ext_mse": {
        "1": 15.349824928539594,
        "2": 12.061102258967136,
        "5": 8.033821818692347,
        "10": 2.061950680283968
      }
    },
    {
      "pattern_id": 4,
      "n_timesteps": 50,
      "rho_self": 0.0,
      "SM": {
        "1": -49.18899350768676,
        "2": -20.595126840459102,
        "5": -30.38165374105109,
        "10": -69.30513922205377
      },
      "SM_capacity": 0.0,
      "SM_sal": 0.0,
      "f_self_mse": {
        "1": 52.620499910368565,
        "2": 23.185680200275225,
        "5": 33.3249545705406,
        "10": 70.81161214522349
      },
      "f_ext_mse": {
        "1": 3.4315064026818063,
        "2": 2.5905533598161226,
        "5": 2.9433008294895107,
        "10": 1.5064729231697183
      }
    },
    {
      "pattern_id": 5,
      "n_timesteps": 50,
      "rho_self": 0.0,
      "SM": {
        "1": 20.349151679119466,
        "2": 14.605285797084218,
        "5": -2.9402048396292635,
        "10": 45.22812695901921
      },
      "SM_capacity": 152.45546483127617,
      "SM_sal": Infinity,
      "f_self_mse": {
        "1": 13.078790761847932,
        "2": 16.318876182368435,
        "5": 19.22912182380465,
        "10": 50.81922395475031
      },
      "f_ext_mse": {
        "1": 33.4279424409674,
        "2": 30.924161979452652,
        "5": 16.288916984175387,
        "10": 96.04735091376952
      }
    },
    {
      "pattern_id": 6,
      "n_timesteps": 50,
      "rho_self": 0.0,
      "SM": {
        "1": 70.8277053398332,
        "2": 14.451683107024358,
        "5": -41.97423966164541,
        "10": -186.64550228155846
      },
      "SM_capacity": 64.31721888396531,
      "SM_sal": Infinity,
      "f_self_mse": {
        "1": 36.65087004361031,
        "2": 48.36093251836157,
        "5": 81.64480213381259,
        "10": 299.2796606868858
      },
      "f_ext_mse": {
        "1": 107.47857538344351,
        "2": 62.81261562538593,
        "5": 39.67056247216718,
        "10": 112.63415840532733
      }
    },
    {
      "pattern_id": 7,
      "n_timesteps": 50,
      "rho_self": 0.0,
      "SM": {
        "1": -2.6871656425489903,
        "2": 54.39458733107565,
        "5": 8.544482123095463,
        "10": 17.41622375590719
      },
      "SM_capacity": 186.50766254430113,
      "SM_sal": 0.0,
      "f_self_mse": {
        "1": 150.3794585939476,
        "2": 51.89226162568391,
        "5": 66.26239381097989,
        "10": 9.213964347047916
      },
      "f_ext_mse": {
        "1": 147.6922929513986,
        "2": 106.28684895675956,
        "5": 74.80687593407535,
        "10": 26.630188102955106
      }
    },
    {
      "pattern_id": 8,
      "n_timesteps": 50,
      "rho_self": 0.0,
      "SM": {
        "1": 7.921741834202458,
        "2": 3.9373472754757373,
        "5": 5.396259819470068,
        "10": 2.9652609395386706
      },
      "SM_capacity": 40.833757094779656,
      "SM_sal": Infinity,
      "f_self_mse": {
        "1": 2.7497755940227373,
        "2": 4.214606133956021,
        "5": 4.747021410371885,
        "10": 2.7624023026138884
      },
      "f_ext_mse": {
        "1": 10.671517428225195,
        "2": 8.151953409431759,
        "5": 10.143281229841953,
        "10": 5.727663242152559
      }
    },
    {
      "pattern_id": 9,
      "n_timesteps": 50,
      "rho_self": 0.0,
      "SM": {
        "1": -37.621526296551984,
        "2": 4.633791166516552,
        "5": -8.016646491596063,
        "10": -11.244922051569752
      },
      "SM_capacity": 9.267582333033104,
      "SM_sal": 0.0,
      "f_self_mse": {
        "1": 76.94640103664291,
        "2": 29.05305325342342,
        "5": 40.11079963798827,
        "10": 66.17321020817903
      },
      "f_ext_mse": {
        "1": 39.32487474009093,
        "2": 33.68684441993997,
        "5": 32.09415314639221,
        "10": 54.92828815660928
      }
    },
    {
      "pattern_id": 10,
      "n_timesteps": 50,
      "rho_self": 0.0,
      "SM": {
        "1": -5.82679596586148,
        "2": -3.9950377690938943,
        "5": -21.665851892912272,
        "10": 0.5407063419338001
      },
      "SM_capacity": 1.3517658548345002,
      "SM_sal": 0.0,
      "f_self_mse": {
        "1": 9.081963793011772,
        "2": 8.256579187705483,
        "5": 29.388560921944993,
        "10": 2.9445722239625804
      },
      "f_ext_mse": {
        "1": 3.2551678271502915,
        "2": 4.261541418611589,
        "5": 7.722709029032723,
        "10": 3.4852785658963805
      }
    },
    {
      "pattern_id": 11,
      "n_timesteps": 50,
      "rho_self": 0.0,
      "SM": {
        "1": 7.895316538743694,
        "2": 1.105141878593883,
        "5": 4.511151365744399,
        "10": 1.2753439728924123
      },
      "SM_capacity": 27.39090742176824,
      "SM_sal": Infinity,
      "f_self_mse": {
        "1": 1.8266889467621077,
        "2": 1.9992835912387463,
        "5": 0.9919768373489031,
        "10": 1.8175531744442335
      },
      "f_ext_mse": {
        "1": 9.722005485505802,
        "2": 3.1044254698326292,
        "5": 5.503128203093302,
        "10": 3.092897147336646
      }
    },
    {
      "pattern_id": 12,
      "n_timesteps": 50,
      "rho_self": 0.0,
      "SM": {
        "1": -137385.42435602308,
        "2": -437089.2850363046,
        "5": -80350.19876323896,