{
  "metadata": {
    "substrate": "v15",
    "seed": 123,
    "C": 16,
    "N": 128,
    "snapshot_path": "/Users/jacob/fun/shape-of-experience/empirical/experiments/study_ca_affect/results/v15_s123/snapshots/cycle_020.npz",
    "experiment": "self_model"
  },
  "n_results": 20,
  "cycle": 20,
  "results": [
    {
      "pattern_id": 0,
      "n_timesteps": 50,
      "rho_self": 0.0,
      "SM": {
        "1": 56.9207080202162,
        "2": 45.45188798733669,
        "5": -51.96287546692281,
        "10": -32.07206365616313
      },
      "SM_capacity": 119.36412998478147,
      "SM_sal": Infinity,
      "f_self_mse": {
        "1": 33.212288654536515,
        "2": 48.37934071756165,
        "5": 64.38445357831088,
        "10": 75.7664397895199
      },
      "f_ext_mse": {
        "1": 90.13299667475272,
        "2": 93.83122870489834,
        "5": 12.421578111388069,
        "10": 43.69437613335676
      }
    },
    {
      "pattern_id": 1,
      "n_timesteps": 50,
      "rho_self": 0.0,
      "SM": {
        "1": -70.01926342717553,
        "2": 32.219209756209125,
        "5": -45.14966140793017,
        "10": -328.6435774595674
      },
      "SM_capacity": 64.43841951241825,
      "SM_sal": 0.0,
      "f_self_mse": {
        "1": 139.540449382238,
        "2": 68.45772582532737,
        "5": 115.34664180448723,
        "10": 370.29380434188494
      },
      "f_ext_mse": {
        "1": 69.52118595506246,
        "2": 100.6769355815365,
        "5": 70.19698039655707,
        "10": 41.65022688231753
      }
    },
    {
      "pattern_id": 2,
      "n_timesteps": 50,
      "rho_self": 0.0,
      "SM": {
        "1": -2195685.7162912576,
        "2": -19300308.479797553,
        "5": -811230.8379328719,
        "10": 16.511931880683278
      },
      "SM_capacity": 41.279829701708195,
      "SM_sal": 0.0,
      "f_self_mse": {
        "1": 2195879.5561404033,
        "2": 19300568.88404392,
        "5": 811439.364603917,
        "10": 38.265651377028995
      },
      "f_ext_mse": {
        "1": 193.83984914558678,
        "2": 260.4042463685666,
        "5": 208.5266710451052,
        "10": 54.77758325771227
      }
    },
    {
      "pattern_id": 3,
      "n_timesteps": 50,
      "rho_self": 0.0,
      "SM": {
        "1": 2.4316037941079913,
        "2": -0.8017244938991155,
        "5": -99.21841037501856,
        "10": 1.8775943971774414
      },
      "SM_capacity": 5.909787889997599,
      "SM_sal": Infinity,
      "f_self_mse": {
        "1": 2.866385998886599,
        "2": 9.02528521171607,
        "5": 106.49092158156274,
        "10": 6.800259949551929
      },
      "f_ext_mse": {
        "1": 5.29798979299459,
        "2": 8.223560717816955,
        "5": 7.272511206544186,
        "10": 8.67785434672937
      }
    },
    {
      "pattern_id": 4,
      "n_timesteps": 50,
      "rho_self": 0.0,
      "SM": {
        "1": -1286.5627499698655,
        "2": -2120.1583002348025,
        "5": -155.19410130918484,
        "10": -71.15621786422354
      },
      "SM_capacity": 0.0,
      "SM_sal": 0.0,
      "f_self_mse": {
        "1": 1331.3316296694475,
        "2": 2171.0252540412357,
        "5": 236.65523650423756,
        "10": 105.4945641496588
      },
      "f_ext_mse": {
        "1": 44.76887969958197,
        "2": 50.86695380643327,
        "5": 81.46113519505272,
        "10": 34.338346285435264
      }
    },
    {
      "pattern_id": 5,
      "n_timesteps": 50,
      "rho_self": 0.0,
      "SM": {
        "1": -12.452697907880733,
        "2": -109.83318910317564,
        "5": 67.69414103244728,
        "10": -107.48683582152611
      },
      "SM_capacity": 270.7765641297891,
      "SM_sal": 0.0,
      "f_self_mse": {
        "1": 104.92687633962028,
        "2": 163.93889957529169,
        "5": 50.59910858960444,
        "10": 176.75252718553122
      },
      "f_ext_mse": {
        "1": 92.47417843173955,
        "2": 54.10571047211604,
        "5": 118.29324962205172,
        "10": 69.26569136400511
      }
    },
    {
      "pattern_id": 6,
      "n_timesteps": 50,
      "rho_self": 0.0,
      "SM": {
        "1": -119.96030294497382,
        "2": -1.472513786238764,
        "5": -3.066868289211307,
        "10": -12.714243764086149
      },
      "SM_capacity": 0.0,
      "SM_sal": 0.0,
      "f_self_mse": {
        "1": 169.31738148080476,
        "2": 80.1327696990236,
        "5": 58.31870560775728,
        "10": 25.51159810602008
      },
      "f_ext_mse": {
        "1": 49.35707853583093,
        "2": 78.66025591278483,
        "5": 55.251837318545974,
        "10": 12.797354341933932
      }
    },
    {
      "pattern_id": 7,
      "n_timesteps": 50,
      "rho_self": 0.0,
      "SM": {
        "1": -1.1306501624457423,
        "2": -1.451109122590557,
        "5": -1.532074200684895,
        "10": -1.1819152937621142
      },
      "SM_capacity": 0.0,
      "SM_sal": 0.0,
      "f_self_mse": {
        "1": 7.218467122572146,
        "2": 7.698322495825245,
        "5": 4.3507835129022014,
        "10": 4.759201219904336
      },
      "f_ext_mse": {
        "1": 6.087816960126403,
        "2": 6.247213373234688,
        "5": 2.8187093122173064,
        "10": 3.5772859261422214
      }
    },
    {
      "pattern_id": 8,
      "n_timesteps": 50,
      "rho_self": 0.5172656177704752,
      "SM": {
        "1": -70.90511063536749,
        "2": 12.678886775349582,
        "5": -222.6686207395216,
        "10": -115.4776485413805
      },
      "SM_capacity": 25.357773550699164,
      "SM_sal": 0.1070810380605589,
      "f_self_mse": {
        "1": 161.68348105898198,
        "2": 98.06735343547244,
        "5": 345.0851433588417,
        "10": 201.55977078318568
      },
      "f_ext_mse": {
        "1": 90.77837042361449,
        "2": 110.74624021082202,
        "5": 122.4165226193201,
        "10": 86.08212224180518
      }
    },
    {
      "pattern_id": 9,
      "n_timesteps": 50,
      "rho_self": 0.0,
      "SM": {
        "1": -358.0653480383343,
        "2": -34.1433694116999,
        "5": 0.5323806621822471,
        "10": 0.8069744149340096
      },
      "SM_capacity": 4.146958686064012,
      "SM_sal": 0.0,
      "f_self_mse": {
        "1": 360.5635616276257,
        "2": 36.25311603950506,
        "5": 0.8441513717007656,
        "10": 0.7540055388765229
      },
      "f_ext_mse": {
        "1": 2.498213589291392,
        "2": 2.1097466278051593,
        "5": 1.3765320338830127,
        "10": 1.5609799538105325
      }
    },
    {
      "pattern_id": 10,
      "n_timesteps": 50,
      "rho_self": 0.0,
      "SM": {
        "1": -13.53847291309297,
        "2": -48.8453060837254,
        "5": -56.54304163409327,
        "10": -30.315184116686563
      },
      "SM_capacity": 0.0,
      "SM_sal": 0.0,
      "f_self_mse": {
        "1": 17.931298023273104,
        "2": 55.77102435990624,
        "5": 67.76528682016283,
        "10": 36.97759026345115
      },
      "f_ext_mse": {
        "1": 4.392825110180134,
        "2": 6.925718276180847,
        "5": 11.22224518606956,
        "10": 6.662406146764584
      }
    },
    {
      "pattern_id": 11,
      "n_timesteps": 50,
      "rho_self": 0.3072628561487479,
      "SM": {
        "1": 1.271885223536378,
        "2": 0.8249616482050102,
        "5": 2.371800508985209,
        "10": -5.481677464615064
      },
      "SM_capacity": 11.773067944119045,
      "SM_sal": Infinity,
      "f_self_mse": {
        "1": 2.3614632810231564,
        "2": 3.0510424173789756,
        "5": 2.0589616549732908,
        "10": 7.505888570198033
      },
      "f_ext_mse": {
        "1": 3.6333485045595344,
        "2": 3.876004065583986,
        "5": 4.4307621639585,
        "10": 2.0242111055829697
      }
    },
    {
      "pattern_id": 12,
      "n_timesteps": 50,
      "rho_self": 0.0,
      "SM": {
        "1": -3.602417558972567,
        "2": -9.315101965915247,
        "5": -2.9813906797632264,
        "10": -4.609256275288161
      },