{
  "metadata": {
    "substrate": "v15",
    "seed": 42,
    "C": 16,
    "N": 128,
    "snapshot_path": "/Users/jacob/fun/shape-of-experience/empirical/experiments/study_ca_affect/results/v15_s42/snapshots/cycle_015.npz",
    "experiment": "affect_geometry"
  },
  "n_results": 1,
  "cycle": 15,
  "results": [
    {
      "n_patterns": 20,
      "rsa_rho": 0.0320898231617438,
      "rsa_p": 0.660283333108417,
      "space_A": [
        [
          0.0021842839766521844,
          7.162257671356201,
          0.22719081097836968,
          1.7152718135467726,
          0.9179277047514915,
          -0.19885627486933055
        ],
        [
          -0.008663761372468909,
          5.337746620178223,
          0.054223780146400724,
          1.2401585611986081,
          0.9114365875720978,
          -0.5327876553200037
        ],
        [
          0.002134357179914202,
          5.807736873626709,
          0.29274592057379745,
          2.044625707728419,
          0.9304289296269417,
          -0.1158525155140826
        ],
        [
          -0.0015136903646040935,
          5.54707670211792,
          0.1073738270975847,
          1.5030422722801917,
          0.9562110640108585,
          -0.00598628776703225
        ],
        [
          -0.004386288779122489,
          3.454658031463623,
          0.20967626061705436,
          1.789933724780379,
          0.961751714348793,
          -0.013897964227668314
        ],
        [
          -0.001257458511663943,
          4.800891399383545,
          0.026523928135797736,
          1.133368368079929,
          0.7762455642223358,
          -0.003276256232360053
        ],
        [
          -0.0032798514074208786,
          4.5129828453063965,
          0.13447651696787133,
          1.504643828851127,
          0.9800505265593529,
          -0.5754070313748086
        ],
        [
          -0.00264854333838638,
          5.372138023376465,
          0.07553413025363842,
          1.4037222308534139,
          0.9126046225428581,
          -0.007532657210809979
        ],
        [
          -0.004441947353129484,
          2.7506258487701416,
          0.03501346752539747,
          1.1830919598885576,
          0.9329928159713745,
          -0.0010060990420954763
        ],
        [
          -0.0037890599698436503,
          2.7393312454223633,
          0.006972816747471744,
          1.0503659907097112,
          0.7425597906112671,
          -0.001403831497162944
        ],
        [
          0.00398902990380112,
          3.6050305366516113,
          0.09327878625958097,
          1.4535726929157122,
          0.9479584731161594,
          -0.001569739559339034
        ],
        [
          -0.007181449812285754,
          3.9730429649353027,
          0.12312425090682,
          1.5202591257315934,
          0.8836819753050804,
          -0.009441017804225349
        ],
        [
          -0.0063690506682104,
          2.266840934753418,
          0.04573183657236457,
          1.2406629118234207,
          0.8074308335781097,
          -0.007726585366058525
        ],
        [
          -0.010864593544784857,
          2.6771106719970703,
          0.02790096821526289,
          1.168606430541483,
          0.9115796014666557,
          -0.00022207300984333767
        ],
        [
          0.0032826832362583707,
          5.119816303253174,
          0.31004470290261565,
          2.360859451829173,
          0.9395634159445763,
          -0.008646559239499862
        ],
        [
          -0.0015339364810865752,
          4.806891918182373,
          0.01164707018627631,
          1.0678997635074758,
          0.8522047847509384,
          -0.1019613591588735
        ],
        [
          -0.013342083716879085,
          6.004288673400879,
          0.031388242596615545,
          1.15187441030084,
          0.8443412035703659,
          -0.0020378075728004763
        ],
        [
          0.0006495349261225487,
          4.873263359069824,
          0.027477958566271554,
          1.1398895221722705,
          0.865296795964241,
          -0.0025151279433751617
        ],
        [
          -0.006690813570606465,
          5.6032609939575195,
          0.03577112416646622,
          1.1920937208018338,
          0.8860480636358261,
          -0.0028490213777119244
        ],
        [
          -0.0014688238805654098,
          2.5703272819519043,
          0.04070486658936057,
          1.213787521040002,
          0.8465216159820557,
          -0.0004324465217440121
        ]
      ],
      "space_C": [
        [
          0.008702405393123627,
          2.3030457244845444,
          -0.6173913043478261,
          0.5775731139244258
        ],
        [
          -0.002767658233642578,
          2.7031283473128873,
          1.0888888888888888,
          0.41544450034021524
        ],
        [
          0.0002852153778076172,
          2.3906654874159075,
          -0.9969066849974222,
          0.5347754166105267
        ],
        [
          0.0017711067199707032,
          3.06534281268916,
          -0.48936170212765956,
          0.4225252957791331
        ],
        [
          0.0007097208499908447,
          3.2042229246511704,
          -0.5405405405405406,
          0.5426168351295677
        ],
        [
          -0.000812738835811615,
          2.041276361819466,
          -0.3,
          0.5880063667198515
        ],
        [
          0.006006962060928345,
          1.9191957339555552,
          1.0,
          0.5864729854841595
        ],
        [
          -0.005630587935447693,
          2.3138852637151266,
          -0.8776119402985074,
          0.4179132369189005
        ],
        [
          -0.000588369369506836,
          2.5378710364938013,
          -0.6307692307692307,
          0.636790220647052
        ],
        [
          -0.0020578873157501222,
          2.3199782566793354,
          -0.8397435897435898,
          0.5123882687381281
        ],
        [
          -0.0013983643054962158,
          3.0262891213678222,
          0.2727272727272727,
          0.15427091829614156
        ],
        [
          0.0010476630926132202,
          3.5420253383703226,
          -0.7464788732394366,
          0.17969480521327957
        ],
        [
          -0.0024897050857543945,
          1.8145516868227238,
          -0.9514415781487102,
          0.7839201179695426
        ],
        [
          0.0028936970233917237,
          2.248850978822196,
          -0.13953488372093023,
          0.3216254680180083
        ],
        [
          -0.001971390247344971,
          2.2421522122031616,
          -0.8473684210526315,
          0.4177758377501391
        ],
        [
          0.0032717573642730715,
          2.4106992287216213,
          1.6470588235294117,
          0.6778982253333405
        ],
        [
          0.00018196225166320802,
          3.2438962737702983,
          -0.3,
          0.3912186190432197
        ],
        [
          -0.0016666603088378905,
          2.2987313662830955,
          -0.6869565217391305,
          0.6639653095653025
        ],
        [
          0.00017224550247192384,
          3.1138154321202207,
          0.3333333333333333,
          0.5153116236773109
        ],
        [
          0.002668883800506592,
          2.3045017904865177,
          -0.6533333333333333,
          0.6127914509740426
        ]
      ],
      "dim_labels_A": [
        "valence",
        "arousal",
        "integration",
        "d_eff",
        "cf_weight",
        "sm_sal"
      ],
      "dim_labels_C": [
        "approach_avoid",
        "activity",
        "growth",
        "stability"
      ],
      "per_pattern": [
        {
          "pattern_id": 0,
          "space_A": {
            "valence": 0.0021842839766521844,
            "arousal": 7.162257671356201,
            "integration": 0.22719081097836968,
            "d_eff": 1.7152718135467726,
            "cf_weight": 0.9179277047514915,