{
  "metadata": {
    "substrate": "v15",
    "seed": 42,
    "C": 16,
    "N": 128,
    "snapshot_path": "/Users/jacob/fun/shape-of-experience/empirical/experiments/study_ca_affect/results/v15_s42/snapshots/cycle_005.npz",
    "experiment": "affect_geometry"
  },
  "n_results": 1,
  "cycle": 5,
  "results": [
    {
      "n_patterns": 20,
      "rsa_rho": 0.042029156661286725,
      "rsa_p": 0.5647750740911345,
      "space_A": [
        [
          0.0038399307095274633,
          7.566732406616211,
          0.07474728821757659,
          1.3128756060872078,
          0.9411935992538929,
          -0.7554773729898556
        ],
        [
          -0.003305294075790717,
          4.700844764709473,
          0.10698153726773096,
          1.4219503763219694,
          0.8714976161718369,
          -0.511414703235012
        ],
        [
          -0.004518615956209144,
          9.62693977355957,
          0.00431241531641402,
          1.0305441856062925,
          0.9024925008416176,
          -0.05298929119663964
        ],
        [
          -0.0004209255685611647,
          9.58597183227539,
          0.3894380028410641,
          1.9587522054343307,
          0.8926564604043961,
          -0.1372335898428364
        ],
        [
          -0.004291558752254564,
          5.889837741851807,
          0.001545312993667114,
          1.0132694977848706,
          0.8747571557760239,
          -0.09788921489190905
        ],
        [
          0.010289070557574836,
          3.39634108543396,
          0.17719883788651714,
          1.7104138162925573,
          0.8582158833742142,
          -0.006920290277663166
        ],
        [
          0.005301830719928353,
          5.0949387550354,
          0.10083258460668754,
          1.4048938255304189,
          0.9532474465668201,
          -0.5269385501344555
        ],
        [
          0.002637400919077348,
          4.855220317840576,
          0.014956468589686689,
          1.0847648567338197,
          0.9097613617777824,
          -0.2013754211335711
        ],
        [
          -0.00044255353966537786,
          6.901143550872803,
          0.303821494595939,
          1.85229926647344,
          0.9657770842313766,
          -0.32137795109312683
        ],
        [
          0.0053136348724365234,
          5.364774227142334,
          0.09754537464350244,
          1.388564750168445,
          0.9209705740213394,
          -0.22546627926597151
        ],
        [
          -0.00430544055238062,
          7.425921440124512,
          0.18152478780492232,
          1.6094075386074416,
          0.8934244439005852,
          -0.12132491966152648
        ],
        [
          0.002879726643465003,
          4.85249662399292,
          0.06261944952115472,
          1.3036396130656522,
          0.9635938182473183,
          -0.0026072589915736577
        ],
        [
          0.005524250925803671,
          4.680409908294678,
          0.011891544608579552,
          1.0686256969810959,
          0.8627304434776306,
          -0.15599648428930024
        ],
        [
          0.005218014425160933,
          6.8176589012146,
          0.009933575541083539,
          1.0585975370127818,
          0.810944452881813,
          -0.183838929961606
        ],
        [
          -0.0011631274709896166,
          3.5125725269317627,
          0.10138554487070317,
          1.558542916182916,
          0.9204511195421219,
          -0.001336370836405143
        ],
        [
          0.0030713421957833426,
          2.6393463611602783,
          0.0660109026215393,
          1.337162789641131,
          0.8331614136695862,
          -0.006484301444587004
        ],
        [
          0.00048218941201969066,
          5.057744979858398,
          0.0654700423071628,
          1.3824096699479036,
          0.9323733448982239,
          -0.005688083769177732
        ],
        [
          -0.0029302081283257933,
          5.1471686363220215,
          0.04738446507154792,
          1.2199789927844127,
          0.9401380904018879,
          -0.2320473680597771
        ],
        [
          0.007302546987728197,
          5.136125087738037,
          0.08408223128045655,
          1.3817196870082846,
          0.9100843220949173,
          -0.0021977366809854404
        ],
        [
          -0.0020609242575509207,
          5.574460983276367,
          0.009542748681146795,
          1.0586040107824104,
          0.8820497766137123,
          -0.032756212403001306
        ]
      ],
      "space_C": [
        [
          0.002968100309371948,
          2.4246128217430574,
          -0.4,
          0.4460252333630723
        ],
        [
          0.0008851695060729981,
          1.9788474076296536,
          -0.5434782608695652,
          0.7762726852320492
        ],
        [
          0.01016154021024704,
          2.490683851587325,
          0.9615384615384616,
          0.3749955010255074
        ],
        [
          0.010112134218215942,
          2.1489484245232635,
          1.0526315789473684,
          0.5568830547391249
        ],
        [
          0.004447660446166992,
          2.343263026595379,
          0.48148148148148145,
          0.6421352971575659
        ],
        [
          0.0001627194881439209,
          2.8439771087308325,
          -0.35,
          0.3373019274520508
        ],
        [
          -0.0014333212375640869,
          2.6787424714928187,
          0.0,
          0.43746429216983485
        ],
        [
          0.0054591965675354,
          1.9876135130718575,
          -0.08333333333333333,
          0.4843834292627209
        ],
        [
          0.004082205295562744,
          2.0743934426865023,
          0.875,
          0.7567978348261671
        ],
        [
          0.01656727910041809,
          2.850870005853032,
          -0.08620689655172414,
          0.25056894594790147
        ],
        [
          0.00589202105998993,
          2.22212822919354,
          0.32608695652173914,
          0.5929492844031106
        ],
        [
          0.011372175514698029,
          2.1642689435215945,
          0.375,
          0.5459566396961395
        ],
        [
          0.00914533257484436,
          1.9240736950523762,
          0.08333333333333333,
          0.6088741031935554
        ],
        [
          0.001340392827987671,
          1.9250826850413538,
          -0.13333333333333333,
          0.6816265534983841
        ],
        [
          0.0004129183292388916,
          2.9846017084408283,
          -0.08108108108108109,
          0.2544092910174889
        ],
        [
          -0.0038869386911392213,
          2.268182695058124,
          0.5,
          0.4039380376662786
        ],
        [
          -0.0006165564060211182,
          2.132999921305606,
          0.9565217391304348,
          0.274945520210815
        ],
        [
          0.0031575095653533936,
          2.4610680297253427,
          -0.4117647058823529,
          0.3612046892178033
        ],
        [
          0.009843255281448365,
          2.6507083918654506,
          -0.08333333333333333,
          0.5591602448847606
        ],
        [
          0.001551063060760498,
          2.668093427593756,
          0.38095238095238093,
          0.3197601443832278
        ]
      ],
      "dim_labels_A": [
        "valence",
        "arousal",
        "integration",
        "d_eff",
        "cf_weight",
        "sm_sal"
      ],
      "dim_labels_C": [
        "approach_avoid",
        "activity",
        "growth",
        "stability"
      ],
      "per_pattern": [
        {
          "pattern_id": 0,
          "space_A": {
            "valence": 0.0038399307095274633,
            "arousal": 7.566732406616211,
            "integration": 0.07474728821757659,
            "d_eff": 1.3128756060872078,
            "cf_weight": 0.9411935992538929,
            "sm_sal": -0.7554773729898556
          },