{
  "metadata": {
    "substrate": "v15",
    "seed": 42,
    "C": 16,
    "N": 128,
    "snapshot_path": "/Users/jacob/fun/shape-of-experience/empirical/experiments/study_ca_affect/results/v15_s42/snapshots/cycle_000.npz",
    "experiment": "affect_geometry"
  },
  "n_results": 1,
  "cycle": 0,
  "results": [
    {
      "n_patterns": 20,
      "rsa_rho": 0.13337794748651735,
      "rsa_p": 0.0665706936934201,
      "space_A": [
        [
          0.0008207243316027583,
          12.501786231994629,
          0.38050051955533637,
          1.9531874746661748,
          0.8118981271982193,
          -0.45433481890720084
        ],
        [
          -0.0012564610461799465,
          9.906890869140625,
          0.009363208745039708,
          1.0584498362755832,
          0.9458139576017857,
          -0.22610203358306258
        ],
        [
          0.011001567451321349,
          7.739303112030029,
          0.4439317495901678,
          2.0122870556689865,
          0.8042043894529343,
          -0.29370411433282406
        ],
        [
          0.002699735213299187,
          4.977015495300293,
          0.03505396223831858,
          1.1679580331443107,
          0.8952126428484917,
          -0.41030697955816
        ],
        [
          -0.0008824552808489118,
          4.767698764801025,
          0.01252425094550691,
          1.0719553559181796,
          0.9530238099396229,
          -0.1580529605063029
        ],
        [
          -0.002344165529523577,
          10.039158821105957,
          0.010993882295040946,
          1.064822768244905,
          0.841908648610115,
          -0.29848093253527697
        ],
        [
          0.004693259998243682,
          6.570744037628174,
          0.2156065072486505,
          1.6862946956133376,
          0.9358976930379868,
          -0.13562908575380483
        ],
        [
          0.010316819560771085,
          10.270359992980957,
          0.04536323631136474,
          1.218541332436332,
          0.8923103660345078,
          -0.020907087624275844
        ],
        [
          -0.0004767155160709303,
          5.045892238616943,
          0.008440516095448047,
          1.0529606818682327,
          0.9141097813844681,
          -0.19935354718634446
        ],
        [
          0.011350592788384885,
          5.705776691436768,
          0.04901720705553825,
          1.2579356624549176,
          0.9233319982886314,
          -0.007299324419299924
        ],
        [
          0.004637800917333486,
          4.825843811035156,
          0.007923684770492545,
          1.0522797509489497,
          0.863065555691719,
          -0.18671195268933527
        ],
        [
          -0.0033710927379374603,
          7.231292247772217,
          0.13789833283509256,
          1.4959446700575263,
          0.8954790383577347,
          -0.1302922258526632
        ],
        [
          0.003429524752558494,
          5.024796009063721,
          0.005931095693204824,
          1.0394149844378695,
          0.8215190470218658,
          -0.1360488257715271
        ],
        [
          0.0016310555594308035,
          5.411096572875977,
          0.02391943357434201,
          1.1531648297605563,
          0.9084774926304817,
          -0.0024628544803166896
        ],
        [
          0.0027672222682407926,
          5.308478355407715,
          0.06127085972518642,
          1.2685418595581237,
          0.8770951330661774,
          -0.0027095695376294637
        ],
        [
          0.0009765576343147122,
          4.63364839553833,
          0.052362979267355336,
          1.2624213544519542,
          0.8900594785809517,
          -0.0515558403019829
        ],
        [
          -0.0017984643274424027,
          5.188718318939209,
          0.012547519547724262,
          1.0763215927670806,
          0.8082473129034042,
          -0.1013366222751021
        ],
        [
          -0.004035030092511859,
          4.542363166809082,
          0.026950954047407216,
          1.1396751455789365,
          0.9311308488249779,
          -0.001957934272315609
        ],
        [
          -0.004337972524214764,
          5.500411510467529,
          0.019044929458529314,
          1.1043804726541742,
          0.9282543584704399,
          -0.012611165859966023
        ],
        [
          0.00471945198214784,
          7.852819919586182,
          0.008313124146463013,
          1.054413741763965,
          0.8540671169757843,
          -0.6797816375060567
        ]
      ],
      "space_C": [
        [
          -0.0029355382919311526,
          2.956526491103655,
          0.7884615384615384,
          0.5079262191865352
        ],
        [
          0.007211214303970337,
          2.779319054694861,
          1.7586206896551724,
          0.406997498737008
        ],
        [
          0.014153744876384735,
          1.9462160880194213,
          0.8095238095238095,
          0.776827875982154
        ],
        [
          0.0011990797519683839,
          2.2791032557040842,
          0.06666666666666667,
          0.5413838664032796
        ],
        [
          0.014491629302501679,
          2.151221865914157,
          0.5294117647058824,
          0.5223136996828771
        ],
        [
          -0.003334837555885315,
          2.5096724542853575,
          -0.68,
          0.46963992829046647
        ],
        [
          0.005569009780883789,
          1.8671368331854927,
          -0.2909090909090909,
          0.9044241531999744
        ],
        [
          0.011346562206745148,
          3.111434121069986,
          -0.4838709677419355,
          0.49261348911734637
        ],
        [
          0.0014784932136535645,
          2.2319801086601214,
          -0.13333333333333333,
          0.425530803334378
        ],
        [
          0.010692393481731415,
          2.9826015994750503,
          0.7777777777777778,
          0.5566963346645724
        ],
        [
          0.011553988754749299,
          2.7747262134140622,
          0.17142857142857143,
          0.677660254300497
        ],
        [
          0.005095399022102356,
          2.291515735266759,
          0.0625,
          0.5288482495666895
        ],
        [
          0.00027147650718688964,
          2.2404517702388027,
          -0.6,
          0.3694888558683353
        ],
        [
          0.011230584979057313,
          2.563910956669951,
          -0.3333333333333333,
          0.35987666455233075
        ],
        [
          0.005473748445510864,
          2.5429540340362857,
          2.75,
          0.5474821848327348
        ],
        [
          -0.010289766192436219,
          1.846144716131358,
          -0.43333333333333335,
          0.5042290972589654
        ],
        [
          0.008690248131752015,
          2.661521590885803,
          0.038461538461538464,
          0.6823641936816459
        ],
        [
          0.011196320056915282,
          1.9378786219637711,
          3.227272727272727,
          0.5449893400132092
        ],
        [
          0.0007711923122406005,
          2.622125965021375,
          -0.6746987951807228,
          0.2845209673598523
        ],
        [
          0.004301998913288117,
          2.6118964269615583,
          -0.4878048780487805,
          0.20784273715530655
        ]
      ],
      "dim_labels_A": [
        "valence",
        "arousal",
        "integration",
        "d_eff",
        "cf_weight",
        "sm_sal"
      ],
      "dim_labels_C": [
        "approach_avoid",
        "activity",
        "growth",
        "stability"
      ],
      "per_pattern": [
        {
          "pattern_id": 0,
          "space_A": {
            "valence": 0.0008207243316027583,
            "arousal": 12.501786231994629,
            "integration": 0.38050051955533637,
            "d_eff": 1.9531874746661748,
            "cf_weight": 0.8118981271982193,
            "sm_sal": -0.45433481890720084
          },