{
  "metadata": {
    "substrate": "v15",
    "seed": 42,
    "C": 16,
    "N": 128,
    "snapshot_path": "/Users/jacob/fun/shape-of-experience/empirical/experiments/study_ca_affect/results/v15_s42/snapshots/cycle_010.npz",
    "experiment": "affect_geometry"
  },
  "n_results": 1,
  "cycle": 10,
  "results": [
    {
      "n_patterns": 20,
      "rsa_rho": -0.059726104090942894,
      "rsa_p": 0.4130341289075984,
      "space_A": [
        [
          0.0035423356659558354,
          7.182258605957031,
          0.4839485173628625,
          2.022213096438385,
          0.8173266500234604,
          -0.6005212114386286
        ],
        [
          0.0009881963535230986,
          8.138748168945312,
          0.025191935023503254,
          1.1455190110026967,
          0.8798198699951172,
          -0.8653219520574316
        ],
        [
          0.00026297082706373565,
          8.172411918640137,
          0.07649455198880628,
          1.3461220450655618,
          0.8952571004629135,
          -0.6518466372951099
        ],
        [
          0.007705975551994479,
          13.216120719909668,
          0.013994950236228543,
          1.0819179005450392,
          0.8776289224624634,
          -0.0412172278407954
        ],
        [
          0.0017432582621671716,
          5.471094131469727,
          0.05905507760421558,
          1.3001137143974968,
          0.9235928431153297,
          -0.055449469365834836
        ],
        [
          0.009497705770998585,
          15.026779174804688,
          0.019011655594798227,
          1.1062267065870717,
          0.8127748668193817,
          -0.09068292306948234
        ],
        [
          0.0005691197453712931,
          5.474339485168457,
          0.01661618659718822,
          1.0958411676670294,
          0.9731790535151958,
          -0.025638520113934082
        ],
        [
          0.00444547497496313,
          7.951603889465332,
          0.29863771326477506,
          1.8532527141949093,
          0.8850474059581757,
          -0.36596907701710557
        ],
        [
          0.002456874263529875,
          5.034111499786377,
          0.014403697473864607,
          1.0829266044708576,
          0.9764552041888237,
          -0.18424133545805477
        ],
        [
          -0.00038937159946986606,
          5.618589878082275,
          0.1597903432239458,
          1.7184260616852698,
          0.9206845909357071,
          -0.0011214947134894349
        ],
        [
          -0.0018540499161700814,
          6.173323154449463,
          0.01471121318675217,
          1.0855549181343593,
          0.9766204413026571,
          -0.15255869790377696
        ],
        [
          -0.0016205651419503348,
          14.657319068908691,
          0.18272080651639122,
          1.618665635693481,
          0.8743150681257248,
          -0.2023084603097478
        ],
        [
          -0.0024041545634367026,
          6.480391502380371,
          0.03576162991419629,
          1.180168074436264,
          0.9025023132562637,
          -0.2370386431751096
        ],
        [
          -0.004038124668354891,
          5.838567733764648,
          0.06624889450923965,
          1.2988717922975115,
          0.9249262064695358,
          -0.15004180088975572
        ],
        [
          0.0014948893566520847,
          8.24162769317627,
          0.03408856090626122,
          1.1788588896285417,
          0.883349172770977,
          -0.3006768177881126
        ],
        [
          0.008124628845526248,
          7.538148403167725,
          0.2685345976943574,
          1.8042232325125496,
          0.8807243555784225,
          -0.23204775242982123
        ],
        [
          0.004652427167308574,
          7.096744537353516,
          0.22928030543490763,
          1.9426648868517296,
          0.9592421725392342,
          -0.032613754457538224
        ],
        [
          0.004472328692066426,
          5.641611099243164,
          0.5060108697374824,
          3.0045649044051532,
          0.8905310556292534,
          -0.04533811626139428
        ],
        [
          -0.0072426260734091,
          7.304913520812988,
          0.013057852465040432,
          1.0752109239330478,
          0.8307318389415741,
          -0.02628394633437514
        ],
        [
          0.0004655195742237325,
          4.255114555358887,
          0.1355536647618527,
          1.6762140202991442,
          0.914960041642189,
          -0.0034171716533083485
        ]
      ],
      "space_C": [
        [
          0.00936978355050087,
          2.1818400793503296,
          4.083333333333333,
          0.5801092209981085
        ],
        [
          0.0034166979789733887,
          2.936531145039874,
          -0.25806451612903225,
          0.2888911461496228
        ],
        [
          0.004292401671409607,
          3.241102289552002,
          0.8636363636363636,
          0.41294146631332396
        ],
        [
          0.00020622611045837403,
          3.2042477539613192,
          -0.5135135135135135,
          0.33331036566849526
        ],
        [
          -0.002752453088760376,
          2.4887762944167786,
          -0.8903456495828367,
          0.6266945336035723
        ],
        [
          0.004920066595077515,
          3.055930800179989,
          -0.7631578947368421,
          0.3515540756168971
        ],
        [
          0.006693150699138641,
          2.6215020053928755,
          -0.2265625,
          0.3877782917739504
        ],
        [
          9.34472680091858e-05,
          2.8384285877207276,
          0.037037037037037035,
          0.2701704046090328
        ],
        [
          0.014870772287249565,
          2.4099821200780744,
          4.722222222222222,
          0.44141587954382683
        ],
        [
          0.013856296986341476,
          2.715826159333921,
          0.275,
          0.40122957196462183
        ],
        [
          0.014756803289055825,
          3.0815863688789107,
          -0.30303030303030304,
          0.24097253114993794
        ],
        [
          -0.004682361781597137,
          2.62202328400802,
          -0.4788732394366197,
          0.31565774068318536
        ],
        [
          0.005772198438644409,
          3.2923662251518526,
          -0.46511627906976744,
          0.20611059912853116
        ],
        [
          0.009812370091676712,
          3.4974172938389447,
          -0.4966887417218543,
          0.37277016184931694
        ],
        [
          -0.0016060537099838257,
          3.4040004774491184,
          -0.8361344537815126,
          0.19457785195102464
        ],
        [
          -0.009710615575313568,
          2.467037360650629,
          1.8888888888888888,
          0.3853822193508532
        ],
        [
          0.0029654181003570556,
          4.166631166442053,
          7.1,
          0.1582742244328873
        ],
        [
          -0.00027046144008636475,
          2.660243711477195,
          -0.6666666666666666,
          0.3049096071277315
        ],
        [
          -0.002497744560241699,
          2.4705760650512683,
          1.7272727272727273,
          0.5929712283814808
        ],
        [
          0.009175905585289001,
          3.431511936406277,
          0.9,
          0.22968676965179222
        ]
      ],
      "dim_labels_A": [
        "valence",
        "arousal",
        "integration",
        "d_eff",
        "cf_weight",
        "sm_sal"
      ],
      "dim_labels_C": [
        "approach_avoid",
        "activity",
        "growth",
        "stability"
      ],
      "per_pattern": [
        {
          "pattern_id": 0,
          "space_A": {
            "valence": 0.0035423356659558354,
            "arousal": 7.182258605957031,
            "integration": 0.4839485173628625,
            "d_eff": 2.022213096438385,
            "cf_weight": 0.8173266500234604,