{
  "metadata": {
    "substrate": "v15",
    "seed": 42,
    "C": 16,
    "N": 128,
    "snapshot_path": "/Users/jacob/fun/shape-of-experience/empirical/experiments/study_ca_affect/results/v15_s42/snapshots/cycle_025.npz",
    "experiment": "affect_geometry"
  },
  "n_results": 1,
  "cycle": 25,
  "results": [
    {
      "n_patterns": 4,
      "rsa_rho": -0.3714285714285715,
      "rsa_p": 0.46847813411078715,
      "space_A": [
        [
          -0.012001884226896326,
          5.845897674560547,
          0.014465353863732378,
          1.0881911880087336,
          0.9402693435549736,
          -0.10316390029029399
        ],
        [
          -0.007687909262520927,
          5.118045806884766,
          0.013705709282567313,
          1.0785874512786642,
          0.9314988479018211,
          -0.21242366363827125
        ],
        [
          -0.009921341526265047,
          5.331467151641846,
          0.16995593566200895,
          1.6070636299206775,
          0.9101830571889877,
          -0.30265568366823836
        ],
        [
          0.0017766952514648438,
          6.829883575439453,
          0.015763390515069364,
          1.0886309419006648,
          0.9212471917271614,
          -0.17006494426928054
        ]
      ],
      "space_C": [
        [
          0.013304851800203323,
          2.8046148657456054,
          -0.9529983792544571,
          0.33049972947233786
        ],
        [
          0.013638500273227692,
          2.2287310426641294,
          -0.5478260869565217,
          0.37825059083582063
        ],
        [
          0.007711187601089477,
          2.5546374103874943,
          -0.20512820512820512,
          0.2370979780866866
        ],
        [
          -0.0011031830310821533,
          1.993928198314606,
          1.0,
          0.8848073894816859
        ]
      ],
      "dim_labels_A": [
        "valence",
        "arousal",
        "integration",
        "d_eff",
        "cf_weight",
        "sm_sal"
      ],
      "dim_labels_C": [
        "approach_avoid",
        "activity",
        "growth",
        "stability"
      ],
      "per_pattern": [
        {
          "pattern_id": 0,
          "space_A": {
            "valence": -0.012001884226896326,
            "arousal": 5.845897674560547,
            "integration": 0.014465353863732378,
            "d_eff": 1.0881911880087336,
            "cf_weight": 0.9402693435549736,
            "sm_sal": -0.10316390029029399
          },
          "space_C": {
            "approach_avoid": 0.013304851800203323,
            "activity": 2.8046148657456054,
            "growth": -0.9529983792544571,
            "stability": 0.33049972947233786
          },
          "n_timesteps": 50
        },
        {
          "pattern_id": 1,
          "space_A": {
            "valence": -0.007687909262520927,
            "arousal": 5.118045806884766,
            "integration": 0.013705709282567313,
            "d_eff": 1.0785874512786642,
            "cf_weight": 0.9314988479018211,
            "sm_sal": -0.21242366363827125
          },
          "space_C": {
            "approach_avoid": 0.013638500273227692,
            "activity": 2.2287310426641294,
            "growth": -0.5478260869565217,
            "stability": 0.37825059083582063
          },
          "n_timesteps": 50
        },
        {
          "pattern_id": 2,
          "space_A": {
            "valence": -0.009921341526265047,
            "arousal": 5.331467151641846,
            "integration": 0.16995593566200895,
            "d_eff": 1.6070636299206775,
            "cf_weight": 0.9101830571889877,
            "sm_sal": -0.30265568366823836
          },
          "space_C": {
            "approach_avoid": 0.007711187601089477,
            "activity": 2.5546374103874943,
            "growth": -0.20512820512820512,
            "stability": 0.2370979780866866
          },
          "n_timesteps": 50
        },
        {
          "pattern_id": 3,
          "space_A": {
            "valence": 0.0017766952514648438,
            "arousal": 6.829883575439453,
            "integration": 0.015763390515069364,
            "d_eff": 1.0886309419006648,
            "cf_weight": 0.9212471917271614,
            "sm_sal": -0.17006494426928054
          },
          "space_C": {
            "approach_avoid": -0.0011031830310821533,
            "activity": 1.993928198314606,
            "growth": 1.0,
            "stability": 0.8848073894816859
          },
          "n_timesteps": 50
        }
      ]
    }
  ]
}