{
  "metadata": {
    "snapshot_path": "/Users/jacob/fun/shape-of-experience/empirical/experiments/study_ca_affect/results/v13_s7/v13_s7/snapshots/cycle_000.npz",
    "seed": 7,
    "C": 16,
    "N": 128,
    "n_recording_steps": 50,
    "tau_values": [
      1,
      2,
      5,
      10
    ],
    "n_patterns_detected": 29,
    "n_patterns_analyzed": 20,
    "cycle": 0
  },
  "patterns": [
    {
      "pattern_id": 0,
      "n_timesteps": 50,
      "rho_self": 0.014321596893169999,
      "SM": {
        "1": -79.3674297622714,
        "2": -34.04852451425603,
        "5": -32.36473455527537,
        "10": -3.819025638764259
      },
      "SM_capacity": 0.0,
      "SM_sal": 0.0,
      "f_self_mse": {
        "1": 158.1671627871615,
        "2": 96.1121746276654,
        "5": 58.67955346202274,
        "10": 55.89934025733352
      },
      "f_ext_mse": {
        "1": 78.79973302489009,
        "2": 62.063650113409366,
        "5": 26.31481890674737,
        "10": 52.08031461856926
      }
    },
    {
      "pattern_id": 1,
      "n_timesteps": 50,
      "rho_self": 0.0,
      "SM": {
        "1": -8.034685374718066,
        "2": -3.0251461797923986,
        "5": 0.9067520432389355,
        "10": -1.4913278733413518
      },
      "SM_capacity": 3.627008172955742,
      "SM_sal": 0.0,
      "f_self_mse": {
        "1": 12.433622127163634,
        "2": 6.5165006021765945,
        "5": 3.1698298389025354,
        "10": 4.807400200914822
      },
      "f_ext_mse": {
        "1": 4.398936752445568,
        "2": 3.491354422384196,
        "5": 4.076581882141471,
        "10": 3.3160723275734703
      }
    },
    {
      "pattern_id": 2,
      "n_timesteps": 50,
      "rho_self": 0.0,
      "SM": {
        "1": -118.85656641975956,
        "2": -13.107864412504313,
        "5": -29.024060155671215,
        "10": -155.6040367417267
      },
      "SM_capacity": 0.0,
      "SM_sal": 0.0,
      "f_self_mse": {
        "1": 140.36245208571236,
        "2": 43.955574242077546,
        "5": 83.27101891364215,
        "10": 182.90094253921745
      },
      "f_ext_mse": {
        "1": 21.5058856659528,
        "2": 30.847709829573233,
        "5": 54.24695875797094,
        "10": 27.296905797490762
      }
    },
    {
      "pattern_id": 3,
      "n_timesteps": 50,
      "rho_self": 0.0,
      "SM": {
        "1": -8039.084671466303,
        "2": -2986.3638767232505,
        "5": -32.54392921582174,
        "10": -0.21023508010232206
      },
      "SM_capacity": 0.0,
      "SM_sal": 0.0,
      "f_self_mse": {
        "1": 8090.348730028255,
        "2": 3038.8560291491453,
        "5": 82.849600848985,
        "10": 49.50897572363741
      },
      "f_ext_mse": {
        "1": 51.26405856195221,
        "2": 52.492152425894986,
        "5": 50.305671633163264,
        "10": 49.29874064353509
      }
    },
    {
      "pattern_id": 4,
      "n_timesteps": 50,
      "rho_self": 0.0,
      "SM": {
        "1": -53744.86725330555,
        "2": -5974.488430134953,
        "5": -60.15347179743223,
        "10": -5.745186356553901
      },
      "SM_capacity": 0.0,
      "SM_sal": 0.0,
      "f_self_mse": {
        "1": 53779.069583494,
        "2": 6019.734242665808,
        "5": 127.79457428353612,
        "10": 77.91674674583318
      },
      "f_ext_mse": {
        "1": 34.20233018844773,
        "2": 45.24581253085457,
        "5": 67.64110248610389,
        "10": 72.17156038927928
      }
    },
    {
      "pattern_id": 5,
      "n_timesteps": 50,
      "rho_self": 0.4945366839806095,
      "SM": {
        "1": -707.3852477693924,
        "2": -226.06779444122122,
        "5": 61.06545049051934,
        "10": 0.016702691183212437
      },
      "SM_capacity": 244.3035586900354,
      "SM_sal": 0.0,
      "f_self_mse": {
        "1": 865.6268915137529,
        "2": 357.1710968122739,
        "5": 139.01152161077786,
        "10": 158.7307703715393
      },
      "f_ext_mse": {
        "1": 158.24164374436037,
        "2": 131.10330237105268,
        "5": 200.0769721012972,
        "10": 158.74747306272252
      }
    },
    {
      "pattern_id": 6,
      "n_timesteps": 50,
      "rho_self": 0.0,
      "SM": {
        "1": -31.474743352068995,
        "2": -3.226538980139484,
        "5": -118.23144449351697,
        "10": -131.0709646528007
      },
      "SM_capacity": 0.0,
      "SM_sal": 0.0,
      "f_self_mse": {
        "1": 44.43691244223921,
        "2": 16.90109470271336,
        "5": 127.51526476630934,
        "10": 142.34549299703016
      },
      "f_ext_mse": {
        "1": 12.962169090170217,
        "2": 13.674555722573874,
        "5": 9.283820272792365,
        "10": 11.274528344229452
      }
    },
    {
      "pattern_id": 7,
      "n_timesteps": 50,
      "rho_self": 0.0,
      "SM": {
        "1": 2.72612855694295,
        "2": 1.5439757064011852,
        "5": -0.8332038400078119,
        "10": -1.3368946558757684
      },
      "SM_capacity": 4.451015691273845,
      "SM_sal": Infinity,
      "f_self_mse": {
        "1": 1.7164253055298402,
        "2": 2.3989700306070807,
        "5": 4.9311769593051435,
        "10": 3.927395471954422
      },
      "f_ext_mse": {
        "1": 4.44255386247279,
        "2": 3.942945737008266,
        "5": 4.097973119297332,
        "10": 2.5905008160786536
      }
    },
    {
      "pattern_id": 8,
      "n_timesteps": 50,
      "rho_self": 0.0,
      "SM": {
        "1": 11.542540263450528,
        "2": 13.375809126677185,
        "5": 2.443504486442965,
        "10": 3.5726447602288847
      },
      "SM_capacity": 51.228518231423706,
      "SM_sal": 0.029226946758395714,
      "f_self_mse": {
        "1": 4.3944011801323715,
        "2": 5.072859415372589,
        "5": 12.178259284516322,
        "10": 7.757767013565877
      },
      "f_ext_mse": {
        "1": 15.9369414435829,
        "2": 18.448668542049774,
        "5": 14.621763770959287,
        "10": 11.330411773794761
      }
    },
    {
      "pattern_id": 9,
      "n_timesteps": 50,
      "rho_self": 0.0,
      "SM": {
        "1": -0.33641829863478057,
        "2": -7.094645544324311,
        "5": -19.2683369501618,
        "10": -11.126090266420626
      },
      "SM_capacity": 0.0,
      "SM_sal": 0.0010698905873410278,
      "f_self_mse": {
        "1": 3.1042282070492497,
        "2": 8.778013887478064,
        "5": 21.540742631976634,
        "10": 14.178084108454536
      },
      "f_ext_mse": {
        "1": 2.767809908414469,
        "2": 1.683368343153753,
        "5": 2.272405681814835,
        "10": 3.0519938420339106
      }
    },
    {
      "pattern_id": 10,
      "n_timesteps": 50,
      "rho_self": 0.3585874172951758,
      "SM": {
        "1": 78.95482293801453,
        "2": 93.22048551397938,
        "5": -33.63034501138818,
        "10": -121.28969108880088
      },
      "SM_capacity": 225.91838249696605,
      "SM_sal": Infinity,
      "f_self_mse": {
        "1": 37.10203512032122,
        "2": 39.86181411976128,
        "5": 83.55300915705786,
        "10": 287.6454930160703
      },
      "f_ext_mse": {
        "1": 116.05685805833575,
        "2": 133.08229963374066,
        "5": 49.92266414566968,
        "10": 166.35580192726943
      }
    },
    {
      "pattern_id": 11,
      "n_timesteps": 50,
      "rho_self": 0.12923738728971465,
      "SM": {
        "1": 10.128508861071644,
        "2": 9.601693614700245,
        "5": 6.612369304534901,
        "10": -9.985852975575607
      },
      "SM_capacity": 50.717118878075915,
      "SM_sal": Infinity,
      "f_self_mse": {
        "1": 2.6393405966431063,
        "2": 3.3585824954174677,
        "5": 3.701066241195906,
        "10": 13.66380210672558
      },
      "f_ext_mse": {
        "1": 12.76784945771475,
        "2": 12.960276110117713,
        "5": 10.313435545730806,
        "10": 3.6779491311499735
      }
    },
    {
      "pattern_id": 12,
      "n_timesteps": 50,
      "rho_self": 0.0,
      "SM": {
        "1": 7.472892054718043,