{
  "metadata": {
    "snapshot_path": "/Users/jacob/fun/shape-of-experience/empirical/experiments/study_ca_affect/results/v13_s7/v13_s7/snapshots/cycle_029.npz",
    "seed": 7,
    "C": 16,
    "N": 128,
    "n_recording_steps": 50,
    "tau_values": [
      1,
      2,
      5,
      10
    ],
    "n_patterns_detected": 24,
    "n_patterns_analyzed": 20,
    "cycle": 29
  },
  "patterns": [
    {
      "pattern_id": 0,
      "n_timesteps": 47,
      "rho_self": 0.0,
      "SM": {
        "1": 61.742075126155825,
        "2": -121.92041966305126,
        "5": -693.1908216104292,
        "10": -1822.4108909106656
      },
      "SM_capacity": 30.871037563077913,
      "SM_sal": Infinity,
      "f_self_mse": {
        "1": 50.53530094917163,
        "2": 191.25157373765006,
        "5": 805.2815893307492,
        "10": 1915.7291923776047
      },
      "f_ext_mse": {
        "1": 112.27737607532745,
        "2": 69.3311540745988,
        "5": 112.09076772031997,
        "10": 93.31830146693916
      }
    },
    {
      "pattern_id": 12,
      "n_timesteps": 47,
      "rho_self": 0.0,
      "SM": {
        "1": -770.2392440618776,
        "2": -2272.5002410818142,
        "5": -1284.1887554892655,
        "10": -937.6504194207334
      },
      "SM_capacity": 0.0,
      "SM_sal": 0.0,
      "f_self_mse": {
        "1": 934.5212549558152,
        "2": 2465.6446902225152,
        "5": 1402.5969702126633,
        "10": 1106.3313436168116
      },
      "f_ext_mse": {
        "1": 164.28201089393752,
        "2": 193.14444914070103,
        "5": 118.40821472339789,
        "10": 168.6809241960782
      }
    },
    {
      "pattern_id": 13,
      "n_timesteps": 47,
      "rho_self": 0.2109013933758981,
      "SM": {
        "1": 9.265653043846529,
        "2": 19.403376108777938,
        "5": -5.202586628622399,
        "10": 6.613278997902917
      },
      "SM_capacity": 59.972776234236434,
      "SM_sal": Infinity,
      "f_self_mse": {
        "1": 14.865115372805056,
        "2": 16.60940994453453,
        "5": 15.574656685623832,
        "10": 12.532673796798292
      },
      "f_ext_mse": {
        "1": 24.130768416651584,
        "2": 36.01278605331247,
        "5": 10.372070057001434,
        "10": 19.14595279470121
      }
    },
    {
      "pattern_id": 17,
      "n_timesteps": 46,
      "rho_self": 0.0,
      "SM": {
        "1": -1092.132750823228,
        "2": -3701.044258982777,
        "5": -8260.490021224048,
        "10": -1874.9015228710366
      },
      "SM_capacity": 0.0,
      "SM_sal": 0.0,
      "f_self_mse": {
        "1": 1114.9518717822878,
        "2": 3720.1879777382665,
        "5": 8274.765573881406,
        "10": 1885.279997440987
      },
      "f_ext_mse": {
        "1": 22.819120959059834,
        "2": 19.143718755489214,
        "5": 14.275552657357462,
        "10": 10.378474569950312
      }
    },
    {
      "pattern_id": 9,
      "n_timesteps": 45,
      "rho_self": 0.0,
      "SM": {
        "1": -19.32001156030026,
        "2": -53.30644483054445,
        "5": -28.10485702038996,
        "10": -15.268263463982738
      },
      "SM_capacity": 0.0,
      "SM_sal": 0.0,
      "f_self_mse": {
        "1": 58.67056596168548,
        "2": 96.5049601938792,
        "5": 60.04158246871928,
        "10": 42.88024809323782
      },
      "f_ext_mse": {
        "1": 39.350554401385224,
        "2": 43.19851536333475,
        "5": 31.936725448329316,
        "10": 27.61198462925508
      }
    },
    {
      "pattern_id": 15,
      "n_timesteps": 45,
      "rho_self": 0.36317467917456436,
      "SM": {
        "1": 34.01769032211243,
        "2": 10.162011749817793,
        "5": -6.143512797674987,
        "10": 30.441937603682476
      },
      "SM_capacity": 113.43771266989799,
      "SM_sal": Infinity,
      "f_self_mse": {
        "1": 34.359048750598674,
        "2": 89.48609148326764,
        "5": 95.92090629947751,
        "10": 164.3696715478599
      },
      "f_ext_mse": {
        "1": 68.3767390727111,
        "2": 99.64810323308544,
        "5": 89.77739350180252,
        "10": 194.81160915154237
      }
    },
    {
      "pattern_id": 3,
      "n_timesteps": 44,
      "rho_self": 0.0,
      "SM": {
        "1": -124.32681227275708,
        "2": -54.7245476347848,
        "5": -65.86855077144179,
        "10": -90.76834158702432
      },
      "SM_capacity": 0.0,
      "SM_sal": 0.0,
      "f_self_mse": {
        "1": 168.80202922915646,
        "2": 70.9129795422084,
        "5": 149.07818591825315,
        "10": 99.14690886796359
      },
      "f_ext_mse": {
        "1": 44.475216956399386,
        "2": 16.18843190742361,
        "5": 83.20963514681137,
        "10": 8.378567280939269
      }
    },
    {
      "pattern_id": 10,
      "n_timesteps": 43,
      "rho_self": 0.0,
      "SM": {
        "1": 25.431239984910093,
        "2": -17136.55299574604,
        "5": -3529.3070964971666,
        "10": -5095.747960605706
      },
      "SM_capacity": 12.715619992455046,
      "SM_sal": Infinity,
      "f_self_mse": {
        "1": 80.47252642537427,
        "2": 17234.578161486676,
        "5": 3643.271277984282,
        "10": 5170.48689809131
      },
      "f_ext_mse": {
        "1": 105.90376641028436,
        "2": 98.02516574063634,
        "5": 113.96418148711518,
        "10": 74.73893748560369
      }
    },
    {
      "pattern_id": 14,
      "n_timesteps": 43,
      "rho_self": 0.0,
      "SM": {
        "1": 9.879603512809126,
        "2": 4.062063428075071,
        "5": -670.3745970952424,
        "10": 16.42111601839504
      },
      "SM_capacity": 54.116718658542304,
      "SM_sal": Infinity,
      "f_self_mse": {
        "1": 21.458794890751527,
        "2": 39.8778685504106,
        "5": 697.5877771624611,
        "10": 21.18849096890873
      },
      "f_ext_mse": {
        "1": 31.338398403560653,
        "2": 43.93993197848567,
        "5": 27.213180067218712,
        "10": 37.60960698730377
      }
    },
    {
      "pattern_id": 16,
      "n_timesteps": 42,
      "rho_self": 0.03240049631072343,
      "SM": {
        "1": -85.44640401377708,
        "2": 48.054516377692494,
        "5": 23.451586738718454,
        "10": -347.6676491063168
      },
      "SM_capacity": 189.91537971025878,
      "SM_sal": 0.0,
      "f_self_mse": {
        "1": 132.9067986548043,
        "2": 22.95975339686247,
        "5": 50.51353246927365,
        "10": 486.36827309358324
      },
      "f_ext_mse": {
        "1": 47.46039464102723,
        "2": 71.01426977455496,
        "5": 73.9651192079921,
        "10": 138.70062398726645
      }
    },
    {
      "pattern_id": 19,
      "n_timesteps": 42,
      "rho_self": 0.0,
      "SM": {
        "1": 7.83839194195555,
        "2": 3.777370636838633,
        "5": -18.945999135033095,
        "10": -2.2644839820997937
      },
      "SM_capacity": 11.47393724465504,
      "SM_sal": 0.22503790595597134,
      "f_self_mse": {
        "1": 58.20984592175647,
        "2": 58.9651466324789,
        "5": 38.341152728248964,
        "10": 10.430398142808269
      },
      "f_ext_mse": {
        "1": 66.04823786371202,
        "2": 62.74251726931753,
        "5": 19.39515359321587,
        "10": 8.165914160708475
      }
    },
    {
      "pattern_id": 8,
      "n_timesteps": 40,
      "rho_self": 0.0,
      "SM": {
        "1": -30.52846656814825,
        "2": 10.443243808281416,
        "5": -38.063885273798086,
        "10": -52.9891134328104
      },
      "SM_capacity": 20.88648761656283,
      "SM_sal": Infinity,
      "f_self_mse": {
        "1": 54.081703852993485,
        "2": 47.78997831961955,
        "5": 67.74976149278058,
        "10": 88.37742002164283
      },
      "f_ext_mse": {
        "1": 23.553237284845235,
        "2": 58.233222127900966,
        "5": 29.685876218982493,
        "10": 35.388306588832435
      }
    },
    {
      "pattern_id": 5,
      "n_timesteps": 39,
      "rho_self": 0.0,
      "SM": {
        "1": -60.58399412519501,