{
  "metadata": {
    "snapshot_path": "/Users/jacob/fun/shape-of-experience/empirical/experiments/study_ca_affect/results/v13_s7/v13_s7/snapshots/cycle_010.npz",
    "seed": 7,
    "C": 16,
    "N": 128,
    "n_recording_steps": 50,
    "tau_values": [
      1,
      2,
      5,
      10
    ],
    "n_patterns_detected": 25,
    "n_patterns_analyzed": 20,
    "cycle": 10
  },
  "patterns": [
    {
      "pattern_id": 0,
      "n_timesteps": 50,
      "rho_self": 0.0,
      "SM": {
        "1": -25969.41364382129,
        "2": -377.36595849066146,
        "5": -180.8397242576185,
        "10": -216.86368491561487
      },
      "SM_capacity": 0.0,
      "SM_sal": 0.0,
      "f_self_mse": {
        "1": 26051.62499629634,
        "2": 416.05877218208263,
        "5": 209.6357556572078,
        "10": 242.0561295431709
      },
      "f_ext_mse": {
        "1": 82.21135247504836,
        "2": 38.69281369142119,
        "5": 28.796031399589292,
        "10": 25.192444627556018
      }
    },
    {
      "pattern_id": 1,
      "n_timesteps": 50,
      "rho_self": 0.0,
      "SM": {
        "1": -286.9874995519107,
        "2": -25.717625831897394,
        "5": -3.2674351004141933,
        "10": -2.9953401253697143
      },
      "SM_capacity": 0.0,
      "SM_sal": 0.0,
      "f_self_mse": {
        "1": 298.7639841297563,
        "2": 31.276477477076874,
        "5": 11.21656405174927,
        "10": 5.759534915867695
      },
      "f_ext_mse": {
        "1": 11.776484577845604,
        "2": 5.558851645179481,
        "5": 7.9491289513350765,
        "10": 2.7641947904979807
      }
    },
    {
      "pattern_id": 2,
      "n_timesteps": 50,
      "rho_self": 0.0,
      "SM": {
        "1": -482.6934011308606,
        "2": -3429.2239339530092,
        "5": -1083.761270247981,
        "10": -199.8175769237415
      },
      "SM_capacity": 0.0,
      "SM_sal": 0.0,
      "f_self_mse": {
        "1": 589.674681165404,
        "2": 3519.6603056823164,
        "5": 1159.0057660435264,
        "10": 318.5951975774959
      },
      "f_ext_mse": {
        "1": 106.98128003454337,
        "2": 90.43637172930714,
        "5": 75.24449579554542,
        "10": 118.77762065375441
      }
    },
    {
      "pattern_id": 3,
      "n_timesteps": 50,
      "rho_self": 0.0,
      "SM": {
        "1": 36.587179994156706,
        "2": -2.5589040115193953,
        "5": -3734.092884670085,
        "10": -626.0312838708968
      },
      "SM_capacity": 18.293589997078353,
      "SM_sal": Infinity,
      "f_self_mse": {
        "1": 37.18613029983633,
        "2": 53.44067872899435,
        "5": 3787.6040954359805,
        "10": 656.2853310984399
      },
      "f_ext_mse": {
        "1": 73.77331029399303,
        "2": 50.881774717474954,
        "5": 53.51121076589565,
        "10": 30.25404722754313
      }
    },
    {
      "pattern_id": 4,
      "n_timesteps": 50,
      "rho_self": 0.0,
      "SM": {
        "1": 18.83013548706242,
        "2": 6.38034674124431,
        "5": -155.04051278775574,
        "10": -14238.114958258366
      },
      "SM_capacity": 22.17576122601983,
      "SM_sal": Infinity,
      "f_self_mse": {
        "1": 33.152629046476704,
        "2": 52.34236625080456,
        "5": 218.62698248723336,
        "10": 14262.311137736793
      },
      "f_ext_mse": {
        "1": 51.982764533539125,
        "2": 58.72271299204887,
        "5": 63.586469699477604,
        "10": 24.196179478427375
      }
    },
    {
      "pattern_id": 5,
      "n_timesteps": 50,
      "rho_self": 0.26130925464717303,
      "SM": {
        "1": 24.27081782679636,
        "2": -431.7281791097318,
        "5": -44.771788656753564,
        "10": 36.31188415355919
      },
      "SM_capacity": 102.91511929729616,
      "SM_sal": 0.0,
      "f_self_mse": {
        "1": 41.950217364614204,
        "2": 469.9744672308352,
        "5": 83.7958981020679,
        "10": 68.59355542365303
      },
      "f_ext_mse": {
        "1": 66.22103519141056,
        "2": 38.24628812110341,
        "5": 39.02410944531433,
        "10": 104.90543957721222
      }
    },
    {
      "pattern_id": 6,
      "n_timesteps": 50,
      "rho_self": 0.0,
      "SM": {
        "1": 5.403321239192549,
        "2": 6.25283645962623,
        "5": 6.598827855068986,
        "10": 6.160542971188286
      },
      "SM_capacity": 57.0040023870954,
      "SM_sal": Infinity,
      "f_self_mse": {
        "1": 3.6769737396775684,
        "2": 3.9871955498478036,
        "5": 5.462576565315391,
        "10": 3.417933238058967
      },
      "f_ext_mse": {
        "1": 9.080294978870118,
        "2": 10.240032009474033,
        "5": 12.061404420384378,
        "10": 9.578476209247253
      }
    },
    {
      "pattern_id": 7,
      "n_timesteps": 50,
      "rho_self": 0.0,
      "SM": {
        "1": 108.11523779698007,
        "2": 106.88585069444184,
        "5": 81.25598599034363,
        "10": -163.47635300936045
      },
      "SM_capacity": 592.8532642487482,
      "SM_sal": Infinity,
      "f_self_mse": {
        "1": 15.559101174717018,
        "2": 15.217456065491385,
        "5": 46.88076091300739,
        "10": 303.75337056580383
      },
      "f_ext_mse": {
        "1": 123.67433897169708,
        "2": 122.10330675993323,
        "5": 128.13674690335102,
        "10": 140.27701755644338
      }
    },
    {
      "pattern_id": 8,
      "n_timesteps": 50,
      "rho_self": 0.0,
      "SM": {
        "1": 3.761653794439251,
        "2": 3.4779396928913684,
        "5": 0.6633393752012653,
        "10": 0.7434789971443938
      },
      "SM_capacity": 13.348761276668409,
      "SM_sal": Infinity,
      "f_self_mse": {
        "1": 5.132053697432369,
        "2": 6.132111612116651,
        "5": 4.796607200190612,
        "10": 3.365788605789015
      },
      "f_ext_mse": {
        "1": 8.89370749187162,
        "2": 9.61005130500802,
        "5": 5.459946575391878,
        "10": 4.109267602933409
      }
    },
    {
      "pattern_id": 9,
      "n_timesteps": 50,
      "rho_self": 0.0,
      "SM": {
        "1": -2190.1328906698527,
        "2": -2233.575419823367,
        "5": -10874.349462191396,
        "10": -5037.744586769694
      },
      "SM_capacity": 0.0,
      "SM_sal": 0.0,
      "f_self_mse": {
        "1": 2200.5181039636136,
        "2": 2241.8459860875773,
        "5": 10881.715913120895,
        "10": 5047.399229802393
      },
      "f_ext_mse": {
        "1": 10.385213293760703,
        "2": 8.270566264210249,
        "5": 7.366450929498636,
        "10": 9.654643032698829
      }
    },
    {
      "pattern_id": 10,
      "n_timesteps": 50,
      "rho_self": 0.0,
      "SM": {
        "1": 7.080627390806828,
        "2": 5.9365001422498045,
        "5": 3.4070357005795726,
        "10": 1.5883878444442514
      },
      "SM_capacity": 33.01242639333194,
      "SM_sal": Infinity,
      "f_self_mse": {
        "1": 2.3299442498457017,
        "2": 3.315971481535681,
        "5": 4.993483870436049,
        "10": 3.0410956061283168
      },
      "f_ext_mse": {
        "1": 9.41057164065253,
        "2": 9.252471623785485,
        "5": 8.400519571015622,
        "10": 4.629483450572568
      }
    },
    {
      "pattern_id": 11,
      "n_timesteps": 50,
      "rho_self": 0.0,
      "SM": {
        "1": 4.049290381344939,
        "2": -1.5021599840919864,
        "5": 0.033169838819086195,
        "10": -0.3372467755181292
      },
      "SM_capacity": 2.157324545948814,
      "SM_sal": 0.0824634586116859,
      "f_self_mse": {
        "1": 4.18657772030701,
        "2": 7.929416168031636,
        "5": 4.593111084518277,
        "10": 6.472783836879759
      },
      "f_ext_mse": {
        "1": 8.235868101651949,
        "2": 6.42725618393965,
        "5": 4.626280923337363,
        "10": 6.13553706136163
      }
    },
    {
      "pattern_id": 12,
      "n_timesteps": 50,
      "rho_self": 0.0,
      "SM": {
        "1": -17.00570084777511,
        "2": -9.678630178111014,