{
  "metadata": {
    "snapshot_path": "/Users/jacob/fun/shape-of-experience/empirical/experiments/study_ca_affect/results/v13_s7/v13_s7/snapshots/cycle_015.npz",
    "seed": 7,
    "C": 16,
    "N": 128,
    "n_recording_steps": 50,
    "tau_values": [
      1,
      2,
      5,
      10
    ],
    "n_patterns_detected": 37,
    "n_patterns_analyzed": 20,
    "cycle": 15
  },
  "patterns": [
    {
      "pattern_id": 8,
      "n_timesteps": 48,
      "rho_self": 0.0,
      "SM": {
        "1": -6.2956600573768355,
        "2": -21.251178657570783,
        "5": -50.78038831991841,
        "10": -80.99574539211437
      },
      "SM_capacity": 0.0,
      "SM_sal": 0.0,
      "f_self_mse": {
        "1": 26.47282906050437,
        "2": 72.1664826745363,
        "5": 92.45332813525798,
        "10": 117.34459967273355
      },
      "f_ext_mse": {
        "1": 20.177169003127535,
        "2": 50.915304016965514,
        "5": 41.67293981533957,
        "10": 36.34885428061917
      }
    },
    {
      "pattern_id": 1,
      "n_timesteps": 47,
      "rho_self": 0.0,
      "SM": {
        "1": -7.045429989637743,
        "2": -56.19829132529222,
        "5": -17.77795468548051,
        "10": -23.621540523723297
      },
      "SM_capacity": 0.0,
      "SM_sal": 0.0,
      "f_self_mse": {
        "1": 15.528158294533004,
        "2": 67.03158931814495,
        "5": 23.743541805425416,
        "10": 30.309687245194993
      },
      "f_ext_mse": {
        "1": 8.48272830489526,
        "2": 10.833297992852732,
        "5": 5.965587119944905,
        "10": 6.6881467214716945
      }
    },
    {
      "pattern_id": 10,
      "n_timesteps": 47,
      "rho_self": 0.0,
      "SM": {
        "1": 11.243272653870982,
        "2": 12.998517173703899,
        "5": 14.022341894293227,
        "10": -0.26795953222550395
      },
      "SM_capacity": 87.7080382515162,
      "SM_sal": Infinity,
      "f_self_mse": {
        "1": 3.6383117165258874,
        "2": 4.85716216799167,
        "5": 3.836774682280379,
        "10": 7.740149430778706
      },
      "f_ext_mse": {
        "1": 14.881584370396869,
        "2": 17.85567934169557,
        "5": 17.859116576573605,
        "10": 7.472189898553202
      }
    },
    {
      "pattern_id": 19,
      "n_timesteps": 47,
      "rho_self": 0.0,
      "SM": {
        "1": 1.9071202447765927,
        "2": -37.29912938862857,
        "5": -7.822202882024342,
        "10": -56.64398243026709
      },
      "SM_capacity": 0.9535601223882963,
      "SM_sal": Infinity,
      "f_self_mse": {
        "1": 35.71373816443933,
        "2": 65.07002836542668,
        "5": 55.918862603631034,
        "10": 101.29232139316647
      },
      "f_ext_mse": {
        "1": 37.62085840921592,
        "2": 27.77089897679811,
        "5": 48.09665972160669,
        "10": 44.64833896289939
      }
    },
    {
      "pattern_id": 11,
      "n_timesteps": 46,
      "rho_self": 0.0,
      "SM": {
        "1": 9.650937063656317,
        "2": 0.5360608976822014,
        "5": -46.0443860439858,
        "10": -3.1264792269027453
      },
      "SM_capacity": 5.897590327192561,
      "SM_sal": 0.0,
      "f_self_mse": {
        "1": 14.187849209302973,
        "2": 24.50746052320842,
        "5": 105.72494433254151,
        "10": 29.935409017345286
      },
      "f_ext_mse": {
        "1": 23.83878627295929,
        "2": 25.04352142089062,
        "5": 59.68055828855571,
        "10": 26.80892979044254
      }
    },
    {
      "pattern_id": 2,
      "n_timesteps": 45,
      "rho_self": 0.20860272024058873,
      "SM": {
        "1": -9.897468930338675,
        "2": -14.891803279219111,
        "5": -0.022514790605917767,
        "10": 1.3422438144633704
      },
      "SM_capacity": 3.355609536158426,
      "SM_sal": 0.0,
      "f_self_mse": {
        "1": 27.013238038929934,
        "2": 30.86727471906419,
        "5": 18.539617746944252,
        "10": 4.7583654908848185
      },
      "f_ext_mse": {
        "1": 17.11576910859126,
        "2": 15.97547143984508,
        "5": 18.517102956338334,
        "10": 6.100609305348189
      }
    },
    {
      "pattern_id": 6,
      "n_timesteps": 45,
      "rho_self": 0.0,
      "SM": {
        "1": -10.650332447828212,
        "2": -112.74512606151447,
        "5": -124.4170214292684,
        "10": -122.24321029650166
      },
      "SM_capacity": 0.0,
      "SM_sal": 0.0,
      "f_self_mse": {
        "1": 43.121402008099686,
        "2": 141.22235452062796,
        "5": 148.6003376954276,
        "10": 141.42441240401246
      },
      "f_ext_mse": {
        "1": 32.471069560271474,
        "2": 28.477228459113498,
        "5": 24.183316266159213,
        "10": 19.181202107510796
      }
    },
    {
      "pattern_id": 9,
      "n_timesteps": 44,
      "rho_self": 0.0,
      "SM": {
        "1": 7.212149626405115,
        "2": -2.009072399167337,
        "5": -129.6850664851534,
        "10": -996.2744668261498
      },
      "SM_capacity": 3.6060748132025573,
      "SM_sal": Infinity,
      "f_self_mse": {
        "1": 46.26779256239651,
        "2": 75.95923150513616,
        "5": 212.97954935978615,
        "10": 1093.9422251180665
      },
      "f_ext_mse": {
        "1": 53.47994218880162,
        "2": 73.95015910596882,
        "5": 83.29448287463272,
        "10": 97.66775829191668
      }
    },
    {
      "pattern_id": 17,
      "n_timesteps": 44,
      "rho_self": 0.0,
      "SM": {
        "1": -67.03143408120917,
        "2": 44.503722338479356,
        "5": 1.0154072997547985,
        "10": 1.267249737267008
      },
      "SM_capacity": 96.23719821914543,
      "SM_sal": 0.0,
      "f_self_mse": {
        "1": 136.79232117142573,
        "2": 62.705200938475706,
        "5": 69.0350670128732,
        "10": 85.58240730878883
      },
      "f_ext_mse": {
        "1": 69.76088709021656,
        "2": 107.20892327695506,
        "5": 70.050474312628,
        "10": 86.84965704605584
      }
    },
    {
      "pattern_id": 18,
      "n_timesteps": 44,
      "rho_self": 0.0,
      "SM": {
        "1": 8.120757018773332,
        "2": -9.360445648504296,
        "5": -72.19978484116622,
        "10": 24.848195045720132
      },
      "SM_capacity": 66.180866123687,
      "SM_sal": 0.0,
      "f_self_mse": {
        "1": 50.32807171502804,
        "2": 87.69863437257848,
        "5": 175.60573596002982,
        "10": 115.88191987119123
      },
      "f_ext_mse": {
        "1": 58.44882873380137,
        "2": 78.33818872407419,
        "5": 103.4059511188636,
        "10": 140.73011491691136
      }
    },
    {
      "pattern_id": 7,
      "n_timesteps": 43,
      "rho_self": 0.0,
      "SM": {
        "1": -38.09438997368243,
        "2": -40.514564818745626,
        "5": -53.597772798829254,
        "10": -19.35832964694267
      },
      "SM_capacity": 0.0,
      "SM_sal": Infinity,
      "f_self_mse": {
        "1": 91.46258377646055,
        "2": 89.96848254318158,
        "5": 101.7486693209999,
        "10": 36.27906480299555
      },
      "f_ext_mse": {
        "1": 53.368193802778116,
        "2": 49.453917724435954,
        "5": 48.15089652217064,
        "10": 16.920735156052878
      }
    },
    {
      "pattern_id": 12,
      "n_timesteps": 43,
      "rho_self": 0.0,
      "SM": {
        "1": 5.298870516456319,
        "2": -14.74245183128349,
        "5": -237.26535279946907,
        "10": 19.768193241902452
      },
      "SM_capacity": 52.06991836298429,
      "SM_sal": Infinity,
      "f_self_mse": {
        "1": 60.9273747073817,
        "2": 77.67975190277357,
        "5": 331.3095292783239,
        "10": 86.48428022878252
      },
      "f_ext_mse": {
        "1": 66.22624522383802,
        "2": 62.937300071490085,
        "5": 94.04417647885484,
        "10": 106.25247347068498
      }
    },
    {
      "pattern_id": 13,
      "n_timesteps": 43,
      "rho_self": 0.0,
      "SM": {
        "1": 1.6661754022887276,
        "2": -1.0178776816505009,