{
  "metadata": {
    "snapshot_path": "/Users/jacob/fun/shape-of-experience/empirical/experiments/study_ca_affect/results/v13_s7/v13_s7/snapshots/cycle_025.npz",
    "seed": 7,
    "C": 16,
    "N": 128,
    "n_recording_steps": 50,
    "tau_values": [
      1,
      2,
      5,
      10
    ],
    "n_patterns_detected": 29,
    "n_patterns_analyzed": 20,
    "cycle": 25
  },
  "patterns": [
    {
      "pattern_id": 14,
      "n_timesteps": 48,
      "rho_self": 0.16672449125275,
      "SM": {
        "1": -1.1132218956805229,
        "2": -5.504113449435792,
        "5": -1.4343011636072793,
        "10": 1.2098987027871946
      },
      "SM_capacity": 3.0247467569679864,
      "SM_sal": 0.1481244340475966,
      "f_self_mse": {
        "1": 14.469920819279512,
        "2": 16.739534273797652,
        "5": 8.999895695700951,
        "10": 12.249553575090957
      },
      "f_ext_mse": {
        "1": 13.356698923598989,
        "2": 11.23542082436186,
        "5": 7.565594532093672,
        "10": 13.459452277878151
      }
    },
    {
      "pattern_id": 18,
      "n_timesteps": 48,
      "rho_self": 0.0,
      "SM": {
        "1": -10.861546550490978,
        "2": -58.918196790897916,
        "5": -963.6258258369224,
        "10": -8959.784671873767
      },
      "SM_capacity": 0.0,
      "SM_sal": 0.0,
      "f_self_mse": {
        "1": 56.961724564482985,
        "2": 122.53590806869713,
        "5": 1043.9087021669416,
        "10": 9041.57178092082
      },
      "f_ext_mse": {
        "1": 46.10017801399201,
        "2": 63.61771127779921,
        "5": 80.28287633001912,
        "10": 81.7871090470519
      }
    },
    {
      "pattern_id": 0,
      "n_timesteps": 47,
      "rho_self": 0.0,
      "SM": {
        "1": -458.1927436281761,
        "2": -11.661707029269696,
        "5": -199.76837714107805,
        "10": 8.657287827678097
      },
      "SM_capacity": 21.643219569195242,
      "SM_sal": 0.0,
      "f_self_mse": {
        "1": 473.0606027666869,
        "2": 35.30782747422485,
        "5": 283.4960316212922,
        "10": 44.90560613211984
      },
      "f_ext_mse": {
        "1": 14.867859138510761,
        "2": 23.646120444955155,
        "5": 83.72765448021417,
        "10": 53.56289395979794
      }
    },
    {
      "pattern_id": 4,
      "n_timesteps": 47,
      "rho_self": 0.0,
      "SM": {
        "1": 30.057527353194196,
        "2": 4.194990480829119,
        "5": -93.92908081911558,
        "10": -340.82961095415527
      },
      "SM_capacity": 23.418744638255337,
      "SM_sal": Infinity,
      "f_self_mse": {
        "1": 39.2364618003547,
        "2": 105.87463517112715,
        "5": 203.1509052442105,
        "10": 382.37082890556286
      },
      "f_ext_mse": {
        "1": 69.29398915354889,
        "2": 110.06962565195627,
        "5": 109.22182442509491,
        "10": 41.54121795140757
      }
    },
    {
      "pattern_id": 5,
      "n_timesteps": 47,
      "rho_self": 0.0,
      "SM": {
        "1": -16595.17184492947,
        "2": -59897.192657030544,
        "5": -33625.70777667159,
        "10": -1850.5102992763725
      },
      "SM_capacity": 0.0,
      "SM_sal": 0.0,
      "f_self_mse": {
        "1": 16618.9378713962,
        "2": 59951.72573319149,
        "5": 33668.394094659714,
        "10": 1908.2299009646115
      },
      "f_ext_mse": {
        "1": 23.766026466728455,
        "2": 54.53307616094556,
        "5": 42.68631798812328,
        "10": 57.719601688239074
      }
    },
    {
      "pattern_id": 9,
      "n_timesteps": 46,
      "rho_self": 0.0,
      "SM": {
        "1": -4.193208004668538,
        "2": -4.591727887611816,
        "5": -7.595531907004585,
        "10": -12.116896036073477
      },
      "SM_capacity": 0.0,
      "SM_sal": 0.0,
      "f_self_mse": {
        "1": 13.511455700380353,
        "2": 13.320301506165492,
        "5": 18.111812596010797,
        "10": 23.614916886939223
      },
      "f_ext_mse": {
        "1": 9.318247695711815,
        "2": 8.728573618553677,
        "5": 10.516280689006212,
        "10": 11.498020850865746
      }
    },
    {
      "pattern_id": 7,
      "n_timesteps": 45,
      "rho_self": 0.0,
      "SM": {
        "1": -1039.1795231053227,
        "2": -1040.625580363615,
        "5": -1370.1377478209008,
        "10": -193.08799391717986
      },
      "SM_capacity": 0.0,
      "SM_sal": 0.0,
      "f_self_mse": {
        "1": 1063.6307251883068,
        "2": 1076.1616201817078,
        "5": 1399.8264910061616,
        "10": 219.68670698879237
      },
      "f_ext_mse": {
        "1": 24.451202082984167,
        "2": 35.53603981809272,
        "5": 29.688743185260837,
        "10": 26.59871307161252
      }
    },
    {
      "pattern_id": 17,
      "n_timesteps": 45,
      "rho_self": 0.0,
      "SM": {
        "1": 17.268724139083556,
        "2": 38.14494797365395,
        "5": -29.75340085499367,
        "10": 4.86679641770527
      },
      "SM_capacity": 97.09124906111285,
      "SM_sal": 4.833001967199871,
      "f_self_mse": {
        "1": 30.81333741063033,
        "2": 33.38781619297057,
        "5": 67.24980454407147,
        "10": 20.303731760353852
      },
      "f_ext_mse": {
        "1": 48.082061549713885,
        "2": 71.53276416662452,
        "5": 37.496403689077795,
        "10": 25.170528178059122
      }
    },
    {
      "pattern_id": 19,
      "n_timesteps": 45,
      "rho_self": 0.0,
      "SM": {
        "1": 8.814366297558045,
        "2": -7.930517405651168,
        "5": -6.1977021214589065,
        "10": 24.250786944392097
      },
      "SM_capacity": 65.03415050975927,
      "SM_sal": Infinity,
      "f_self_mse": {
        "1": 27.961091939262786,
        "2": 20.650825408078116,
        "5": 34.86964489585376,
        "10": 52.24531583099358
      },
      "f_ext_mse": {
        "1": 36.77545823682083,
        "2": 12.720308002426949,
        "5": 28.671942774394854,
        "10": 76.49610277538568
      }
    },
    {
      "pattern_id": 15,
      "n_timesteps": 44,
      "rho_self": 0.0,
      "SM": {
        "1": 39.13270662337487,
        "2": -8.874834606271243,
        "5": -66.11705760783472,
        "10": -187.52692708828954
      },
      "SM_capacity": 19.566353311687436,
      "SM_sal": Infinity,
      "f_self_mse": {
        "1": 39.80205547653408,
        "2": 68.32453166726444,
        "5": 116.95698625435136,
        "10": 211.43279596344274
      },
      "f_ext_mse": {
        "1": 78.93476209990895,
        "2": 59.449697060993195,
        "5": 50.83992864651664,
        "10": 23.905868875153203
      }
    },
    {
      "pattern_id": 1,
      "n_timesteps": 43,
      "rho_self": 0.0,
      "SM": {
        "1": 16.123750037436146,
        "2": 8.375132207985615,
        "5": -16.473011788317628,
        "10": -9.768639684938435
      },
      "SM_capacity": 24.812139434689303,
      "SM_sal": Infinity,
      "f_self_mse": {
        "1": 29.82433077448716,
        "2": 35.14168313150758,
        "5": 75.92701180915151,
        "10": 58.17035821606464
      },
      "f_ext_mse": {
        "1": 45.948080811923305,
        "2": 43.51681533949319,
        "5": 59.45400002083388,
        "10": 48.40171853112621
      }
    },
    {
      "pattern_id": 2,
      "n_timesteps": 43,
      "rho_self": 0.0,
      "SM": {
        "1": -4.103720647820268,
        "2": -30.462849980909112,
        "5": -172.01372630847905,
        "10": -107.88994706148085
      },
      "SM_capacity": 0.0,
      "SM_sal": 0.0,
      "f_self_mse": {
        "1": 64.45094715963197,
        "2": 101.735006124568,
        "5": 252.32620995381473,
        "10": 274.0227714757099
      },
      "f_ext_mse": {
        "1": 60.3472265118117,
        "2": 71.27215614365889,
        "5": 80.31248364533567,
        "10": 166.13282441422902
      }
    },
    {
      "pattern_id": 6,
      "n_timesteps": 43,
      "rho_self": 0.0,
      "SM": {
        "1": -34.256830841165346,
        "2": -162.2170208969738,