{
  "metadata": {
    "snapshot_path": "/Users/jacob/fun/shape-of-experience/empirical/experiments/study_ca_affect/results/v13_s7/v13_s7/snapshots/cycle_005.npz",
    "seed": 7,
    "C": 16,
    "N": 128,
    "n_recording_steps": 50,
    "tau_values": [
      1,
      2,
      5,
      10
    ],
    "n_patterns_detected": 23,
    "n_patterns_analyzed": 20,
    "cycle": 5
  },
  "patterns": [
    {
      "pattern_id": 0,
      "n_timesteps": 50,
      "rho_self": 0.0,
      "SM": {
        "1": -41.392101378000206,
        "2": -10039.253016471359,
        "5": -343.32040398017705,
        "10": -127.8135201120629
      },
      "SM_capacity": 0.0,
      "SM_sal": 0.0,
      "f_self_mse": {
        "1": 214.1566696551587,
        "2": 10221.261491268982,
        "5": 482.03625939598396,
        "10": 214.19404520296993
      },
      "f_ext_mse": {
        "1": 172.7645682771585,
        "2": 182.0084747976237,
        "5": 138.71585541580689,
        "10": 86.38052509090703
      }
    },
    {
      "pattern_id": 1,
      "n_timesteps": 50,
      "rho_self": 0.0,
      "SM": {
        "1": 1.0069758701529592,
        "2": -0.19677549290676,
        "5": -1.1293423631807231,
        "10": -2.0746360927160423
      },
      "SM_capacity": 0.5034879350764796,
      "SM_sal": Infinity,
      "f_self_mse": {
        "1": 2.269782505625912,
        "2": 4.177347579951027,
        "5": 3.852687470680847,
        "10": 3.704389950264372
      },
      "f_ext_mse": {
        "1": 3.276758375778871,
        "2": 3.980572087044267,
        "5": 2.723345107500124,
        "10": 1.6297538575483297
      }
    },
    {
      "pattern_id": 2,
      "n_timesteps": 50,
      "rho_self": 0.0,
      "SM": {
        "1": 43.85342060397135,
        "2": -24.253967908414296,
        "5": 9.362662384143619,
        "10": -268.58125043542077
      },
      "SM_capacity": 59.37735983856015,
      "SM_sal": Infinity,
      "f_self_mse": {
        "1": 33.44693067629901,
        "2": 104.3761186717023,
        "5": 57.55589540560304,
        "10": 348.6197340639614
      },
      "f_ext_mse": {
        "1": 77.30035128027036,
        "2": 80.122150763288,
        "5": 66.91855778974666,
        "10": 80.03848362854063
      }
    },
    {
      "pattern_id": 3,
      "n_timesteps": 50,
      "rho_self": 0.0,
      "SM": {
        "1": -179.7292889960163,
        "2": -275.4846079640694,
        "5": -507.7231097022682,
        "10": -393.7073126227459
      },
      "SM_capacity": 0.0,
      "SM_sal": 0.0,
      "f_self_mse": {
        "1": 319.50067903767484,
        "2": 444.2553663879795,
        "5": 622.6321383618185,
        "10": 533.4569278157253
      },
      "f_ext_mse": {
        "1": 139.77139004165855,
        "2": 168.77075842391008,
        "5": 114.90902865955036,
        "10": 139.7496151929794
      }
    },
    {
      "pattern_id": 4,
      "n_timesteps": 50,
      "rho_self": 0.0,
      "SM": {
        "1": -10.568389271684872,
        "2": -9.500596596848816,
        "5": 19.44429682320866,
        "10": -49.74936573849517
      },
      "SM_capacity": 77.77718729283464,
      "SM_sal": 0.0,
      "f_self_mse": {
        "1": 49.933061027791574,
        "2": 46.183531870721175,
        "5": 51.18879738506973,
        "10": 114.13175220639673
      },
      "f_ext_mse": {
        "1": 39.3646717561067,
        "2": 36.68293527387236,
        "5": 70.6330942082784,
        "10": 64.38238646790155
      }
    },
    {
      "pattern_id": 5,
      "n_timesteps": 50,
      "rho_self": 0.0,
      "SM": {
        "1": 2.415040796743259,
        "2": -9.503882648082158,
        "5": -0.6708285717363971,
        "10": -34.391802296538
      },
      "SM_capacity": 1.2075203983716296,
      "SM_sal": Infinity,
      "f_self_mse": {
        "1": 22.555155293397306,
        "2": 40.70315923932848,
        "5": 31.10545328648335,
        "10": 53.16180091678975
      },
      "f_ext_mse": {
        "1": 24.970196090140565,
        "2": 31.19927659124632,
        "5": 30.434624714746953,
        "10": 18.769998620251744
      }
    },
    {
      "pattern_id": 6,
      "n_timesteps": 50,
      "rho_self": 0.0,
      "SM": {
        "1": -19.948704312324132,
        "2": 32.554796627467816,
        "5": -51.81972095489801,
        "10": -823.3008939894705
      },
      "SM_capacity": 65.10959325493563,
      "SM_sal": 0.0,
      "f_self_mse": {
        "1": 82.73434604921938,
        "2": 32.00558394677375,
        "5": 105.59936057733572,
        "10": 883.2444269915053
      },
      "f_ext_mse": {
        "1": 62.78564173689525,
        "2": 64.56038057424156,
        "5": 53.779639622437706,
        "10": 59.94353300203479
      }
    },
    {
      "pattern_id": 7,
      "n_timesteps": 50,
      "rho_self": 0.05117466418136487,
      "SM": {
        "1": -1648.268279294943,
        "2": -397.74276884611623,
        "5": -753.4539365476915,
        "10": -134.12386344303758
      },
      "SM_capacity": 0.0,
      "SM_sal": 0.0,
      "f_self_mse": {
        "1": 1681.0526120144393,
        "2": 427.2504349248544,
        "5": 773.2123085914814,
        "10": 198.60058991226455
      },
      "f_ext_mse": {
        "1": 32.7843327194962,
        "2": 29.50766607873817,
        "5": 19.75837204378996,
        "10": 64.47672646922699
      }
    },
    {
      "pattern_id": 8,
      "n_timesteps": 50,
      "rho_self": 0.0,
      "SM": {
        "1": -9625.067262180242,
        "2": -3032.041663526615,
        "5": -13781.937147241231,
        "10": -3623.0760644114307
      },
      "SM_capacity": 0.0,
      "SM_sal": 0.0,
      "f_self_mse": {
        "1": 9667.72017656979,
        "2": 3056.0828032406403,
        "5": 13817.63389024506,
        "10": 3657.6819604526195
      },
      "f_ext_mse": {
        "1": 42.65291438954853,
        "2": 24.041139714025224,
        "5": 35.6967430038291,
        "10": 34.60589604118867
      }
    },
    {
      "pattern_id": 9,
      "n_timesteps": 50,
      "rho_self": 0.0,
      "SM": {
        "1": 7.45337354947816,
        "2": 3.7729533424599584,
        "5": -0.6267811862923196,
        "10": 1.1049851455071389
      },
      "SM_capacity": 14.035056323426844,
      "SM_sal": Infinity,
      "f_self_mse": {
        "1": 10.280072216435064,
        "2": 7.353457435311457,
        "5": 6.187061824437174,
        "10": 6.512995768928069
      },
      "f_ext_mse": {
        "1": 17.733445765913224,
        "2": 11.126410777771415,
        "5": 5.560280638144854,
        "10": 7.617980914435208
      }
    },
    {
      "pattern_id": 10,
      "n_timesteps": 50,
      "rho_self": 0.0,
      "SM": {
        "1": -3.0938001822500585,
        "2": -155.85225214435627,
        "5": -96.83905222708721,
        "10": -3595.208359277677
      },
      "SM_capacity": 0.0,
      "SM_sal": 0.0,
      "f_self_mse": {
        "1": 11.65556378730597,
        "2": 166.13265661081783,
        "5": 112.69962379601756,
        "10": 3632.449142114435
      },
      "f_ext_mse": {
        "1": 8.561763605055912,
        "2": 10.280404466461547,
        "5": 15.86057156893035,
        "10": 37.24078283675793
      }
    },
    {
      "pattern_id": 11,
      "n_timesteps": 50,
      "rho_self": 0.0,
      "SM": {
        "1": 20.103685088860665,
        "2": 25.722080257897396,
        "5": -289.9281189715295,
        "10": -1.011018112289527
      },
      "SM_capacity": 61.49600306022512,
      "SM_sal": Infinity,
      "f_self_mse": {
        "1": 24.42358322022811,
        "2": 36.50962852075704,
        "5": 350.7328284511017,
        "10": 44.38371394493718
      },
      "f_ext_mse": {
        "1": 44.527268309088775,
        "2": 62.231708778654436,
        "5": 60.804709479572196,
        "10": 43.37269583264765
      }
    },
    {
      "pattern_id": 12,
      "n_timesteps": 50,
      "rho_self": 0.0,
      "SM": {
        "1": 3.879488609823082,
        "2": 2.8582294547394094,
        "5": 2.5032333067452184,