{
  "metadata": {
    "snapshot_path": "/Users/jacob/fun/shape-of-experience/empirical/experiments/study_ca_affect/results/v13_s7/v13_s7/snapshots/cycle_020.npz",
    "seed": 7,
    "C": 16,
    "N": 128,
    "n_recording_steps": 50,
    "tau_values": [
      1,
      2,
      5,
      10
    ],
    "n_patterns_detected": 43,
    "n_patterns_analyzed": 20,
    "cycle": 20
  },
  "patterns": [
    {
      "pattern_id": 1,
      "n_timesteps": 49,
      "rho_self": 0.0,
      "SM": {
        "1": -70.22872703243294,
        "2": -8.461344433487518,
        "5": 39.03238404155743,
        "10": -1.4524568820274197
      },
      "SM_capacity": 156.1295361662297,
      "SM_sal": 0.0,
      "f_self_mse": {
        "1": 98.30731043919953,
        "2": 44.060932690592665,
        "5": 38.61173692809903,
        "10": 29.045315940737176
      },
      "f_ext_mse": {
        "1": 28.078583406766576,
        "2": 35.59958825710515,
        "5": 77.64412096965646,
        "10": 27.592859058709756
      }
    },
    {
      "pattern_id": 11,
      "n_timesteps": 48,
      "rho_self": 0.0,
      "SM": {
        "1": 41.15342834571835,
        "2": -112.06541937930021,
        "5": -161.52549757018107,
        "10": 41.86486248470572
      },
      "SM_capacity": 125.23887038462348,
      "SM_sal": Infinity,
      "f_self_mse": {
        "1": 71.1342439983801,
        "2": 215.27462729228782,
        "5": 268.68644630204926,
        "10": 42.1445164019999
      },
      "f_ext_mse": {
        "1": 112.28767234409845,
        "2": 103.20920791298761,
        "5": 107.16094873186819,
        "10": 84.00937888670562
      }
    },
    {
      "pattern_id": 0,
      "n_timesteps": 47,
      "rho_self": 0.0,
      "SM": {
        "1": -2.226657495307684,
        "2": -3.0957669548181013,
        "5": 7.325852724138583,
        "10": -317.7605932689195
      },
      "SM_capacity": 29.303410896554333,
      "SM_sal": Infinity,
      "f_self_mse": {
        "1": 25.94423921043753,
        "2": 18.792261329735528,
        "5": 13.640205226702202,
        "10": 326.5545739083964
      },
      "f_ext_mse": {
        "1": 23.717581715129846,
        "2": 15.696494374917426,
        "5": 20.966057950840785,
        "10": 8.793980639476878
      }
    },
    {
      "pattern_id": 5,
      "n_timesteps": 46,
      "rho_self": 0.0,
      "SM": {
        "1": -3025.539211154006,
        "2": -7099.680717721432,
        "5": -12319.740091741749,
        "10": -5107.849292638717
      },
      "SM_capacity": 0.0,
      "SM_sal": 0.0,
      "f_self_mse": {
        "1": 3063.669465562917,
        "2": 7151.655412783315,
        "5": 12341.956139544152,
        "10": 5152.934401573902
      },
      "f_ext_mse": {
        "1": 38.130254408911185,
        "2": 51.974695061882834,
        "5": 22.216047802404127,
        "10": 45.085108935184266
      }
    },
    {
      "pattern_id": 6,
      "n_timesteps": 46,
      "rho_self": 0.0,
      "SM": {
        "1": -115.58938693754017,
        "2": -56.9476396455591,
        "5": -223.03117938548036,
        "10": -140.9614601149167
      },
      "SM_capacity": 0.0,
      "SM_sal": 0.0,
      "f_self_mse": {
        "1": 193.11092222904455,
        "2": 120.48429502647159,
        "5": 296.90567212666446,
        "10": 190.9916002084366
      },
      "f_ext_mse": {
        "1": 77.52153529150438,
        "2": 63.536655380912485,
        "5": 73.87449274118411,
        "10": 50.03014009351991
      }
    },
    {
      "pattern_id": 8,
      "n_timesteps": 46,
      "rho_self": 0.0,
      "SM": {
        "1": -28.532822692320234,
        "2": -12.575410572413276,
        "5": -4.592864605477761,
        "10": -15.42923592080632
      },
      "SM_capacity": 0.0,
      "SM_sal": 0.0,
      "f_self_mse": {
        "1": 51.869796414455365,
        "2": 30.368364835715454,
        "5": 23.610631646553202,
        "10": 25.247096690698005
      },
      "f_ext_mse": {
        "1": 23.33697372213513,
        "2": 17.792954263302178,
        "5": 19.01776704107544,
        "10": 9.817860769891684
      }
    },
    {
      "pattern_id": 9,
      "n_timesteps": 46,
      "rho_self": 0.0,
      "SM": {
        "1": -9.869277436859148,
        "2": -5.356545559686972,
        "5": -10.501821821876552,
        "10": -5.711757685274234
      },
      "SM_capacity": 0.0,
      "SM_sal": 0.0,
      "f_self_mse": {
        "1": 11.662331190976003,
        "2": 8.808209076159581,
        "5": 16.673222905575848,
        "10": 10.36790500460317
      },
      "f_ext_mse": {
        "1": 1.7930537541168547,
        "2": 3.4516635164726095,
        "5": 6.171401083699296,
        "10": 4.6561473193289356
      }
    },
    {
      "pattern_id": 13,
      "n_timesteps": 46,
      "rho_self": 0.0,
      "SM": {
        "1": -2.4384143097260704,
        "2": -51.12073449607611,
        "5": -19.758882365184746,
        "10": 2.7179098280213694
      },
      "SM_capacity": 6.7947745700534234,
      "SM_sal": 0.0,
      "f_self_mse": {
        "1": 83.14395737173797,
        "2": 161.12632699676902,
        "5": 117.304976817418,
        "10": 38.703753634102426
      },
      "f_ext_mse": {
        "1": 80.7055430620119,
        "2": 110.00559250069291,
        "5": 97.54609445223325,
        "10": 41.421663462123796
      }
    },
    {
      "pattern_id": 19,
      "n_timesteps": 46,
      "rho_self": 0.0,
      "SM": {
        "1": -561.7063194081923,
        "2": -263.8657721726447,
        "5": -18.83848709905275,
        "10": -45.99315635432447
      },
      "SM_capacity": 0.0,
      "SM_sal": 0.0,
      "f_self_mse": {
        "1": 573.2225676054151,
        "2": 270.9034604377367,
        "5": 26.414927315294882,
        "10": 59.9056410519868
      },
      "f_ext_mse": {
        "1": 11.516248197222836,
        "2": 7.037688265091989,
        "5": 7.576440216242133,
        "10": 13.912484697662325
      }
    },
    {
      "pattern_id": 2,
      "n_timesteps": 45,
      "rho_self": 0.0,
      "SM": {
        "1": -472.59701895580713,
        "2": -2922.3326217596373,
        "5": -31.107810480073837,
        "10": 35.603738514578495
      },
      "SM_capacity": 89.00934628644623,
      "SM_sal": 0.0,
      "f_self_mse": {
        "1": 528.885711996851,
        "2": 2964.6071398925674,
        "5": 82.07686896766037,
        "10": 28.111191442732668
      },
      "f_ext_mse": {
        "1": 56.28869304104389,
        "2": 42.274518132929884,
        "5": 50.96905848758654,
        "10": 63.71492995731116
      }
    },
    {
      "pattern_id": 3,
      "n_timesteps": 45,
      "rho_self": 0.0,
      "SM": {
        "1": -3.073883499114169,
        "2": -20.18368771244323,
        "5": -2.162660259550492,
        "10": -142.62731861982041
      },
      "SM_capacity": 0.0,
      "SM_sal": Infinity,
      "f_self_mse": {
        "1": 17.051207185478233,
        "2": 32.21125403217621,
        "5": 27.025626029743385,
        "10": 179.83602667267832
      },
      "f_ext_mse": {
        "1": 13.977323686364064,
        "2": 12.027566319732976,
        "5": 24.862965770192893,
        "10": 37.208708052857894
      }
    },
    {
      "pattern_id": 4,
      "n_timesteps": 45,
      "rho_self": 0.0,
      "SM": {
        "1": -5.329437465719593,
        "2": -0.3645699372492661,
        "5": -0.5989932735256236,
        "10": -17.866158195939267
      },
      "SM_capacity": 0.0,
      "SM_sal": 0.0,
      "f_self_mse": {
        "1": 18.339128808277035,
        "2": 14.580650243204138,
        "5": 11.988822548450235,
        "10": 24.374113368604718
      },
      "f_ext_mse": {
        "1": 13.009691342557442,
        "2": 14.216080305954872,
        "5": 11.389829274924612,
        "10": 6.50795517266545
      }
    },
    {
      "pattern_id": 18,
      "n_timesteps": 45,
      "rho_self": 0.0,
      "SM": {
        "1": -16.478720384214665,
        "2": 10.47377204933601,
        "5": 1.7719023398493157,