{
  "seed": 42,
  "experiment": "v29_social_prediction",
  "cycle": 29,
  "config": {
    "N": 128,
    "M_max": 256,
    "obs_radius": 2,
    "embed_dim": 24,
    "hidden_dim": 16,
    "n_actions": 7,
    "K_max": 8,
    "predict_hidden": 8,
    "resource_regen": 0.002,
    "signal_decay": 0.04,
    "signal_diffusion": 0.15,
    "metabolic_cost": 0.0004,
    "initial_energy": 1.0,
    "resource_value": 1.5,
    "initial_resource": 0.5,
    "stress_regen": 0.0002,
    "mutation_std": 0.03,
    "tournament_size": 4,
    "elite_fraction": 0.5,
    "activate_offspring": true,
    "drought_every": 5,
    "drought_depletion": 0.01,
    "drought_regen": 0.0,
    "lamarckian": false,
    "grad_every": 1,
    "chunk_size": 50,
    "steps_per_cycle": 5000,
    "n_cycles": 30,
    "obs_side": 5,
    "obs_flat": 76,
    "n_params": 4186
  },
  "cycles": [
    {
      "cycle": 0,
      "n_alive_start": 64,
      "n_alive_end": 64,
      "mortality": 0.0,
      "mean_phi": 0.09099319204688072,
      "mean_pred_mse": 0.0738098971357808,
      "pred_mse_early": 0.14761976463322582,
      "pred_mse_late": 2.963833576785646e-08,
      "phi_base": 0.09422173500061035,
      "phi_stress": 0.0942165195941925,
      "robustness": 0.9999446475230178,
      "mean_entropy": 2.075301170349121,
      "mean_effective_K": 7.966964244842529,
      "mean_lr": 0.004992752801626921,
      "mean_drift": 1.5325887203216553,
      "elapsed_s": 13.448010683059692
    },
    {
      "cycle": 1,
      "n_alive_start": 256,
      "n_alive_end": 256,
      "mortality": 0.0,
      "mean_phi": 0.0923568844795227,
      "mean_pred_mse": 0.08436356581608617,
      "pred_mse_early": 0.16872707916043297,
      "pred_mse_late": 5.247173938016658e-08,
      "phi_base": 0.0949352502822876,
      "phi_stress": 0.0949403926730156,
      "robustness": 1.0000541673478789,
      "mean_entropy": 2.0749974250793457,
      "mean_effective_K": 7.964550971984863,
      "mean_lr": 0.005006993655115366,
      "mean_drift": 1.5129494667053223,
      "elapsed_s": 5.966384410858154
    },
    {
      "cycle": 2,
      "n_alive_start": 256,
      "n_alive_end": 256,
      "mortality": 0.0,
      "mean_phi": 0.10148380920290948,
      "mean_pred_mse": 0.07672874118611751,
      "pred_mse_early": 0.15345736209724478,
      "pred_mse_late": 1.2027499025180077e-07,
      "phi_base": 0.1045478880405426,
      "phi_stress": 0.10454192459583282,
      "robustness": 0.9999429596826722,
      "mean_entropy": 2.07497239112854,
      "mean_effective_K": 7.964346885681152,
      "mean_lr": 0.005015661474317312,
      "mean_drift": 1.4854176044464111,
      "elapsed_s": 5.8172478675842285
    },
    {
      "cycle": 3,
      "n_alive_start": 256,
      "n_alive_end": 256,
      "mortality": 0.0,
      "mean_phi": 0.10201170444488525,
      "mean_pred_mse": 0.07548271203028292,
      "pred_mse_early": 0.15096522029468815,
      "pred_mse_late": 2.0376587769987964e-07,
      "phi_base": 0.10632419288158416,
      "phi_stress": 0.10632458180189133,
      "robustness": 1.0000036578721796,
      "mean_entropy": 2.074927806854248,
      "mean_effective_K": 7.963990211486816,
      "mean_lr": 0.005013373214751482,
      "mean_drift": 1.4556210041046143,
      "elapsed_s": 5.845480680465698
    },
    {
      "cycle": 4,
      "n_alive_start": 256,
      "n_alive_end": 256,
      "mortality": 0.0,
      "mean_phi": 0.08691928014159203,
      "mean_pred_mse": 0.0736334924563721,
      "pred_mse_early": 0.14726662314288888,
      "pred_mse_late": 3.617698553171067e-07,
      "phi_base": 0.09042363613843918,
      "phi_stress": 0.09042565077543259,
      "robustness": 1.000022279982087,
      "mean_entropy": 2.0743649005889893,
      "mean_effective_K": 7.9595160484313965,
      "mean_lr": 0.005021621473133564,
      "mean_drift": 1.4184904098510742,
      "elapsed_s": 5.836110830307007
    },
    {
      "cycle": 5,
      "n_alive_start": 256,
      "n_alive_end": 23,
      "mortality": 0.91015625,
      "mean_phi": 0.06454632468521596,
      "mean_pred_mse": 0.03649020635231864,
      "pred_mse_early": 0.059290517829358576,
      "pred_mse_late": 0.013689894875278696,
      "phi_base": 0.07122357413172722,
      "phi_stress": 0.06166941672563553,
      "robustness": 0.8658568104372102,
      "mean_entropy": 2.073280096054077,
      "mean_effective_K": 7.95089864730835,
      "mean_lr": 0.005171107593923807,
      "mean_drift": 0.21397770941257477,
      "elapsed_s": 6.413713455200195
    },
    {
      "cycle": 6,
      "n_alive_start": 256,
      "n_alive_end": 256,
      "mortality": 0.0,
      "mean_phi": 0.07433288544416428,
      "mean_pred_mse": 0.06086729047131712,
      "pred_mse_early": 0.1217326409954103,
      "pred_mse_late": 1.939947223945637e-06,
      "phi_base": 0.07571632415056229,
      "phi_stress": 0.07579444497823715,
      "robustness": 1.0010317567387386,
      "mean_entropy": 2.0727415084838867,
      "mean_effective_K": 7.94661808013916,
      "mean_lr": 0.005172377452254295,
      "mean_drift": 1.3064382076263428,
      "elapsed_s": 5.84180760383606
    },
    {
      "cycle": 7,
      "n_alive_start": 256,
      "n_alive_end": 256,
      "mortality": 0.0,
      "mean_phi": 0.08441435620188713,
      "mean_pred_mse": 0.07496073870271175,
      "pred_mse_early": 0.14991910080477738,
      "pred_mse_late": 2.3766006461301003e-06,
      "phi_base": 0.08518511652946473,
      "phi_stress": 0.08519000560045242,
      "robustness": 1.0000573934882862,
      "mean_entropy": 2.072667121887207,
      "mean_effective_K": 7.946027755737305,
      "mean_lr": 0.005160002037882805,
      "mean_drift": 1.2988249063491821,
      "elapsed_s": 5.810987710952759
    },
    {
      "cycle": 8,
      "n_alive_start": 256,
      "n_alive_end": 256,
      "mortality": 0.0,
      "mean_phi": 0.11029516160488129,
      "mean_pred_mse": 0.07225753112804796,
      "pred_mse_early": 0.14451139794583015,
      "pred_mse_late": 3.664310265776294e-06,
      "phi_base": 0.11352384090423584,
      "phi_stress": 0.11346006542444229,
      "robustness": 0.9994382195027444,
      "mean_entropy": 2.072537660598755,
      "mean_effective_K": 7.945006370544434,
      "mean_lr": 0.0051889317110180855,
      "mean_drift": 1.255481481552124,
      "elapsed_s": 5.833543539047241
    },
    {
      "cycle": 9,
      "n_alive_start": 256,
      "n_alive_end": 256,
      "mortality": 0.0,
      "mean_phi": 0.10577800273895263,
      "mean_pred_mse": 0.0709214054940071,
      "pred_mse_early": 0.14183954431454823,
      "pred_mse_late": 3.266673465986969e-06,
      "phi_base": 0.10849627405405045,
      "phi_stress": 0.10859387814998626,
      "robustness": 1.0008996078140637,
      "mean_entropy": 2.072145938873291,
      "mean_effective_K": 7.941895484924316,
      "mean_lr": 0.005221232771873474,
      "mean_drift": 1.2388880252838135,
      "elapsed_s": 5.823416233062744
    },
    {
      "cycle": 10,
      "n_alive_start": 256,
      "n_alive_end": 5,
      "mortality": 0.98046875,
      "mean_phi": 0.09170283451676368,
      "mean_pred_mse": 0.02442135880148271,
      "pred_mse_early": 0.0423562778159976,
      "pred_mse_late": 0.006486439786967822,
      "phi_base": 0.20460477769374846,
      "phi_stress": 0.17890283316373826,
      "robustness": 0.8743824810949392,
      "mean_entropy": 2.07236909866333,
      "mean_effective_K": 7.9436516761779785,
      "mean_lr": 0.005411866586655378,
      "mean_drift": 0.17840521037578583,
      "elapsed_s": 6.449122428894043
    },
    {
      "cycle": 11,
      "n_alive_start": 256,
      "n_alive_end": 256,
      "mortality": 0.0,
      "mean_phi": 0.22215489894151688,
      "mean_pred_mse": 0.04404133124510281,
      "pred_mse_early": 0.088073220902088,
      "pred_mse_late": 9.441588117624633e-06,
      "phi_base": 0.23494945466518402,
      "phi_stress": 0.2353088766336441,
      "robustness": 1.001529784220918,
      "mean_entropy": 2.0713067054748535,
      "mean_effective_K": 7.935218811035156,