{
  "metadata": {
    "snapshot_path": "/Users/jacob/fun/shape-of-experience/empirical/experiments/study_ca_affect/results/v13_s7/v13_s7/snapshots/cycle_000.npz",
    "seed": 7,
    "C": 16,
    "N": 128,
    "n_recording_steps": 50,
    "n_patterns_detected": 29,
    "n_patterns_analyzed": 20,
    "cycle": 0
  },
  "patterns": [
    {
      "pattern_id": 0,
      "n_samples": 50,
      "d_eff": 11.641460462685783,
      "d_raw": 68,
      "A": 0.8288020520193267,
      "D": 0.2774763029439055,
      "K_comp": 0.8282199915833056,
      "eigenspectrum": [
        10.617964283048527,
        9.491092106142167,
        7.9655203974297235,
        6.569009933109292,
        4.85922103622182,
        4.328515194839787,
        3.6857591945339805,
        3.153753118274181,
        2.964160526511638,
        2.086358896514114,
        1.9571377083581054,
        1.7031922003436957,
        1.4247578522635365,
        1.060085562319242,
        0.9684103642444446,
        0.7430932812199709,
        0.5743602215960386,
        0.5560307575973177,
        0.48158781262814837,
        0.4169366825276216
      ]
    },
    {
      "pattern_id": 1,
      "n_samples": 50,
      "d_eff": 6.316436864955878,
      "d_raw": 68,
      "A": 0.9071112225741783,
      "D": 0.28056666243140094,
      "K_comp": 0.15977599783720337,
      "eigenspectrum": [
        19.975921691634206,
        12.614923399525672,
        5.617272318059915,
        4.7788660858885645,
        3.927497785480683,
        3.1079375559413753,
        1.9918656514260695,
        1.886576445506311,
        1.6959066339093625,
        1.387092959414276,
        1.0980666322727521,
        0.8769763541602603,
        0.8232783361941884,
        0.6283805892002872,
        0.5529771938621669,
        0.5129640890978285,
        0.4333150124857523,
        0.37822069880610415,
        0.33694852234753714,
        0.2522862522540435
      ]
    },
    {
      "pattern_id": 2,
      "n_samples": 50,
      "d_eff": 6.977356841714091,
      "d_raw": 68,
      "A": 0.8973918111512633,
      "D": 0.2982478845520528,
      "K_comp": 0.12656472336782937,
      "eigenspectrum": [
        19.393555170001186,
        8.576615839833215,
        8.153111438069521,
        6.876501915083722,
        4.834362887715556,
        2.386657198142168,
        2.2396607543497704,
        1.9326895585518096,
        1.7792053887311072,
        1.2769389051424211,
        1.1745769074767398,
        0.995218887135427,
        0.9925368487342832,
        0.759416523917202,
        0.5779063364978769,
        0.48891144173852863,
        0.43992600781533625,
        0.35773879551816884,
        0.3205472833284242,
        0.2821305024875723
      ]
    },
    {
      "pattern_id": 3,
      "n_samples": 50,
      "d_eff": 6.871100006981075,
      "d_raw": 68,
      "A": 0.898954411662043,
      "D": 0.08704550291457722,
      "K_comp": 0.31969733956614205,
      "eigenspectrum": [
        17.329659310915712,
        14.340692965625239,
        6.53883484389476,
        5.702403402262409,
        3.5354041149473447,
        2.764593042120973,
        2.451307224952951,
        2.0284909704926846,
        1.544847971332823,
        1.4159022195821496,
        1.1839290829896512,
        0.9560349848506665,
        0.8385909208952849,
        0.6915207928860286,
        0.5992577082953261,
        0.4932144152965455,
        0.41308986235670825,
        0.3918736333445028,
        0.3366029955656371,
        0.26905876725975475
      ]
    },
    {
      "pattern_id": 4,
      "n_samples": 50,
      "d_eff": 7.190990580144951,
      "d_raw": 68,
      "A": 0.8942501385272801,
      "D": 0.302029307178511,
      "K_comp": 0.1716263215720198,
      "eigenspectrum": [
        20.646061532886385,
        9.854256807550076,
        6.238947833668783,
        5.335692360210178,
        4.074483334130205,
        3.412212877836466,
        3.18138248116505,
        2.30776770998749,
        2.0520837471903506,
        1.841608938970001,
        1.364225823619023,
        1.2895443684794223,
        1.1944784601565004,
        0.9413677654674824,
        0.865852816166215,
        0.7239789917630678,
        0.4878339643486295,
        0.4350515907540789,
        0.32957134872254307,
        0.2908841964289191
      ]
    },
    {
      "pattern_id": 5,
      "n_samples": 50,
      "d_eff": 9.299680377073951,
      "d_raw": 68,
      "A": 0.8632399944547948,
      "D": 0.1783537186411622,
      "K_comp": 0.34718964789179135,
      "eigenspectrum": [
        14.248103277738473,
        10.885075827637849,
        6.364734598944313,
        5.212343618015716,
        4.467630658109382,
        4.264808788285121,
        3.1237040143463823,
        2.66425899044713,
        1.883972522736816,
        1.7753588002687004,
        1.4608194329303203,
        1.1366565481073516,
        0.958249167555561,
        0.8905074253934566,
        0.7846467809059265,
        0.6720926859505915,
        0.582384404808503,
        0.5270714472863862,
        0.48104885726122837,
        0.3963679000363567
      ]
    },
    {
      "pattern_id": 6,
      "n_samples": 50,
      "d_eff": 7.244710527178884,
      "d_raw": 68,
      "A": 0.8934601393061928,
      "D": 0.23611137053907058,
      "K_comp": 0.21398014679968871,
      "eigenspectrum": [
        17.3456052688203,
        11.461740065556938,
        8.23029685937576,
        6.642712147990277,
        4.456811989258455,
        2.7985091223637903,
        2.099762436425487,
        2.00659651277856,
        1.4853089083190272,
        1.2198534073131897,
        1.0756299142966046,
        0.9303675086369451,
        0.8749612042885679,
        0.6940755681369168,
        0.6465285285977896,
        0.6177041154356282,
        0.46998837702430174,
        0.3697842121358158,
        0.3448651498615189,
        0.2594068518279186
      ]
    },
    {
      "pattern_id": 7,
      "n_samples": 50,
      "d_eff": 6.995629984221283,
      "d_raw": 68,
      "A": 0.897123088467334,
      "D": 0.31873282681869397,
      "K_comp": 0.07436378414803974,
      "eigenspectrum": [
        18.745829942144546,
        8.580006115463458,
        6.899467162899466,
        5.12425676996582,
        4.514492978445351,
        3.5781496589145285,
        2.722792903777322,
        2.384474645914791,
        1.6440813830420598,
        1.5548520266464263,
        1.0624866063799208,
        0.8393871983798015,
        0.6680076114530634,
        0.5705230157814517,
        0.5700503209894998,
        0.4136784961695922,
        0.3243920708647915,
        0.3010783837429117,
        0.25945635359350105,
        0.21049016449330363
      ]
    },
    {
      "pattern_id": 8,
      "n_samples": 50,
      "d_eff": 6.8381039656856695,
      "d_raw": 68,
      "A": 0.8994396475634461,
      "D": 0.3874012989179525,
      "K_comp": 0.1818618525211546,
      "eigenspectrum": [
        17.567971152658444,
        13.14586710660108,
        10.683283905057461,
        6.113202071816989,
        4.236094235706776,
        3.3860759271435468,
        2.9582256700489142,
        2.113620715208258,
        1.8252084184274788,
        1.4737756578098573,
        1.021606094063472,
        0.6449756827025425,
        0.5636391894408618,
        0.48483449557185104,
        0.3644380015915635,
        0.3366114764449261,
        0.24420084027967615,
        0.21965795557469014,
        0.16642825831209854,
        0.12002445391822811
      ]
    },
    {
      "pattern_id": 9,
      "n_samples": 50,
      "d_eff": 9.155744613056845,
      "d_raw": 68,
      "A": 0.8653566968668112,
      "D": 0.13068687018793163,
      "K_comp": 0.057929326395578316,