{
  "metadata": {
    "snapshot_path": "/Users/jacob/fun/shape-of-experience/empirical/experiments/study_ca_affect/results/v13_s7/v13_s7/snapshots/cycle_025.npz",
    "seed": 7,
    "C": 16,
    "N": 128,
    "n_recording_steps": 50,
    "n_patterns_detected": 29,
    "n_patterns_analyzed": 20,
    "cycle": 25
  },
  "patterns": [
    {
      "pattern_id": 14,
      "n_samples": 48,
      "d_eff": 6.7891248121492,
      "d_raw": 68,
      "A": 0.9001599292331,
      "D": 0.16330604738749394,
      "K_comp": 0.10333225406544717,
      "eigenspectrum": [
        19.458296734598925,
        8.687402847787869,
        7.097857712016154,
        5.291772875992524,
        4.837099488931143,
        4.23422293141311,
        2.1500071789403927,
        1.927208757607736,
        1.7223133856444237,
        1.3123359550655276,
        0.9533999391769621,
        0.8544817724098221,
        0.8153318638659238,
        0.7125733281267141,
        0.4947070998596774,
        0.39501111386460314,
        0.3900073333017255,
        0.32822922193317466,
        0.2528235425284619,
        0.2096442420225334
      ]
    },
    {
      "pattern_id": 18,
      "n_samples": 48,
      "d_eff": 7.340760011931133,
      "d_raw": 68,
      "A": 0.8920476468833657,
      "D": 0.202422340630409,
      "K_comp": 0.2291585706991769,
      "eigenspectrum": [
        10.578916067189391,
        8.650971337709487,
        6.481714023007102,
        4.649585892145984,
        3.161381775882001,
        2.613466727849804,
        1.6767593002906158,
        1.3574460178839707,
        1.0597764562047858,
        0.843687509314416,
        0.6733435346198611,
        0.4820121342927991,
        0.439941925298992,
        0.3927276679118332,
        0.3107052780793523,
        0.2969357073514366,
        0.221008635643911,
        0.17314515701088382,
        0.13926251608798582,
        0.13174179221526033
      ]
    },
    {
      "pattern_id": 0,
      "n_samples": 47,
      "d_eff": 6.017585715873615,
      "d_raw": 68,
      "A": 0.9115060924136233,
      "D": 0.31265247873460056,
      "K_comp": 0.329325442404566,
      "eigenspectrum": [
        19.359098776648736,
        13.24943925932224,
        7.056102438249251,
        4.839151066585517,
        4.038660106872233,
        3.5491737968900363,
        2.4823224223515554,
        1.7452778875110577,
        1.3521730180462765,
        1.1202225304196212,
        0.9369600118656842,
        0.6402427256835885,
        0.5779121050088526,
        0.35542839628319034,
        0.34455848472485356,
        0.289866321863359,
        0.22892682492605657,
        0.2033324996031921,
        0.17315715086236824,
        0.14364367347611298
      ]
    },
    {
      "pattern_id": 4,
      "n_samples": 47,
      "d_eff": 6.938941976344417,
      "d_raw": 68,
      "A": 0.8979567356419939,
      "D": 0.5453443884989624,
      "K_comp": 0.18401430605617972,
      "eigenspectrum": [
        20.067372326605955,
        7.432925316434108,
        6.886767726493399,
        4.241081853374533,
        3.8648447534875077,
        3.449066712985132,
        2.907453919147958,
        2.3426893677283944,
        2.1091520185344024,
        1.5954715948842857,
        1.3634023680060448,
        1.2714642141333212,
        1.039043136113853,
        0.932167654494998,
        0.7670811661024194,
        0.6286530480724773,
        0.5587632357034742,
        0.48307606416163373,
        0.2926436593350586,
        0.2487539922319573
      ]
    },
    {
      "pattern_id": 5,
      "n_samples": 47,
      "d_eff": 9.228941343401681,
      "d_raw": 68,
      "A": 0.8642802743617399,
      "D": 0.20826461552037498,
      "K_comp": 0.3473848876524151,
      "eigenspectrum": [
        10.341061101895736,
        5.675082356363754,
        4.714143946737431,
        3.8613640104313895,
        3.7376943960710354,
        3.0431976493020363,
        2.4573630988020745,
        2.1384683685880037,
        1.9536716164074504,
        1.4471808245354432,
        1.0180896732962037,
        0.7514446998221022,
        0.6838426966602188,
        0.5352787988859075,
        0.35912408584666156,
        0.34043936644594563,
        0.3159385015503251,
        0.2813921317921697,
        0.2593765996308113,
        0.2169973284806558
      ]
    },
    {
      "pattern_id": 9,
      "n_samples": 46,
      "d_eff": 8.921012853277569,
      "d_raw": 68,
      "A": 0.868808634510624,
      "D": 0.30057263913713267,
      "K_comp": 0.09284190930240538,
      "eigenspectrum": [
        9.034957298696655,
        7.4869089721121815,
        5.8377313567674936,
        4.60975843079729,
        3.425391720285397,
        2.788885891494455,
        2.172825096678119,
        1.8163540436652397,
        1.4867799357103564,
        1.0751589060654267,
        0.9705515630547299,
        0.7399528356633003,
        0.6953378719616918,
        0.5976035285740149,
        0.4717421106343818,
        0.3069572217820725,
        0.25584422243048,
        0.2271131600734068,
        0.1534018932975345,
        0.15127110659638232
      ]
    },
    {
      "pattern_id": 7,
      "n_samples": 45,
      "d_eff": 9.709495766318451,
      "d_raw": 68,
      "A": 0.8572132975541404,
      "D": 0.27923032733681,
      "K_comp": 0.44640759341596886,
      "eigenspectrum": [
        7.905945892164377,
        6.965086856727797,
        6.3156064690356,
        4.426515359971862,
        3.7828634397787955,
        2.862421536715559,
        2.1638350779718367,
        1.9393597540823502,
        1.4774343920182935,
        1.08020125910278,
        1.0147985952600467,
        0.8788654352513889,
        0.7954348973237185,
        0.7025648284758662,
        0.5192231099447906,
        0.4394649991858402,
        0.3948557890174937,
        0.3123067757862576,
        0.23419519653879192,
        0.13657293327171524
      ]
    },
    {
      "pattern_id": 17,
      "n_samples": 45,
      "d_eff": 9.060050839481805,
      "d_raw": 68,
      "A": 0.8667639582429146,
      "D": 0.26505689363376034,
      "K_comp": 0.42039831844070236,
      "eigenspectrum": [
        9.089527255500624,
        7.4596672679376335,
        5.822726602235626,
        4.507989750547748,
        2.9619716600864847,
        2.53306263925214,
        2.1833908682396763,
        1.9560130741168529,
        1.3429975425816238,
        1.2793280898908213,
        1.1492146148306175,
        0.9254800927371206,
        0.7244760535903837,
        0.6529826154913333,
        0.5237653824814992,
        0.34877330947198837,
        0.29824903096532007,
        0.2647174320828152,
        0.1790500587282506,
        0.15986260945156885
      ]
    },
    {
      "pattern_id": 19,
      "n_samples": 45,
      "d_eff": 8.566619340731128,
      "d_raw": 68,
      "A": 0.8740203038127775,
      "D": 0.20333232870067489,
      "K_comp": 0.31947186238799946,
      "eigenspectrum": [
        9.290573945426022,
        7.574312196175887,
        6.467888415178136,
        4.20616173576902,
        4.006777267799973,
        2.269415571442217,
        2.0231499608745285,
        1.5224354390874297,
        1.3484463722563347,
        1.133075285175785,
        0.8056150090850566,
        0.724990758047223,
        0.6609529177806623,
        0.5360171509122854,
        0.4232304432215492,
        0.3261317850488376,
        0.25559533575490156,
        0.24365294287489345,
        0.21192017638454022,
        0.17099624570766572
      ]
    },
    {
      "pattern_id": 15,
      "n_samples": 44,
      "d_eff": 8.047778872842741,
      "d_raw": 68,
      "A": 0.8816503106934891,
      "D": 0.14667000881297404,
      "K_comp": 0.22446128595855047,