{
  "metadata": {
    "snapshot_path": "/Users/jacob/fun/shape-of-experience/empirical/experiments/study_ca_affect/results/v13_s7/v13_s7/snapshots/cycle_015.npz",
    "seed": 7,
    "C": 16,
    "N": 128,
    "n_recording_steps": 50,
    "n_patterns_detected": 37,
    "n_patterns_analyzed": 20,
    "cycle": 15
  },
  "patterns": [
    {
      "pattern_id": 8,
      "n_samples": 48,
      "d_eff": 9.26390920313179,
      "d_raw": 68,
      "A": 0.8637660411304149,
      "D": 0.171683830836292,
      "K_comp": 0.31118289679000277,
      "eigenspectrum": [
        8.944692014395553,
        7.340653818720769,
        6.115075647533888,
        4.054265426083675,
        3.382282877844795,
        2.131704685949537,
        1.8212527349727983,
        1.6678480177835782,
        1.5678905167926582,
        1.2971913727291142,
        1.0831436519444901,
        1.0245114945434606,
        0.7378667170468703,
        0.5350429421150271,
        0.5200330456783993,
        0.4492510537339168,
        0.3986120734475227,
        0.311071549199487,
        0.26280329188234025,
        0.23956178492324348
      ]
    },
    {
      "pattern_id": 1,
      "n_samples": 47,
      "d_eff": 7.474627628072727,
      "d_raw": 68,
      "A": 0.8900790054695187,
      "D": 0.3432134042054961,
      "K_comp": 0.08676793529324292,
      "eigenspectrum": [
        11.83449694628996,
        6.690474764602225,
        5.613408516500394,
        4.7648969186574055,
        3.575097519735335,
        2.603819234020174,
        2.4157999068863854,
        1.3812563814752086,
        1.188214378003129,
        0.8979072944613035,
        0.8305866426146269,
        0.695685940554855,
        0.47822166307150443,
        0.4217374089234428,
        0.3045522761073304,
        0.21785898562298428,
        0.20540642358978092,
        0.1717006868713719,
        0.11325377183527735,
        0.09869257072439144
      ]
    },
    {
      "pattern_id": 10,
      "n_samples": 47,
      "d_eff": 8.038209044848045,
      "d_raw": 68,
      "A": 0.881791043458117,
      "D": 0.1858620575983062,
      "K_comp": 0.07387478492747128,
      "eigenspectrum": [
        10.668876836102307,
        7.594941378898159,
        5.779796103801987,
        4.5106329918150205,
        2.718028095054533,
        2.428735447522684,
        1.859606261374817,
        1.7487753092836986,
        1.5461548188929868,
        1.1867631804364138,
        0.8941388123534314,
        0.7628559097767728,
        0.6603679754138496,
        0.5060537963064857,
        0.42043227657990606,
        0.3291237001405162,
        0.2903896489989071,
        0.23805291997759218,
        0.1665641905597635,
        0.11873131567552697
      ]
    },
    {
      "pattern_id": 19,
      "n_samples": 47,
      "d_eff": 10.245904221024954,
      "d_raw": 68,
      "A": 0.8493249379261036,
      "D": 0.14266399428247004,
      "K_comp": 0.21939357762160366,
      "eigenspectrum": [
        8.475214677727642,
        6.282555806917008,
        5.39859065964672,
        4.398789190393872,
        3.0971171031394094,
        2.8013300323065056,
        2.4195047244609067,
        2.1351286884732184,
        1.8289636667384386,
        1.3389562313665313,
        1.1745779324158416,
        0.9356765729457818,
        0.8417848757559864,
        0.7463269447570494,
        0.5636795100843417,
        0.45369964195681856,
        0.36069177620814613,
        0.3119881183435328,
        0.22518357928104035,
        0.20513318926899865
      ]
    },
    {
      "pattern_id": 11,
      "n_samples": 46,
      "d_eff": 9.827752341481409,
      "d_raw": 68,
      "A": 0.8554742302723322,
      "D": 0.13810199481066116,
      "K_comp": 0.10441978916795458,
      "eigenspectrum": [
        8.939520175200357,
        7.086125710890365,
        5.26875880633027,
        3.454771676209222,
        3.174882080882304,
        2.6709854942357825,
        2.3186022657478875,
        1.9177668175187228,
        1.7531193130293068,
        1.3181842554821137,
        1.2623817924323149,
        1.059438460364222,
        0.797157114977046,
        0.7127773034184027,
        0.5886600570242014,
        0.48629903390946755,
        0.43979068148178446,
        0.34574990476980605,
        0.23476501022630453,
        0.20302380450993307
      ]
    },
    {
      "pattern_id": 2,
      "n_samples": 45,
      "d_eff": 8.861939841262133,
      "d_raw": 68,
      "A": 0.8696773552755569,
      "D": 0.2378734842132348,
      "K_comp": 0.12278099845917562,
      "eigenspectrum": [
        9.279593286949325,
        6.958372444938091,
        6.005566231879415,
        4.738538866629046,
        3.376939668945593,
        2.7618368822731525,
        2.6639802396304613,
        1.7851952354224934,
        1.4950882686897158,
        1.1372954807756757,
        1.0896470212792317,
        0.6371481829803864,
        0.5679828093551997,
        0.49364209818472876,
        0.3832967546061329,
        0.3241633836328797,
        0.25471196758109804,
        0.23024247086157926,
        0.19207272233138462,
        0.11901222036285498
      ]
    },
    {
      "pattern_id": 6,
      "n_samples": 45,
      "d_eff": 8.75146950062723,
      "d_raw": 68,
      "A": 0.871301919108423,
      "D": 0.13066741980744068,
      "K_comp": 0.1931788945709207,
      "eigenspectrum": [
        9.170162815892182,
        7.786217639867185,
        5.398011666076737,
        4.700775339294729,
        3.935288964905738,
        2.667098715965135,
        2.1075719862942988,
        1.8041906124615168,
        1.2778383893255545,
        0.9602167605349452,
        0.8557466726582115,
        0.775040747744673,
        0.6308796628756768,
        0.48893549944067005,
        0.4294359989190289,
        0.36235142307401624,
        0.3104894315413367,
        0.23650465337669152,
        0.21071460689037652,
        0.20713039426850055
      ]
    },
    {
      "pattern_id": 9,
      "n_samples": 44,
      "d_eff": 9.334824315554474,
      "d_raw": 68,
      "A": 0.8627231718300813,
      "D": 0.1119523403965263,
      "K_comp": 0.4560753832856401,
      "eigenspectrum": [
        9.36840154625515,
        6.846400268947858,
        5.102182109210858,
        5.0142034990600175,
        2.9408176728509847,
        2.6428955122699045,
        2.3499446773504618,
        1.7443590193413256,
        1.4225125105312217,
        1.1428981057118446,
        0.9805769357520244,
        0.878427919288057,
        0.7638448010135327,
        0.6489072630044768,
        0.5690332857512794,
        0.5242997502409691,
        0.3785193134181987,
        0.3433659462084727,
        0.2622129028566312,
        0.24290225260918424
      ]
    },
    {
      "pattern_id": 17,
      "n_samples": 44,
      "d_eff": 7.643538642799926,
      "d_raw": 68,
      "A": 0.8875950199588246,
      "D": 0.18612903344250734,
      "K_comp": 0.33223291805367194,
      "eigenspectrum": [
        11.134744341377576,
        7.561124254857824,
        6.504118487178261,
        3.7910537305724357,
        2.957480506871587,
        2.8631465087421706,
        1.7794321339091734,
        1.6067198886824126,
        1.1067535207497035,
        1.0544716500273088,
        0.8763123839292707,
        0.7285772714780978,
        0.62499847235515,
        0.49588625162600203,
        0.3794195144266964,
        0.29017345443241377,
        0.26949119050851567,
        0.18791354762591522,
        0.16464182011561537,
        0.12340672352143679
      ]
    },
    {
      "pattern_id": 18,
      "n_samples": 44,
      "d_eff": 5.6732216285242565,
      "d_raw": 68,
      "A": 0.9165702701687609,
      "D": 0.2590654649303461,
      "K_comp": 0.3152611709149812,