{
  "metadata": {
    "snapshot_path": "/Users/jacob/fun/shape-of-experience/empirical/experiments/study_ca_affect/results/v13_s7/v13_s7/snapshots/cycle_020.npz",
    "seed": 7,
    "C": 16,
    "N": 128,
    "n_recording_steps": 50,
    "n_patterns_detected": 43,
    "n_patterns_analyzed": 20,
    "cycle": 20
  },
  "patterns": [
    {
      "pattern_id": 1,
      "n_samples": 49,
      "d_eff": 8.677479342258303,
      "d_raw": 68,
      "A": 0.872390009672672,
      "D": 0.16390978022710256,
      "K_comp": 0.1880392455959398,
      "eigenspectrum": [
        9.889054223797363,
        6.712799221302118,
        6.289860360295485,
        4.038805545660541,
        3.8407375789038376,
        2.4947024398531417,
        2.032382522904599,
        1.6886422013207552,
        1.2595195743014864,
        1.1544792042249776,
        0.9518937121226428,
        0.7547998211218938,
        0.6596097096755659,
        0.5831127022126433,
        0.42717524913801597,
        0.39512625756182185,
        0.2996786291033832,
        0.2683769072207753,
        0.20427575770212128,
        0.1795887647337858
      ]
    },
    {
      "pattern_id": 11,
      "n_samples": 48,
      "d_eff": 9.049091546524487,
      "d_raw": 68,
      "A": 0.8669251243158164,
      "D": 0.1502698891988349,
      "K_comp": 0.17936437507688527,
      "eigenspectrum": [
        8.935965464265262,
        8.187306313884754,
        5.2871994217404055,
        4.57357894260501,
        3.0333282463851505,
        2.1484319362448483,
        1.9252331764113986,
        1.5715686197173477,
        1.3178013917564413,
        1.1997652654737414,
        1.1337352244406187,
        0.9327283079275814,
        0.8201013586861812,
        0.6934703573818128,
        0.5201436517757111,
        0.41385241788976984,
        0.38688901821667965,
        0.30147974363405994,
        0.24915396196987555,
        0.2336403074744628
      ]
    },
    {
      "pattern_id": 0,
      "n_samples": 47,
      "d_eff": 6.184622999353081,
      "d_raw": 68,
      "A": 0.9090496617742194,
      "D": 0.26414403470868986,
      "K_comp": 0.05012711646654983,
      "eigenspectrum": [
        20.15177731478898,
        9.435328215014751,
        7.660432380612869,
        5.9911446352969335,
        3.537995547011045,
        2.961931796634663,
        2.3013003849810207,
        2.0199428637753947,
        1.889609305578504,
        1.1848521145137654,
        0.9338448010703375,
        0.8224275415209434,
        0.6473332338434934,
        0.4839746512529245,
        0.41322735317699216,
        0.32370901298791277,
        0.3201831738416481,
        0.26497416983555033,
        0.1925359891221342,
        0.1721679383245041
      ]
    },
    {
      "pattern_id": 5,
      "n_samples": 46,
      "d_eff": 9.196069507426449,
      "d_raw": 68,
      "A": 0.8647636837143169,
      "D": 0.24661040569809833,
      "K_comp": 0.17984343196355246,
      "eigenspectrum": [
        10.177685564032952,
        6.064517168800978,
        4.873740541607309,
        4.4291359716667404,
        3.2337780515389998,
        3.0153646574468596,
        2.402566692955407,
        1.925311583016447,
        1.4980795505564084,
        1.209391806986915,
        0.960300578170277,
        0.8722336852884814,
        0.7092924791141234,
        0.5974424468461706,
        0.5794772635609687,
        0.43729711857573766,
        0.4004362666797125,
        0.2794808675079082,
        0.24054695584542407,
        0.23641791182903363
      ]
    },
    {
      "pattern_id": 6,
      "n_samples": 46,
      "d_eff": 10.333940774331095,
      "d_raw": 68,
      "A": 0.8480302827304251,
      "D": 0.2823815097095201,
      "K_comp": 0.3652269263978018,
      "eigenspectrum": [
        9.120335681107345,
        5.56799377958315,
        5.041536279232643,
        4.123548765981541,
        3.3167158634016065,
        2.8230714131741923,
        2.613757001690464,
        1.9615220297627456,
        1.6438957756306865,
        1.351187600277971,
        1.0776716905753323,
        1.0153196340277455,
        0.8867202470683351,
        0.7891408420791554,
        0.7708206547268187,
        0.4254086671109598,
        0.41914194896361573,
        0.3626062200663257,
        0.32415620971174,
        0.24266710269578298
      ]
    },
    {
      "pattern_id": 8,
      "n_samples": 46,
      "d_eff": 9.02544443928282,
      "d_raw": 68,
      "A": 0.8672728758928997,
      "D": 0.1939206932976092,
      "K_comp": 0.11462007677193492,
      "eigenspectrum": [
        10.307327934755104,
        6.570860555291083,
        5.472228218186927,
        3.5697536507915686,
        3.0844402632210124,
        2.875574426621135,
        1.8211004665763002,
        1.73013296569627,
        1.3749588361543306,
        1.314832667672615,
        0.9791445885679338,
        0.9522448943645476,
        0.8700221944069466,
        0.7467345988878467,
        0.6171575057638613,
        0.44516534498283256,
        0.4078766236789187,
        0.3753105651145345,
        0.31991426349709967,
        0.21495572295782275
      ]
    },
    {
      "pattern_id": 9,
      "n_samples": 46,
      "d_eff": 10.01988433746326,
      "d_raw": 68,
      "A": 0.8526487597431873,
      "D": 0.26977937199989677,
      "K_comp": 0.1437844185465541,
      "eigenspectrum": [
        8.800144379845786,
        6.602451763812784,
        5.159505258282703,
        3.957748022661869,
        3.5854112608041544,
        2.5229361970840785,
        2.3790765575777986,
        2.0910478579861254,
        1.6564085676564921,
        1.3861470213190985,
        1.1995706776954576,
        1.0516271997530378,
        0.8108976022604328,
        0.6839772336619081,
        0.5559640580147658,
        0.4853521912887419,
        0.3683957985907777,
        0.3120299938618307,
        0.30124568598593543,
        0.19902929411419762
      ]
    },
    {
      "pattern_id": 13,
      "n_samples": 46,
      "d_eff": 9.438407319159676,
      "d_raw": 68,
      "A": 0.8611998923652988,
      "D": 0.3054751788635758,
      "K_comp": 0.21678330687457556,
      "eigenspectrum": [
        7.659393223511751,
        7.177261093791646,
        6.289842757514686,
        4.838111599190869,
        3.6388822981130575,
        3.3732044059387687,
        2.5630259101162087,
        2.0803319465235326,
        1.4209567609293545,
        1.149597641525621,
        0.8410598941574662,
        0.7589889872394661,
        0.5908457816318269,
        0.456034851366408,
        0.40937040685153914,
        0.34328372451256484,
        0.2479843107754067,
        0.21415152609949678,
        0.1809203893731005,
        0.16068397485757652
      ]
    },
    {
      "pattern_id": 19,
      "n_samples": 46,
      "d_eff": 7.3206594997434875,
      "d_raw": 68,
      "A": 0.8923432426508311,
      "D": 0.4254360590229197,
      "K_comp": 0.19369775108454743,
      "eigenspectrum": [
        12.552988928050667,
        7.3101855190568905,
        5.289129607969769,
        3.7688331601190015,
        2.553436279943489,
        2.177329200128902,
        1.8334198179742989,
        1.6500457095592511,
        1.3921099980548384,
        1.0277943145185526,
        0.8582988247005671,
        0.7346725098689786,
        0.6613404273902856,
        0.5682827777272381,
        0.4752984828569117,
        0.4527980531692611,
        0.34503975283921456,
        0.28342455964996016,
        0.23384803923081887,
        0.2098527318385357
      ]
    },
    {
      "pattern_id": 2,
      "n_samples": 45,
      "d_eff": 6.4228458755138895,
      "d_raw": 68,
      "A": 0.9055463841836193,
      "D": 0.11269063474139612,
      "K_comp": 0.5190425697094592,