{
  "metadata": {
    "snapshot_path": "/Users/jacob/fun/shape-of-experience/empirical/experiments/study_ca_affect/results/v13_s7/v13_s7/snapshots/cycle_029.npz",
    "seed": 7,
    "C": 16,
    "N": 128,
    "n_recording_steps": 50,
    "n_patterns_detected": 24,
    "n_patterns_analyzed": 20,
    "cycle": 29
  },
  "patterns": [
    {
      "pattern_id": 0,
      "n_samples": 47,
      "d_eff": 10.67091879655043,
      "d_raw": 68,
      "A": 0.8430747235801408,
      "D": 0.12213396929754657,
      "K_comp": 0.1645402671074764,
      "eigenspectrum": [
        8.187370326468148,
        5.981113490645511,
        5.059174154462038,
        4.417851274274565,
        3.717614668922826,
        2.9160656948283097,
        2.345957363223123,
        1.9001033229457918,
        1.7011674896934055,
        1.4554146128008085,
        1.2619129029400729,
        1.033329685543437,
        0.928903129636029,
        0.7074441355442234,
        0.5069990576812902,
        0.44200089835341383,
        0.3940160538628447,
        0.34282564364704576,
        0.29187979698746663,
        0.25755964243956275
      ]
    },
    {
      "pattern_id": 12,
      "n_samples": 47,
      "d_eff": 11.299870028058297,
      "d_raw": 68,
      "A": 0.8338254407638486,
      "D": 0.19350278484224573,
      "K_comp": 0.3630267336103866,
      "eigenspectrum": [
        7.156688056800073,
        5.697157284462065,
        5.479691461640741,
        4.382144933309814,
        4.132596562874813,
        3.0011326218476113,
        2.4031003419551618,
        1.8598361012672568,
        1.7565848233912615,
        1.3785906160634924,
        1.2808770848502424,
        1.0709843538568653,
        0.9228215355008692,
        0.8562709376155588,
        0.5520840612577482,
        0.535289427743731,
        0.5002239016622543,
        0.40355219889382643,
        0.2970948507807767,
        0.2727186849829407
      ]
    },
    {
      "pattern_id": 13,
      "n_samples": 47,
      "d_eff": 8.792786008427976,
      "d_raw": 68,
      "A": 0.8706943234054709,
      "D": 0.1679553915483521,
      "K_comp": 0.19974875314463525,
      "eigenspectrum": [
        8.692186800248825,
        7.346717406052381,
        6.568378196221638,
        4.965063097045066,
        3.724389951721593,
        2.393333106221626,
        2.091590538799192,
        1.6287319052651887,
        1.5489283758524608,
        1.006626759458186,
        0.9033743878248974,
        0.7878826195762102,
        0.5513231334496339,
        0.4787466572140785,
        0.39568939019309507,
        0.33664816654840235,
        0.3116789570979032,
        0.22106041840769217,
        0.18574197184699925,
        0.1648857981931905
      ]
    },
    {
      "pattern_id": 17,
      "n_samples": 46,
      "d_eff": 6.03954582196795,
      "d_raw": 68,
      "A": 0.9111831496769419,
      "D": 0.22898181422860178,
      "K_comp": 0.1776641350281391,
      "eigenspectrum": [
        21.46053523304925,
        9.989584093681295,
        5.809441884386892,
        5.174944027846769,
        3.8975262051932797,
        2.8822096451299006,
        2.492045560371807,
        2.2375562912946236,
        1.864011176615556,
        1.42102221301706,
        1.2187875479273762,
        1.0199527427679695,
        0.6405158597780521,
        0.5536747691240707,
        0.455197416740409,
        0.3966795495861285,
        0.35504718020896164,
        0.2944617046530051,
        0.2527796069514126,
        0.19707646331744555
      ]
    },
    {
      "pattern_id": 9,
      "n_samples": 45,
      "d_eff": 7.886268774484759,
      "d_raw": 68,
      "A": 0.8840254591987535,
      "D": 0.2638513264006106,
      "K_comp": 0.2845943609168485,
      "eigenspectrum": [
        11.423497104374981,
        6.36440069889458,
        6.059758664857854,
        4.238465108055969,
        3.572811534854559,
        2.6683485358855608,
        2.024173884747129,
        1.487780843163696,
        1.2293060131439448,
        1.052522873638944,
        0.767944624306676,
        0.6568088430239599,
        0.6264004603514405,
        0.49142598986665126,
        0.4471030530862586,
        0.40778182241590144,
        0.2709777829548751,
        0.25505437287187904,
        0.22853592858407626,
        0.15214791686062326
      ]
    },
    {
      "pattern_id": 15,
      "n_samples": 45,
      "d_eff": 10.053158513524522,
      "d_raw": 68,
      "A": 0.8521594336246394,
      "D": 0.15643253975439872,
      "K_comp": 0.4611292224758434,
      "eigenspectrum": [
        7.0862619597752,
        6.10720819461083,
        5.94268019668602,
        5.011737598743857,
        4.540770759942902,
        2.734845223903429,
        2.2790252908213824,
        2.0719333844040295,
        1.5605027493647723,
        1.344058617864574,
        0.9353028192474871,
        0.6887994635832704,
        0.6356736066132628,
        0.46963658028468536,
        0.41124840170317256,
        0.37424674884271014,
        0.3190918221213101,
        0.26696476454685497,
        0.2227976551471135,
        0.17415111389139157
      ]
    },
    {
      "pattern_id": 3,
      "n_samples": 44,
      "d_eff": 8.299393831633294,
      "d_raw": 68,
      "A": 0.877950090711275,
      "D": 0.19622917113211352,
      "K_comp": 0.23553413226101616,
      "eigenspectrum": [
        11.390925448173562,
        6.551020342016178,
        4.444937877735729,
        4.167084505517774,
        2.9951822130488233,
        2.664321514020532,
        2.55829101938539,
        2.1601538403023492,
        1.584940793917269,
        1.4335043972804167,
        0.885715568188709,
        0.7628627944822882,
        0.608631923695047,
        0.5535697529550687,
        0.40787081437352934,
        0.35623932614920645,
        0.3049895914131579,
        0.2506175944642579,
        0.2225448248043071,
        0.15390130575780114
      ]
    },
    {
      "pattern_id": 10,
      "n_samples": 43,
      "d_eff": 9.743373901794964,
      "d_raw": 68,
      "A": 0.8567150896794858,
      "D": 0.25867104339603125,
      "K_comp": 0.34345884620375056,
      "eigenspectrum": [
        8.354098802920788,
        6.663015864170145,
        5.639990862521295,
        5.02180406594657,
        3.591349867296736,
        2.5845904162344486,
        2.3969233981610896,
        2.2282464745794237,
        1.483457997016128,
        1.1564613994619728,
        0.8977542190499634,
        0.7976291216977499,
        0.6699707086556288,
        0.6577132314692719,
        0.524752867343457,
        0.44463965059847355,
        0.36631224516323274,
        0.3422052405158472,
        0.2555449485567271,
        0.20210182976505836
      ]
    },
    {
      "pattern_id": 14,
      "n_samples": 43,
      "d_eff": 6.750782204144067,
      "d_raw": 68,
      "A": 0.9007237911155285,
      "D": 0.5569637797383866,
      "K_comp": 0.15112604826723297,
      "eigenspectrum": [
        19.13699661781279,
        9.352641761021992,
        7.865734446993945,
        6.568124654286566,
        3.3692658293169253,
        2.993855598463927,
        2.2442582986930373,
        1.8424714881754314,
        1.582885411398027,
        1.4206051918956732,
        1.2487314133923868,
        0.9279732549861899,
        0.9172313641296812,
        0.6490030913758131,
        0.59996461300528,
        0.48979791382666826,
        0.4480334493748829,
        0.36418968264799295,
        0.28852559567081393,
        0.251962966737876
      ]
    },
    {
      "pattern_id": 16,
      "n_samples": 42,
      "d_eff": 9.310349954062827,
      "d_raw": 68,
      "A": 0.8630830889108407,
      "D": 0.17112177231423897,
      "K_comp": 0.24157987395036903,