{
  "metadata": {
    "snapshot_path": "/Users/jacob/fun/shape-of-experience/empirical/experiments/study_ca_affect/results/v13_s7/v13_s7/snapshots/cycle_005.npz",
    "seed": 7,
    "C": 16,
    "N": 128,
    "n_recording_steps": 50,
    "n_patterns_detected": 23,
    "n_patterns_analyzed": 20,
    "cycle": 5
  },
  "patterns": [
    {
      "pattern_id": 0,
      "n_samples": 50,
      "d_eff": 9.352107579058032,
      "d_raw": 68,
      "A": 0.8624690061903231,
      "D": 0.1614633481261355,
      "K_comp": 0.35113563770155054,
      "eigenspectrum": [
        14.9863457249476,
        9.271530461768045,
        7.039595666124434,
        5.676535970912561,
        4.536556660515716,
        3.3190085182502584,
        2.975534154719838,
        2.3003867008614027,
        2.1219087031231236,
        1.7873042179106273,
        1.7086436696431495,
        1.3128913531096205,
        1.1675743030953767,
        1.0960190526806537,
        0.9700481301896352,
        0.7806872212284038,
        0.6235147324602092,
        0.5852396468535803,
        0.4723032014934117,
        0.40493512247023783
      ]
    },
    {
      "pattern_id": 1,
      "n_samples": 50,
      "d_eff": 7.949841197840485,
      "d_raw": 68,
      "A": 0.8830905706199929,
      "D": 0.11549264433049489,
      "K_comp": 0.2819632631251977,
      "eigenspectrum": [
        15.424686683105175,
        11.484442829633549,
        8.044519946461829,
        6.005433098917107,
        4.526843101901386,
        3.0656820458190595,
        2.1981585309374188,
        1.912231510358596,
        1.706563727515741,
        1.6413289925173216,
        1.142697560169161,
        1.0184279553341475,
        0.8898663149658447,
        0.7628991839943489,
        0.6498808537984855,
        0.5856384589394813,
        0.3996585315025393,
        0.38378464367657344,
        0.3501216072744039,
        0.296829483240135
      ]
    },
    {
      "pattern_id": 2,
      "n_samples": 50,
      "d_eff": 9.050422255648572,
      "d_raw": 68,
      "A": 0.8669055550639916,
      "D": 0.10597884212314147,
      "K_comp": 0.592273828053192,
      "eigenspectrum": [
        12.644596679762238,
        10.557422231367958,
        8.617991320787576,
        7.671420956262539,
        5.1459534177700945,
        4.040263420869966,
        2.78187540907826,
        2.3631408837753654,
        1.9191063320811785,
        1.3064548930868027,
        1.2450107979082599,
        1.0082739366213678,
        0.825488811836694,
        0.7337758440839819,
        0.61365616065554,
        0.5590933926001979,
        0.4416032982232393,
        0.39535242860279035,
        0.2906826359270808,
        0.25702345444168684
      ]
    },
    {
      "pattern_id": 3,
      "n_samples": 50,
      "d_eff": 9.00949310559092,
      "d_raw": 68,
      "A": 0.8675074543295453,
      "D": 0.17754741246584732,
      "K_comp": 0.19007238135198146,
      "eigenspectrum": [
        13.974441416769036,
        10.032152139321145,
        7.78839858100648,
        7.123859733424294,
        5.516768828345707,
        3.0901222840476525,
        2.7902012830721783,
        2.260068002145081,
        2.0044349161735586,
        1.5831976888893968,
        1.4227674881028811,
        1.1617792745720046,
        0.8427807457974125,
        0.827786795359524,
        0.6675281153464491,
        0.5874085542292634,
        0.5116331499365684,
        0.48547808152130084,
        0.39583504640747424,
        0.32155842699128323
      ]
    },
    {
      "pattern_id": 4,
      "n_samples": 50,
      "d_eff": 8.938524124560741,
      "d_raw": 68,
      "A": 0.8685511158152832,
      "D": 0.12631662719804704,
      "K_comp": 0.16844372434142474,
      "eigenspectrum": [
        14.292617282018973,
        9.545624609428348,
        8.994226320829686,
        6.032839741170265,
        4.649769629713869,
        4.248682423913962,
        2.604198700899149,
        2.374919011268433,
        1.951793414412749,
        1.6533187464086943,
        1.2726928134885322,
        1.0333133060414124,
        0.8683545841311631,
        0.7682260289694397,
        0.6230360841856021,
        0.5636769580450764,
        0.4611374878563542,
        0.4496657862067363,
        0.4114314975355883,
        0.3549639632899974
      ]
    },
    {
      "pattern_id": 5,
      "n_samples": 50,
      "d_eff": 7.627317853058885,
      "d_raw": 68,
      "A": 0.8878335609844281,
      "D": 0.11790061398141567,
      "K_comp": 0.3083139539772055,
      "eigenspectrum": [
        15.948406324987175,
        12.130956959786651,
        8.263438422488427,
        6.060682055716212,
        4.393464773575712,
        3.872324590189278,
        2.425349835519635,
        2.0059337305031515,
        1.5481790280529013,
        1.3190354877797068,
        1.1472636293673664,
        0.8898349397211068,
        0.6991878975935246,
        0.6485240279694647,
        0.5790337386662127,
        0.5065609436738376,
        0.4372778865858112,
        0.3967895509733116,
        0.2884409404891917,
        0.2619755041785171
      ]
    },
    {
      "pattern_id": 6,
      "n_samples": 50,
      "d_eff": 6.100782911181871,
      "d_raw": 68,
      "A": 0.9102826042473254,
      "D": 0.2953531761735212,
      "K_comp": 0.26841210783019587,
      "eigenspectrum": [
        19.838075242400524,
        14.094134654194004,
        4.9087570496760495,
        4.513640800619843,
        3.885578524650936,
        2.6278765696333783,
        2.3728004266660676,
        2.045854743610077,
        1.7078747264717562,
        1.3504270486533112,
        1.21077098332481,
        0.8425171409099036,
        0.7985187641093454,
        0.5919969421453296,
        0.4920782313364331,
        0.431700929105737,
        0.4070605331133935,
        0.33551946196971594,
        0.3130171135302585,
        0.22034324224410207
      ]
    },
    {
      "pattern_id": 7,
      "n_samples": 50,
      "d_eff": 7.978135826262625,
      "d_raw": 68,
      "A": 0.8826744731431967,
      "D": 0.5945118521763211,
      "K_comp": 0.40691873148233654,
      "eigenspectrum": [
        13.93360653248249,
        11.0398459576101,
        10.710748579629586,
        6.555098859875038,
        4.667064198101519,
        4.007403598685229,
        3.372345017829529,
        2.155455212479186,
        1.4489770303716407,
        1.3087305319115987,
        1.0163302705121104,
        0.8389551442120758,
        0.6655726429285164,
        0.5027125145693069,
        0.4428698254426888,
        0.38949148322490956,
        0.3254775043110706,
        0.26333098384157455,
        0.2543842964135411,
        0.1997245552153391
      ]
    },
    {
      "pattern_id": 8,
      "n_samples": 50,
      "d_eff": 6.385838562607777,
      "d_raw": 68,
      "A": 0.906090609373415,
      "D": 0.364567220578861,
      "K_comp": 0.2249445685145123,
      "eigenspectrum": [
        22.244080201285982,
        9.795886590164505,
        7.258206355118756,
        4.02617260771746,
        3.7372445150314024,
        3.335440708699392,
        2.6168406104055575,
        2.5495635672301433,
        1.9663499970722995,
        1.4754418269372316,
        1.3308199488053152,
        1.172314618513043,
        0.9185092444130969,
        0.8284880054958166,
        0.6971180849411689,
        0.5344972640418139,
        0.4518720780943353,
        0.35592864361407395,
        0.292658019417084,
        0.27355372566056463
      ]
    },
    {
      "pattern_id": 9,
      "n_samples": 50,
      "d_eff": 7.973365873676571,
      "d_raw": 68,
      "A": 0.8827446195047564,
      "D": 0.35904859661860455,
      "K_comp": 0.15840465421068312,