{
  "metadata": {
    "snapshot_path": "/Users/jacob/fun/shape-of-experience/empirical/experiments/study_ca_affect/results/v13_s7/v13_s7/snapshots/cycle_010.npz",
    "seed": 7,
    "C": 16,
    "N": 128,
    "n_recording_steps": 50,
    "n_patterns_detected": 25,
    "n_patterns_analyzed": 20,
    "cycle": 10
  },
  "patterns": [
    {
      "pattern_id": 0,
      "n_samples": 50,
      "d_eff": 7.608308888732464,
      "d_raw": 68,
      "A": 0.8881131045774637,
      "D": 0.3147663416730684,
      "K_comp": 0.13438753933619407,
      "eigenspectrum": [
        19.291016704472348,
        7.388359595916731,
        6.523147309636748,
        4.826090755731028,
        4.083933435212471,
        3.8804893865066044,
        3.381748253124556,
        3.0589620934042827,
        2.4670271505030588,
        1.6334349350848631,
        1.4246259278529365,
        1.221371701971881,
        0.879526790019562,
        0.8645685932808598,
        0.6893909512787305,
        0.5774735285683525,
        0.49923625844962727,
        0.42795864571680625,
        0.3734221858560656,
        0.28874312835063626
      ]
    },
    {
      "pattern_id": 1,
      "n_samples": 50,
      "d_eff": 4.032960842288859,
      "d_raw": 68,
      "A": 0.9406917523192815,
      "D": 0.28550462457199,
      "K_comp": 0.11026781202204074,
      "eigenspectrum": [
        28.401491676461937,
        10.577575198517778,
        6.382639757007313,
        4.03011827692089,
        2.6404145479582395,
        1.8337748524218003,
        1.3324678245231374,
        1.127908755569722,
        1.0160753281064308,
        0.7886945148523554,
        0.6890163196092045,
        0.598553080769947,
        0.47488487243159,
        0.430514491061529,
        0.41141348790373117,
        0.3329272866834781,
        0.3232946127386841,
        0.24202038792456004,
        0.21744198624620437,
        0.19118197190394112
      ]
    },
    {
      "pattern_id": 2,
      "n_samples": 50,
      "d_eff": 9.32668111000747,
      "d_raw": 68,
      "A": 0.8628429248528313,
      "D": 0.2636455168433342,
      "K_comp": 0.5648114374133911,
      "eigenspectrum": [
        14.530634832951165,
        10.999326750963611,
        6.338731590803917,
        4.860136168629888,
        3.8692243317789767,
        3.5417335313440153,
        2.843630236385557,
        2.735940092207632,
        2.0656573624051338,
        1.9050490736354466,
        1.7389547661107922,
        1.3734916427045938,
        1.1682324710626233,
        1.0563335662225535,
        0.914382950551522,
        0.6955017841100243,
        0.5898983324880245,
        0.556381558588309,
        0.4924201220755524,
        0.43326850966370123
      ]
    },
    {
      "pattern_id": 3,
      "n_samples": 50,
      "d_eff": 9.481330065050575,
      "d_raw": 68,
      "A": 0.8605686755139621,
      "D": 0.3182778577658786,
      "K_comp": 0.7926693787431605,
      "eigenspectrum": [
        11.57485433661794,
        10.956248420623965,
        9.662098643891577,
        8.837670358452996,
        4.9156644021534674,
        3.9323077411159355,
        2.8905082010684087,
        2.301989719282753,
        1.9568402969252137,
        1.6987012612503571,
        1.4897618595326743,
        1.2049748098274486,
        0.9821790683256114,
        0.9517425153960275,
        0.7068350194077376,
        0.5665395010869904,
        0.5345961796634899,
        0.49581042523994656,
        0.3802370536975753,
        0.34502591591512505
      ]
    },
    {
      "pattern_id": 4,
      "n_samples": 50,
      "d_eff": 8.488601777226137,
      "d_raw": 68,
      "A": 0.875167620923145,
      "D": 0.08794079833568635,
      "K_comp": 0.10985954955887423,
      "eigenspectrum": [
        13.481423224674089,
        13.040916395064736,
        7.43030293564628,
        5.649751696269143,
        4.654002918228093,
        4.266684595064242,
        2.661675790147008,
        2.165816924663173,
        1.898355646784787,
        1.5636479789064053,
        1.3058180824556889,
        1.059548218455523,
        0.9117211291702598,
        0.7669475431310423,
        0.6512479338343339,
        0.5008919048065832,
        0.4529372945858189,
        0.39443742617198163,
        0.36846997056580144,
        0.34633972949154473
      ]
    },
    {
      "pattern_id": 5,
      "n_samples": 50,
      "d_eff": 7.788529137277622,
      "d_raw": 68,
      "A": 0.8854628068047409,
      "D": 0.13923138313928543,
      "K_comp": 0.549252204322683,
      "eigenspectrum": [
        18.005521792359012,
        9.348419555876806,
        6.721879996674648,
        5.6989933279421505,
        4.1616032276636,
        3.747478420047868,
        3.115892276311463,
        2.582971453903174,
        1.7676552728234196,
        1.4767731566558182,
        1.2084166304159198,
        0.9686405484071083,
        0.7874904898227448,
        0.7025879595937811,
        0.6377511034568651,
        0.5492064777028642,
        0.5042095005598424,
        0.4156407074180672,
        0.36627472114393533,
        0.3342614785744299
      ]
    },
    {
      "pattern_id": 6,
      "n_samples": 50,
      "d_eff": 8.38985691666248,
      "d_raw": 68,
      "A": 0.8766197512255518,
      "D": 0.33987318154480883,
      "K_comp": 0.04544846068872226,
      "eigenspectrum": [
        16.219012899185735,
        9.487353056761002,
        7.491573912087628,
        5.848824915410556,
        3.607119191969316,
        3.1555913071750914,
        2.887832639782186,
        2.2676217824548854,
        1.7774595066531134,
        1.6189639749620013,
        1.185702836336878,
        1.1366472558962117,
        0.9490579945869816,
        0.9011038941666771,
        0.7926030387276685,
        0.7456263283073988,
        0.6096297969015211,
        0.5390370832571743,
        0.437743232553589,
        0.3278246034268657
      ]
    },
    {
      "pattern_id": 7,
      "n_samples": 50,
      "d_eff": 7.70265236014706,
      "d_raw": 68,
      "A": 0.8867257005860727,
      "D": 0.16540367305655945,
      "K_comp": 0.32861532776238805,
      "eigenspectrum": [
        13.772452944433919,
        12.392893430800148,
        9.448595629290043,
        6.304732174623576,
        4.175815590991943,
        3.304680500784899,
        2.620932088456568,
        2.1483351083083995,
        1.5696785729320042,
        1.3286608591254845,
        1.0232058339875756,
        0.8477639706112872,
        0.6406413696158395,
        0.5045425677108715,
        0.43054464472177884,
        0.4197372444817452,
        0.3407217569171848,
        0.304077748852769,
        0.26281294918878684,
        0.2373294920431923
      ]
    },
    {
      "pattern_id": 8,
      "n_samples": 50,
      "d_eff": 9.142390383908122,
      "d_raw": 68,
      "A": 0.8655530825895864,
      "D": 0.09088214952701935,
      "K_comp": 0.095421527484765,
      "eigenspectrum": [
        13.891237673616043,
        9.218324633883483,
        8.191858194188866,
        7.126241156687923,
        5.374558855574319,
        3.925352104852963,
        2.9125761111051056,
        2.343496147634319,
        2.138806415702485,
        1.3861373127595866,
        1.2157848528700725,
        0.9974618992600677,
        0.8944843735456062,
        0.8585768286543375,
        0.7862727855083536,
        0.5774244737756129,
        0.482442632939971,
        0.4441580386808654,
        0.3486588583658473,
        0.3039117999411694
      ]
    },
    {
      "pattern_id": 9,
      "n_samples": 50,
      "d_eff": 7.893514050967365,
      "d_raw": 68,
      "A": 0.8839189110151858,
      "D": 0.14474352605754423,
      "K_comp": 0.14861085844307,