{
  "metadata": {
    "substrate": "v18",
    "seed": 42,
    "C": 16,
    "N": 128,
    "snapshot_path": "/Users/jacob/fun/shape-of-experience/empirical/experiments/study_ca_affect/results/v18_s42/snapshots/cycle_005.npz",
    "experiment": "self_model"
  },
  "n_results": 20,
  "cycle": 5,
  "results": [
    {
      "pattern_id": 2,
      "n_timesteps": 50,
      "rho_self": 0.0,
      "SM": {
        "1": -4.0988591727998624,
        "2": -7.015527212467084,
        "5": 5.807719364118995,
        "10": -131.78196666254044
      },
      "SM_capacity": 23.23087745647598,
      "SM_sal": 0.0,
      "f_self_mse": {
        "1": 36.182453206704565,
        "2": 40.77897572317178,
        "5": 55.133764640503024,
        "10": 157.55494356235198
      },
      "f_ext_mse": {
        "1": 32.0835940339047,
        "2": 33.7634485107047,
        "5": 60.94148400462202,
        "10": 25.772976899811546
      }
    },
    {
      "pattern_id": 3,
      "n_timesteps": 50,
      "rho_self": 0.3669563522377344,
      "SM": {
        "1": 109.32436076828637,
        "2": 119.4422747903748,
        "5": 28.229437856681656,
        "10": -276.6469704789833
      },
      "SM_capacity": 406.4644813916194,
      "SM_sal": Infinity,
      "f_self_mse": {
        "1": 26.53363622436212,
        "2": 56.604705799557145,
        "5": 77.35466176792781,
        "10": 310.6622924634251
      },
      "f_ext_mse": {
        "1": 135.85799699264848,
        "2": 176.04698058993193,
        "5": 105.58409962460946,
        "10": 34.01532198444179
      }
    },
    {
      "pattern_id": 5,
      "n_timesteps": 50,
      "rho_self": 0.0,
      "SM": {
        "1": 4.280462959619911,
        "2": -4.072607637666218,
        "5": -27.117029463838954,
        "10": -87.24397967093535
      },
      "SM_capacity": 2.1402314798099553,
      "SM_sal": Infinity,
      "f_self_mse": {
        "1": 10.040348974831398,
        "2": 13.910216733975938,
        "5": 47.25867592757453,
        "10": 115.02336134358875
      },
      "f_ext_mse": {
        "1": 14.320811934451308,
        "2": 9.83760909630972,
        "5": 20.141646463735576,
        "10": 27.779381672653397
      }
    },
    {
      "pattern_id": 7,
      "n_timesteps": 50,
      "rho_self": 0.0,
      "SM": {
        "1": -671.636340221708,
        "2": -391.4839016064152,
        "5": -11.442674989833677,
        "10": 34.58806521537532
      },
      "SM_capacity": 86.4701630384383,
      "SM_sal": 0.0,
      "f_self_mse": {
        "1": 727.650815703116,
        "2": 422.4745871460799,
        "5": 56.56599848217718,
        "10": 55.45120401919911
      },
      "f_ext_mse": {
        "1": 56.01447548140804,
        "2": 30.990685539664696,
        "5": 45.1233234923435,
        "10": 90.03926923457443
      }
    },
    {
      "pattern_id": 8,
      "n_timesteps": 50,
      "rho_self": 0.0,
      "SM": {
        "1": 12.843503169644638,
        "2": 8.480310293743315,
        "5": -29.022240132657245,
        "10": -1.3052763682201345
      },
      "SM_capacity": 23.382372172308948,
      "SM_sal": Infinity,
      "f_self_mse": {
        "1": 22.794514514204362,
        "2": 24.925410961582656,
        "5": 50.47373908659551,
        "10": 23.010236822642433
      },
      "f_ext_mse": {
        "1": 35.638017683849,
        "2": 33.40572125532597,
        "5": 21.451498953938263,
        "10": 21.7049604544223
      }
    },
    {
      "pattern_id": 9,
      "n_timesteps": 50,
      "rho_self": 0.0,
      "SM": {
        "1": -19.454693522299372,
        "2": -38.411388559343756,
        "5": -200.5987283151947,
        "10": -229.78197500078744
      },
      "SM_capacity": 0.0,
      "SM_sal": 0.02370681557605573,
      "f_self_mse": {
        "1": 59.514623979043826,
        "2": 87.35031868669745,
        "5": 272.6683579346195,
        "10": 292.6488463824983
      },
      "f_ext_mse": {
        "1": 40.05993045674445,
        "2": 48.93893012735369,
        "5": 72.06962961942479,
        "10": 62.86687138171082
      }
    },
    {
      "pattern_id": 14,
      "n_timesteps": 50,
      "rho_self": 0.128106303802576,
      "SM": {
        "1": 24.649992006111265,
        "2": 37.430410871369325,
        "5": 55.47207937500696,
        "10": 35.25671000896745
      },
      "SM_capacity": 397.2159102682408,
      "SM_sal": Infinity,
      "f_self_mse": {
        "1": 12.96781523560485,
        "2": 19.879464005180765,
        "5": 54.76900934731979,
        "10": 33.661218974254076
      },
      "f_ext_mse": {
        "1": 37.617807241716115,
        "2": 57.30987487655009,
        "5": 110.24108872232675,
        "10": 68.91792898322153
      }
    },
    {
      "pattern_id": 15,
      "n_timesteps": 50,
      "rho_self": 0.0,
      "SM": {
        "1": 54.72727138592215,
        "2": 38.304583684757546,
        "5": -42.334343908878765,
        "10": -71.41685402120532
      },
      "SM_capacity": 103.97280306247617,
      "SM_sal": Infinity,
      "f_self_mse": {
        "1": 25.720752568493197,
        "2": 33.493912560337975,
        "5": 138.79594274120257,
        "10": 150.44183548425244
      },
      "f_ext_mse": {
        "1": 80.44802395441535,
        "2": 71.79849624509552,
        "5": 96.4615988323238,
        "10": 79.02498146304711
      }
    },
    {
      "pattern_id": 16,
      "n_timesteps": 50,
      "rho_self": 0.0,
      "SM": {
        "1": 124.42914953459679,
        "2": 78.71270839224755,
        "5": -77.07096221839339,
        "10": -25.762051128450764
      },
      "SM_capacity": 219.6399915517935,
      "SM_sal": Infinity,
      "f_self_mse": {
        "1": 51.74781345409265,
        "2": 56.970761093240846,
        "5": 189.27332941451203,
        "10": 147.17743589113
      },
      "f_ext_mse": {
        "1": 176.17696298868944,
        "2": 135.6834694854884,
        "5": 112.20236719611864,
        "10": 121.41538476267922
      }
    },
    {
      "pattern_id": 17,
      "n_timesteps": 50,
      "rho_self": 0.0,
      "SM": {
        "1": 0.11129626808750004,
        "2": -65.09578768427053,
        "5": -309.79243881423486,
        "10": -61.22502162080673
      },
      "SM_capacity": 0.05564813404375002,
      "SM_sal": Infinity,
      "f_self_mse": {
        "1": 73.47624717417013,
        "2": 159.03027400947653,
        "5": 403.3937270922169,
        "10": 144.0278856781186
      },
      "f_ext_mse": {
        "1": 73.58754344225763,
        "2": 93.934486325206,
        "5": 93.60128827798204,
        "10": 82.80286405731187
      }
    },
    {
      "pattern_id": 18,
      "n_timesteps": 50,
      "rho_self": 0.0,
      "SM": {
        "1": -182.24183502564125,
        "2": -743.5700111211411,
        "5": -586.9151358035085,
        "10": -51326.91993999205
      },
      "SM_capacity": 0.0,
      "SM_sal": 0.0,
      "f_self_mse": {
        "1": 216.5149039722457,
        "2": 788.1154861672808,
        "5": 656.6098776740389,
        "10": 51373.341409168126
      },
      "f_ext_mse": {
        "1": 34.273068946604425,
        "2": 44.5454750461397,
        "5": 69.69474187053035,
        "10": 46.42146917607836
      }
    },
    {
      "pattern_id": 19,
      "n_timesteps": 50,
      "rho_self": 0.0,
      "SM": {
        "1": 20.753211185825805,
        "2": -10.971187554724679,
        "5": -178984.2374264695,
        "10": -71918.18071866756
      },
      "SM_capacity": 10.376605592912902,
      "SM_sal": Infinity,
      "f_self_mse": {
        "1": 47.563075437011605,
        "2": 79.54435921316033,
        "5": 179034.2592488351,
        "10": 71968.75560460243
      },
      "f_ext_mse": {
        "1": 68.31628662283741,
        "2": 68.57317165843565,
        "5": 50.02182236559282,
        "10": 50.574885934872405
      }
    },
    {
      "pattern_id": 23,
      "n_timesteps": 50,
      "rho_self": 0.0,
      "SM": {
        "1": 21.078057863780806,
        "2": -13.359751165049921,
        "5": 55.24270872752601,