{
  "metadata": {
    "substrate": "v18",
    "seed": 42,
    "C": 16,
    "N": 128,
    "snapshot_path": "/Users/jacob/fun/shape-of-experience/empirical/experiments/study_ca_affect/results/v18_s42/snapshots/cycle_020.npz",
    "experiment": "self_model"
  },
  "n_results": 20,
  "cycle": 20,
  "results": [
    {
      "pattern_id": 19,
      "n_timesteps": 50,
      "rho_self": 0.0,
      "SM": {
        "1": 92.94209168065495,
        "2": 81.83183652094917,
        "5": -9.770674201872197,
        "10": -251.9420423209309
      },
      "SM_capacity": 210.1347188822258,
      "SM_sal": Infinity,
      "f_self_mse": {
        "1": 73.74692561117556,
        "2": 69.84253127538787,
        "5": 246.22645877597657,
        "10": 432.37078980387435
      },
      "f_ext_mse": {
        "1": 166.6890172918305,
        "2": 151.67436779633704,
        "5": 236.45578457410437,
        "10": 180.42874748294344
      }
    },
    {
      "pattern_id": 44,
      "n_timesteps": 50,
      "rho_self": 0.0,
      "SM": {
        "1": -285.4612944241285,
        "2": -517.4372968084035,
        "5": -9.862256383826868,
        "10": -671.055050320157
      },
      "SM_capacity": 0.0,
      "SM_sal": 0.0,
      "f_self_mse": {
        "1": 412.76705454094565,
        "2": 625.042125183199,
        "5": 69.27878156694192,
        "10": 778.1784642973149
      },
      "f_ext_mse": {
        "1": 127.30576011681714,
        "2": 107.60482837479552,
        "5": 59.41652518311505,
        "10": 107.12341397715792
      }
    },
    {
      "pattern_id": 6,
      "n_timesteps": 49,
      "rho_self": 0.0,
      "SM": {
        "1": -13.498264331075411,
        "2": -30.82846572277773,
        "5": -67.60969075606468,
        "10": -0.38371593108391977
      },
      "SM_capacity": 0.0,
      "SM_sal": 0.0,
      "f_self_mse": {
        "1": 54.943757879034955,
        "2": 77.5560583906105,
        "5": 133.34699952948594,
        "10": 50.09755481532376
      },
      "f_ext_mse": {
        "1": 41.44549354795954,
        "2": 46.72759266783277,
        "5": 65.73730877342126,
        "10": 49.71383888423984
      }
    },
    {
      "pattern_id": 30,
      "n_timesteps": 49,
      "rho_self": 0.0,
      "SM": {
        "1": -604.4134471522354,
        "2": -174.89063905331562,
        "5": -1168.1090975929021,
        "10": -738.1460360584178
      },
      "SM_capacity": 0.0,
      "SM_sal": 0.0,
      "f_self_mse": {
        "1": 669.8623335044351,
        "2": 215.08572252440163,
        "5": 1206.813313277096,
        "10": 753.0194903071776
      },
      "f_ext_mse": {
        "1": 65.44888635219968,
        "2": 40.195083471085994,
        "5": 38.704215684193876,
        "10": 14.873454248759817
      }
    },
    {
      "pattern_id": 35,
      "n_timesteps": 49,
      "rho_self": 0.33170690025800725,
      "SM": {
        "1": 75.16191190020908,
        "2": -32.18966368859844,
        "5": 17.673068871342096,
        "10": 12.552610261652106
      },
      "SM_capacity": 139.6547570896032,
      "SM_sal": Infinity,
      "f_self_mse": {
        "1": 24.508525958599627,
        "2": 166.35643021073153,
        "5": 120.3292028546327,
        "10": 63.253034844597394
      },
      "f_ext_mse": {
        "1": 99.6704378588087,
        "2": 134.1667665221331,
        "5": 138.0022717259748,
        "10": 75.8056451062495
      }
    },
    {
      "pattern_id": 43,
      "n_timesteps": 49,
      "rho_self": 0.0,
      "SM": {
        "1": -51.49107927201209,
        "2": -103.86989397296377,
        "5": -2.007841933208981,
        "10": -1.4341086484716454
      },
      "SM_capacity": 0.0,
      "SM_sal": 0.0,
      "f_self_mse": {
        "1": 64.29086104492298,
        "2": 115.44984731716144,
        "5": 13.157755571198269,
        "10": 6.566601224467961
      },
      "f_ext_mse": {
        "1": 12.799781772910894,
        "2": 11.579953344197675,
        "5": 11.149913637989288,
        "10": 5.132492575996316
      }
    },
    {
      "pattern_id": 45,
      "n_timesteps": 49,
      "rho_self": 0.0,
      "SM": {
        "1": -1689.6831501084152,
        "2": -12461.866082289655,
        "5": -1365.7139489715858,
        "10": -16774.093838308676
      },
      "SM_capacity": 0.0,
      "SM_sal": 0.0,
      "f_self_mse": {
        "1": 1827.5854910625894,
        "2": 12588.44762680856,
        "5": 1423.0155683408816,
        "10": 16950.74289381699
      },
      "f_ext_mse": {
        "1": 137.90234095417406,
        "2": 126.5815445189049,
        "5": 57.301619369295814,
        "10": 176.64905550831367
      }
    },
    {
      "pattern_id": 4,
      "n_timesteps": 48,
      "rho_self": 0.0,
      "SM": {
        "1": -7330.4004355766965,
        "2": -3430.555027520232,
        "5": -18110.44574222036,
        "10": -9229.999843023637
      },
      "SM_capacity": 0.0,
      "SM_sal": 0.0,
      "f_self_mse": {
        "1": 7454.934414555202,
        "2": 3623.815649728025,
        "5": 18184.784881260945,
        "10": 9340.204660887504
      },
      "f_ext_mse": {
        "1": 124.53397897850607,
        "2": 193.26062220779312,
        "5": 74.3391390405856,
        "10": 110.20481786386657
      }
    },
    {
      "pattern_id": 17,
      "n_timesteps": 48,
      "rho_self": 0.0,
      "SM": {
        "1": 11.345353370998048,
        "2": 4.607559024926928,
        "5": -167369.3323806622,
        "10": -5234.293803176045
      },
      "SM_capacity": 14.88779473535288,
      "SM_sal": Infinity,
      "f_self_mse": {
        "1": 26.65989725606716,
        "2": 35.33778355898952,
        "5": 167425.95912347405,
        "10": 5242.505707326852
      },
      "f_ext_mse": {
        "1": 38.00525062706521,
        "2": 39.94534258391645,
        "5": 56.62674281185464,
        "10": 8.21190415080696
      }
    },
    {
      "pattern_id": 24,
      "n_timesteps": 48,
      "rho_self": 0.01690556163130419,
      "SM": {
        "1": -1042.1421146245661,
        "2": -1001.3259626790559,
        "5": -244651.45443268443,
        "10": -11869.84506370553
      },
      "SM_capacity": 0.0,
      "SM_sal": 0.0,
      "f_self_mse": {
        "1": 1225.3456884300817,
        "2": 1160.7299263814057,
        "5": 244849.40737117844,
        "10": 12095.034167156058
      },
      "f_ext_mse": {
        "1": 183.20357380551562,
        "2": 159.4039637023498,
        "5": 197.95293849402455,
        "10": 225.18910345052737
      }
    },
    {
      "pattern_id": 26,
      "n_timesteps": 48,
      "rho_self": 0.0,
      "SM": {
        "1": 8.061134438992038,
        "2": 24.169168988251307,
        "5": 3.5258273583718136,
        "10": -5.7616387544130845
      },
      "SM_capacity": 66.47221462948588,
      "SM_sal": Infinity,
      "f_self_mse": {
        "1": 30.554175884857518,
        "2": 41.13131215179788,
        "5": 76.33426656249644,
        "10": 91.01954946299927
      },
      "f_ext_mse": {
        "1": 38.615310323849556,
        "2": 65.30048114004919,
        "5": 79.86009392086825,
        "10": 85.25791070858618
      }
    },
    {
      "pattern_id": 27,
      "n_timesteps": 48,
      "rho_self": 0.0,
      "SM": {
        "1": -106902.01303411015,
        "2": -40984.70959371013,
        "5": -228.18920564749288,
        "10": -156.4259189822194
      },
      "SM_capacity": 0.0,
      "SM_sal": 0.0,
      "f_self_mse": {
        "1": 106951.76842971223,
        "2": 41034.36947220983,
        "5": 285.5169103705545,
        "10": 248.58730815570237
      },
      "f_ext_mse": {
        "1": 49.755395602081876,
        "2": 49.65987849969953,
        "5": 57.32770472306163,
        "10": 92.16138917348299
      }
    },
    {
      "pattern_id": 34,
      "n_timesteps": 48,
      "rho_self": 0.0,
      "SM": {
        "1": -73.47926054458372,
        "2": -250.23876689581942,
        "5": -22.358032490279093,
        "10": -10.164216577153624
      },
      "SM_capacity": 0.0,
      "SM_sal": 0.0,