{
  "metadata": {
    "substrate": "v18",
    "seed": 42,
    "C": 16,
    "N": 128,
    "snapshot_path": "/Users/jacob/fun/shape-of-experience/empirical/experiments/study_ca_affect/results/v18_s42/snapshots/cycle_000.npz",
    "experiment": "self_model"
  },
  "n_results": 20,
  "cycle": 0,
  "results": [
    {
      "pattern_id": 0,
      "n_timesteps": 50,
      "rho_self": 0.0,
      "SM": {
        "1": -42.70121830391146,
        "2": -278.91753348893275,
        "5": -144.81947939563943,
        "10": -570.4537211521987
      },
      "SM_capacity": 0.0,
      "SM_sal": 0.0,
      "f_self_mse": {
        "1": 111.30774543838467,
        "2": 323.3184240194495,
        "5": 279.3385144920808,
        "10": 702.2940014017677
      },
      "f_ext_mse": {
        "1": 68.60652713447321,
        "2": 44.40089053051674,
        "5": 134.51903509644134,
        "10": 131.84028024956902
      }
    },
    {
      "pattern_id": 1,
      "n_timesteps": 50,
      "rho_self": 0.0,
      "SM": {
        "1": 30.896012602219628,
        "2": -6.702319721205384,
        "5": -43.631249396999564,
        "10": -1287.930999905355
      },
      "SM_capacity": 15.448006301109814,
      "SM_sal": 0.0,
      "f_self_mse": {
        "1": 35.855109061817714,
        "2": 57.126975893268636,
        "5": 86.00640363759206,
        "10": 1390.493579122298
      },
      "f_ext_mse": {
        "1": 66.75112166403734,
        "2": 50.42465617206325,
        "5": 42.375154240592494,
        "10": 102.56257921694278
      }
    },
    {
      "pattern_id": 3,
      "n_timesteps": 50,
      "rho_self": 0.0,
      "SM": {
        "1": -50.611547516987,
        "2": -57.94558850949159,
        "5": -335.9147493416159,
        "10": -9.368315475343756
      },
      "SM_capacity": 0.0,
      "SM_sal": 0.0,
      "f_self_mse": {
        "1": 108.46381403020833,
        "2": 115.01213206171467,
        "5": 391.8581587722136,
        "10": 65.26377159265391
      },
      "f_ext_mse": {
        "1": 57.85226651322132,
        "2": 57.066543552223074,
        "5": 55.94340943059768,
        "10": 55.895456117310154
      }
    },
    {
      "pattern_id": 4,
      "n_timesteps": 50,
      "rho_self": 0.4493379458390021,
      "SM": {
        "1": 5.3293249728426915,
        "2": -21.339812397178715,
        "5": -29.034593263422913,
        "10": -28.562397523748505
      },
      "SM_capacity": 2.6646624864213457,
      "SM_sal": Infinity,
      "f_self_mse": {
        "1": 33.7873154844085,
        "2": 51.0378121329626,
        "5": 45.90176864999866,
        "10": 40.1385797985851
      },
      "f_ext_mse": {
        "1": 39.116640457251194,
        "2": 29.697999735783885,
        "5": 16.867175386575745,
        "10": 11.576182274836594
      }
    },
    {
      "pattern_id": 5,
      "n_timesteps": 50,
      "rho_self": 0.0,
      "SM": {
        "1": 58.19286550797605,
        "2": -169.54036161892984,
        "5": -627.4169832540804,
        "10": -273.50831979542545
      },
      "SM_capacity": 29.096432753988026,
      "SM_sal": Infinity,
      "f_self_mse": {
        "1": 65.24686253080114,
        "2": 309.4628628004278,
        "5": 814.9313968751201,
        "10": 400.65216142405825
      },
      "f_ext_mse": {
        "1": 123.43972803877719,
        "2": 139.92250118149795,
        "5": 187.51441362103964,
        "10": 127.14384162863283
      }
    },
    {
      "pattern_id": 6,
      "n_timesteps": 50,
      "rho_self": 0.0,
      "SM": {
        "1": 8.611631296915476,
        "2": -34.14243995260597,
        "5": -61.85375431887017,
        "10": -589.215145710971
      },
      "SM_capacity": 4.305815648457738,
      "SM_sal": 0.0,
      "f_self_mse": {
        "1": 151.49911259943755,
        "2": 164.9851897782821,
        "5": 177.71511197389455,
        "10": 668.8933846897775
      },
      "f_ext_mse": {
        "1": 160.11074389635303,
        "2": 130.84274982567612,
        "5": 115.86135765502438,
        "10": 79.67823897880649
      }
    },
    {
      "pattern_id": 8,
      "n_timesteps": 50,
      "rho_self": 0.13377425950360133,
      "SM": {
        "1": -2.036926658384374,
        "2": -0.9910462971608167,
        "5": -2.9877394688964323,
        "10": -1.0286386965626653
      },
      "SM_capacity": 0.0,
      "SM_sal": 0.0,
      "f_self_mse": {
        "1": 7.611549789210349,
        "2": 6.48089577144908,
        "5": 8.467720462702655,
        "10": 5.382259311089177
      },
      "f_ext_mse": {
        "1": 5.574623130825975,
        "2": 5.489849474288263,
        "5": 5.4799809938062225,
        "10": 4.353620614526512
      }
    },
    {
      "pattern_id": 9,
      "n_timesteps": 50,
      "rho_self": 0.0,
      "SM": {
        "1": 61.73683458543596,
        "2": 46.55222275948209,
        "5": 45.42995497166518,
        "10": -54.641252482914055
      },
      "SM_capacity": 305.6926826983429,
      "SM_sal": Infinity,
      "f_self_mse": {
        "1": 25.742968020811446,
        "2": 21.63291552522635,
        "5": 38.49454298193663,
        "10": 107.12633030894271
      },
      "f_ext_mse": {
        "1": 87.4798026062474,
        "2": 68.18513828470844,
        "5": 83.92449795360181,
        "10": 52.48507782602866
      }
    },
    {
      "pattern_id": 10,
      "n_timesteps": 50,
      "rho_self": 0.0,
      "SM": {
        "1": -24.09857379238045,
        "2": -26.01926368391123,
        "5": -108.83960735329465,
        "10": -29192.51706171649
      },
      "SM_capacity": 0.0,
      "SM_sal": 0.0,
      "f_self_mse": {
        "1": 46.256943589251,
        "2": 47.885955078346285,
        "5": 121.3412541813586,
        "10": 29207.447140533222
      },
      "f_ext_mse": {
        "1": 22.158369796870552,
        "2": 21.866691394435055,
        "5": 12.501646828063942,
        "10": 14.930078816729537
      }
    },
    {
      "pattern_id": 11,
      "n_timesteps": 50,
      "rho_self": 0.2949214631720667,
      "SM": {
        "1": -4.500621886478541,
        "2": -75.95063290637786,
        "5": -65.50703367635823,
        "10": -2.4254952922911954
      },
      "SM_capacity": 0.0,
      "SM_sal": 0.0,
      "f_self_mse": {
        "1": 71.52662828661009,
        "2": 137.2585890886004,
        "5": 134.11925582145997,
        "10": 51.90625453548351
      },
      "f_ext_mse": {
        "1": 67.02600640013155,
        "2": 61.307956182222526,
        "5": 68.61222214510174,
        "10": 49.48075924319232
      }
    },
    {
      "pattern_id": 13,
      "n_timesteps": 50,
      "rho_self": 0.0,
      "SM": {
        "1": -1781.1007439902155,
        "2": -4538.896113591422,
        "5": -4361.973151982419,
        "10": -3132.0572041131477
      },
      "SM_capacity": 0.0,
      "SM_sal": 0.0,
      "f_self_mse": {
        "1": 1852.7175289326478,
        "2": 4644.100984714177,
        "5": 4473.451198006732,
        "10": 3287.588285199524
      },
      "f_ext_mse": {
        "1": 71.61678494243242,
        "2": 105.20487112275407,
        "5": 111.47804602431265,
        "10": 155.53108108637636
      }
    },
    {
      "pattern_id": 15,
      "n_timesteps": 50,
      "rho_self": 0.0,
      "SM": {
        "1": -11.772929095723455,
        "2": -63.71735075065439,
        "5": -24.172608301869545,
        "10": -211.28881276655665
      },
      "SM_capacity": 0.0,
      "SM_sal": 0.0,
      "f_self_mse": {
        "1": 67.8872739972594,
        "2": 101.95035555525746,
        "5": 70.5098582773634,
        "10": 247.80457547588844
      },
      "f_ext_mse": {
        "1": 56.114344901535944,
        "2": 38.23300480460307,
        "5": 46.33724997549386,
        "10": 36.51576270933179
      }
    },
    {
      "pattern_id": 16,
      "n_timesteps": 50,
      "rho_self": 0.0,
      "SM": {
        "1": 71.27523799274591,
        "2": 49.21744473363321,
        "5": -11.956939728156705,
        "10": -159.24724761424847
      },
      "SM_capacity": 134.07250846363937,