{
  "metadata": {
    "substrate": "v18",
    "seed": 42,
    "C": 16,
    "N": 128,
    "snapshot_path": "/Users/jacob/fun/shape-of-experience/empirical/experiments/study_ca_affect/results/v18_s42/snapshots/cycle_025.npz",
    "experiment": "self_model"
  },
  "n_results": 2,
  "cycle": 25,
  "results": [
    {
      "pattern_id": 0,
      "n_timesteps": 49,
      "rho_self": 0.0,
      "SM": {
        "1": 2.049371592136707,
        "2": 0.6295774184045779,
        "5": 0.44248177472263817,
        "10": -0.6333907690898561
      },
      "SM_capacity": 4.053767731768062,
      "SM_sal": Infinity,
      "f_self_mse": {
        "1": 1.050803504338718,
        "2": 1.3809513239675497,
        "5": 1.1081913679758926,
        "10": 2.2177975896774624
      },
      "f_ext_mse": {
        "1": 3.100175096475425,
        "2": 2.0105287423721276,
        "5": 1.5506731426985307,
        "10": 1.5844068205876063
      }
    },
    {
      "pattern_id": 1,
      "n_timesteps": 49,
      "rho_self": 0.0,
      "SM": {
        "1": 0.9175538011184461,
        "2": 4.527587443050956,
        "5": -2.1674177921826896,
        "10": -1.919666496929901
      },
      "SM_capacity": 9.513951786661135,
      "SM_sal": Infinity,
      "f_self_mse": {
        "1": 10.851136665059887,
        "2": 6.385061529628693,
        "5": 15.703282656977654,
        "10": 8.048832388296233
      },
      "f_ext_mse": {
        "1": 11.768690466178333,
        "2": 10.91264897267965,
        "5": 13.535864864794965,
        "10": 6.129165891366332
      }
    }
  ]
}