{
  "metadata": {
    "substrate": "v18",
    "seed": 42,
    "C": 16,
    "N": 128,
    "snapshot_path": "/Users/jacob/fun/shape-of-experience/empirical/experiments/study_ca_affect/results/v18_s42/snapshots/cycle_029.npz",
    "experiment": "self_model"
  },
  "n_results": 20,
  "cycle": 29,
  "results": [
    {
      "pattern_id": 2,
      "n_timesteps": 50,
      "rho_self": 0.0,
      "SM": {
        "1": 0.6850774863791234,
        "2": -28.77729078303654,
        "5": -2.982127656150247,
        "10": -3.4689283768636123
      },
      "SM_capacity": 0.3425387431895617,
      "SM_sal": Infinity,
      "f_self_mse": {
        "1": 11.574773994069304,
        "2": 38.60326489389466,
        "5": 51.713290159708,
        "10": 22.839919767545503
      },
      "f_ext_mse": {
        "1": 12.259851480448427,
        "2": 9.825974110858118,
        "5": 48.731162503557755,
        "10": 19.37099139068189
      }
    },
    {
      "pattern_id": 6,
      "n_timesteps": 50,
      "rho_self": 0.0,
      "SM": {
        "1": 690.1972729272937,
        "2": 437.21888805065385,
        "5": 857.078181276059,
        "10": 2951.731349301205
      },
      "SM_capacity": 12027.177510922204,
      "SM_sal": 0.008242962413744715,
      "f_self_mse": {
        "1": 470.9635605767213,
        "2": 367.85298992786704,
        "5": 209.20850938832632,
        "10": 11.556331785142968
      },
      "f_ext_mse": {
        "1": 1161.160833504015,
        "2": 805.0718779785209,
        "5": 1066.2866906643853,
        "10": 2963.2876810863477
      }
    },
    {
      "pattern_id": 11,
      "n_timesteps": 50,
      "rho_self": 0.0,
      "SM": {
        "1": -82.68531669741127,
        "2": 30.714080220451642,
        "5": -171.048906340354,
        "10": -830.9482201167646
      },
      "SM_capacity": 61.428160440903284,
      "SM_sal": 0.0,
      "f_self_mse": {
        "1": 129.45936587890247,
        "2": 29.66631089109662,
        "5": 220.7538619162805,
        "10": 865.0349688479051
      },
      "f_ext_mse": {
        "1": 46.77404918149121,
        "2": 60.38039111154826,
        "5": 49.70495557592651,
        "10": 34.086748731140574
      }
    },
    {
      "pattern_id": 15,
      "n_timesteps": 50,
      "rho_self": 0.0,
      "SM": {
        "1": -7.14115252833588,
        "2": 6.551308478030091,
        "5": 3.864988097858493,
        "10": -13.091158013240758
      },
      "SM_capacity": 28.562569347494154,
      "SM_sal": 0.0,
      "f_self_mse": {
        "1": 42.85126549520764,
        "2": 28.878504604927752,
        "5": 31.076782704299838,
        "10": 51.994714641835586
      },
      "f_ext_mse": {
        "1": 35.71011296687176,
        "2": 35.42981308295784,
        "5": 34.94177080215833,
        "10": 38.90355662859483
      }
    },
    {
      "pattern_id": 20,
      "n_timesteps": 50,
      "rho_self": 0.0,
      "SM": {
        "1": 2.6854229577134827,
        "2": 2.6842627457768837,
        "5": 2.1465677229220974,
        "10": 1.5011244516198392
      },
      "SM_capacity": 19.050318991148494,
      "SM_sal": Infinity,
      "f_self_mse": {
        "1": 3.2999113962712983,
        "2": 1.9883717968585066,
        "5": 1.444711667955434,
        "10": 0.7544501347548077
      },
      "f_ext_mse": {
        "1": 5.985334353984781,
        "2": 4.67263454263539,
        "5": 3.5912793908775313,
        "10": 2.255574586374647
      }
    },
    {
      "pattern_id": 21,
      "n_timesteps": 50,
      "rho_self": 0.3896378346728866,
      "SM": {
        "1": 5.608716770929133,
        "2": 5.933025163429359,
        "5": 0.828941636524477,
        "10": -10.946909097203113
      },
      "SM_capacity": 17.98617525842119,
      "SM_sal": Infinity,
      "f_self_mse": {
        "1": 1.1375350096621912,
        "2": 1.1557246912327763,
        "5": 1.1776302769893316,
        "10": 13.839494017784151
      },
      "f_ext_mse": {
        "1": 6.746251780591325,
        "2": 7.088749854662135,
        "5": 2.0065719135138087,
        "10": 2.892584920581038
      }
    },
    {
      "pattern_id": 23,
      "n_timesteps": 50,
      "rho_self": 0.0,
      "SM": {
        "1": -0.07975493521683852,
        "2": -69.87964700573846,
        "5": -315.6755891858973,
        "10": -763.3377105561616
      },
      "SM_capacity": 0.0,
      "SM_sal": 0.0,
      "f_self_mse": {
        "1": 13.387353733928084,
        "2": 92.38436543116995,
        "5": 335.816493113051,
        "10": 796.8714507472607
      },
      "f_ext_mse": {
        "1": 13.307598798711245,
        "2": 22.504718425431495,
        "5": 20.140903927153733,
        "10": 33.53374019109915
      }
    },
    {
      "pattern_id": 27,
      "n_timesteps": 50,
      "rho_self": 0.0,
      "SM": {
        "1": -63.08262692213357,
        "2": -3.799808520767,
        "5": -11.17775068439228,
        "10": -1.6958184568293149
      },
      "SM_capacity": 0.0,
      "SM_sal": 0.0,
      "f_self_mse": {
        "1": 82.60366078661856,
        "2": 10.24969583327876,
        "5": 60.92508111741538,
        "10": 15.3849503573216
      },
      "f_ext_mse": {
        "1": 19.521033864484995,
        "2": 6.449887312511761,
        "5": 49.7473304330231,
        "10": 13.689131900492285
      }
    },
    {
      "pattern_id": 28,
      "n_timesteps": 50,
      "rho_self": 0.0,
      "SM": {
        "1": 8.609249618658009,
        "2": 5.056789964635994,
        "5": 2.877548723296853,
        "10": 0.8547922210914964
      },
      "SM_capacity": 28.065380184517146,
      "SM_sal": Infinity,
      "f_self_mse": {
        "1": 1.1255315804987869,
        "2": 0.9996795068902051,
        "5": 0.8425076889802913,
        "10": 0.7157094820070109
      },
      "f_ext_mse": {
        "1": 9.734781199156796,
        "2": 6.056469471526199,
        "5": 3.7200564122771445,
        "10": 1.5705017030985073
      }
    },
    {
      "pattern_id": 29,
      "n_timesteps": 50,
      "rho_self": 0.0,
      "SM": {
        "1": -11.954193573180994,
        "2": -30.17068122083027,
        "5": 0.705959938537351,
        "10": -19.34128305978954
      },
      "SM_capacity": 2.823839754149404,
      "SM_sal": 0.0,
      "f_self_mse": {
        "1": 28.506649250452192,
        "2": 46.73428241775615,
        "5": 12.812814622164657,
        "10": 21.550309044454146
      },
      "f_ext_mse": {
        "1": 16.552455677271197,
        "2": 16.563601196925877,
        "5": 13.518774560702008,
        "10": 2.2090259846646076
      }
    },
    {
      "pattern_id": 38,
      "n_timesteps": 50,
      "rho_self": 0.0,
      "SM": {
        "1": 18.858850066711298,
        "2": 13.846549540088901,
        "5": -3.5837960800046176,
        "10": 7.516695403451493
      },
      "SM_capacity": 55.914262622162184,
      "SM_sal": 1.4759431250557977,
      "f_self_mse": {
        "1": 23.125576276525486,
        "2": 33.38489571431966,
        "5": 55.00439649773102,
        "10": 52.67976327332286
      },
      "f_ext_mse": {
        "1": 41.984426343236784,
        "2": 47.23144525440856,
        "5": 51.420600417726405,
        "10": 60.196458676774355
      }
    },
    {
      "pattern_id": 39,
      "n_timesteps": 50,
      "rho_self": 0.5380508634582453,
      "SM": {
        "1": 14.070840800663706,
        "2": 10.08412101463739,
        "5": 8.557655208748344,
        "10": -4.284256047317321
      },
      "SM_capacity": 61.434283264600005,
      "SM_sal": Infinity,
      "f_self_mse": {
        "1": 3.881407471997907,
        "2": 1.8473635836852338,
        "5": 1.0384336838223553,
        "10": 7.329673813178358
      },
      "f_ext_mse": {
        "1": 17.952248272661613,
        "2": 11.931484598322623,
        "5": 9.596088892570698,
        "10": 3.0454177658610377
      }
    },
    {
      "pattern_id": 42,
      "n_timesteps": 50,
      "rho_self": 0.0,
      "SM": {
        "1": -283.21522925548544,
        "2": 3.0073537256276186,
        "5": 12.13665086542069,