{
  "metadata": {
    "substrate": "v18",
    "seed": 42,
    "C": 16,
    "N": 128,
    "snapshot_path": "/Users/jacob/fun/shape-of-experience/empirical/experiments/study_ca_affect/results/v18_s42/snapshots/cycle_010.npz",
    "experiment": "self_model"
  },
  "n_results": 20,
  "cycle": 10,
  "results": [
    {
      "pattern_id": 3,
      "n_timesteps": 50,
      "rho_self": 0.0,
      "SM": {
        "1": -2517.493852654966,
        "2": -5312.961047750658,
        "5": -711.5600229975478,
        "10": -40.5256965036333
      },
      "SM_capacity": 0.0,
      "SM_sal": 0.0,
      "f_self_mse": {
        "1": 2585.300274216591,
        "2": 5375.772113923744,
        "5": 797.6040190029519,
        "10": 125.05271466845336
      },
      "f_ext_mse": {
        "1": 67.80642156162486,
        "2": 62.81106617308603,
        "5": 86.04399600540413,
        "10": 84.52701816482006
      }
    },
    {
      "pattern_id": 5,
      "n_timesteps": 50,
      "rho_self": 0.0,
      "SM": {
        "1": -27.12253585593305,
        "2": -854.5922959968141,
        "5": -5648.023577177386,
        "10": -74.57434883716991
      },
      "SM_capacity": 0.0,
      "SM_sal": Infinity,
      "f_self_mse": {
        "1": 264.5997541477867,
        "2": 1126.0061105272903,
        "5": 5859.95923659668,
        "10": 293.48761758634305
      },
      "f_ext_mse": {
        "1": 237.47721829185366,
        "2": 271.4138145304762,
        "5": 211.93565941929396,
        "10": 218.91326874917314
      }
    },
    {
      "pattern_id": 9,
      "n_timesteps": 50,
      "rho_self": 0.0,
      "SM": {
        "1": 53.657112583278405,
        "2": 73.02747795445465,
        "5": -60.33412937721735,
        "10": 90.33046249514858
      },
      "SM_capacity": 398.70966843841995,
      "SM_sal": Infinity,
      "f_self_mse": {
        "1": 89.17947000161595,
        "2": 104.21202808684329,
        "5": 217.5069206965296,
        "10": 82.38349584252067
      },
      "f_ext_mse": {
        "1": 142.83658258489436,
        "2": 177.23950604129794,
        "5": 157.17279131931224,
        "10": 172.71395833766925
      }
    },
    {
      "pattern_id": 12,
      "n_timesteps": 50,
      "rho_self": 0.0,
      "SM": {
        "1": -314.2533737077348,
        "2": -69.09546198338153,
        "5": -119.42410040301868,
        "10": -329.8203728712633
      },
      "SM_capacity": 0.0,
      "SM_sal": 0.0,
      "f_self_mse": {
        "1": 356.07174781970866,
        "2": 134.72510047266465,
        "5": 190.50269735797337,
        "10": 415.7364516996362
      },
      "f_ext_mse": {
        "1": 41.81837411197385,
        "2": 65.62963848928312,
        "5": 71.07859695495469,
        "10": 85.91607882837289
      }
    },
    {
      "pattern_id": 13,
      "n_timesteps": 50,
      "rho_self": 0.015791624692158474,
      "SM": {
        "1": -907.6116930972217,
        "2": -1337.2643263325172,
        "5": 17.153927972340583,
        "10": 1.302123764328556
      },
      "SM_capacity": 71.87102130018371,
      "SM_sal": 0.0,
      "f_self_mse": {
        "1": 956.5772635827491,
        "2": 1408.0750865344335,
        "5": 31.473564175708795,
        "10": 16.90593792588603
      },
      "f_ext_mse": {
        "1": 48.965570485527344,
        "2": 70.8107602019163,
        "5": 48.62749214804938,
        "10": 18.208061690214585
      }
    },
    {
      "pattern_id": 19,
      "n_timesteps": 50,
      "rho_self": 0.2791395833460121,
      "SM": {
        "1": 21.72121356001722,
        "2": 13.261689598859208,
        "5": -6.850814345075019,
        "10": -38.956887211548356
      },
      "SM_capacity": 37.38398597772702,
      "SM_sal": 0.004705242436136905,
      "f_self_mse": {
        "1": 8.689490915080787,
        "2": 12.371528276589592,
        "5": 26.119787890414038,
        "10": 56.19923406351205
      },
      "f_ext_mse": {
        "1": 30.410704475098008,
        "2": 25.6332178754488,
        "5": 19.26897354533902,
        "10": 17.242346851963696
      }
    },
    {
      "pattern_id": 22,
      "n_timesteps": 50,
      "rho_self": 0.0,
      "SM": {
        "1": -88.55265958404834,
        "2": -122.92785766458248,
        "5": -169.42753972645403,
        "10": 3.697109686789105
      },
      "SM_capacity": 9.242774216972762,
      "SM_sal": Infinity,
      "f_self_mse": {
        "1": 219.6565689286988,
        "2": 249.6343616994719,
        "5": 264.6906327477552,
        "10": 106.57945949753761
      },
      "f_ext_mse": {
        "1": 131.10390934465045,
        "2": 126.70650403488942,
        "5": 95.2630930213012,
        "10": 110.27656918432672
      }
    },
    {
      "pattern_id": 27,
      "n_timesteps": 50,
      "rho_self": 0.0,
      "SM": {
        "1": -1015.3821472665427,
        "2": -2101.1523550298275,
        "5": -87.30121771103143,
        "10": -407.6955463734478
      },
      "SM_capacity": 0.0,
      "SM_sal": 0.0,
      "f_self_mse": {
        "1": 1085.307999074836,
        "2": 2181.7520265185876,
        "5": 221.50634431792588,
        "10": 520.5494100041874
      },
      "f_ext_mse": {
        "1": 69.92585180829334,
        "2": 80.59967148876017,
        "5": 134.20512660689445,
        "10": 112.85386363073955
      }
    },
    {
      "pattern_id": 28,
      "n_timesteps": 50,
      "rho_self": 0.0,
      "SM": {
        "1": 8.570162469658065,
        "2": -11.120561360145551,
        "5": 13.349460033413912,
        "10": -1678.6321891233329
      },
      "SM_capacity": 57.682921368484685,
      "SM_sal": Infinity,
      "f_self_mse": {
        "1": 15.19692737996013,
        "2": 28.63049661825483,
        "5": 13.27999524546146,
        "10": 1696.2418278837783
      },
      "f_ext_mse": {
        "1": 23.767089849618195,
        "2": 17.50993525810928,
        "5": 26.629455278875373,
        "10": 17.609638760445545
      }
    },
    {
      "pattern_id": 29,
      "n_timesteps": 50,
      "rho_self": 0.0,
      "SM": {
        "1": -994.9017766428548,
        "2": -98.67093517977796,
        "5": -155.32930200333192,
        "10": -1775.1197466062347
      },
      "SM_capacity": 0.0,
      "SM_sal": 0.0,
      "f_self_mse": {
        "1": 1069.7105487972783,
        "2": 208.07084524508258,
        "5": 286.3680530165264,
        "10": 1963.5272696019997
      },
      "f_ext_mse": {
        "1": 74.80877215442358,
        "2": 109.39991006530462,
        "5": 131.03875101319449,
        "10": 188.40752299576505
      }
    },
    {
      "pattern_id": 32,
      "n_timesteps": 50,
      "rho_self": 0.0,
      "SM": {
        "1": -62.81133693432106,
        "2": -26.919741716806683,
        "5": -104.56374390002475,
        "10": -78.66905752858415
      },
      "SM_capacity": 0.0,
      "SM_sal": Infinity,
      "f_self_mse": {
        "1": 129.846571936004,
        "2": 132.12580835744728,
        "5": 151.77559876406332,
        "10": 124.8004381266456
      },
      "f_ext_mse": {
        "1": 67.03523500168295,
        "2": 105.2060666406406,
        "5": 47.21185486403857,
        "10": 46.13138059806145
      }
    },
    {
      "pattern_id": 33,
      "n_timesteps": 50,
      "rho_self": 0.0,
      "SM": {
        "1": 87.16514562161706,
        "2": 10.081567128947022,
        "5": -4.534274022079785,
        "10": -21.67852081711273
      },
      "SM_capacity": 63.74570706870257,
      "SM_sal": Infinity,
      "f_self_mse": {
        "1": 27.23476843031512,
        "2": 63.62348970724761,
        "5": 54.23846196883786,
        "10": 47.51044046083394
      },
      "f_ext_mse": {
        "1": 114.39991405193219,
        "2": 73.70505683619463,
        "5": 49.704187946758076,
        "10": 25.83191964372121
      }
    },
    {
      "pattern_id": 0,
      "n_timesteps": 49,
      "rho_self": 0.24210098702748029,
      "SM": {
        "1": -409.5656979572206,
        "2": -340.78174625379927,
        "5": -253.65504709994926,
        "10": -59.96885869342569
      },