{
  "metadata": {
    "snapshot_path": "/Users/jacob/fun/shape-of-experience/empirical/experiments/study_ca_affect/results/v13_s123/v13_s123/snapshots/cycle_010.npz",
    "seed": 123,
    "C": 16,
    "N": 128,
    "n_recording_steps": 50,
    "substrate_steps_per_record": 10,
    "tau_values": [
      1,
      2,
      5,
      10,
      20
    ],
    "n_patterns_detected": 5,
    "n_patterns_analyzed": 5,
    "cycle": 10,
    "elapsed_s": 4.288588047027588
  },
  "patterns": [
    {
      "pattern_id": 0,
      "n_samples": 50,
      "W": {
        "1": 0.0,
        "2": 0.0,
        "5": 0.0,
        "10": 0.0,
        "20": 0.0
      },
      "mse_full": {
        "1": 0.0043077359917034295,
        "2": 0.002962985947855537,
        "5": 0.0007503418652021899,
        "10": 0.0012260368812927777,
        "20": 0.0014013772694990766
      },
      "mse_env": {
        "1": 0.0006035153075970368,
        "2": 0.0004078089926792895,
        "5": 0.0004144336721958239,
        "10": 0.0004415573522378412,
        "20": 0.00032611951161595683
      },
      "H_wm": 0.0,
      "C_wm": 0.0,
      "lifetime": 50
    },
    {
      "pattern_id": 1,
      "n_samples": 50,
      "W": {
        "1": 0.0,
        "2": 0.0,
        "5": 1.2670854148982445e-05,
        "10": 0.0,
        "20": 0.0
      },
      "mse_full": {
        "1": 0.0009910044755905886,
        "2": 0.0009392281647064073,
        "5": 0.0007517630054938709,
        "10": 0.0008406419728587105,
        "20": 0.0008318367495227382
      },
      "mse_env": {
        "1": 0.000983561660134765,
        "2": 0.0006514756119461135,
        "5": 0.0007644338596428533,
        "10": 0.0007384206477994153,
        "20": 0.0007191712346235531
      },
      "H_wm": 5.0,
      "C_wm": 5.068341659592978e-05,
      "lifetime": 50
    },
    {
      "pattern_id": 2,
      "n_samples": 50,
      "W": {
        "1": 0.0,
        "2": 0.0,
        "5": 0.0,
        "10": 0.0,
        "20": 0.0
      },
      "mse_full": {
        "1": 0.029538254248859565,
        "2": 0.02260261873599711,
        "5": 0.016429708504934002,
        "10": 0.026949610818753474,
        "20": 0.014322660310071001
      },
      "mse_env": {
        "1": 0.0006555473734338044,
        "2": 0.0005446204722350612,
        "5": 0.0002886879790423522,
        "10": 0.00034281996778365135,
        "20": 0.0005724127264003357
      },
      "H_wm": 0.0,
      "C_wm": 0.0,
      "lifetime": 50
    },
    {
      "pattern_id": 3,
      "n_samples": 50,
      "W": {
        "1": 0.0,
        "2": 9.705957114201468e-05,
        "5": 0.0,
        "10": 0.0,
        "20": 0.0
      },
      "mse_full": {
        "1": 0.0011140889759771405,
        "2": 0.0005312795459710682,
        "5": 0.0016689801941046968,
        "10": 0.0009595572415716433,
        "20": 0.0013431262102202004
      },
      "mse_env": {
        "1": 0.0006382607009721886,
        "2": 0.0006283391171130829,
        "5": 0.000637224851713111,
        "10": 0.0009088521171598963,
        "20": 0.0004857587584669065
      },
      "H_wm": 2.0,
      "C_wm": 0.00019411914228402937,
      "lifetime": 50
    },
    {
      "pattern_id": 4,
      "n_samples": 50,
      "W": {
        "1": 0.0,
        "2": 0.0,
        "5": 0.0,
        "10": 0.0,
        "20": 0.0
      },
      "mse_full": {
        "1": 0.0036647238132910564,
        "2": 0.005596369284828589,
        "5": 0.0035524885494361723,
        "10": 0.005630708359124426,
        "20": 0.002108850462020047
      },
      "mse_env": {
        "1": 0.0009272006419948477,
        "2": 0.0008511977240222981,
        "5": 0.0007906155961625832,
        "10": 0.0006767876718171157,
        "20": 0.0007790796808131792
      },
      "H_wm": 0.0,
      "C_wm": 0.0,
      "lifetime": 50
    }
  ],
  "summary": {
    "mean_C_wm": 4.896051177599183e-05,
    "max_C_wm": 0.00019411914228402937,
    "mean_H_wm": 1.4,
    "n_with_world_model": 2,
    "frac_with_world_model": 0.4,
    "mean_W_by_tau": {
      "1": 0.0,
      "2": 1.9411914228402937e-05,
      "5": 2.534170829796489e-06,
      "10": 0.0,
      "20": 0.0
    }
  },
  "cycle": 10
}