{
  "metadata": {
    "snapshot_path": "/Users/jacob/fun/shape-of-experience/empirical/experiments/study_ca_affect/results/v13_s123/v13_s123/snapshots/cycle_015.npz",
    "seed": 123,
    "C": 16,
    "N": 128,
    "n_recording_steps": 50,
    "substrate_steps_per_record": 10,
    "tau_values": [
      1,
      2,
      5,
      10,
      20
    ],
    "n_patterns_detected": 6,
    "n_patterns_analyzed": 6,
    "cycle": 15,
    "elapsed_s": 5.616453170776367
  },
  "patterns": [
    {
      "pattern_id": 0,
      "n_samples": 50,
      "W": {
        "1": 0.0,
        "2": 0.0,
        "5": 0.0,
        "10": 0.0,
        "20": 0.0
      },
      "mse_full": {
        "1": 0.005331501063197012,
        "2": 0.005319413560754568,
        "5": 0.002688329903714183,
        "10": 0.007532086222809047,
        "20": 0.003231314544385519
      },
      "mse_env": {
        "1": 0.0013555903566848141,
        "2": 0.0012374271010153958,
        "5": 0.0005209870651251111,
        "10": 0.001072994443083473,
        "20": 0.0011104931748528433
      },
      "H_wm": 0.0,
      "C_wm": 0.0,
      "lifetime": 50
    },
    {
      "pattern_id": 1,
      "n_samples": 50,
      "W": {
        "1": 0.0,
        "2": 0.0,
        "5": 0.0,
        "10": 0.0,
        "20": 0.0
      },
      "mse_full": {
        "1": 0.0008868575899667107,
        "2": 0.0005667612395548902,
        "5": 0.000669443216416714,
        "10": 0.0005513084892947229,
        "20": 0.0005643650597848494
      },
      "mse_env": {
        "1": 0.000756345604061907,
        "2": 0.0005626771693131701,
        "5": 0.0004923516140990442,
        "10": 0.0003506240431931751,
        "20": 0.00040341575030045497
      },
      "H_wm": 0.0,
      "C_wm": 0.0,
      "lifetime": 50
    },
    {
      "pattern_id": 2,
      "n_samples": 50,
      "W": {
        "1": 0.0002446102290872735,
        "2": 0.00019375987835656863,
        "5": 0.00013739854969870263,
        "10": 0.0002581035215299867,
        "20": 5.5864921365204515e-05
      },
      "mse_full": {
        "1": 0.0005742793743494204,
        "2": 0.0004872081847066787,
        "5": 0.00023919575456143681,
        "10": 0.00045845674740789424,
        "20": 0.00016901741638850675
      },
      "mse_env": {
        "1": 0.0008188896034366939,
        "2": 0.0006809680630632473,
        "5": 0.00037659430426013944,
        "10": 0.000716560268937881,
        "20": 0.00022488233775371126
      },
      "H_wm": 20.0,
      "C_wm": 0.003274520088352507,
      "lifetime": 50
    },
    {
      "pattern_id": 3,
      "n_samples": 50,
      "W": {
        "1": 0.0,
        "2": 0.0,
        "5": 0.0,
        "10": 0.0,
        "20": 0.0
      },
      "mse_full": {
        "1": 0.0023014417164277665,
        "2": 0.0017143178269966239,
        "5": 0.0021260293785243197,
        "10": 0.0028954812938377086,
        "20": 0.0020259183152095696
      },
      "mse_env": {
        "1": 0.0013519777702922374,
        "2": 0.00107177220137852,
        "5": 0.0008153563906028889,
        "10": 0.00132969233597135,
        "20": 0.0008878598809173565
      },
      "H_wm": 0.0,
      "C_wm": 0.0,
      "lifetime": 50
    },
    {
      "pattern_id": 4,
      "n_samples": 50,
      "W": {
        "1": 0.0,
        "2": 0.0,
        "5": 0.0,
        "10": 8.172260528916124e-05,
        "20": 4.467333831063749e-05
      },
      "mse_full": {
        "1": 0.0005293814110374532,
        "2": 0.0004840185761747771,
        "5": 0.0006562950943888592,
        "10": 0.0004260673964038719,
        "20": 0.0005540180434461575
      },
      "mse_env": {
        "1": 0.0004960224755825055,
        "2": 0.0003884032896870962,
        "5": 0.000613943627754006,
        "10": 0.0005077900016930331,
        "20": 0.000598691381756795
      },
      "H_wm": 20.0,
      "C_wm": 0.0008362862312218968,
      "lifetime": 50
    },
    {
      "pattern_id": 5,
      "n_samples": 50,
      "W": {
        "1": 7.178598103616701e-05,
        "2": 9.919217192441937e-05,
        "5": 0.0002058381862564796,
        "10": 0.00011167577719724557,
        "20": 1.4685439168723834e-05
      },
      "mse_full": {
        "1": 0.0006376976913323736,
        "2": 0.00032452241488087634,
        "5": 0.00030989374049369685,
        "10": 0.0002613022047909586,
        "20": 0.00023779909489054897
      },
      "mse_env": {
        "1": 0.0007094836723685406,
        "2": 0.0004237145868052957,
        "5": 0.0005157319267501764,
        "10": 0.00037297798198820416,
        "20": 0.0002524845340592728
      },
      "H_wm": 20.0,
      "C_wm": 0.001968625604215802,
      "lifetime": 50
    }
  ],
  "summary": {
    "mean_C_wm": 0.0010132386539650343,
    "max_C_wm": 0.003274520088352507,
    "mean_H_wm": 10.0,
    "n_with_world_model": 3,
    "frac_with_world_model": 0.5,
    "mean_W_by_tau": {
      "1": 5.273270168724008e-05,
      "2": 4.8825341713498e-05,
      "5": 5.7206122659197036e-05,
      "10": 7.525031733606559e-05,
      "20": 1.920394980742764e-05
    }
  },
  "cycle": 15
}