{
  "metadata": {
    "snapshot_path": "/Users/jacob/fun/shape-of-experience/empirical/experiments/study_ca_affect/results/v13_s123/v13_s123/snapshots/cycle_020.npz",
    "seed": 123,
    "C": 16,
    "N": 128,
    "n_recording_steps": 50,
    "substrate_steps_per_record": 10,
    "tau_values": [
      1,
      2,
      5,
      10,
      20
    ],
    "n_patterns_detected": 3,
    "n_patterns_analyzed": 3,
    "cycle": 20,
    "elapsed_s": 3.4631810188293457
  },
  "patterns": [
    {
      "pattern_id": 0,
      "n_samples": 50,
      "W": {
        "1": 3.425958294683471e-05,
        "2": 0.0,
        "5": 8.859959506148397e-05,
        "10": 0.0001746588842196772,
        "20": 0.0
      },
      "mse_full": {
        "1": 0.0005146793136432047,
        "2": 0.00041150915313844074,
        "5": 0.00021585089979772693,
        "10": 0.0003884388900981575,
        "20": 0.00039973329456081605
      },
      "mse_env": {
        "1": 0.0005489388965900394,
        "2": 0.0003616025603088589,
        "5": 0.0003044504948592109,
        "10": 0.0005630977743178347,
        "20": 0.00034983537230144797
      },
      "H_wm": 10.0,
      "C_wm": 0.0016814698033669321,
      "lifetime": 50
    },
    {
      "pattern_id": 1,
      "n_samples": 50,
      "W": {
        "1": 0.0,
        "2": 0.0,
        "5": 3.7207786260616115e-05,
        "10": 0.00014107009343679688,
        "20": 5.03399146149247e-05
      },
      "mse_full": {
        "1": 0.00037536016269691566,
        "2": 0.00046657796870788434,
        "5": 0.00037981009454658525,
        "10": 0.00022117688875581302,
        "20": 0.00038863392761303607
      },
      "mse_env": {
        "1": 0.0003532371076458156,
        "2": 0.00044796793460998496,
        "5": 0.00041701788080720137,
        "10": 0.0003622469821926099,
        "20": 0.00043897384222796077
      },
      "H_wm": 20.0,
      "C_wm": 0.0014585564188930645,
      "lifetime": 50
    },
    {
      "pattern_id": 2,
      "n_samples": 50,
      "W": {
        "1": 0.0,
        "2": 4.086797376011344e-05,
        "5": 0.0,
        "10": 0.0,
        "20": 2.4510528269463622e-05
      },
      "mse_full": {
        "1": 0.0003923968755728412,
        "2": 0.0002498980452171075,
        "5": 0.00022958910331766797,
        "10": 0.00017899925984226635,
        "20": 0.00018498070946220676
      },
      "mse_env": {
        "1": 0.0003758322214827001,
        "2": 0.0002907660189772209,
        "5": 0.0002173581088597346,
        "10": 0.00015466291077712713,
        "20": 0.00020949123773167039
      },
      "H_wm": 20.0,
      "C_wm": 0.00020428858886754498,
      "lifetime": 50
    }
  ],
  "summary": {
    "mean_C_wm": 0.0011147716037091806,
    "max_C_wm": 0.0016814698033669321,
    "mean_H_wm": 16.666666666666668,
    "n_with_world_model": 3,
    "frac_with_world_model": 1.0,
    "mean_W_by_tau": {
      "1": 1.1419860982278237e-05,
      "2": 1.3622657920037812e-05,
      "5": 4.1935793774033364e-05,
      "10": 0.00010524299255215801,
      "20": 2.495014762812944e-05
    }
  },
  "cycle": 20
}