{
  "metadata": {
    "snapshot_path": "/Users/jacob/fun/shape-of-experience/empirical/experiments/study_ca_affect/results/v13_s123/v13_s123/snapshots/cycle_005.npz",
    "seed": 123,
    "C": 16,
    "N": 128,
    "n_recording_steps": 50,
    "substrate_steps_per_record": 10,
    "tau_values": [
      1,
      2,
      5,
      10,
      20
    ],
    "n_patterns_detected": 18,
    "n_patterns_analyzed": 18,
    "cycle": 5,
    "elapsed_s": 5.08219313621521
  },
  "patterns": [
    {
      "pattern_id": 0,
      "n_samples": 50,
      "W": {
        "1": 0.0,
        "2": 0.0,
        "5": 0.0,
        "10": 0.0,
        "20": 0.0
      },
      "mse_full": {
        "1": 0.00414823210568495,
        "2": 0.003685448102594575,
        "5": 0.00142154186465067,
        "10": 0.002836614893039691,
        "20": 0.0015033659077227767
      },
      "mse_env": {
        "1": 0.0007531410880228323,
        "2": 0.0007140969160308044,
        "5": 0.0005903076482491338,
        "10": 0.0005850818354535371,
        "20": 0.0005505496730568386
      },
      "H_wm": 0.0,
      "C_wm": 0.0,
      "lifetime": 50
    },
    {
      "pattern_id": 1,
      "n_samples": 50,
      "W": {
        "1": 0.0,
        "2": 0.0,
        "5": 0.0,
        "10": 0.0,
        "20": 0.0
      },
      "mse_full": {
        "1": 0.002318541187880602,
        "2": 0.001758826118405767,
        "5": 0.004187049618329857,
        "10": 0.0027544037871936058,
        "20": 0.0032969161038836252
      },
      "mse_env": {
        "1": 0.0005185379542453554,
        "2": 0.0006161237842812856,
        "5": 0.0012752726716595338,
        "10": 0.0007045599596295709,
        "20": 0.0009374590339022874
      },
      "H_wm": 0.0,
      "C_wm": 0.0,
      "lifetime": 50
    },
    {
      "pattern_id": 2,
      "n_samples": 50,
      "W": {
        "1": 0.0,
        "2": 0.0,
        "5": 0.0,
        "10": 0.0,
        "20": 0.0
      },
      "mse_full": {
        "1": 0.005290894956131712,
        "2": 0.00825566537283966,
        "5": 0.022691336997200547,
        "10": 0.009429751522776118,
        "20": 0.020856188543262284
      },
      "mse_env": {
        "1": 0.0005985118616561324,
        "2": 0.0006198461123350426,
        "5": 0.0006251964293969935,
        "10": 0.00056176245162697,
        "20": 0.000616240707716694
      },
      "H_wm": 0.0,
      "C_wm": 0.0,
      "lifetime": 50
    },
    {
      "pattern_id": 3,
      "n_samples": 50,
      "W": {
        "1": 0.0,
        "2": 0.0,
        "5": 0.0,
        "10": 0.0,
        "20": 2.518606890378357e-05
      },
      "mse_full": {
        "1": 0.0005316331898234428,
        "2": 0.000488960139545461,
        "5": 0.0005849258107098941,
        "10": 0.0005813506607552476,
        "20": 0.000300535438556002
      },
      "mse_env": {
        "1": 0.00047747922733519293,
        "2": 0.0004834903946563344,
        "5": 0.0005455092254619349,
        "10": 0.0004830705460963574,
        "20": 0.00032572150745978557
      },
      "H_wm": 20.0,
      "C_wm": 0.00012593034451891785,
      "lifetime": 50
    },
    {
      "pattern_id": 4,
      "n_samples": 50,
      "W": {
        "1": 0.00011481718725462773,
        "2": 0.0001579671001985451,
        "5": 0.00010956796509245325,
        "10": 0.0,
        "20": 0.0
      },
      "mse_full": {
        "1": 0.0003358576304637301,
        "2": 0.00038320747383748633,
        "5": 0.00039971485536591825,
        "10": 0.0007920546573612694,
        "20": 0.0004636219980053621
      },
      "mse_env": {
        "1": 0.00045067481771835784,
        "2": 0.0005411745740360314,
        "5": 0.0005092828204583715,
        "10": 0.0006131708855011797,
        "20": 0.0003861824042551098
      },
      "H_wm": 5.0,
      "C_wm": 0.0008116146543942171,
      "lifetime": 50
    },
    {
      "pattern_id": 5,
      "n_samples": 50,
      "W": {
        "1": 0.0,
        "2": 0.0,
        "5": 0.0,
        "10": 0.0,
        "20": 0.0
      },
      "mse_full": {
        "1": 0.02504027393282851,
        "2": 0.015047393411621115,
        "5": 0.042357617242175835,
        "10": 0.07285076812784036,
        "20": 0.024796672090444758
      },
      "mse_env": {
        "1": 0.00040517488973217314,
        "2": 0.0003704963827170237,
        "5": 0.0004911015960429013,
        "10": 0.0004618344631810335,
        "20": 0.0006029408219141324
      },
      "H_wm": 0.0,
      "C_wm": 0.0,
      "lifetime": 50
    },
    {
      "pattern_id": 6,
      "n_samples": 50,
      "W": {
        "1": 0.0,
        "2": 0.0,
        "5": 0.0,
        "10": 0.0,
        "20": 0.0
      },
      "mse_full": {
        "1": 0.0064038246168943175,
        "2": 0.006093234410382976,
        "5": 0.0013221094093862362,
        "10": 0.00853539100878396,
        "20": 0.003772527349551485
      },
      "mse_env": {
        "1": 0.0007965668500727833,
        "2": 0.000774658323896932,
        "5": 0.00037170004192367426,
        "10": 0.0006757821377001161,
        "20": 0.0007405060474332678
      },
      "H_wm": 0.0,
      "C_wm": 0.0,
      "lifetime": 50
    },
    {
      "pattern_id": 7,
      "n_samples": 50,
      "W": {
        "1": 0.0,
        "2": 0.0,
        "5": 0.0,
        "10": 0.0,
        "20": 0.0
      },
      "mse_full": {
        "1": 1.7124265201429971,
        "2": 0.533325031754529,
        "5": 1.7589715796427305,
        "10": 2.5970872854474836,
        "20": 2.7057630415970007
      },
      "mse_env": {
        "1": 0.0011681014264318752,
        "2": 0.0009710364237883594,
        "5": 0.0008584727904739108,
        "10": 0.0007475127367137851,
        "20": 0.0007585329636833457
      },
      "H_wm": 0.0,
      "C_wm": 0.0,
      "lifetime": 50
    },
    {
      "pattern_id": 8,
      "n_samples": 50,
      "W": {
        "1": 0.0,
        "2": 0.0,
        "5": 7.983881069046771e-05,
        "10": 5.139650293602686e-05,
        "20": 2.5411256387856832e-05
      },
      "mse_full": {
        "1": 0.0004756058571142565,
        "2": 0.00042913851577307667,
        "5": 0.00029686622668015795,
        "10": 0.0003259524677988418,
        "20": 0.0002245190856216644
      },
      "mse_env": {
        "1": 0.0004726901769364387,
        "2": 0.00040371271916133484,
        "5": 0.00037670503737062566,
        "10": 0.00037734897073486863,
        "20": 0.0002499303420095212
      },
      "H_wm": 20.0,
      "C_wm": 0.0008318852967213563,
      "lifetime": 50
    },
    {
      "pattern_id": 9,
      "n_samples": 50,
      "W": {
        "1": 0.0,
        "2": 0.0,
        "5": 0.0,
        "10": 0.0,
        "20": 0.0
      },
      "mse_full": {
        "1": 0.007760384215959537,
        "2": 0.005091117091572307,
        "5": 0.010108976822876306,
        "10": 0.006571735905365408,
        "20": 0.0035916708947672177
      },
      "mse_env": {
        "1": 0.0005816315502239128,
        "2": 0.0006646975991692506,
        "5": 0.0004129769965404061,
        "10": 0.00032842825824734893,
        "20": 0.0002505352410618774
      },
      "H_wm": 0.0,
      "C_wm": 0.0,
      "lifetime": 50
    },
    {
      "pattern_id": 10,
      "n_samples": 50,
      "W": {
        "1": 0.0,
        "2": 0.0,
        "5": 1.4653885628316936e-05,
        "10": 0.0,
        "20": 0.0
      },
      "mse_full": {
        "1": 0.00037481629551324027,
        "2": 0.00039678411675679446,
        "5": 0.0004570808822816152,
        "10": 0.0004379796922672697,
        "20": 0.000326088468387875
      },
      "mse_env": {
        "1": 0.0003196144955262303,
        "2": 0.000388982752022293,
        "5": 0.0004717347679099321,
        "10": 0.0004206463255904534,
        "20": 0.00023386519299218377
      },
      "H_wm": 5.0,
      "C_wm": 5.861554251326774e-05,
      "lifetime": 50
    },
    {
      "pattern_id": 11,
      "n_samples": 50,
      "W": {
        "1": 0.0,
        "2": 0.0,
        "5": 0.0,
        "10": 0.0,
        "20": 0.0
      },