{
  "metadata": {
    "snapshot_path": "/Users/jacob/fun/shape-of-experience/empirical/experiments/study_ca_affect/results/v13_s123/v13_s123/snapshots/cycle_029.npz",
    "seed": 123,
    "C": 16,
    "N": 128,
    "n_recording_steps": 50,
    "substrate_steps_per_record": 10,
    "tau_values": [
      1,
      2,
      5,
      10,
      20
    ],
    "n_patterns_detected": 1,
    "n_patterns_analyzed": 1,
    "cycle": 29,
    "elapsed_s": 3.019571304321289
  },
  "patterns": [
    {
      "pattern_id": 0,
      "n_samples": 50,
      "W": {
        "1": 0.0014263497427684751,
        "2": 0.0015151844610893689,
        "5": 0.0013739513306419528,
        "10": 0.0013797380001031737,
        "20": 0.0017157711320643497
      },
      "mse_full": {
        "1": 0.0012031265933873454,
        "2": 0.0011672525917766693,
        "5": 0.0011908989679340033,
        "10": 0.0005909711303275458,
        "20": 0.0009513221547498296
      },
      "mse_env": {
        "1": 0.0026294763361558206,
        "2": 0.002682437052866038,
        "5": 0.002564850298575956,
        "10": 0.0019707091304307194,
        "20": 0.0026670932868141793
      },
      "H_wm": 20.0,
      "C_wm": 0.028166239777226335,
      "lifetime": 50
    }
  ],
  "summary": {
    "mean_C_wm": 0.028166239777226335,
    "max_C_wm": 0.028166239777226335,
    "mean_H_wm": 20.0,
    "n_with_world_model": 1,
    "frac_with_world_model": 1.0,
    "mean_W_by_tau": {
      "1": 0.0014263497427684751,
      "2": 0.0015151844610893689,
      "5": 0.0013739513306419528,
      "10": 0.0013797380001031737,
      "20": 0.0017157711320643497
    }
  },
  "cycle": 29
}