{
  "metadata": {
    "snapshot_path": "/Users/jacob/fun/shape-of-experience/empirical/experiments/study_ca_affect/results/v13_s123/v13_s123/snapshots/cycle_000.npz",
    "seed": 123,
    "C": 16,
    "N": 128,
    "n_recording_steps": 50,
    "substrate_steps_per_record": 10,
    "tau_values": [
      1,
      2,
      5,
      10,
      20
    ],
    "n_patterns_detected": 5,
    "n_patterns_analyzed": 5,
    "cycle": 0,
    "elapsed_s": 9.005389213562012
  },
  "patterns": [
    {
      "pattern_id": 0,
      "n_samples": 50,
      "W": {
        "1": 1.6967722365452992e-05,
        "2": 0.0,
        "5": 0.0,
        "10": 0.0,
        "20": 0.0
      },
      "mse_full": {
        "1": 0.0003463171473762945,
        "2": 0.00021668404889637385,
        "5": 0.0005169485086143338,
        "10": 0.00020336929022509727,
        "20": 0.0003082144786100547
      },
      "mse_env": {
        "1": 0.0003632848697417475,
        "2": 0.00014872536252496556,
        "5": 0.00019476080763149427,
        "10": 0.00013432485953449508,
        "20": 0.0001420612996789367
      },
      "H_wm": 1.0,
      "C_wm": 8.483861182726496e-06,
      "lifetime": 50
    },
    {
      "pattern_id": 1,
      "n_samples": 50,
      "W": {
        "1": 0.0,
        "2": 0.0,
        "5": 0.0,
        "10": 0.0,
        "20": 0.0
      },
      "mse_full": {
        "1": 0.00443008646953749,
        "2": 0.0039997484644488865,
        "5": 0.002539124334429381,
        "10": 0.0038044122396764767,
        "20": 0.0033875620684737833
      },
      "mse_env": {
        "1": 0.0006324308875297766,
        "2": 0.0005203722164590245,
        "5": 0.00044294140742220223,
        "10": 0.0003037779317791799,
        "20": 0.00027845471622179165
      },
      "H_wm": 0.0,
      "C_wm": 0.0,
      "lifetime": 50
    },
    {
      "pattern_id": 2,
      "n_samples": 50,
      "W": {
        "1": 0.0002433424569846538,
        "2": 0.00022482865690725748,
        "5": 0.0,
        "10": 0.0001773361171102997,
        "20": 5.189039507659337e-05
      },
      "mse_full": {
        "1": 0.0013165515088430799,
        "2": 0.0008672907556210469,
        "5": 0.0008307484334761375,
        "10": 0.0007087970828439825,
        "20": 0.0006514309000074141
      },
      "mse_env": {
        "1": 0.0015598939658277337,
        "2": 0.0010921194125283044,
        "5": 0.0008180518828006676,
        "10": 0.0008861331999542822,
        "20": 0.0007033212950840075
      },
      "H_wm": 20.0,
      "C_wm": 0.0021608013960170563,
      "lifetime": 50
    },
    {
      "pattern_id": 3,
      "n_samples": 50,
      "W": {
        "1": 0.0,
        "2": 0.0,
        "5": 0.0,
        "10": 0.0,
        "20": 0.0
      },
      "mse_full": {
        "1": 0.004707715959338174,
        "2": 0.003327307193123641,
        "5": 0.003064979477682493,
        "10": 0.0022978504612093504,
        "20": 0.003603696014173535
      },
      "mse_env": {
        "1": 0.0016284386676786572,
        "2": 0.0017402599177136953,
        "5": 0.001258879156769312,
        "10": 0.0016097379804185512,
        "20": 0.0011018894461555105
      },
      "H_wm": 0.0,
      "C_wm": 0.0,
      "lifetime": 50
    },
    {
      "pattern_id": 4,
      "n_samples": 50,
      "W": {
        "1": 0.0,
        "2": 0.0,
        "5": 0.0,
        "10": 0.0,
        "20": 0.0
      },
      "mse_full": {
        "1": 728.3378061479594,
        "2": 496.20863865588205,
        "5": 124.91934796543225,
        "10": 276.64596432427413,
        "20": 134.6908079738833
      },
      "mse_env": {
        "1": 0.0005039940237048841,
        "2": 0.000433670161684456,
        "5": 0.00034291112174123764,
        "10": 0.0002786713122647484,
        "20": 0.0002584590744690603
      },
      "H_wm": 0.0,
      "C_wm": 0.0,
      "lifetime": 50
    }
  ],
  "summary": {
    "mean_C_wm": 0.0004338570514399565,
    "max_C_wm": 0.0021608013960170563,
    "mean_H_wm": 4.2,
    "n_with_world_model": 2,
    "frac_with_world_model": 0.4,
    "mean_W_by_tau": {
      "1": 5.206203587002136e-05,
      "2": 4.4965731381451496e-05,
      "5": 0.0,
      "10": 3.546722342205994e-05,
      "20": 1.0378079015318673e-05
    }
  },
  "cycle": 0
}