{
  "metadata": {
    "snapshot_path": "/Users/jacob/fun/shape-of-experience/empirical/experiments/study_ca_affect/results/v13_s123/v13_s123/snapshots/cycle_025.npz",
    "seed": 123,
    "C": 16,
    "N": 128,
    "n_recording_steps": 50,
    "substrate_steps_per_record": 10,
    "tau_values": [
      1,
      2,
      5,
      10,
      20
    ],
    "n_patterns_detected": 26,
    "n_patterns_analyzed": 20,
    "cycle": 25,
    "elapsed_s": 5.581493854522705
  },
  "patterns": [
    {
      "pattern_id": 0,
      "n_samples": 50,
      "W": {
        "1": 0.0,
        "2": 0.0,
        "5": 0.0,
        "10": 0.0,
        "20": 0.0
      },
      "mse_full": {
        "1": 0.00031483294717846394,
        "2": 0.00035984759274897355,
        "5": 0.000559507388016085,
        "10": 0.0005686823211391572,
        "20": 0.0002701954553406093
      },
      "mse_env": {
        "1": 0.0002913145639792668,
        "2": 0.00021179065247590973,
        "5": 0.0003271293345931209,
        "10": 0.0003026743384769536,
        "20": 0.0001473886096644139
      },
      "H_wm": 0.0,
      "C_wm": 0.0,
      "lifetime": 50
    },
    {
      "pattern_id": 1,
      "n_samples": 50,
      "W": {
        "1": 0.0,
        "2": 0.0,
        "5": 0.0,
        "10": 0.0,
        "20": 0.0
      },
      "mse_full": {
        "1": 0.17228936351152332,
        "2": 0.2529806009692456,
        "5": 0.10934545143369385,
        "10": 0.5383131904723787,
        "20": 0.1418585583104502
      },
      "mse_env": {
        "1": 0.0002699135258104598,
        "2": 0.0002142410200078937,
        "5": 0.00017603650606233979,
        "10": 0.00032323570903532834,
        "20": 0.00030277878394191065
      },
      "H_wm": 0.0,
      "C_wm": 0.0,
      "lifetime": 50
    },
    {
      "pattern_id": 2,
      "n_samples": 50,
      "W": {
        "1": 0.0006378201846649709,
        "2": 0.0006428848261259503,
        "5": 0.0006341700871644486,
        "10": 0.00021140612325407874,
        "20": 0.0004128825409967693
      },
      "mse_full": {
        "1": 0.00032800247888161707,
        "2": 0.0002694243709312949,
        "5": 0.0003778887566634549,
        "10": 0.000370999378602113,
        "20": 0.0003282320274198348
      },
      "mse_env": {
        "1": 0.000965822663546588,
        "2": 0.0009123091970572452,
        "5": 0.0010120588438279035,
        "10": 0.0005824055018561917,
        "20": 0.0007411145684166041
      },
      "H_wm": 20.0,
      "C_wm": 0.007791318722631618,
      "lifetime": 50
    },
    {
      "pattern_id": 3,
      "n_samples": 50,
      "W": {
        "1": 0.0,
        "2": 0.0,
        "5": 0.0,
        "10": 0.0,
        "20": 0.0
      },
      "mse_full": {
        "1": 0.000905547679836273,
        "2": 0.0009545134939423633,
        "5": 0.0004198492946675382,
        "10": 0.0006115368776477045,
        "20": 0.0008686785598724961
      },
      "mse_env": {
        "1": 0.0005456604521280684,
        "2": 0.000542705541625309,
        "5": 0.0002542352114261593,
        "10": 0.0005680507371827327,
        "20": 0.0004940997344048056
      },
      "H_wm": 0.0,
      "C_wm": 0.0,
      "lifetime": 50
    },
    {
      "pattern_id": 4,
      "n_samples": 50,
      "W": {
        "1": 0.0001547204247206308,
        "2": 8.800127708108411e-05,
        "5": 1.1713292636530081e-05,
        "10": 0.0001044867467624869,
        "20": 4.0525882927390484e-05
      },
      "mse_full": {
        "1": 0.00018181212347962995,
        "2": 0.00013405302501540378,
        "5": 0.00022908346627695687,
        "10": 0.00024088489024835558,
        "20": 0.00016153919057429225
      },
      "mse_env": {
        "1": 0.00033653254820026075,
        "2": 0.0002220543020964879,
        "5": 0.00024079675891348695,
        "10": 0.0003453716370108425,
        "20": 0.00020206507350168274
      },
      "H_wm": 20.0,
      "C_wm": 0.001286495952424208,
      "lifetime": 50
    },
    {
      "pattern_id": 5,
      "n_samples": 50,
      "W": {
        "1": 0.00010092249230386123,
        "2": 9.795759366255566e-05,
        "5": 1.5327369852874005e-05,
        "10": 0.0,
        "20": 0.0
      },
      "mse_full": {
        "1": 0.00018838293966256755,
        "2": 0.00020454721575515709,
        "5": 0.00022607208331738008,
        "10": 0.00018170301647451142,
        "20": 0.00022875643422118138
      },
      "mse_env": {
        "1": 0.0002893054319664288,
        "2": 0.00030250480941771275,
        "5": 0.00024139945317025409,
        "10": 0.00012555668733691766,
        "20": 0.00016868704713704323
      },
      "H_wm": 5.0,
      "C_wm": 0.00030768591288853796,
      "lifetime": 50
    },
    {
      "pattern_id": 6,
      "n_samples": 50,
      "W": {
        "1": 0.0,
        "2": 0.0,
        "5": 0.0,
        "10": 0.0,
        "20": 0.0
      },
      "mse_full": {
        "1": 0.0005613945757800287,
        "2": 0.0005840129367437914,
        "5": 0.0007813319890837167,
        "10": 0.0005111879862908346,
        "20": 0.0006003673823748167
      },
      "mse_env": {
        "1": 0.0003820992945407228,
        "2": 0.0003998649973417207,
        "5": 0.0007601717758201984,
        "10": 0.0003073430143931452,
        "20": 0.00044682058607934327
      },
      "H_wm": 0.0,
      "C_wm": 0.0,
      "lifetime": 50
    },
    {
      "pattern_id": 7,
      "n_samples": 50,
      "W": {
        "1": 0.0,
        "2": 0.0,
        "5": 0.0,
        "10": 0.0,
        "20": 0.0
      },
      "mse_full": {
        "1": 0.0016654637964275572,
        "2": 0.0017126411375304666,
        "5": 0.0039008471142245975,
        "10": 0.0017695421336354233,
        "20": 0.002394202712363966
      },
      "mse_env": {
        "1": 0.00035223965472734587,
        "2": 0.00023041296304698432,
        "5": 0.00021481133318912763,
        "10": 0.00016528931925941496,
        "20": 0.00033613487240347604
      },
      "H_wm": 0.0,
      "C_wm": 0.0,
      "lifetime": 50
    },
    {
      "pattern_id": 8,
      "n_samples": 50,
      "W": {
        "1": 2.210885448983822e-06,
        "2": 0.0,
        "5": 3.1579840404969984e-05,
        "10": 0.0,
        "20": 0.0
      },
      "mse_full": {
        "1": 0.0002561713390326813,
        "2": 0.00022732441749354955,
        "5": 0.00018715969043861308,
        "10": 0.00021961524178094874,
        "20": 0.0003416199312314689
      },
      "mse_env": {
        "1": 0.0002583822244816651,
        "2": 0.00021186381637671874,
        "5": 0.00021873953084358306,
        "10": 0.00021759905080035702,
        "20": 0.00023541076144114738
      },
      "H_wm": 5.0,
      "C_wm": 0.00012742480434437185,
      "lifetime": 50
    },
    {
      "pattern_id": 9,
      "n_samples": 50,
      "W": {
        "1": 0.0,
        "2": 0.0,
        "5": 0.0,
        "10": 0.0,
        "20": 4.1177962170794796e-05
      },
      "mse_full": {
        "1": 0.0006320083777581566,
        "2": 0.0006238744520631485,
        "5": 0.000515077151744024,
        "10": 0.0003895125417332154,
        "20": 0.00028701047120342315
      },
      "mse_env": {
        "1": 0.0005124900429153645,
        "2": 0.0005022446715500626,
        "5": 0.00038154299144855066,
        "10": 0.00030657439242062935,
        "20": 0.00032818843337421795
      },
      "H_wm": 20.0,
      "C_wm": 0.00020588981085397398,
      "lifetime": 50
    },
    {
      "pattern_id": 10,
      "n_samples": 50,
      "W": {
        "1": 6.388919796653626e-05,
        "2": 3.836097901266752e-05,
        "5": 6.209723766860344e-05,
        "10": 0.0,
        "20": 3.3428206671699834e-05
      },
      "mse_full": {
        "1": 0.0003563725462603541,
        "2": 0.0003847797825203823,
        "5": 0.00024056945923353336,
        "10": 0.0005050368957071232,
        "20": 0.0004458419033961311
      },
      "mse_env": {
        "1": 0.00042026174422689035,
        "2": 0.0004231407615330498,
        "5": 0.0003026666969021368,