{
  "metadata": {
    "substrate": "v18",
    "seed": 42,
    "C": 16,
    "N": 128,
    "snapshot_path": "/Users/jacob/fun/shape-of-experience/empirical/experiments/study_ca_affect/results/v18_s42/snapshots/cycle_010.npz",
    "experiment": "affect_geometry"
  },
  "n_results": 1,
  "cycle": 10,
  "results": [
    {
      "n_patterns": 20,
      "rsa_rho": -0.08497946436772562,
      "rsa_p": 0.2437190576027012,
      "space_A": [
        [
          0.02785303154770209,
          15.373457908630371,
          0.13353797379407883,
          1.5300251590589744,
          0.9741762243211269,
          -0.43100744216622566
        ],
        [
          0.015833533540063977,
          7.242490291595459,
          0.2002973370263067,
          1.9393134899124351,
          0.9991104640066624,
          -0.1492358498371047
        ],
        [
          0.011734290998809191,
          14.781147956848145,
          0.38277050918141786,
          1.971123786625446,
          0.9831740725785494,
          -0.3732843507973882
        ],
        [
          0.042071021333032727,
          11.805950164794922,
          0.04451641871176404,
          1.2217733935876847,
          0.998769759084098,
          -0.31724921817769747
        ],
        [
          0.028592411352663626,
          7.668198585510254,
          0.036110233604050856,
          1.1862484538450369,
          0.9865673901513219,
          -0.16705325351542433
        ],
        [
          0.026060620132757693,
          12.29707145690918,
          0.09642337353779273,
          1.3882815818091099,
          0.9990061566932127,
          -0.15939992691538318
        ],
        [
          0.01012664911698322,
          6.939164638519287,
          0.02158591235990015,
          1.12231350188574,
          0.9386998452246189,
          -0.05542707426922122
        ],
        [
          0.02486311659520986,
          13.570840835571289,
          0.051637772458578035,
          1.2352607011758139,
          0.9759868606925011,
          -0.08734415879416702
        ],
        [
          0.0014444176031618702,
          12.427785873413086,
          0.3809758404474791,
          1.9881731983041084,
          0.9833661392331123,
          -0.1741593882253598
        ],
        [
          0.028703962053571428,
          6.9925947189331055,
          0.09753918152350316,
          1.4322222783455774,
          0.9527849704027176,
          -0.25677484908384596
        ],
        [
          0.024967738560267856,
          12.184215545654297,
          0.2492054235923996,
          2.121046099203896,
          0.9730886239558458,
          -0.01720856008160121
        ],
        [
          0.028180370728174847,
          7.416943073272705,
          0.4028529424713351,
          2.458388254704729,
          0.9763685166835785,
          -0.13495976255828168
        ],
        [
          0.025835871696472168,
          9.05606460571289,
          0.02958325551242813,
          1.1735120009252689,
          0.9992166712763719,
          -0.1770714216264866
        ],
        [
          0.025842179854710896,
          8.32650375366211,
          0.3098607634560039,
          2.4096294396431226,
          0.9897569846361876,
          -0.0652377178688539
        ],
        [
          0.04361595710118612,
          9.3043212890625,
          0.12555119680474525,
          1.5482762540143873,
          0.9937393865548074,
          -0.05885167376410683
        ],
        [
          -0.011737694342931112,
          11.74406909942627,
          0.2958123700380141,
          2.3413983569293664,
          0.9879389554262161,
          -0.042916648635264454
        ],
        [
          0.03655556837717692,
          10.067218780517578,
          0.2547949687833051,
          2.1312815507744096,
          0.9958394994027913,
          -0.019349648465054603
        ],
        [
          0.006714304288228353,
          9.281765937805176,
          0.05468988443748746,
          1.2551093134310207,
          0.9983442149823532,
          -0.16637019670275965
        ],
        [
          0.01859399676322937,
          12.686860084533691,
          0.4348837870879556,
          2.1754127267207597,
          0.9989411380374804,
          -0.023142354580852342
        ],
        [
          0.021558990081151325,
          7.251106262207031,
          0.13980798525195348,
          1.7035551317156237,
          0.9741333574056625,
          -0.031214716772572926
        ]
      ],
      "space_C": [
        [
          0.003031693696975708,
          6.014706452680965,
          -0.4090909090909091,
          0.050893546315599496
        ],
        [
          -0.008385542631149292,
          5.110011744811526,
          -0.9713165497317375,
          0.1054855078686699
        ],
        [
          0.00042183101177215574,
          3.034597205237824,
          0.4479166666666667,
          0.4687705521228663
        ],
        [
          0.0036343640089035035,
          4.361531946138045,
          7.684210526315789,
          0.2312835851974598
        ],
        [
          0.005254218056797981,
          4.193722610898385,
          0.24193548387096775,
          0.18574044702856243
        ],
        [
          0.012523971498012543,
          4.114663805854961,
          42.48,
          0.3699828167163158
        ],
        [
          0.010557190775871276,
          3.709409896646494,
          3.1052631578947367,
          0.18307626140777525
        ],
        [
          0.0014042887091636658,
          4.6160737569317565,
          0.8421052631578947,
          0.21269667865786682
        ],
        [
          -0.0029278236627578737,
          5.565646306704708,
          -0.7611940298507462,
          0.13124807001414454
        ],
        [
          -0.007042711675167084,
          3.9528559743474294,
          -0.7480314960629921,
          0.09959123255325113
        ],
        [
          0.003372507095336914,
          8.24571532634543,
          -0.3561643835616438,
          0.08023300903889731
        ],
        [
          0.008728200075577716,
          6.1081641390581005,
          -0.738359201773836,
          0.08844871389275195
        ],
        [
          0.002927478478879345,
          5.5163900094815705,
          0.5238095238095238,
          0.35565182173917104
        ],
        [
          0.0038964480769877533,
          6.485075156757541,
          -0.91,
          0.06686473020430318
        ],
        [
          0.0010646494979761085,
          4.270501413037684,
          -0.288135593220339,
          0.24321958674653357
        ],
        [
          0.006932358352505431,
          4.7537356748878565,
          6.0625,
          0.32676513923498424
        ],
        [
          0.006440116434681172,
          5.6856167017877635,
          1.9636363636363636,
          0.37519591816093056
        ],
        [
          0.00036300688373799226,
          4.360483462195218,
          1.0,
          0.18666311779417988
        ],
        [
          -0.0004902907780238561,
          4.925778467865413,
          0.56,
          0.15648567623561935
        ],
        [
          0.008293375676991989,
          3.578158514937548,
          1.6142857142857143,
          0.41404395521200926
        ]
      ],
      "dim_labels_A": [
        "valence",
        "arousal",
        "integration",
        "d_eff",
        "cf_weight",
        "sm_sal"
      ],
      "dim_labels_C": [
        "approach_avoid",
        "activity",
        "growth",
        "stability"
      ],
      "per_pattern": [
        {
          "pattern_id": 1,
          "space_A": {
            "valence": 0.02785303154770209,
            "arousal": 15.373457908630371,
            "integration": 0.13353797379407883,
            "d_eff": 1.5300251590589744,
            "cf_weight": 0.9741762243211269,
            "sm_sal": -0.43100744216622566
          },