{
  "metadata": {
    "substrate": "v18",
    "seed": 42,
    "C": 16,
    "N": 128,
    "snapshot_path": "/Users/jacob/fun/shape-of-experience/empirical/experiments/study_ca_affect/results/v18_s42/snapshots/cycle_020.npz",
    "experiment": "affect_geometry"
  },
  "n_results": 1,
  "cycle": 20,
  "results": [
    {
      "n_patterns": 20,
      "rsa_rho": 0.11554278366072249,
      "rsa_p": 0.11240875388455901,
      "space_A": [
        [
          0.0363820134376993,
          11.99512004852295,
          0.04302886842931586,
          1.212288273858759,
          0.9509856030344963,
          -0.2479748468619235
        ],
        [
          0.05695539591263751,
          16.674787521362305,
          0.21538889771931113,
          1.699781673050957,
          0.9448594897985458,
          -0.3876130749858683
        ],
        [
          0.005115100315638951,
          11.17340087890625,
          0.07634936962524852,
          1.370117970397203,
          0.9986581029370427,
          -0.6564073646125106
        ],
        [
          0.012238084053506657,
          9.416257858276367,
          0.08065830895079062,
          1.343157606495241,
          0.9638096205890179,
          -0.33712417658323046
        ],
        [
          -0.016010381737533882,
          8.155404090881348,
          0.006765660872465995,
          1.0433472666031225,
          0.9139709994196892,
          -0.09930376888364323
        ],
        [
          -0.00863638702703982,
          12.234424591064453,
          0.1329565681429048,
          1.488643825911397,
          0.9328113943338394,
          -0.23382579345515764
        ],
        [
          -0.004193179461420799,
          7.9873480796813965,
          0.24335758490397763,
          1.8469524083971172,
          0.9922307962551713,
          -0.6259224503509411
        ],
        [
          -0.004723334799007494,
          10.943907737731934,
          0.05877454860859421,
          1.2634723218952046,
          0.998997945105657,
          -0.7747855534104283
        ],
        [
          0.022409565594731545,
          6.280550479888916,
          0.31579349244193944,
          2.270540793628463,
          0.996987666701898,
          -0.035035914989846595
        ],
        [
          -0.026435044347023477,
          6.593535900115967,
          0.17339235426808386,
          1.6711700202747577,
          0.9342585802078247,
          -0.5473061582427563
        ],
        [
          -0.04636239032356106,
          7.821857452392578,
          0.216707789891192,
          2.0486625972098627,
          0.9904497843235731,
          -0.017222653251400044
        ],
        [
          -0.054073508904904734,
          6.737663269042969,
          0.05665738492055161,
          1.2640090245540223,
          0.986929515376687,
          -0.07361046551500972
        ],
        [
          -0.03173982853792152,
          4.6987833976745605,
          0.07080527256350089,
          1.3886532443935904,
          0.9989875042811036,
          -0.02329105609737614
        ],
        [
          -0.013015562174271564,
          8.150786399841309,
          0.31688043874371286,
          2.534194483326464,
          0.9848864311352372,
          -0.08384088580669358
        ],
        [
          0.06242227057615916,
          17.446495056152344,
          0.1531394971275748,
          1.6112964824540548,
          0.9500791691243649,
          -0.3406614126454993
        ],
        [
          -0.001802275578180949,
          15.89867877960205,
          0.09083572652093252,
          1.4115819908446032,
          0.9538432471454144,
          -0.524156973994679
        ],
        [
          -0.01871804396311442,
          7.652202129364014,
          0.3277845787052541,
          2.2730399245582666,
          0.9991334909573197,
          -0.10122318007191045
        ],
        [
          0.06325931751981695,
          10.024069786071777,
          0.04318933608340003,
          1.2379501029558047,
          0.9707044903188944,
          -0.10523176145557112
        ],
        [
          0.009693003715352809,
          12.61311149597168,
          0.0518691612624963,
          1.2534029235566824,
          0.9781662281602621,
          -0.10966007236576902
        ],
        [
          0.013041932532127867,
          6.056008815765381,
          0.30389277962945305,
          2.207863879605068,
          0.9574791006743908,
          -0.007453097067840697
        ]
      ],
      "space_C": [
        [
          0.007392264604568481,
          4.1178739968224045,
          0.6914893617021277,
          0.43315127657317487
        ],
        [
          0.0006504684686660766,
          4.958002881608435,
          -0.20689655172413793,
          0.21805299905159825
        ],
        [
          0.009427218437194825,
          4.4417551182223685,
          -0.7101449275362319,
          0.244272633561998
        ],
        [
          0.015690872333943843,
          4.967017670027108,
          -0.3170731707317073,
          0.02039594605656171
        ],
        [
          0.003732055276632309,
          3.0490422202241847,
          0.6071428571428571,
          0.40423145889763573
        ],
        [
          0.0018091896176338196,
          2.3581855186288454,
          1.0365853658536586,
          0.5193031773404069
        ],
        [
          0.006363262534141541,
          4.702381399511422,
          0.5138888888888888,
          0.18852687166782628
        ],
        [
          0.011858645677566528,
          5.596723475959417,
          -0.4578313253012048,
          0.12294882234119034
        ],
        [
          0.004081936478614807,
          4.834231534104974,
          -0.8037383177570093,
          0.29028865845675034
        ],
        [
          -0.0026856781542301178,
          3.9655191715583253,
          -0.4,
          0.3155295393591786
        ],
        [
          0.003890358805656433,
          6.549187180990998,
          -0.875,
          0.1927500283246803
        ],
        [
          -0.006108584403991699,
          3.612128582448445,
          1.8974358974358974,
          0.2868631262023879
        ],
        [
          -0.0024937313795089723,
          3.869411897539166,
          -0.20270270270270271,
          0.16347050321657972
        ],
        [
          0.003683648109436035,
          6.260617621513111,
          1.9615384615384615,
          0.09383674952392836
        ],
        [
          0.00961171911687267,
          5.459759923423897,
          13.38888888888889,
          0.13547515301510943
        ],
        [
          0.015312692948750086,
          4.051776660553021,
          1.0303030303030303,
          0.20842872949395067
        ],
        [
          0.009074708028715484,
          6.44017935658577,
          2.8225806451612905,
          -0.03133651431455061
        ],
        [
          0.0148633091400067,
          5.539913817770388,
          5.666666666666667,
          0.2882634701167225
        ],
        [
          0.018032525355617206,
          4.701762419252767,
          0.3473684210526316,
          0.21009442765691233
        ],
        [
          0.0102387770699958,
          4.639886657273925,
          0.015151515151515152,
          0.2800379058743566
        ]
      ],
      "dim_labels_A": [
        "valence",
        "arousal",
        "integration",
        "d_eff",
        "cf_weight",
        "sm_sal"
      ],
      "dim_labels_C": [
        "approach_avoid",
        "activity",
        "growth",
        "stability"
      ],
      "per_pattern": [
        {
          "pattern_id": 0,
          "space_A": {
            "valence": 0.0363820134376993,
            "arousal": 11.99512004852295,
            "integration": 0.04302886842931586,
            "d_eff": 1.212288273858759,
            "cf_weight": 0.9509856030344963,
            "sm_sal": -0.2479748468619235
          },