{
  "metadata": {
    "substrate": "v18",
    "seed": 42,
    "C": 16,
    "N": 128,
    "snapshot_path": "/Users/jacob/fun/shape-of-experience/empirical/experiments/study_ca_affect/results/v18_s42/snapshots/cycle_000.npz",
    "experiment": "affect_geometry"
  },
  "n_results": 1,
  "cycle": 0,
  "results": [
    {
      "n_patterns": 20,
      "rsa_rho": -0.026870842026532303,
      "rsa_p": 0.7128648192270783,
      "space_A": [
        [
          0.0041388005626444915,
          11.512928009033203,
          0.04729565701352911,
          1.236229262452955,
          0.9804950635880232,
          -0.5832753738174125
        ],
        [
          0.003527796998315928,
          5.846169471740723,
          0.11755188396139826,
          1.5394407280050775,
          0.9682149887084961,
          -0.1102224985119793
        ],
        [
          -0.014920205486064054,
          7.828207015991211,
          0.01281851666896583,
          1.0827891278069048,
          0.9954104400239885,
          -0.31082544348186203
        ],
        [
          0.004550038551797672,
          16.59062385559082,
          0.05305681206421109,
          1.2518468923870214,
          0.9544494524598122,
          -0.2168552905282296
        ],
        [
          -0.016338873882682955,
          11.785632133483887,
          0.013627697035300312,
          1.0853697073830697,
          0.9967405598144978,
          -0.1541559508252507
        ],
        [
          0.003666040848712532,
          8.776172637939453,
          0.01280063367882045,
          1.0789805630181413,
          0.934844620525837,
          -0.017703935809562754
        ],
        [
          -0.007457849930743782,
          7.360788822174072,
          0.3542594103529215,
          2.472726729001053,
          0.9878965308889747,
          -0.01225372249921064
        ],
        [
          -0.001086001493492905,
          6.694522857666016,
          0.06779699184539434,
          1.3292132725866888,
          0.9849814744666219,
          -0.17150413937618092
        ],
        [
          0.00556547787724709,
          7.849584579467773,
          0.17823292229959498,
          1.770164767282299,
          0.9987961309961975,
          -0.08633130801498967
        ],
        [
          0.00789251132887237,
          15.516108512878418,
          0.06577288128328973,
          1.314223077864262,
          0.9800925832241774,
          -0.005247971754701486
        ],
        [
          0.013293733402174346,
          13.048542022705078,
          0.256963496951523,
          1.813326800535867,
          0.9560656882822514,
          -0.06866588185587719
        ],
        [
          -0.006713156797447983,
          8.980063438415527,
          0.1881412948006178,
          1.8712316845556178,
          0.991194499656558,
          -0.013375131879207913
        ],
        [
          -0.0016129162846779336,
          16.385704040527344,
          0.21277188138800307,
          1.739711613360317,
          0.9711099397391081,
          -0.538034682998957
        ],
        [
          -0.011797272429174306,
          8.782848358154297,
          0.16175744664611136,
          1.7638321563042978,
          0.9875805769115686,
          -0.04745754801504132
        ],
        [
          -0.0023917859914351484,
          7.886244773864746,
          0.03577180884322939,
          1.1962338372660788,
          0.9990127591881901,
          -0.0668007116577709
        ],
        [
          0.0020588076844507332,
          9.6298189163208,
          0.2108313372631525,
          2.016541432331908,
          0.9899163832888007,
          -0.05668881415331839
        ],
        [
          -0.00804494351756816,
          13.405685424804688,
          0.04729328035755742,
          1.2581034160397395,
          0.9847049508243799,
          -0.05605629781292043
        ],
        [
          0.016565644011205555,
          5.46278715133667,
          0.12764201920965668,
          1.6246547982510589,
          0.9766633380204439,
          -0.002283124088584554
        ],
        [
          0.010734597030951053,
          7.591625690460205,
          0.17615992963795757,
          1.7718795258387625,
          0.9988422185415402,
          -0.5469908500990296
        ],
        [
          0.025015733679946587,
          9.922119140625,
          0.12841150612808294,
          1.5521377829112037,
          0.9925632192753255,
          -0.13964592772432238
        ]
      ],
      "space_C": [
        [
          0.0061616098880767824,
          4.845469434909719,
          -0.7976190476190477,
          0.26269896674363347
        ],
        [
          -0.002935686409473419,
          2.9891756301029164,
          -0.9628865979381444,
          0.6134826660659347
        ],
        [
          -0.003310701847076416,
          4.7943871434172225,
          -0.7692307692307693,
          0.35780869228807055
        ],
        [
          0.0052148008346557615,
          4.735734696121627,
          3.0,
          0.19826062024292834
        ],
        [
          0.01016723781824112,
          4.1938774633934806,
          1.9583333333333333,
          0.40310448266452975
        ],
        [
          0.01002058744430542,
          3.8752009415456827,
          -0.7272727272727273,
          0.10844927002341477
        ],
        [
          0.014716462194919587,
          5.745834078826603,
          5.3478260869565215,
          0.012758558549613394
        ],
        [
          0.010062623172998428,
          4.15750401101806,
          2.903225806451613,
          0.18415336263607895
        ],
        [
          -0.0001506549119949341,
          3.996987690415491,
          -0.9047029702970297,
          0.5311478101811555
        ],
        [
          0.005198990702629089,
          5.542059752779709,
          2.582089552238806,
          -0.12348743044741385
        ],
        [
          0.008720744252204895,
          4.928783209084777,
          -0.25,
          0.28814393782019965
        ],
        [
          -0.004905319213867188,
          4.640742424568808,
          -0.8279009126466753,
          0.1673878533936103
        ],
        [
          0.00659612774848938,
          7.510459494707091,
          9.0,
          0.0946789903688286
        ],
        [
          0.0017722249031066895,
          6.947219810751547,
          4.0,
          0.16292585668151155
        ],
        [
          0.015743488073349,
          2.9467052687521775,
          6.9423076923076925,
          0.36490860107916556
        ],
        [
          -0.0027540796995162964,
          6.353680809915349,
          1.1891891891891893,
          -0.008903610830865018
        ],
        [
          0.0032651424407958984,
          7.554019167221372,
          1.0147874306839186,
          0.0529346908451535
        ],
        [
          0.005116813182830811,
          4.4658173580922975,
          1.5526315789473684,
          0.3643930748516853
        ],
        [
          -0.0014908409118652344,
          3.6649918386672926,
          1.2352941176470589,
          0.34129259819666724
        ],
        [
          0.0016989237070083618,
          6.334774139883833,
          -0.6196319018404908,
          0.11437246295402446
        ]
      ],
      "dim_labels_A": [
        "valence",
        "arousal",
        "integration",
        "d_eff",
        "cf_weight",
        "sm_sal"
      ],
      "dim_labels_C": [
        "approach_avoid",
        "activity",
        "growth",
        "stability"
      ],
      "per_pattern": [
        {
          "pattern_id": 0,
          "space_A": {
            "valence": 0.0041388005626444915,
            "arousal": 11.512928009033203,
            "integration": 0.04729565701352911,
            "d_eff": 1.236229262452955,
            "cf_weight": 0.9804950635880232,
            "sm_sal": -0.5832753738174125
          },