{
  "metadata": {
    "substrate": "v18",
    "seed": 42,
    "C": 16,
    "N": 128,
    "snapshot_path": "/Users/jacob/fun/shape-of-experience/empirical/experiments/study_ca_affect/results/v18_s42/snapshots/cycle_029.npz",
    "experiment": "affect_geometry"
  },
  "n_results": 1,
  "cycle": 29,
  "results": [
    {
      "n_patterns": 20,
      "rsa_rho": -0.011831498466935228,
      "rsa_p": 0.871293706441804,
      "space_A": [
        [
          0.04027071291086625,
          4.598604679107666,
          0.004424307474302114,
          1.0308545058787415,
          0.9948891857638955,
          -0.033037946971080756
        ],
        [
          0.0318836192695462,
          4.941412925720215,
          0.10960737202567772,
          1.4671691222624366,
          0.9973054460715503,
          -0.45905619888684746
        ],
        [
          0.03903432768218371,
          4.428066730499268,
          0.011525185551234163,
          1.0665468757655936,
          0.9939130181446671,
          -0.24631934505983077
        ],
        [
          0.04328799247741699,
          4.540274143218994,
          0.15948620762989085,
          1.5756099609374885,
          0.9930812553502619,
          -0.4314143345193846
        ],
        [
          0.029615538460867747,
          4.176457405090332,
          0.1280872627898446,
          1.5201264056426718,
          0.9932909989729524,
          -0.3448762108975084
        ],
        [
          0.03006050051475058,
          4.417633533477783,
          0.01807989907823493,
          1.1070362728889316,
          0.9967784353066236,
          -0.22363739982222075
        ],
        [
          0.036840993530896246,
          4.90280294418335,
          0.011311597910643734,
          1.0658466422387427,
          0.994951460044831,
          -0.2072378210957445
        ],
        [
          0.02497729476617307,
          3.888929605484009,
          0.17139734877505064,
          1.7175518724594019,
          0.9966722873505205,
          -0.12931631408843325
        ],
        [
          0.047810676146526725,
          6.773015975952148,
          0.03524025273572773,
          1.1829033226912973,
          0.995838759932667,
          -0.1288295865082244
        ],
        [
          0.03387358723854532,
          10.925789833068848,
          0.2796933446349503,
          2.25642064966096,
          0.9964356303680688,
          -0.03585374025261634
        ],
        [
          0.056841879474873444,
          7.317351818084717,
          0.12134304064953161,
          1.4664359328392,
          0.997461628401652,
          -0.19907055024978215
        ],
        [
          0.02777521464289451,
          4.137186527252197,
          0.03124246657040286,
          1.1961852817034089,
          0.992544827517122,
          -0.0005960338152423139
        ],
        [
          0.03144450576937929,
          4.909520149230957,
          0.04337266784491267,
          1.227945284865068,
          0.9937674822285771,
          -0.4570845668655664
        ],
        [
          0.025206162005054707,
          2.6581408977508545,
          0.44721740688623324,
          2.0624240899450603,
          0.996718913083896,
          -0.10932621433484724
        ],
        [
          0.038182652726465344,
          5.277837753295898,
          0.08989040148480298,
          1.3867563835376946,
          0.991865704767406,
          -0.010585258471844994
        ],
        [
          0.05138880865914481,
          2.543285608291626,
          0.08813715051247373,
          1.3699042638774697,
          0.9958664979785681,
          -0.06581217748252255
        ],
        [
          0.03988302483850596,
          4.534431457519531,
          0.018894434709721408,
          1.1028364760930869,
          0.9960559769533575,
          -0.0356833459295508
        ],
        [
          0.067459301072724,
          2.8291192054748535,
          0.29645124898226294,
          1.91091058494022,
          0.9959692927077413,
          -0.049514339716125955
        ],
        [
          0.03417744441908233,
          9.572038650512695,
          0.017764995585294097,
          1.1002700348385763,
          0.9948847750201821,
          -0.04431306383653533
        ],
        [
          0.036599027867219885,
          5.262057781219482,
          0.09239350849959926,
          1.4246972072640474,
          0.9972884536255151,
          -0.028051776880591017
        ]
      ],
      "space_C": [
        [
          0.0034063047170639037,
          2.162910725923733,
          0.1,
          0.6175630950699321
        ],
        [
          0.003565763533115387,
          2.317674502148537,
          2.0588235294117645,
          0.6974247278105494
        ],
        [
          0.006874961853027344,
          1.757689194943078,
          0.5294117647058824,
          0.7722104052541483
        ],
        [
          0.012233198583126069,
          1.8330877620986832,
          -0.06060606060606061,
          0.48567914137378165
        ],
        [
          0.013940306380391121,
          1.895108540990611,
          0.125,
          0.7947506908649364
        ],
        [
          0.013882618471980095,
          2.1707353421936193,
          1.75,
          0.8024083121026796
        ],
        [
          0.00017173886299133302,
          2.2265615676207933,
          0.375,
          0.7682169300078336
        ],
        [
          0.003935809731483459,
          3.3771273389397622,
          1.7222222222222223,
          0.2219436671821811
        ],
        [
          0.0006178492307662964,
          2.3634095507832615,
          -0.4594594594594595,
          0.6047376571435559
        ],
        [
          0.0040418821573257446,
          2.3681526394885544,
          1.2,
          0.7362538926409339
        ],
        [
          -0.0007346886396408081,
          3.3152498948092917,
          0.47058823529411764,
          0.6963137410849525
        ],
        [
          0.014179794639348984,
          1.546194391619643,
          0.41935483870967744,
          0.5618052598111122
        ],
        [
          -0.004232093691825867,
          3.073595877547469,
          0.35,
          0.5671476933805812
        ],
        [
          -0.002177703380584717,
          2.384331364806962,
          0.2727272727272727,
          0.5975315941194811
        ],
        [
          0.015779896080493926,
          2.6003736747996475,
          0.6,
          0.8088062029982637
        ],
        [
          0.005629108548164368,
          2.299676090206349,
          1.25,
          0.6949265086847424
        ],
        [
          0.0047657513618469234,
          1.8374806573498956,
          -0.17391304347826086,
          0.5722842060945474
        ],
        [
          0.012780428379774094,
          2.4805027381950358,
          1.2222222222222223,
          0.5589094396111218
        ],
        [
          0.0066943693161010745,
          3.0037461493407585,
          0.4583333333333333,
          0.6062409945959578
        ],
        [
          0.0021147620677948,
          2.7035479122587964,
          0.7647058823529411,
          0.5811051040923563
        ]
      ],
      "dim_labels_A": [
        "valence",
        "arousal",
        "integration",
        "d_eff",
        "cf_weight",
        "sm_sal"
      ],
      "dim_labels_C": [
        "approach_avoid",
        "activity",
        "growth",
        "stability"
      ],
      "per_pattern": [
        {
          "pattern_id": 0,
          "space_A": {
            "valence": 0.04027071291086625,
            "arousal": 4.598604679107666,
            "integration": 0.004424307474302114,
            "d_eff": 1.0308545058787415,
            "cf_weight": 0.9948891857638955,
            "sm_sal": -0.033037946971080756
          },
          "space_C": {
            "approach_avoid": 0.0034063047170639037,