{
  "metadata": {
    "substrate": "v18",
    "seed": 42,
    "C": 16,
    "N": 128,
    "snapshot_path": "/Users/jacob/fun/shape-of-experience/empirical/experiments/study_ca_affect/results/v18_s42/snapshots/cycle_005.npz",
    "experiment": "affect_geometry"
  },
  "n_results": 1,
  "cycle": 5,
  "results": [
    {
      "n_patterns": 20,
      "rsa_rho": 0.08699847349613127,
      "rsa_p": 0.23265709909382187,
      "space_A": [
        [
          0.020602858796411633,
          14.310436248779297,
          0.10826527334827596,
          1.4900565009090307,
          0.9857366317883134,
          -0.5894847533373391
        ],
        [
          0.015219795460603674,
          10.723413467407227,
          0.4725678189367899,
          3.103119714096574,
          0.9917253302410245,
          -0.27413242934449045
        ],
        [
          0.012618531986158721,
          8.24551773071289,
          0.04852698166718339,
          1.2514317493900595,
          0.9782921858131886,
          -0.5401759961550898
        ],
        [
          0.010002077842245296,
          13.321800231933594,
          0.08721231370556559,
          1.4279488564400182,
          0.9848358118906617,
          -0.010006609449477177
        ],
        [
          0.01227070360767598,
          11.344810485839844,
          0.06389937386163469,
          1.2970427282862222,
          0.9767396748065948,
          -0.00415905771864955
        ],
        [
          0.005791119166782924,
          7.97317361831665,
          0.3609643214840961,
          2.4455705732788346,
          0.9996138123096898,
          -0.03529435910138601
        ],
        [
          0.013559993432492626,
          13.115711212158203,
          0.3642353133776153,
          2.191796542153096,
          0.9989510821178555,
          -0.4416124073338653
        ],
        [
          0.031765470699388156,
          10.453987121582031,
          0.010213926070167023,
          1.0685335438520183,
          0.9728395882993937,
          -0.24074844537466
        ],
        [
          0.01441946808172732,
          10.306346893310547,
          0.3996310285702944,
          2.28438405590657,
          0.9612194858491421,
          -0.047004004070441696
        ],
        [
          0.036919642467888036,
          9.71237564086914,
          0.21009934332293678,
          1.7479129032787923,
          0.9512520655989647,
          -0.07892003799980785
        ],
        [
          0.026579418960882693,
          11.67700481414795,
          0.019517317841617032,
          1.1151404871784687,
          0.9760194942355156,
          -0.0026128590848161215
        ],
        [
          0.007418554656359614,
          16.086288452148438,
          0.3448427090808819,
          1.9451168355426514,
          0.969706729054451,
          -0.1661967936330202
        ],
        [
          0.03586812895171496,
          13.966938972473145,
          0.21239261789233432,
          1.7145884656816839,
          0.961037140339613,
          -0.48494893651141235
        ],
        [
          0.010300003752416494,
          10.385828971862793,
          0.3313464981383095,
          2.108856136817875,
          0.9657351784408092,
          -0.008604187996871349
        ],
        [
          0.02200341711238939,
          16.656570434570312,
          0.1748747363428228,
          1.7824592689405026,
          0.9829131253063679,
          -0.050764685783487806
        ],
        [
          0.022187563837790976,
          9.091714859008789,
          0.028583725693029582,
          1.1648320341041527,
          0.9958000327460468,
          -0.06351116976751947
        ],
        [
          0.016514855988171637,
          8.553117752075195,
          0.2634394676568387,
          2.0369166581737175,
          0.9494616985321045,
          -0.010799880248370863
        ],
        [
          0.0302539552961077,
          6.846372127532959,
          0.49879843191759643,
          3.0438005702415887,
          0.9370300248265266,
          -0.01150099922852521
        ],
        [
          0.010510658731265944,
          7.901468753814697,
          0.1610337274356839,
          1.7460164558990414,
          0.9908160557970405,
          -0.052610091568944806
        ],
        [
          0.019794357066251794,
          8.657186508178711,
          0.32441462771548835,
          2.3359723357482953,
          0.98087471537292,
          -0.05351685891767444
        ]
      ],
      "space_C": [
        [
          0.008434795141220093,
          5.974568720561788,
          3.891891891891892,
          0.09023775700886935
        ],
        [
          0.010269063711166381,
          7.139486440865847,
          -0.6268382352941176,
          -0.04997201253013183
        ],
        [
          0.0026833415031433105,
          4.915122582114657,
          7.9,
          -0.1531655695854225
        ],
        [
          0.0031672978401184083,
          5.151687802794377,
          -0.8716216216216216,
          -0.004441342983105238
        ],
        [
          0.003730509877204895,
          5.842106024953616,
          0.19909502262443438,
          0.15520360086889382
        ],
        [
          -0.0034862011671066284,
          6.154831025734977,
          -0.8772727272727273,
          0.05004915327244401
        ],
        [
          0.009179289937019348,
          7.411316025798096,
          -0.84,
          0.14571177097795418
        ],
        [
          -0.0018495815992355348,
          2.586211895627839,
          -0.8918918918918919,
          0.3725696854963966
        ],
        [
          0.008914557695388793,
          6.130327660634715,
          14.146341463414634,
          0.22087547815101277
        ],
        [
          0.0037424707412719725,
          6.172703444605129,
          -0.9160493827160494,
          0.3842990508156112
        ],
        [
          0.011036287546157836,
          4.23749429872335,
          1.5263157894736843,
          0.018294826729822595
        ],
        [
          0.0016271299123764038,
          6.217729069080264,
          -0.5964912280701754,
          0.0946055227232453
        ],
        [
          0.010835958123207092,
          5.353934472353509,
          -0.07692307692307693,
          0.096604616876533
        ],
        [
          0.004605114459991455,
          5.28648506464722,
          -0.6657303370786517,
          0.37511674670623096
        ],
        [
          -0.0018756937980651854,
          6.038298161443198,
          -0.9405594405594405,
          0.1676538480738029
        ],
        [
          0.008149054646492005,
          5.268174971978811,
          -0.20253164556962025,
          0.25089080482181497
        ],
        [
          0.005619117617607116,
          5.993559913450536,
          -0.4669421487603306,
          0.2987245654406832
        ],
        [
          0.003441392183303833,
          3.803201193751001,
          0.34285714285714286,
          0.1847348266851667
        ],
        [
          0.006691752672195434,
          6.19863107475741,
          4.413793103448276,
          -0.010689239110927416
        ],
        [
          0.004786014556884766,
          6.732300458643599,
          2.315315315315315,
          0.13284239109392193
        ]
      ],
      "dim_labels_A": [
        "valence",
        "arousal",
        "integration",
        "d_eff",
        "cf_weight",
        "sm_sal"
      ],
      "dim_labels_C": [
        "approach_avoid",
        "activity",
        "growth",
        "stability"
      ],
      "per_pattern": [
        {
          "pattern_id": 0,
          "space_A": {
            "valence": 0.020602858796411633,
            "arousal": 14.310436248779297,
            "integration": 0.10826527334827596,
            "d_eff": 1.4900565009090307,
            "cf_weight": 0.9857366317883134,
            "sm_sal": -0.5894847533373391
          },