{
  "metadata": {
    "substrate": "v18",
    "seed": 42,
    "C": 16,
    "N": 128,
    "snapshot_path": "/Users/jacob/fun/shape-of-experience/empirical/experiments/study_ca_affect/results/v18_s42/snapshots/cycle_025.npz",
    "experiment": "counterfactual"
  },
  "n_results": 2,
  "cycle": 25,
  "results": [
    {
      "pattern_id": 0,
      "n_timesteps": 49,
      "mean_rho_sync": -0.0008224246071388089,
      "std_rho_sync": 0.005707046358838727,
      "n_detachment_events": 1,
      "detachment_fraction": 1.0,
      "I_img": 0.0,
      "H_branch": 0.7143411431946622,
      "rho_sync_trajectory": [
        -0.03832502290606499,
        0.003141395514830947,
        0.0019150098087266088,
        -0.0009271525777876377,
        0.0005073302891105413,
        0.0027844069991260767,
        -0.00116943777538836,
        -0.002192666521295905,
        -0.0014139049453660846,
        -0.00028420728631317616,
        -0.00043590975110419095,
        -0.000618427584413439,
        -0.0009322982514277101,
        0.0003950340615119785,
        0.000972194888163358,
        0.0002564082096796483,
        0.0010720661375671625,
        0.0020746306981891394,
        -0.0031028729863464832,
        -0.0016373377293348312,
        -1.3933102991359192e-06,
        0.0011650922242552042,
        0.0004986407584510744,
        -0.00020721500914078206,
        -0.0005242491606622934,
        0.0032289442606270313,
        -0.0008798136841505766,
        0.0015617742901667953,
        -0.002142510376870632,
        -0.0011073629138991237,
        -0.0009205808164551854,
        0.0005196158890612423,
        -0.0028797255363315344,
        -0.0016889250837266445,
        0.0002176007255911827,
        0.0007453638827428222,
        -0.00023698776203673333,
        -0.0024861956480890512,
        0.0014707697555422783,
        0.00011964642908424139,
        0.0035468293353915215,
        -0.002792937681078911,
        0.0017003313405439258,
        0.0015223781811073422,
        -0.001161073218099773,
        0.0006060530431568623,
        -0.0022989336866885424,
        0.0008692443370819092
      ]
    },
    {
      "pattern_id": 1,
      "n_timesteps": 49,
      "mean_rho_sync": -0.0011104905590855196,
      "std_rho_sync": 0.008216928614140112,
      "n_detachment_events": 1,
      "detachment_fraction": 1.0,
      "I_img": 0.0,
      "H_branch": 0.7124186980924634,
      "rho_sync_trajectory": [
        -0.05612204596400261,
        0.0030457729008048773,
        5.569738641497679e-05,
        7.074215682223439e-05,
        0.0003608388942666352,
        0.0018630406120792031,
        -0.0018934371182695031,
        0.00019815127598121762,
        0.0017150730127468705,
        -0.0037846199702471495,
        0.0017647430067881942,
        0.0035816568415611982,
        -0.0004184618010185659,
        0.00040742618148215115,
        -0.0029213090892881155,
        -0.002180596813559532,
        -0.0038713542744517326,
        -0.0006082213949412107,
        0.0014150282368063927,
        0.0011580482823774219,
        -0.000769461621530354,
        0.0014917607186362147,
        -0.0012384953442960978,
        0.0024473636876791716,
        0.0012236501788720489,
        0.0013055867748335004,
        -0.0013339162105694413,
        -0.000732798536773771,
        0.00047467509284615517,
        -0.0007544035906903446,
        0.001129943528212607,
        -0.0003504233027342707,
        0.0009448048658668995,
        -0.0024907211773097515,
        0.0013183881528675556,
        0.0004532273451332003,
        0.0011586120817810297,
        -0.0005659476155415177,
        -0.002503401832655072,
        0.0017805317183956504,
        0.0005615638219751418,
        -0.002000766806304455,
        0.0007860792684368789,
        0.0020356469321995974,
        -0.0032524834387004375,
        0.0024598496966063976,
        0.0010828458471223712,
        -0.0018014294328168035
      ]
    }
  ]
}