{
  "metadata": {
    "substrate": "v18",
    "seed": 42,
    "C": 16,
    "N": 128,
    "snapshot_path": "/Users/jacob/fun/shape-of-experience/empirical/experiments/study_ca_affect/results/v18_s42/snapshots/cycle_015.npz",
    "experiment": "counterfactual"
  },
  "n_results": 1,
  "cycle": 15,
  "results": [
    {
      "pattern_id": 0,
      "n_timesteps": 46,
      "mean_rho_sync": 0.006800437463122459,
      "std_rho_sync": 0.04566220630101415,
      "n_detachment_events": 1,
      "detachment_fraction": 0.9777777777777777,
      "I_img": 0.0,
      "H_branch": 1.1218518472039287,
      "rho_sync_trajectory": [
        0.3041861057281494,
        -0.0006045900518074632,
        0.0010875273728743196,
        -0.001104571158066392,
        0.003386444179341197,
        -0.0013351266970857978,
        -0.0006950786337256432,
        0.0006682780804112554,
        0.00040273560443893075,
        0.0006583500071428716,
        -0.00043308958993293345,
        -0.0012198614422231913,
        0.0019513759762048721,
        0.0005049451137892902,
        -2.259982102259528e-05,
        -0.0007785739726386964,
        0.0005409339210018516,
        -0.0005539031699299812,
        -0.0006647439440712333,
        2.4087368728942238e-05,
        0.00014522072160616517,
        0.00022732518846169114,
        0.00029569334583356977,
        -0.0015921825543045998,
        0.0019085754174739122,
        0.0005096069071441889,
        -1.811575930332765e-05,
        2.1843266949872486e-05,
        -0.0010925488313660026,
        0.00030821634572930634,
        -0.0011308850953355432,
        -0.0015700849471613765,
        0.0008276254520751536,
        0.0006240641232579947,
        0.0003753161581698805,
        0.0005587607156485319,
        0.0011296632001176476,
        -0.00015954510308802128,
        0.0004309026408009231,
        -0.001363677205517888,
        0.0016421600012108684,
        0.0006446244078688323,
        0.0015726087149232626,
        -0.042894843965768814,
        0.0386207178235054
      ]
    }
  ]
}