{
  "metadata": {
    "snapshot_path": "/Users/jacob/fun/shape-of-experience/empirical/experiments/study_ca_affect/results/v13_s7/v13_s7/snapshots/cycle_020.npz",
    "seed": 7,
    "C": 16,
    "N": 128,
    "n_recording_steps": 50,
    "n_patterns_detected": 43,
    "n_patterns_analyzed": 20,
    "cycle": 20
  },
  "n_patterns": 20,
  "n_social_steps": 815,
  "n_isolated_steps": 22,
  "n_cooperative": 383,
  "n_competitive": 426,
  "phi_cooperative": 4.506696675760628,
  "phi_competitive": 4.290109032056701,
  "phi_isolated": 4.549578374082392,
  "delta_phi": 0.21658764370392714,
  "delta_phi_p": 0.23697809303402884,
  "valence_cooperative": -0.0013776697004432778,
  "valence_competitive": -0.0022920202201520893,
  "delta_valence": 0.0009143505197088115,
  "delta_valence_p": 0.9491840035419509,
  "arousal_cooperative": 11.837404540562442,
  "arousal_competitive": 12.85088972320579,
  "delta_arousal": -1.0134851826433486,
  "delta_arousal_p": 0.7956398215920162,
  "cycle": 20
}