{
  "metadata": {
    "snapshot_path": "/Users/jacob/fun/shape-of-experience/empirical/experiments/study_ca_affect/results/v13_s123/v13_s123/snapshots/cycle_025.npz",
    "seed": 123,
    "C": 16,
    "N": 128,
    "n_recording_steps": 50,
    "n_patterns_detected": 26,
    "n_patterns_analyzed": 20,
    "cycle": 25
  },
  "rsa_rho": 0.15879576777895876,
  "rsa_p": 0.028647127984809936,
  "n_patterns": 20,
  "dim_labels_A": [
    "valence",
    "arousal",
    "integration",
    "d_eff",
    "cf_weight",
    "sm_sal"
  ],
  "dim_labels_C": [
    "approach_avoid",
    "activity",
    "growth",
    "stability"
  ],
  "per_pattern": [
    {
      "pattern_id": 0,
      "space_A": {
        "valence": 0.00336100130665059,
        "arousal": 4.967325687408447,
        "integration": 0.018287025011761382,
        "d_eff": 1.1043920045952451,
        "cf_weight": 0.9024976342916489,
        "sm_sal": -0.21237054266414945
      },
      "space_C": {
        "approach_avoid": 0.008004944324493408,
        "activity": 2.083804445886295,
        "growth": 6.48,
        "stability": 0.5723523250089647
      },
      "n_timesteps": 50
    },
    {
      "pattern_id": 1,
      "space_A": {
        "valence": 0.005257903313150211,
        "arousal": 5.99501895904541,
        "integration": 0.010931634614745889,
        "d_eff": 1.0708197768884673,
        "cf_weight": 0.9530282616615295,
        "sm_sal": -0.26988729770982867
      },
      "space_C": {
        "approach_avoid": 0.010227445363998413,
        "activity": 3.087523777694039,
        "growth": 5.846153846153846,
        "stability": 0.46311354877196126
      },
      "n_timesteps": 50
    },
    {
      "pattern_id": 2,
      "space_A": {
        "valence": 0.0029287192286277302,
        "arousal": 5.465353965759277,
        "integration": 0.005461993116338215,
        "d_eff": 1.0394415592736617,
        "cf_weight": 0.748001366853714,
        "sm_sal": -0.021388397032959472
      },
      "space_C": {
        "approach_avoid": 0.0016614174842834472,
        "activity": 2.6149855573181533,
        "growth": 17.77777777777778,
        "stability": 0.19411829222143454
      },
      "n_timesteps": 50
    },
    {
      "pattern_id": 3,
      "space_A": {
        "valence": 0.013071468898228236,
        "arousal": 4.137814044952393,
        "integration": 0.27404921864766985,
        "d_eff": 2.122875193531879,
        "cf_weight": 0.8448350876569748,
        "sm_sal": -0.013480362789198508
      },
      "space_C": {
        "approach_avoid": -0.0003944981098175049,
        "activity": 3.448718001502903,
        "growth": 4.6,
        "stability": 0.3484511835028593
      },
      "n_timesteps": 50
    },
    {
      "pattern_id": 4,
      "space_A": {
        "valence": 0.009167943681989397,
        "arousal": 5.153359413146973,
        "integration": 0.05051245880090227,
        "d_eff": 1.2299266232508614,
        "cf_weight": 0.6662820279598236,
        "sm_sal": -0.026295611584543632
      },
      "space_C": {
        "approach_avoid": 0.00033364176750183105,
        "activity": 2.657101534857333,
        "growth": 5.086956521739131,
        "stability": 0.5676922300561875
      },
      "n_timesteps": 50
    },
    {
      "pattern_id": 5,
      "space_A": {
        "valence": 0.0018994272971639828,
        "arousal": 6.826151371002197,
        "integration": 0.012033578935875422,
        "d_eff": 1.0750508116041424,
        "cf_weight": 0.8511014133691788,
        "sm_sal": -0.01773934749562045
      },
      "space_C": {
        "approach_avoid": 0.0007848262786865235,
        "activity": 2.0824035270167953,
        "growth": 0.7894736842105263,
        "stability": 0.706837063164074
      },
      "n_timesteps": 50
    },
    {
      "pattern_id": 6,
      "space_A": {
        "valence": 0.006883655275617327,
        "arousal": 5.61008882522583,
        "integration": 0.23190783658636616,
        "d_eff": 2.1304464264234455,
        "cf_weight": 0.8424261808395386,
        "sm_sal": -0.005719375347069122
      },
      "space_C": {
        "approach_avoid": 0.001538834571838379,
        "activity": 3.899896006643004,
        "growth": 10.037037037037036,
        "stability": 0.2665697877357433
      },
      "n_timesteps": 50
    },
    {
      "pattern_id": 7,
      "space_A": {
        "valence": -0.013008944842280174,
        "arousal": 5.589630603790283,
        "integration": 0.03554071021666738,
        "d_eff": 1.180105583743445,
        "cf_weight": 0.8880526125431061,
        "sm_sal": -0.4101539971379786
      },
      "space_C": {
        "approach_avoid": 0.002234870195388794,
        "activity": 2.9653983524771843,
        "growth": 12.176470588235293,
        "stability": 0.3067438097691314
      },
      "n_timesteps": 50
    },
    {
      "pattern_id": 8,
      "space_A": {
        "valence": 0.001627936655161332,
        "arousal": 3.1704952716827393,
        "integration": 0.027213515798689136,
        "d_eff": 1.1525126794114298,
        "cf_weight": 0.7427485585212708,
        "sm_sal": -0.0012009151389649197
      },
      "space_C": {
        "approach_avoid": 0.001828153133392334,
        "activity": 2.7842945310704756,
        "growth": -0.4383561643835616,
        "stability": 0.5307533847257658
      },
      "n_timesteps": 50
    },
    {
      "pattern_id": 9,
      "space_A": {
        "valence": 0.0027624538966587613,
        "arousal": 6.207391262054443,
        "integration": 0.1441981648480909,
        "d_eff": 1.706964235519026,
        "cf_weight": 0.8209482729434967,
        "sm_sal": -0.018861621385637184
      },
      "space_C": {
        "approach_avoid": -0.0015814179182052613,
        "activity": 3.262374088432554,
        "growth": 0.7727272727272727,
        "stability": 0.3483152154043272
      },
      "n_timesteps": 50
    },
    {
      "pattern_id": 10,
      "space_A": {
        "valence": 0.0024227609439772,
        "arousal": 5.539815902709961,
        "integration": 0.0067722210882184,
        "d_eff": 1.0450981574896046,
        "cf_weight": 0.6781523823738098,
        "sm_sal": -0.1340458190172057
      },
      "space_C": {
        "approach_avoid": 0.0020833629369735717,
        "activity": 2.5823602432047927,
        "growth": 4.857142857142857,
        "stability": 0.5360318769162858
      },
      "n_timesteps": 50
    },
    {
      "pattern_id": 11,
      "space_A": {
        "valence": -0.005015470543686225,
        "arousal": 3.8010754585266113,
        "integration": 0.34638202713067134,
        "d_eff": 2.3481886134679413,
        "cf_weight": 0.7083507776260376,
        "sm_sal": -0.005862465243135384
      },
      "space_C": {
        "approach_avoid": 0.0025455141067504882,
        "activity": 3.4336784239850546,
        "growth": 5.228571428571429,
        "stability": 0.40596986773940125
      },
      "n_timesteps": 50
    },
    {
      "pattern_id": 12,
      "space_A": {
        "valence": 0.002119560630954042,
        "arousal": 4.794853687286377,
        "integration": 0.18977253505385416,
        "d_eff": 1.8471515773892424,
        "cf_weight": 0.8856021240353584,
        "sm_sal": -0.003100054064750557
      },
      "space_C": {
        "approach_avoid": -0.002312934398651123,
        "activity": 4.190998597724108,
        "growth": 0.3700787401574803,
        "stability": 0.3002762458452944
      },
      "n_timesteps": 50
    },
    {
      "pattern_id": 13,
      "space_A": {
        "valence": 0.00584174175651706,
        "arousal": 5.271740913391113,
        "integration": 0.04757626570034357,
        "d_eff": 1.2211345221843395,
        "cf_weight": 0.7966100722551346,
        "sm_sal": -0.012493021489219491
      },
      "space_C": {
        "approach_avoid": 0.0012861430644989015,
        "activity": 2.4106640267594477,
        "growth": 8.941176470588236,
        "stability": 0.3194132627685533
      },
      "n_timesteps": 50
    },
    {
      "pattern_id": 14,