{
  "seed": 123,
  "cycle": 29,
  "config": {
    "N": 256,
    "M_max": 512,
    "obs_radius": 2,
    "embed_dim": 24,
    "hidden_dim": 16,
    "n_actions": 7,
    "prey_fraction": 0.8,
    "n_patches": 12,
    "patch_radius": 20,
    "patch_min_spacing": 60,
    "patch_regen": 0.003,
    "barren_regen": 0.0,
    "signal_decay": 0.04,
    "signal_diffusion": 0.15,
    "initial_energy": 1.0,
    "resource_value": 1.5,
    "initial_resource": 0.6,
    "prey_metabolic": 0.0004,
    "prey_metabolic_barren": 0.001,
    "pred_metabolic": 0.0008,
    "predation_gain": 0.15,
    "predation_loss": 0.2,
    "stress_regen": 0.0003,
    "mutation_std": 0.03,
    "tournament_size": 4,
    "elite_fraction": 0.5,
    "activate_offspring": true,
    "drought_every": 5,
    "drought_depletion": 0.01,
    "drought_regen": 0.0,
    "chunk_size": 50,
    "steps_per_cycle": 5000,
    "n_cycles": 30,
    "obs_side": 5,
    "obs_flat": 102,
    "n_prey": 409,
    "n_pred": 103,
    "n_params": 4559
  },
  "cycles": [
    {
      "cycle": 0,
      "n_alive_start": 127,
      "n_alive_end": 76,
      "n_prey_start": 102,
      "n_prey_end": 75,
      "n_pred_start": 25,
      "n_pred_end": 1,
      "mean_alive": 98.26279937744141,
      "mean_prey": 89.14419960021972,
      "mean_pred": 9.118599994182587,
      "mortality": 0.4015748031496063,
      "mean_phi": 0.09631087556481362,
      "phi_base": 0.08487936109304428,
      "phi_stress": 0.08158242702484131,
      "robustness": 0.96115741181665,
      "n_alive_base": 76,
      "n_alive_stress": 76,
      "elapsed_s": 0.8133578300476074
    },
    {
      "cycle": 1,
      "n_alive_start": 512,
      "n_alive_end": 442,
      "n_prey_start": 409,
      "n_prey_end": 378,
      "n_pred_start": 103,
      "n_pred_end": 64,
      "mean_alive": 475.6601968383789,
      "mean_prey": 389.85159759521486,
      "mean_pred": 85.80859954833984,
      "mortality": 0.13671875,
      "mean_phi": 0.0925971232354641,
      "phi_base": 0.08766650408506393,
      "phi_stress": 0.08683245927095413,
      "robustness": 0.9904861631838254,
      "n_alive_base": 441,
      "n_alive_stress": 441,
      "elapsed_s": 1.4799046516418457
    },
    {
      "cycle": 2,
      "n_alive_start": 512,
      "n_alive_end": 454,
      "n_prey_start": 409,
      "n_prey_end": 389,
      "n_pred_start": 103,
      "n_pred_end": 65,
      "mean_alive": 483.4489953613281,
      "mean_prey": 397.14759826660156,
      "mean_pred": 86.30139938354492,
      "mortality": 0.11328125,
      "mean_phi": 0.08462142944335938,
      "phi_base": 0.08774743974208832,
      "phi_stress": 0.08471050709486008,
      "robustness": 0.9653900711387757,
      "n_alive_base": 453,
      "n_alive_stress": 453,
      "elapsed_s": 0.7582182884216309
    },
    {
      "cycle": 3,
      "n_alive_start": 512,
      "n_alive_end": 467,
      "n_prey_start": 409,
      "n_prey_end": 385,
      "n_pred_start": 103,
      "n_pred_end": 82,
      "mean_alive": 489.6575979614258,
      "mean_prey": 396.59819885253904,
      "mean_pred": 93.05939971923829,
      "mortality": 0.087890625,
      "mean_phi": 0.09025323241949082,
      "phi_base": 0.08676490038633347,
      "phi_stress": 0.0851926103234291,
      "robustness": 0.9818787314236113,
      "n_alive_base": 467,
      "n_alive_stress": 466,
      "elapsed_s": 0.7711586952209473
    },
    {
      "cycle": 4,
      "n_alive_start": 512,
      "n_alive_end": 455,
      "n_prey_start": 409,
      "n_prey_end": 378,
      "n_pred_start": 103,
      "n_pred_end": 77,
      "mean_alive": 482.52619689941406,
      "mean_prey": 392.47099822998047,
      "mean_pred": 90.05519966125489,
      "mortality": 0.111328125,
      "mean_phi": 0.08206985294818878,
      "phi_base": 0.0776935487985611,
      "phi_stress": 0.07578645944595337,
      "robustness": 0.9754536974806969,
      "n_alive_base": 451,
      "n_alive_stress": 451,
      "elapsed_s": 0.7630255222320557
    },
    {
      "cycle": 5,
      "n_alive_start": 512,
      "n_alive_end": 0,
      "n_prey_start": 409,
      "n_prey_end": 0,
      "n_pred_start": 103,
      "n_pred_end": 0,
      "mean_alive": 146.87519784152508,
      "mean_prey": 100.35059855043887,
      "mean_pred": 46.5245998686552,
      "mortality": 1.0,
      "mean_phi": 0.09247181043028832,
      "phi_base": 0.0,
      "phi_stress": 0.0,
      "robustness": 0.0,
      "n_alive_base": 0,
      "n_alive_stress": 0,
      "elapsed_s": 0.7958893775939941
    },
    {
      "cycle": 6,
      "n_alive_start": 510,
      "n_alive_end": 386,
      "n_prey_start": 408,
      "n_prey_end": 375,
      "n_pred_start": 102,
      "n_pred_end": 11,
      "mean_alive": 424.0789962768555,
      "mean_prey": 379.65779846191407,
      "mean_pred": 44.42119989395142,
      "mortality": 0.24313725490196078,
      "mean_phi": 0.041570867598056796,
      "phi_base": 0.04337627664208412,
      "phi_stress": 0.04435367807745934,
      "robustness": 1.0225330874625356,
      "n_alive_base": 385,
      "n_alive_stress": 385,
      "elapsed_s": 0.7596733570098877
    },
    {
      "cycle": 7,
      "n_alive_start": 512,
      "n_alive_end": 424,
      "n_prey_start": 409,
      "n_prey_end": 390,
      "n_pred_start": 103,
      "n_pred_end": 34,
      "mean_alive": 460.9459963989258,
      "mean_prey": 396.6621987915039,
      "mean_pred": 64.28379978179932,
      "mortality": 0.171875,
      "mean_phi": 0.051764626801013944,
      "phi_base": 0.0470603808760643,
      "phi_stress": 0.048307813704013824,
      "robustness": 1.0265070703791093,
      "n_alive_base": 422,
      "n_alive_stress": 422,
      "elapsed_s": 0.7600152492523193
    },
    {
      "cycle": 8,
      "n_alive_start": 512,
      "n_alive_end": 412,
      "n_prey_start": 409,
      "n_prey_end": 364,
      "n_pred_start": 103,
      "n_pred_end": 48,
      "mean_alive": 459.456794128418,
      "mean_prey": 380.77579681396486,
      "mean_pred": 78.68099956512451,
      "mortality": 0.1953125,
      "mean_phi": 0.049280932545661925,
      "phi_base": 0.046220697462558746,
      "phi_stress": 0.046794401854276656,
      "robustness": 1.0124122833105804,
      "n_alive_base": 411,
      "n_alive_stress": 411,
      "elapsed_s": 0.7451503276824951
    },
    {
      "cycle": 9,
      "n_alive_start": 512,
      "n_alive_end": 428,
      "n_prey_start": 409,
      "n_prey_end": 371,
      "n_pred_start": 103,
      "n_pred_end": 57,
      "mean_alive": 466.7469955444336,
      "mean_prey": 386.62839782714843,
      "mean_pred": 80.11859966278077,
      "mortality": 0.1640625,
      "mean_phi": 0.051387495920062067,
      "phi_base": 0.049620022624731065,
      "phi_stress": 0.050505556911230085,
      "robustness": 1.0178463096076393,
      "n_alive_base": 427,
      "n_alive_stress": 427,
      "elapsed_s": 0.7612965106964111
    },
    {
      "cycle": 10,
      "n_alive_start": 512,
      "n_alive_end": 0,
      "n_prey_start": 409,
      "n_prey_end": 0,
      "n_pred_start": 103,
      "n_pred_end": 0,
      "mean_alive": 145.8023964777589,
      "mean_prey": 100.1697970199585,
      "mean_pred": 45.632599896490575,
      "mortality": 1.0,
      "mean_phi": 0.05146133825182915,
      "phi_base": 0.0,
      "phi_stress": 0.0,
      "robustness": 0.0,
      "n_alive_base": 0,
      "n_alive_stress": 0,
      "elapsed_s": 0.8003978729248047
    },
    {
      "cycle": 11,
      "n_alive_start": 510,
      "n_alive_end": 344,
      "n_prey_start": 408,
      "n_prey_end": 332,
      "n_pred_start": 102,
      "n_pred_end": 12,
      "mean_alive": 440.6833953857422,
      "mean_prey": 380.722197265625,
      "mean_pred": 59.9611997127533,
      "mortality": 0.3254901960784314,
      "mean_phi": 0.036896008625626565,
      "phi_base": 0.035797927528619766,
      "phi_stress": 0.03528348207473755,
      "robustness": 0.9856291833243439,
      "n_alive_base": 341,
      "n_alive_stress": 341,
      "elapsed_s": 0.7700753211975098
    },
    {
      "cycle": 12,