{
  "metadata": {
    "snapshot_path": "/Users/jacob/fun/shape-of-experience/empirical/experiments/study_ca_affect/results/v13_s123/v13_s123/snapshots/cycle_000.npz",
    "seed": 123,
    "C": 16,
    "N": 128,
    "n_recording_steps": 50,
    "tau_values": [
      1,
      2,
      5,
      10
    ],
    "n_patterns_detected": 5,
    "n_patterns_analyzed": 5,
    "cycle": 0
  },
  "patterns": [
    {
      "pattern_id": 0,
      "n_timesteps": 50,
      "rho_self": 0.0,
      "SM": {
        "1": -449.6854514146168,
        "2": -832.8563628032009,
        "5": -2362.0734412325464,
        "10": -16528.07036027865
      },
      "SM_capacity": 0.0,
      "SM_sal": 0.0,
      "f_self_mse": {
        "1": 607.3779766097308,
        "2": 950.6856176113918,
        "5": 2418.5650231273403,
        "10": 16593.223153108574
      },
      "f_ext_mse": {
        "1": 157.692525195114,
        "2": 117.82925480819088,
        "5": 56.49158189479399,
        "10": 65.15279282992456
      }
    },
    {
      "pattern_id": 1,
      "n_timesteps": 50,
      "rho_self": 0.0,
      "SM": {
        "1": -150.98119568368296,
        "2": -96.37174400348556,
        "5": -35.43294819283455,
        "10": -18.265153161026447
      },
      "SM_capacity": 0.0,
      "SM_sal": 0.0,
      "f_self_mse": {
        "1": 162.70915094950723,
        "2": 104.95257308624173,
        "5": 43.79777033391895,
        "10": 20.773068887898514
      },
      "f_ext_mse": {
        "1": 11.727955265824278,
        "2": 8.580829082756168,
        "5": 8.364822141084396,
        "10": 2.507915726872066
      }
    },
    {
      "pattern_id": 2,
      "n_timesteps": 50,
      "rho_self": 0.10418947605026552,
      "SM": {
        "1": 30.01953325488038,
        "2": 15.567572093246675,
        "5": 12.94096901834915,
        "10": 59.96526331050062
      },
      "SM_capacity": 247.8219451635817,
      "SM_sal": Infinity,
      "f_self_mse": {
        "1": 41.05143073006358,
        "2": 50.52161760259069,
        "5": 53.29381566504189,
        "10": 101.54173033951479
      },
      "f_ext_mse": {
        "1": 71.07096398494396,
        "2": 66.08918969583736,
        "5": 66.23478468339104,
        "10": 161.5069936500154
      }
    },
    {
      "pattern_id": 3,
      "n_timesteps": 50,
      "rho_self": 0.0,
      "SM": {
        "1": 3.6557647687352386,
        "2": 21.58727541334606,
        "5": -30.559563315619044,
        "10": -14.84961431084555
      },
      "SM_capacity": 45.00243321105974,
      "SM_sal": 0.0,
      "f_self_mse": {
        "1": 20.009327493823136,
        "2": 18.116138760893623,
        "5": 67.65732779410148,
        "10": 36.35241756360737
      },
      "f_ext_mse": {
        "1": 23.665092262558375,
        "2": 39.70341417423968,
        "5": 37.09776447848243,
        "10": 21.50280325276182
      }
    },
    {
      "pattern_id": 4,
      "n_timesteps": 50,
      "rho_self": 0.0,
      "SM": {
        "1": -22442117.761297453,
        "2": -191960176.69753754,
        "5": -9.008024669786991,
        "10": -5.589618586247781
      },
      "SM_capacity": 0.0,
      "SM_sal": 0.0,
      "f_self_mse": {
        "1": 22442137.71145312,
        "2": 191960215.42094165,
        "5": 65.6220857617972,
        "10": 28.04417355904143
      },
      "f_ext_mse": {
        "1": 19.95015566677469,
        "2": 38.72340410856275,
        "5": 56.6140610920102,
        "10": 22.454554972793648
      }
    }
  ],
  "summary": {
    "mean_rho_self": 0.020837895210053102,
    "mean_SM_capacity": 58.56487567492828,
    "mean_SM_sal": 0.0,
    "n_with_self_model": 2,
    "n_with_high_rho": 1,
    "n_with_salience": 0,
    "mean_SM_by_tau": {
      "1": -4488536.950529305,
      "2": -38392213.75415937,
      "5": -484.8266016784875,
      "10": -3301.361896605254
    }
  },
  "cycle": 0
}