{
  "metadata": {
    "snapshot_path": "/Users/jacob/fun/shape-of-experience/empirical/experiments/study_ca_affect/results/v13_s123/v13_s123/snapshots/cycle_010.npz",
    "seed": 123,
    "C": 16,
    "N": 128,
    "n_recording_steps": 50,
    "tau_values": [
      1,
      2,
      5,
      10
    ],
    "n_patterns_detected": 5,
    "n_patterns_analyzed": 5,
    "cycle": 10
  },
  "patterns": [
    {
      "pattern_id": 0,
      "n_timesteps": 50,
      "rho_self": 0.0,
      "SM": {
        "1": -5052.174072296256,
        "2": -4344.978531763922,
        "5": -164.71967172361278,
        "10": -104.04353917820876
      },
      "SM_capacity": 0.0,
      "SM_sal": 0.0,
      "f_self_mse": {
        "1": 5114.596096442778,
        "2": 4462.4333456731365,
        "5": 259.94362618115053,
        "10": 229.39870123592604
      },
      "f_ext_mse": {
        "1": 62.42202414652142,
        "2": 117.45481390921505,
        "5": 95.22395445753776,
        "10": 125.35516205771728
      }
    },
    {
      "pattern_id": 1,
      "n_timesteps": 50,
      "rho_self": 0.0,
      "SM": {
        "1": -6.532027069386613,
        "2": 3.331616426489628,
        "5": -10.34050766850083,
        "10": 5.528551341285292
      },
      "SM_capacity": 20.484611206192486,
      "SM_sal": 0.0,
      "f_self_mse": {
        "1": 13.40839984039545,
        "2": 3.059663241062789,
        "5": 21.59906640587563,
        "10": 4.043635997793242
      },
      "f_ext_mse": {
        "1": 6.876372771008837,
        "2": 6.391279667552417,
        "5": 11.258558737374798,
        "10": 9.572187339078534
      }
    },
    {
      "pattern_id": 2,
      "n_timesteps": 50,
      "rho_self": 0.0,
      "SM": {
        "1": -895.6283024634766,
        "2": -565.2575919426956,
        "5": -190.52203567897197,
        "10": -989.1365692308557
      },
      "SM_capacity": 0.0,
      "SM_sal": 0.0,
      "f_self_mse": {
        "1": 898.9177914210304,
        "2": 569.0361725211815,
        "5": 193.95442467904996,
        "10": 990.9097615303274
      },
      "f_ext_mse": {
        "1": 3.28948895755382,
        "2": 3.77858057848587,
        "5": 3.4323890000779946,
        "10": 1.7731922994716751
      }
    },
    {
      "pattern_id": 3,
      "n_timesteps": 50,
      "rho_self": 0.0,
      "SM": {
        "1": 1.91055327756435,
        "2": -0.038172083182353767,
        "5": -5.08790892894653,
        "10": -29.591220803121708
      },
      "SM_capacity": 0.955276638782175,
      "SM_sal": Infinity,
      "f_self_mse": {
        "1": 2.0499729868952583,
        "2": 5.550962065144487,
        "5": 9.230791120073269,
        "10": 35.60011406338544
      },
      "f_ext_mse": {
        "1": 3.960526264459608,
        "2": 5.5127899819621335,
        "5": 4.142882191126739,
        "10": 6.008893260263735
      }
    },
    {
      "pattern_id": 4,
      "n_timesteps": 50,
      "rho_self": 0.0,
      "SM": {
        "1": 3.4118121626571973,
        "2": 7.304290502835219,
        "5": 9.792681070453039,
        "10": 5.236993811396566
      },
      "SM_capacity": 68.5776958973026,
      "SM_sal": 0.0,
      "f_self_mse": {
        "1": 6.542374782808421,
        "2": 5.187924782148562,
        "5": 5.835164018363671,
        "10": 11.129677038971138
      },
      "f_ext_mse": {
        "1": 9.954186945465619,
        "2": 12.49221528498378,
        "5": 15.62784508881671,
        "10": 16.366670850367704
      }
    }
  ],
  "summary": {
    "mean_rho_self": 0.0,
    "mean_SM_capacity": 18.003516748455453,
    "mean_SM_sal": 0.0,
    "n_with_self_model": 3,
    "n_with_high_rho": 0,
    "n_with_salience": 0,
    "mean_SM_by_tau": {
      "1": -1189.8024072777794,
      "2": -979.9276777720949,
      "5": -72.17548858591582,
      "10": -222.40115681190088
    }
  },
  "cycle": 10
}