{
  "metadata": {
    "snapshot_path": "/Users/jacob/fun/shape-of-experience/empirical/experiments/study_ca_affect/results/v13_s123/v13_s123/snapshots/cycle_025.npz",
    "seed": 123,
    "C": 16,
    "N": 128,
    "n_recording_steps": 50,
    "tau_values": [
      1,
      2,
      5,
      10
    ],
    "n_patterns_detected": 26,
    "n_patterns_analyzed": 20,
    "cycle": 25
  },
  "patterns": [
    {
      "pattern_id": 0,
      "n_timesteps": 50,
      "rho_self": 0.0,
      "SM": {
        "1": -136.39310326903572,
        "2": -338.9271731857994,
        "5": -340.887531278164,
        "10": -11.097897749008057
      },
      "SM_capacity": 0.0,
      "SM_sal": 0.0,
      "f_self_mse": {
        "1": 152.16695184909364,
        "2": 352.21819777377294,
        "5": 352.8630035514324,
        "10": 15.180659169531788
      },
      "f_ext_mse": {
        "1": 15.773848580057907,
        "2": 13.291024587973563,
        "5": 11.975472273268474,
        "10": 4.082761420523731
      }
    },
    {
      "pattern_id": 1,
      "n_timesteps": 50,
      "rho_self": 0.0,
      "SM": {
        "1": -17750.999327668138,
        "2": -480.64724633283487,
        "5": -1635.2289985065313,
        "10": -1801.1834967451325
      },
      "SM_capacity": 0.0,
      "SM_sal": 0.0,
      "f_self_mse": {
        "1": 17771.333754775413,
        "2": 491.95635669900656,
        "5": 1643.4212535362117,
        "10": 1805.3354477755806
      },
      "f_ext_mse": {
        "1": 20.334427107275154,
        "2": 11.309110366171717,
        "5": 8.192255029680414,
        "10": 4.1519510304481795
      }
    },
    {
      "pattern_id": 2,
      "n_timesteps": 50,
      "rho_self": 0.0,
      "SM": {
        "1": 43.1596051834791,
        "2": 29.055074288552774,
        "5": 54.67050653878701,
        "10": 38.90271034128419
      },
      "SM_capacity": 395.62875317720363,
      "SM_sal": Infinity,
      "f_self_mse": {
        "1": 66.21728144965375,
        "2": 65.05307448666056,
        "5": 64.46127145177647,
        "10": 22.520438344379077
      },
      "f_ext_mse": {
        "1": 109.37688663313286,
        "2": 94.10814877521334,
        "5": 119.13177799056348,
        "10": 61.423148685663264
      }
    },
    {
      "pattern_id": 3,
      "n_timesteps": 50,
      "rho_self": 0.0,
      "SM": {
        "1": 7.752933058134849,
        "2": 8.846029573538075,
        "5": -2.050316063408369,
        "10": -12.62883117466378
      },
      "SM_capacity": 21.568525676143576,
      "SM_sal": Infinity,
      "f_self_mse": {
        "1": 7.95186854812483,
        "2": 9.557489198513451,
        "5": 10.091775174600466,
        "10": 21.967993060932454
      },
      "f_ext_mse": {
        "1": 15.704801606259679,
        "2": 18.403518772051527,
        "5": 8.041459111192097,
        "10": 9.339161886268673
      }
    },
    {
      "pattern_id": 4,
      "n_timesteps": 50,
      "rho_self": 0.15736700591757058,
      "SM": {
        "1": 13.575156544692275,
        "2": 9.141219050552817,
        "5": -38.54853735836109,
        "10": 3.3067404417450916
      },
      "SM_capacity": 33.3368674778145,
      "SM_sal": Infinity,
      "f_self_mse": {
        "1": 8.636254839949606,
        "2": 19.42212211557952,
        "5": 55.06962747027476,
        "10": 100.86867983079495
      },
      "f_ext_mse": {
        "1": 22.21141138464188,
        "2": 28.563341166132336,
        "5": 16.52109011191367,
        "10": 104.17542027254004
      }
    },
    {
      "pattern_id": 5,
      "n_timesteps": 50,
      "rho_self": 0.0,
      "SM": {
        "1": -3.2586334246826,
        "2": -965.412862227903,
        "5": -45.45106777899518,
        "10": -181.59882327935964
      },
      "SM_capacity": 0.0,
      "SM_sal": Infinity,
      "f_self_mse": {
        "1": 72.38002610688761,
        "2": 1040.0151068709968,
        "5": 100.21509373815627,
        "10": 271.9369202749173
      },
      "f_ext_mse": {
        "1": 69.12139268220501,
        "2": 74.60224464309375,
        "5": 54.76402595916109,
        "10": 90.33809699555769
      }
    },
    {
      "pattern_id": 6,
      "n_timesteps": 50,
      "rho_self": 0.0,
      "SM": {
        "1": 5.258315705583563,
        "2": 3.124795906833474,
        "5": -4.2167329785081815,
        "10": -4.941301853747018
      },
      "SM_capacity": 8.878749666458729,
      "SM_sal": Infinity,
      "f_self_mse": {
        "1": 3.6673366065071704,
        "2": 7.187341138222142,
        "5": 11.19753724296796,
        "10": 9.09268418597093
      },
      "f_ext_mse": {
        "1": 8.925652312090733,
        "2": 10.312137045055616,
        "5": 6.980804264459778,
        "10": 4.151382332223911
      }
    },
    {
      "pattern_id": 7,
      "n_timesteps": 50,
      "rho_self": 0.0,
      "SM": {
        "1": -22.124869131118814,
        "2": -28.603986519448185,
        "5": -50.12058618753884,
        "10": -37.09591257683892
      },
      "SM_capacity": 0.0,
      "SM_sal": 0.0,
      "f_self_mse": {
        "1": 70.99485142012469,
        "2": 76.64738262754491,
        "5": 77.3575285476015,
        "10": 41.497858535597395
      },
      "f_ext_mse": {
        "1": 48.869982289005875,
        "2": 48.04339610809673,
        "5": 27.236942360062663,
        "10": 4.401945958758473
      }
    },
    {
      "pattern_id": 8,
      "n_timesteps": 50,
      "rho_self": 0.0,
      "SM": {
        "1": 5.1445480400304175,
        "2": 4.919265819030543,
        "5": 3.0187324178183097,
        "10": -5.993114103386208
      },
      "SM_capacity": 24.485735329349538,
      "SM_sal": Infinity,
      "f_self_mse": {
        "1": 4.7510643378078194,
        "2": 4.511614792110469,
        "5": 2.930856868127896,
        "10": 10.098342832889072
      },
      "f_ext_mse": {
        "1": 9.895612377838237,
        "2": 9.430880611141012,
        "5": 5.949589285946206,
        "10": 4.105228729502864
      }
    },
    {
      "pattern_id": 9,
      "n_timesteps": 50,
      "rho_self": 0.0,
      "SM": {
        "1": 8.233739700298752,
        "2": 3.5725138192031167,
        "5": -6026.383735295205,
        "10": -2142.2144811698226
      },
      "SM_capacity": 11.26189748855561,
      "SM_sal": Infinity,
      "f_self_mse": {
        "1": 6.674609196655422,
        "2": 12.084300771239985,
        "5": 6041.428709821281,
        "10": 2170.344183152584
      },
      "f_ext_mse": {
        "1": 14.908348896954175,
        "2": 15.656814590443101,
        "5": 15.044974526075473,
        "10": 28.129701982761322
      }
    },
    {
      "pattern_id": 10,
      "n_timesteps": 50,
      "rho_self": 0.010687244339143222,
      "SM": {
        "1": 27.210341287870584,
        "2": -56.293578142727355,
        "5": -15.515887039807993,
        "10": -38.01395487887189
      },
      "SM_capacity": 13.605170643935292,
      "SM_sal": Infinity,
      "f_self_mse": {
        "1": 44.78915779758001,
        "2": 108.56689978552211,
        "5": 58.77594036739534,
        "10": 57.06964884543508
      },
      "f_ext_mse": {
        "1": 71.9994990854506,
        "2": 52.273321642794755,
        "5": 43.26005332758735,
        "10": 19.05569396656319
      }
    },
    {
      "pattern_id": 11,
      "n_timesteps": 50,
      "rho_self": 0.0,
      "SM": {
        "1": 3.597515948315978,
        "2": 3.1771977841384373,
        "5": 0.5061314427183126,
        "10": 1.1049133646982972
      },
      "SM_capacity": 12.939962725053856,
      "SM_sal": Infinity,
      "f_self_mse": {
        "1": 1.5629360984186809,
        "2": 2.7743763254538285,
        "5": 7.100820459971355,
        "10": 4.991891696978267
      },
      "f_ext_mse": {
        "1": 5.160452046734659,
        "2": 5.951574109592266,
        "5": 7.6069519026896675,
        "10": 6.096805061676564
      }
    },
    {
      "pattern_id": 12,
      "n_timesteps": 50,
      "rho_self": 0.0,
      "SM": {
        "1": 4.2783319057168185,