{
  "metadata": {
    "snapshot_path": "/Users/jacob/fun/shape-of-experience/empirical/experiments/study_ca_affect/results/v13_s123/v13_s123/snapshots/cycle_005.npz",
    "seed": 123,
    "C": 16,
    "N": 128,
    "n_recording_steps": 50,
    "tau_values": [
      1,
      2,
      5,
      10
    ],
    "n_patterns_detected": 18,
    "n_patterns_analyzed": 18,
    "cycle": 5
  },
  "patterns": [
    {
      "pattern_id": 0,
      "n_timesteps": 50,
      "rho_self": 0.0,
      "SM": {
        "1": 8.4288081047626,
        "2": -2.259931085885807,
        "5": -22.86360267557948,
        "10": -595.6946977574515
      },
      "SM_capacity": 4.2144040523813,
      "SM_sal": 0.0,
      "f_self_mse": {
        "1": 15.265781309876951,
        "2": 27.489512377228174,
        "5": 52.48331110545119,
        "10": 665.4453305990278
      },
      "f_ext_mse": {
        "1": 23.69458941463955,
        "2": 25.229581291342367,
        "5": 29.619708429871714,
        "10": 69.75063284157628
      }
    },
    {
      "pattern_id": 1,
      "n_timesteps": 50,
      "rho_self": 0.0,
      "SM": {
        "1": -953.6599301113362,
        "2": -19467.129832182552,
        "5": -7062.989918100587,
        "10": -31.242579723224857
      },
      "SM_capacity": 0.0,
      "SM_sal": 0.0,
      "f_self_mse": {
        "1": 1051.917873859003,
        "2": 19572.817882556687,
        "5": 7155.155936321738,
        "10": 67.50111577106587
      },
      "f_ext_mse": {
        "1": 98.25794374766689,
        "2": 105.68805037413517,
        "5": 92.16601822115179,
        "10": 36.25853604784101
      }
    },
    {
      "pattern_id": 2,
      "n_timesteps": 50,
      "rho_self": 0.0,
      "SM": {
        "1": -203.68142288625668,
        "2": -3637.586162760109,
        "5": -115.23540572468805,
        "10": -141.772881656414
      },
      "SM_capacity": 0.0,
      "SM_sal": 0.0,
      "f_self_mse": {
        "1": 283.37723285992524,
        "2": 3734.383390712068,
        "5": 145.43733216025194,
        "10": 178.52749649889284
      },
      "f_ext_mse": {
        "1": 79.69580997366856,
        "2": 96.79722795195912,
        "5": 30.201926435563895,
        "10": 36.75461484247885
      }
    },
    {
      "pattern_id": 3,
      "n_timesteps": 50,
      "rho_self": 0.0,
      "SM": {
        "1": 14.966245700169523,
        "2": -19.904567252209077,
        "5": -150.39058985581187,
        "10": -99.77140322696074
      },
      "SM_capacity": 7.4831228500847615,
      "SM_sal": Infinity,
      "f_self_mse": {
        "1": 19.519136322629173,
        "2": 75.45633795332105,
        "5": 195.58292901289124,
        "10": 148.86321893987156
      },
      "f_ext_mse": {
        "1": 34.485382022798696,
        "2": 55.55177070111198,
        "5": 45.19233915707938,
        "10": 49.091815712910815
      }
    },
    {
      "pattern_id": 4,
      "n_timesteps": 50,
      "rho_self": 0.0,
      "SM": {
        "1": 6.833080238021586,
        "2": 5.412355113057537,
        "5": 0.4016431323817091,
        "10": -0.6900200517954049
      },
      "SM_capacity": 15.847822874652703,
      "SM_sal": 0.008308720610978638,
      "f_self_mse": {
        "1": 6.197460416608824,
        "2": 7.649373042361776,
        "5": 6.720892172416138,
        "10": 6.043117840362827
      },
      "f_ext_mse": {
        "1": 13.03054065463041,
        "2": 13.061728155419313,
        "5": 7.1225353047978475,
        "10": 5.353097788567422
      }
    },
    {
      "pattern_id": 5,
      "n_timesteps": 50,
      "rho_self": 0.0,
      "SM": {
        "1": -1771.2375229158108,
        "2": -26670.189924211183,
        "5": -1923.211283084916,
        "10": -43.94582219520383
      },
      "SM_capacity": 0.0,
      "SM_sal": 0.0,
      "f_self_mse": {
        "1": 1848.143010991676,
        "2": 26733.536419018004,
        "5": 1976.7970664436366,
        "10": 105.10355449670024
      },
      "f_ext_mse": {
        "1": 76.90548807586512,
        "2": 63.34649480682056,
        "5": 53.585783358720604,
        "10": 61.15773230149641
      }
    },
    {
      "pattern_id": 6,
      "n_timesteps": 50,
      "rho_self": 0.0,
      "SM": {
        "1": -302.755016878115,
        "2": -1054.5304390556455,
        "5": -30.77969995115572,
        "10": -392.2710999414198
      },
      "SM_capacity": 0.0,
      "SM_sal": 0.0,
      "f_self_mse": {
        "1": 345.0629151087401,
        "2": 1102.942158613479,
        "5": 97.42494074556235,
        "10": 473.18218995047226
      },
      "f_ext_mse": {
        "1": 42.307898230625156,
        "2": 48.41171955783348,
        "5": 66.64524079440663,
        "10": 80.9110900090525
      }
    },
    {
      "pattern_id": 7,
      "n_timesteps": 50,
      "rho_self": 0.0,
      "SM": {
        "1": -2063249.6341027238,
        "2": -11017207.823227732,
        "5": -147003.41346312806,
        "10": 40.941751032217354
      },
      "SM_capacity": 102.35437758054339,
      "SM_sal": 0.0,
      "f_self_mse": {
        "1": 2063340.650024044,
        "2": 11017340.250550134,
        "5": 147059.9750021735,
        "10": 118.06913448547971
      },
      "f_ext_mse": {
        "1": 91.01592132028289,
        "2": 132.42732240231246,
        "5": 56.56153904545248,
        "10": 159.01088551769706
      }
    },
    {
      "pattern_id": 8,
      "n_timesteps": 50,
      "rho_self": 0.0,
      "SM": {
        "1": 3.5912173388131343,
        "2": 7.218361752930967,
        "5": 12.623298139648092,
        "10": 6.011402586458125
      },
      "SM_capacity": 81.75403120000618,
      "SM_sal": Infinity,
      "f_self_mse": {
        "1": 8.392797044618238,
        "2": 8.95314568658755,
        "5": 20.797956139811724,
        "10": 10.342860958749572
      },
      "f_ext_mse": {
        "1": 11.984014383431372,
        "2": 16.171507439518518,
        "5": 33.421254279459816,
        "10": 16.354263545207697
      }
    },
    {
      "pattern_id": 9,
      "n_timesteps": 50,
      "rho_self": 0.0,
      "SM": {
        "1": -147.54247026683072,
        "2": -2254.8550517257363,
        "5": -214.47668378528687,
        "10": -18977.413823614643
      },
      "SM_capacity": 0.0,
      "SM_sal": 0.0,
      "f_self_mse": {
        "1": 231.88426093146987,
        "2": 2345.050304214888,
        "5": 294.7773416936541,
        "10": 19152.92212723077
      },
      "f_ext_mse": {
        "1": 84.34179066463915,
        "2": 90.19525248915173,
        "5": 80.3006579083672,
        "10": 175.5083036161272
      }
    },
    {
      "pattern_id": 10,
      "n_timesteps": 50,
      "rho_self": 0.0,
      "SM": {
        "1": 4.070753580732985,
        "2": 5.042159341664349,
        "5": -1.4406336556841675,
        "10": 0.4328544691287095
      },
      "SM_capacity": 13.201831646516965,
      "SM_sal": Infinity,
      "f_self_mse": {
        "1": 4.535266685301176,
        "2": 2.905842772663351,
        "5": 5.9536988508059965,
        "10": 1.906596067227825
      },
      "f_ext_mse": {
        "1": 8.606020266034161,
        "2": 7.9480021143277,
        "5": 4.513065195121829,
        "10": 2.3394505363565345
      }
    },
    {
      "pattern_id": 11,
      "n_timesteps": 50,
      "rho_self": 0.03883879571376555,
      "SM": {
        "1": 28.39455643990142,
        "2": -238.69559449314792,
        "5": -343.83058437587323,
        "10": -15.45024452773638
      },
      "SM_capacity": 14.19727821995071,
      "SM_sal": 0.0,
      "f_self_mse": {
        "1": 61.896638138763876,
        "2": 319.7529736488862,
        "5": 485.8139060155556,
        "10": 61.47651308350267
      },
      "f_ext_mse": {
        "1": 90.2911945786653,
        "2": 81.05737915573829,
        "5": 141.98332163968234,
        "10": 46.026268555766286
      }
    },
    {
      "pattern_id": 12,
      "n_timesteps": 50,
      "rho_self": 0.0,
      "SM": {
        "1": 4.554352358795219,
        "2": 3.3943122383956883,