{
  "metadata": {
    "snapshot_path": "/Users/jacob/fun/shape-of-experience/empirical/experiments/study_ca_affect/results/v13_s123/v13_s123/snapshots/cycle_015.npz",
    "seed": 123,
    "C": 16,
    "N": 128,
    "n_recording_steps": 50,
    "tau_values": [
      1,
      2,
      5,
      10
    ],
    "n_patterns_detected": 6,
    "n_patterns_analyzed": 6,
    "cycle": 15
  },
  "patterns": [
    {
      "pattern_id": 0,
      "n_timesteps": 50,
      "rho_self": 0.0,
      "SM": {
        "1": -27.097097408453003,
        "2": -181.94183481288582,
        "5": -17.487189526393216,
        "10": -40.247038290030915
      },
      "SM_capacity": 0.0,
      "SM_sal": 0.0,
      "f_self_mse": {
        "1": 56.97404390401323,
        "2": 214.32736953726672,
        "5": 43.57187279440602,
        "10": 86.91900425983847
      },
      "f_ext_mse": {
        "1": 29.876946495560226,
        "2": 32.38553472438091,
        "5": 26.084683268012803,
        "10": 46.67196596980756
      }
    },
    {
      "pattern_id": 1,
      "n_timesteps": 50,
      "rho_self": 0.0,
      "SM": {
        "1": 0.9407251337272955,
        "2": 0.9216295813479372,
        "5": -101.99998605284291,
        "10": -29.352136214263854
      },
      "SM_capacity": 2.313621729559522,
      "SM_sal": 0.0,
      "f_self_mse": {
        "1": 5.976616753007428,
        "2": 4.967814371139316,
        "5": 110.93241804023845,
        "10": 35.906382155004415
      },
      "f_ext_mse": {
        "1": 6.917341886734723,
        "2": 5.8894439524872535,
        "5": 8.932431987395535,
        "10": 6.554245940740562
      }
    },
    {
      "pattern_id": 2,
      "n_timesteps": 50,
      "rho_self": 0.2628035885879062,
      "SM": {
        "1": -3.845595965575921,
        "2": 7.962329420713357,
        "5": 5.6639077725627045,
        "10": 6.645650323494988
      },
      "SM_capacity": 55.194415740415,
      "SM_sal": Infinity,
      "f_self_mse": {
        "1": 26.010115012733888,
        "2": 5.704856024250151,
        "5": 4.455143955943648,
        "10": 4.955978515628643
      },
      "f_ext_mse": {
        "1": 22.164519047157967,
        "2": 13.667185444963508,
        "5": 10.119051728506353,
        "10": 11.60162883912363
      }
    },
    {
      "pattern_id": 3,
      "n_timesteps": 50,
      "rho_self": 0.0,
      "SM": {
        "1": 2.7021139484774386,
        "2": -3.1244194097810567,
        "5": -3.5450572047633937,
        "10": -1.957842759338666
      },
      "SM_capacity": 1.3510569742387193,
      "SM_sal": Infinity,
      "f_self_mse": {
        "1": 6.602409892702073,
        "2": 11.756284065658267,
        "5": 9.23289469536234,
        "10": 5.841158048928432
      },
      "f_ext_mse": {
        "1": 9.304523841179511,
        "2": 8.63186465587721,
        "5": 5.687837490598946,
        "10": 3.883315289589766
      }
    },
    {
      "pattern_id": 4,
      "n_timesteps": 50,
      "rho_self": 0.0,
      "SM": {
        "1": -21.502667245771164,
        "2": -66.41980156218895,
        "5": -3074.9839914389886,
        "10": -675.5680594066021
      },
      "SM_capacity": 0.0,
      "SM_sal": Infinity,
      "f_self_mse": {
        "1": 75.41365101890314,
        "2": 150.65497149478728,
        "5": 3142.3769615113683,
        "10": 928.2070595587759
      },
      "f_ext_mse": {
        "1": 53.910983773131974,
        "2": 84.23516993259832,
        "5": 67.39297007237957,
        "10": 252.63900015217376
      }
    },
    {
      "pattern_id": 5,
      "n_timesteps": 50,
      "rho_self": 0.0,
      "SM": {
        "1": 7.51271474944946,
        "2": 5.295210588897986,
        "5": -23.780425296864024,
        "10": -532.4666081527007
      },
      "SM_capacity": 14.346778552520702,
      "SM_sal": Infinity,
      "f_self_mse": {
        "1": 2.1018821458088333,
        "2": 2.565504008093913,
        "5": 30.423902579876163,
        "10": 542.7857146371591
      },
      "f_ext_mse": {
        "1": 9.614596895258293,
        "2": 7.860714596991899,
        "5": 6.643477283012137,
        "10": 10.319106484458471
      }
    }
  ],
  "summary": {
    "mean_rho_self": 0.04380059809798437,
    "mean_SM_capacity": 12.20097883278899,
    "mean_SM_sal": 0.0,
    "n_with_self_model": 4,
    "n_with_high_rho": 1,
    "n_with_salience": 0,
    "mean_SM_by_tau": {
      "1": -6.881634464690983,
      "2": -39.55114769898276,
      "5": -536.0221236245483,
      "10": -212.15767241657355
    }
  },
  "cycle": 15
}