{
  "metadata": {
    "snapshot_path": "/Users/jacob/fun/shape-of-experience/empirical/experiments/study_ca_affect/results/v13_s123/v13_s123/snapshots/cycle_020.npz",
    "seed": 123,
    "C": 16,
    "N": 128,
    "n_recording_steps": 50,
    "tau_values": [
      1,
      2,
      5,
      10
    ],
    "n_patterns_detected": 3,
    "n_patterns_analyzed": 3,
    "cycle": 20
  },
  "patterns": [
    {
      "pattern_id": 0,
      "n_timesteps": 50,
      "rho_self": 0.0,
      "SM": {
        "1": 56.583919199941164,
        "2": -3.6058138240695,
        "5": -14.678539223714196,
        "10": -110.0526378190698
      },
      "SM_capacity": 28.291959599970582,
      "SM_sal": Infinity,
      "f_self_mse": {
        "1": 30.2872230170928,
        "2": 41.06677528730209,
        "5": 67.8970165710081,
        "10": 156.9844750560194
      },
      "f_ext_mse": {
        "1": 86.87114221703396,
        "2": 37.46096146323259,
        "5": 53.2184773472939,
        "10": 46.93183723694959
      }
    },
    {
      "pattern_id": 1,
      "n_timesteps": 50,
      "rho_self": 0.0,
      "SM": {
        "1": 62.21360517086362,
        "2": 107.67334968383221,
        "5": -20.962349913862084,
        "10": 47.20264211626733
      },
      "SM_capacity": 364.4601072437646,
      "SM_sal": 2.2763510841851224,
      "f_self_mse": {
        "1": 29.860546077590037,
        "2": 70.6331705051742,
        "5": 129.87484509518876,
        "10": 100.62102065493141
      },
      "f_ext_mse": {
        "1": 92.07415124845366,
        "2": 178.30652018900642,
        "5": 108.91249518132668,
        "10": 147.82366277119874
      }
    },
    {
      "pattern_id": 2,
      "n_timesteps": 50,
      "rho_self": 0.0,
      "SM": {
        "1": -30.338778334545047,
        "2": -42.01945954362036,
        "5": -510.21677245185765,
        "10": 1.4150069972380983
      },
      "SM_capacity": 3.5375174930952458,
      "SM_sal": 0.0,
      "f_self_mse": {
        "1": 66.19342547001062,
        "2": 79.04519138960967,
        "5": 591.7280294729283,
        "10": 14.947632712502607
      },
      "f_ext_mse": {
        "1": 35.85464713546558,
        "2": 37.02573184598931,
        "5": 81.51125702107062,
        "10": 16.362639709740705
      }
    }
  ],
  "summary": {
    "mean_rho_self": 0.0,
    "mean_SM_capacity": 132.09652811227681,
    "mean_SM_sal": 1.1381755420925612,
    "n_with_self_model": 3,
    "n_with_high_rho": 0,
    "n_with_salience": 1,
    "mean_SM_by_tau": {
      "1": 29.486248678753242,
      "2": 20.682692105380784,
      "5": -181.95255386314466,
      "10": -20.47832956852146
    }
  },
  "cycle": 20
}