{
  "seed": 4,
  "experiment": "v29_social_prediction",
  "cycle": 29,
  "config": {
    "N": 128,
    "M_max": 256,
    "obs_radius": 2,
    "embed_dim": 24,
    "hidden_dim": 16,
    "n_actions": 7,
    "K_max": 8,
    "predict_hidden": 8,
    "resource_regen": 0.002,
    "signal_decay": 0.04,
    "signal_diffusion": 0.15,
    "metabolic_cost": 0.0004,
    "initial_energy": 1.0,
    "resource_value": 1.5,
    "initial_resource": 0.5,
    "stress_regen": 0.0002,
    "mutation_std": 0.03,
    "tournament_size": 4,
    "elite_fraction": 0.5,
    "activate_offspring": true,
    "drought_every": 5,
    "drought_depletion": 0.01,
    "drought_regen": 0.0,
    "lamarckian": false,
    "grad_every": 1,
    "chunk_size": 50,
    "steps_per_cycle": 5000,
    "n_cycles": 30,
    "obs_side": 5,
    "obs_flat": 76,
    "n_params": 4186
  },
  "cycles": [
    {
      "cycle": 0,
      "n_alive_start": 64,
      "n_alive_end": 64,
      "mortality": 0.0,
      "mean_phi": 0.07121853455901146,
      "mean_pred_mse": 0.075771484805754,
      "pred_mse_early": 0.15154293686228534,
      "pred_mse_late": 3.274922267593183e-08,
      "phi_base": 0.06922658383846284,
      "phi_stress": 0.06921228915452957,
      "robustness": 0.9997935087485087,
      "mean_entropy": 2.07548189163208,
      "mean_effective_K": 7.968400955200195,
      "mean_lr": 0.0049269055016338825,
      "mean_drift": 1.5287322998046875,
      "elapsed_s": 10.359009504318237
    },
    {
      "cycle": 1,
      "n_alive_start": 256,
      "n_alive_end": 256,
      "mortality": 0.0,
      "mean_phi": 0.07614238336682319,
      "mean_pred_mse": 0.08469735129540432,
      "pred_mse_early": 0.16939462390501234,
      "pred_mse_late": 7.868579629644046e-08,
      "phi_base": 0.07531735301017761,
      "phi_stress": 0.07532748430967331,
      "robustness": 1.000134514810874,
      "mean_entropy": 2.075132369995117,
      "mean_effective_K": 7.965619087219238,
      "mean_lr": 0.004919254221022129,
      "mean_drift": 1.50958251953125,
      "elapsed_s": 5.7810609340667725
    },
    {
      "cycle": 2,
      "n_alive_start": 256,
      "n_alive_end": 256,
      "mortality": 0.0,
      "mean_phi": 0.0834257073700428,
      "mean_pred_mse": 0.07462816399791826,
      "pred_mse_early": 0.1492561979695931,
      "pred_mse_late": 1.3002624342561832e-07,
      "phi_base": 0.08299553394317627,
      "phi_stress": 0.08304151445627213,
      "robustness": 1.0005540118957164,
      "mean_entropy": 2.074389696121216,
      "mean_effective_K": 7.959712982177734,
      "mean_lr": 0.004999777302145958,
      "mean_drift": 1.4888136386871338,
      "elapsed_s": 5.703058481216431
    },
    {
      "cycle": 3,
      "n_alive_start": 256,
      "n_alive_end": 256,
      "mortality": 0.0,
      "mean_phi": 0.09366776496171951,
      "mean_pred_mse": 0.07502625624021278,
      "pred_mse_early": 0.1500523193576862,
      "pred_mse_late": 1.9312273934701808e-07,
      "phi_base": 0.09299889355897903,
      "phi_stress": 0.09304337352514266,
      "robustness": 1.000478284896319,
      "mean_entropy": 2.0739688873291016,
      "mean_effective_K": 7.956374168395996,
      "mean_lr": 0.005028182175010443,
      "mean_drift": 1.4662790298461914,
      "elapsed_s": 5.72322416305542
    },
    {
      "cycle": 4,
      "n_alive_start": 256,
      "n_alive_end": 256,
      "mortality": 0.0,
      "mean_phi": 0.09749917760491371,
      "mean_pred_mse": 0.07453622263613453,
      "pred_mse_early": 0.149072030925783,
      "pred_mse_late": 4.143464860817403e-07,
      "phi_base": 0.09695752561092377,
      "phi_stress": 0.09700341522693634,
      "robustness": 1.0004732960718976,
      "mean_entropy": 2.0733067989349365,
      "mean_effective_K": 7.951130390167236,
      "mean_lr": 0.005011224187910557,
      "mean_drift": 1.4422857761383057,
      "elapsed_s": 5.739242315292358
    },
    {
      "cycle": 5,
      "n_alive_start": 256,
      "n_alive_end": 30,
      "mortality": 0.8828125,
      "mean_phi": 0.09859053939580917,
      "mean_pred_mse": 0.04471374257467687,
      "pred_mse_early": 0.07316031530499459,
      "pred_mse_late": 0.01626716984435916,
      "phi_base": 0.07957718223333358,
      "phi_stress": 0.07685206979513168,
      "robustness": 0.9657551026346796,
      "mean_entropy": 2.071702003479004,
      "mean_effective_K": 7.938389301300049,
      "mean_lr": 0.005040272604674101,
      "mean_drift": 0.2510906159877777,
      "elapsed_s": 6.14349102973938
    },
    {
      "cycle": 6,
      "n_alive_start": 256,
      "n_alive_end": 256,
      "mortality": 0.0,
      "mean_phi": 0.09037195146083832,
      "mean_pred_mse": 0.06861885220287775,
      "pred_mse_early": 0.13723702749990252,
      "pred_mse_late": 6.769058529698668e-07,
      "phi_base": 0.0921685129404068,
      "phi_stress": 0.09217058420181275,
      "robustness": 1.0000224725488116,
      "mean_entropy": 2.070514678955078,
      "mean_effective_K": 7.929016590118408,
      "mean_lr": 0.005124387796968222,
      "mean_drift": 1.365938425064087,
      "elapsed_s": 5.692440032958984
    },
    {
      "cycle": 7,
      "n_alive_start": 256,
      "n_alive_end": 256,
      "mortality": 0.0,
      "mean_phi": 0.08869692087173461,
      "mean_pred_mse": 0.07911005815169574,
      "pred_mse_early": 0.15821920800834618,
      "pred_mse_late": 9.082950452921068e-07,
      "phi_base": 0.0903345763683319,
      "phi_stress": 0.09021532535552979,
      "robustness": 0.9986798962523953,
      "mean_entropy": 2.070246934890747,
      "mean_effective_K": 7.926908016204834,
      "mean_lr": 0.005159925203770399,
      "mean_drift": 1.3437724113464355,
      "elapsed_s": 5.780742883682251
    },
    {
      "cycle": 8,
      "n_alive_start": 256,
      "n_alive_end": 256,
      "mortality": 0.0,
      "mean_phi": 0.08189490139484405,
      "mean_pred_mse": 0.07879074143776506,
      "pred_mse_early": 0.15758018915528738,
      "pred_mse_late": 1.2937202427565353e-06,
      "phi_base": 0.08301307260990143,
      "phi_stress": 0.08301522135734558,
      "robustness": 1.000025884446589,
      "mean_entropy": 2.0689804553985596,
      "mean_effective_K": 7.9169182777404785,
      "mean_lr": 0.005157898645848036,
      "mean_drift": 1.3273792266845703,
      "elapsed_s": 5.817455530166626
    },
    {
      "cycle": 9,
      "n_alive_start": 256,
      "n_alive_end": 256,
      "mortality": 0.0,
      "mean_phi": 0.08667310625314713,
      "mean_pred_mse": 0.07574727514972551,
      "pred_mse_early": 0.15149261614987153,
      "pred_mse_late": 1.9341495794833464e-06,
      "phi_base": 0.08753960132598877,
      "phi_stress": 0.08747216314077377,
      "robustness": 0.9992296265439471,
      "mean_entropy": 2.0688343048095703,
      "mean_effective_K": 7.915755271911621,
      "mean_lr": 0.0051409220322966576,
      "mean_drift": 1.3037879467010498,
      "elapsed_s": 5.795204162597656
    },
    {
      "cycle": 10,
      "n_alive_start": 256,
      "n_alive_end": 11,
      "mortality": 0.95703125,
      "mean_phi": 0.08443651869893073,
      "mean_pred_mse": 0.027470362861931788,
      "pred_mse_early": 0.04498139465227723,
      "pred_mse_late": 0.009959331071586348,
      "phi_base": 0.06140404939651489,
      "phi_stress": 0.06902547255158424,
      "robustness": 1.1241192271515226,
      "mean_entropy": 2.0678462982177734,
      "mean_effective_K": 7.908023357391357,
      "mean_lr": 0.005265821237117052,
      "mean_drift": 0.14924101531505585,
      "elapsed_s": 6.284486293792725
    },
    {
      "cycle": 11,
      "n_alive_start": 256,
      "n_alive_end": 256,
      "mortality": 0.0,
      "mean_phi": 0.0609126590192318,
      "mean_pred_mse": 0.05887775764433172,
      "pred_mse_early": 0.11775288220770108,
      "pred_mse_late": 2.6330809623686944e-06,
      "phi_base": 0.060610943287611005,
      "phi_stress": 0.060750174522399905,
      "robustness": 1.0022971303074466,
      "mean_entropy": 2.0682616233825684,