{
  "metadata": {
    "substrate": "v15",
    "seed": 42,
    "C": 16,
    "N": 128,
    "snapshot_path": "/Users/jacob/fun/shape-of-experience/empirical/experiments/study_ca_affect/results/v15_s42/snapshots/cycle_020.npz",
    "experiment": "counterfactual"
  },
  "n_results": 1,
  "cycle": 20,
  "results": [
    {
      "pattern_id": 0,
      "n_timesteps": 50,
      "mean_rho_sync": -0.012787688875152749,
      "std_rho_sync": 0.15519930605227555,
      "n_detachment_events": 1,
      "detachment_fraction": 0.9591836734693877,
      "I_img": 0.0,
      "H_branch": 1.2058279689615141,
      "rho_sync_trajectory": [
        -0.25925207138061523,
        0.030515534803271294,
        0.24167369306087494,
        0.06554615497589111,
        -0.00015353065100498497,
        -0.0884656310081482,
        0.10825195163488388,
        0.000897772260941565,
        0.0014663554029539227,
        -0.0009316302603110671,
        -0.0018455610843375325,
        0.00146379298530519,
        0.0003335720975883305,
        -0.0002758430491667241,
        0.0005122428410686553,
        0.0006872647209092975,
        -0.00014309493417385966,
        -0.00037569133564829826,
        -0.0002623125910758972,
        0.0013057638425379992,
        -0.0005526731256395578,
        0.0001194211799884215,
        -0.000313100143102929,
        -0.000344102387316525,
        -0.0001322602911386639,
        -0.0019020764157176018,
        0.0008194691617973149,
        -0.0024253898300230503,
        -0.0011487470474094152,
        -0.15157794952392578,
        -0.07356969267129898,
        0.06258995831012726,
        0.0013846694491803646,
        -0.37885138392448425,
        0.23561720550060272,
        0.000786446500569582,
        -0.0020469347946345806,
        0.001507182139903307,
        -0.00051870197057724,
        0.0011046479921787977,
        -0.00019515167514327914,
        0.00017033029871527106,
        -0.0006623811204917729,
        -0.0899561196565628,
        0.049276527017354965,
        -0.002897699596360326,
        -0.7779971957206726,
        0.43554502725601196,
        -0.03137481212615967
      ]
    }
  ]
}