{
  "metadata": {
    "substrate": "v15",
    "seed": 42,
    "C": 16,
    "N": 128,
    "snapshot_path": "/Users/jacob/fun/shape-of-experience/empirical/experiments/study_ca_affect/results/v15_s42/snapshots/cycle_025.npz",
    "experiment": "counterfactual"
  },
  "n_results": 4,
  "cycle": 25,
  "results": [
    {
      "pattern_id": 0,
      "n_timesteps": 50,
      "mean_rho_sync": -0.023178476401324366,
      "std_rho_sync": 0.1439387767795274,
      "n_detachment_events": 3,
      "detachment_fraction": 0.9591836734693877,
      "I_img": 0.0,
      "H_branch": 0.7616594145770726,
      "rho_sync_trajectory": [
        -0.0015559637686237693,
        0.0008950757910497487,
        -0.0017379161436110735,
        -0.00145160558167845,
        -0.002374206203967333,
        0.0014647325733676553,
        0.0011046311119571328,
        -0.07702165842056274,
        0.01881600171327591,
        -0.004017876926809549,
        -0.34985706210136414,
        -0.49757856130599976,
        0.39924657344818115,
        0.05155549570918083,
        0.00032763052149675786,
        0.0009457384003326297,
        0.0007176111685112119,
        -0.0006461971788667142,
        -0.0009211670840159059,
        0.0007949054124765098,
        -0.0009613618603907526,
        -0.05896623432636261,
        -0.44151532649993896,
        0.3395969867706299,
        0.0024992418475449085,
        -5.815979966428131e-05,
        0.0007147136493586004,
        0.001629552454687655,
        -0.00018177306628786027,
        0.0005748761468566954,
        -0.0011946465820074081,
        -0.0028614148031920195,
        0.002213375875726342,
        -0.003508802270516753,
        -0.0015520354500040412,
        -0.0010410381946712732,
        0.0016219058306887746,
        -0.002265894552692771,
        -0.14824163913726807,
        0.06969954073429108,
        -0.0006504901102744043,
        0.00034814831451512873,
        -0.0005009147571399808,
        0.0006126436055637896,
        0.00014907940931152552,
        -0.0014798397896811366,
        -0.000731954351067543,
        -0.02608698047697544,
        -0.40231308341026306
      ]
    },
    {
      "pattern_id": 1,
      "n_timesteps": 50,
      "mean_rho_sync": -0.006960333148786698,
      "std_rho_sync": 0.17697993908970297,
      "n_detachment_events": 2,
      "detachment_fraction": 0.9387755102040817,
      "I_img": 0.0,
      "H_branch": 0.46361102203882204,
      "rho_sync_trajectory": [
        -0.008622180670499802,
        -0.0002720745396800339,
        -0.0006339659448713064,
        -0.7249774932861328,
        -0.35994261503219604,
        0.6559241414070129,
        -0.2479792684316635,
        0.431374728679657,
        -0.002011730335652828,
        -0.03354001045227051,
        0.02447282150387764,
        0.0004359846352599561,
        -0.0030269166454672813,
        -0.2804727852344513,
        0.2940656244754791,
        0.00041127426084131,
        -0.0006832446088083088,
        -0.00024406876764260232,
        8.146015170495957e-05,
        -0.00026075594360008836,
        0.0010082152439281344,
        -0.000906520988792181,
        0.0010920121567323804,
        0.0006531141698360443,
        0.0009829517221078277,
        -0.0007959784124977887,
        0.000915197771973908,
        -0.0007533819298259914,
        -0.0005863934638909996,
        0.00010665650916052982,
        0.0001986777497222647,
        0.0001087376440409571,
        -0.0001617387606529519,
        0.00035935535561293364,
        0.00017147370090242475,
        0.0004654127696994692,
        -0.0004411126137711108,
        6.279106310103089e-05,
        -0.17916305363178253,
        0.06642836332321167,
        0.026532605290412903,
        -0.0008501720731146634,
        0.0008966688765212893,
        -0.00012807232269551605,
        0.00020819532801397145,
        0.0007934716413728893,
        -4.535835250862874e-05,
        -0.0005902989068999887,
        -0.0017170683713629842
      ]
    },
    {
      "pattern_id": 2,
      "n_timesteps": 50,
      "mean_rho_sync": -0.016567944499317436,
      "std_rho_sync": 0.17615275489573026,
      "n_detachment_events": 3,
      "detachment_fraction": 0.9591836734693877,
      "I_img": 0.0,
      "H_branch": 0.6579648749165165,
      "rho_sync_trajectory": [
        -0.002420138567686081,
        0.0007099657668732107,
        0.0018087818752974272,
        -0.0008506061276420951,
        -0.0018798982491716743,
        -0.6212753653526306,
        0.5740256309509277,
        -0.0009422856383025646,
        0.0005805918481200933,
        -0.0010884804651141167,
        0.001069805701263249,
        -5.522355786524713e-05,
        -0.0007585795829072595,
        0.0008347109542228281,
        0.00019782976596616209,
        -0.0003537710290402174,
        -0.0007217846577987075,
        -0.00022163669927977026,
        -0.24331426620483398,
        -0.0957791656255722,
        0.45509663224220276,
        0.0023243916220963,
        -0.003325636964291334,
        -0.30132684111595154,
        0.18891912698745728,
        -0.2594054341316223,
        0.09916536509990692,
        0.002147440565750003,
        -0.0007111725863069296,
        0.0016411775723099709,
        -0.14003950357437134,
        -0.2822672426700592,
        0.033944353461265564,
        -0.17630478739738464,
        0.14740212261676788,
        0.10051921755075455,
        -0.0013458143221214414,
        -2.881328146031592e-05,
        -0.3964404761791229,
        -0.004680438432842493,
        0.10390285402536392,
        0.041138939559459686,
        0.0010743438033387065,
        0.0008377493359148502,
        -0.0008755319868214428,
        -0.0697542354464531,
        0.03712128847837448,
        0.00013811881945002824,
        -0.00026258922298438847
      ]
    },
    {
      "pattern_id": 3,
      "n_timesteps": 50,
      "mean_rho_sync": 0.015702645522335898,
      "std_rho_sync": 0.18248470605746125,
      "n_detachment_events": 3,
      "detachment_fraction": 0.8979591836734694,
      "I_img": 0.06975567363043905,
      "H_branch": 0.3919039961110979,
      "rho_sync_trajectory": [
        -0.1586945354938507,
        0.3125757575035095,
        -0.0013993948232382536,
        -0.1386931836605072,
        0.1044146791100502,
        -0.020558616146445274,
        0.007913842797279358,
        0.001211342983879149,
        0.00024928434868343174,
        -0.06483019888401031,
        0.19223210215568542,
        0.0005001663812436163,
        -0.3412197232246399,
        0.3854498863220215,
        -0.0026691362727433443,
        0.00282603339292109,
        -0.001590226893313229,
        0.0008169873035512865,
        -0.0014285017969086766,
        0.0007500119972974062,
        -0.0021314029581844807,
        -0.0005231257528066635,
        -2.871891592803877e-05,
        -0.0005294025759212673,
        0.0007050746935419738,
        -0.0005415902705863118,
        -0.0004307380295358598,
        -5.634951958199963e-05,
        -0.000509703007992357,
        -0.000981861143372953,
        0.0014578187838196754,
        -0.0016328439814969897,
        0.0011729639954864979,
        -0.000734349072445184,
        -0.00013559780200012028,
        -0.0007135081104934216,
        -0.07949300855398178,
        -0.06331443041563034,
        0.09915647655725479,
        -0.0022533361334353685,
        0.0021172603592276573,
        -0.6588707566261292,
        0.5205622315406799,
        0.6773746609687805,
        -0.00048368380521424115,
        -0.0002473898057360202,
        0.0018239488126710057,
        -3.374760854057968e-05,
        0.0008481618715450168
      ]
    }
  ]
}