{
  "metadata": {
    "substrate": "v15",
    "seed": 42,
    "C": 16,
    "N": 128,
    "snapshot_path": "/Users/jacob/fun/shape-of-experience/empirical/experiments/study_ca_affect/results/v15_s42/snapshots/cycle_029.npz",
    "experiment": "counterfactual"
  },
  "n_results": 1,
  "cycle": 29,
  "results": [
    {
      "pattern_id": 0,
      "n_timesteps": 50,
      "mean_rho_sync": -0.02968331002743145,
      "std_rho_sync": 0.3014148857115584,
      "n_detachment_events": 4,
      "detachment_fraction": 0.8163265306122449,
      "I_img": 0.11517519374187746,
      "H_branch": 0.45446644298538735,
      "rho_sync_trajectory": [
        -0.5132701992988586,
        0.17976096272468567,
        0.05365113914012909,
        -0.0014838047791272402,
        -8.13088845461607e-05,
        -0.0005385145777836442,
        -0.01314031146466732,
        0.03651443496346474,
        -0.7695881724357605,
        -0.00036784863914363086,
        0.603141725063324,
        -0.6757504343986511,
        -0.8118448257446289,
        0.4198400378227234,
        -0.5744091272354126,
        -0.2233365923166275,
        0.7570500373840332,
        0.0002960508572869003,
        0.000980257522314787,
        -0.0003961704205721617,
        -0.1095457598567009,
        0.1708822101354599,
        -0.6977596879005432,
        0.03674253076314926,
        0.12342539429664612,
        0.03920932486653328,
        0.3943268656730652,
        0.08556503057479858,
        -0.3901171386241913,
        0.058929193764925,
        0.3410642147064209,
        -0.06667810678482056,
        0.09085700660943985,
        0.0020604231394827366,
        -0.0015217973850667477,
        -0.0007931807776913047,
        -0.0020779308397322893,
        0.0013315778924152255,
        0.0019922410137951374,
        0.00031706455047242343,
        -0.0017465826822444797,
        -0.001358415000140667,
        0.0015118841547518969,
        -0.0019075071904808283,
        0.001392137142829597,
        0.001691071200184524,
        0.0004020186315756291,
        -0.0001171239564428106,
        0.0004135152557864785
      ]
    }
  ]
}