{
  "seed": 0,
  "cycle": 2,
  "config": {
    "N": 32,
    "M_max": 32,
    "obs_radius": 2,
    "embed_dim": 24,
    "hidden_dim": 16,
    "n_actions": 7,
    "K_max": 4,
    "resource_regen": 0.002,
    "signal_decay": 0.04,
    "signal_diffusion": 0.15,
    "metabolic_cost": 0.0004,
    "initial_energy": 1.0,
    "resource_value": 1.5,
    "initial_resource": 0.5,
    "stress_regen": 0.0002,
    "mutation_std": 0.03,
    "tournament_size": 4,
    "elite_fraction": 0.5,
    "activate_offspring": true,
    "drought_every": 2,
    "drought_depletion": 0.01,
    "drought_regen": 0.0,
    "lamarckian": false,
    "grad_every": 1,
    "n_targets": 3,
    "neighbor_scale": 5.0,
    "chunk_size": 25,
    "steps_per_cycle": 100,
    "n_cycles": 3,
    "obs_side": 5,
    "obs_flat": 76,
    "n_params": 4088
  },
  "cycles": [
    {
      "cycle": 0,
      "n_alive_start": 8,
      "n_alive_end": 8,
      "mean_alive": 8.0,
      "mortality": 0.0,
      "mean_phi": 0.07821789383888245,
      "mean_phi_sync": 0.668847382068634,
      "mean_divergence": 39.3747155838646,
      "mean_pred_mse_total": 0.01955307018943131,
      "mean_pred_mse_energy": 0.005635145033011213,
      "mean_pred_mse_resource": 0.006580790155567229,
      "mean_pred_mse_neighbor": 0.007337135844863951,
      "pred_mse_early": {
        "energy": 0.010308592114597559,
        "resource": 0.009842578787356615,
        "neighbor": 0.009375377325341105
      },
      "pred_mse_late": {
        "energy": 0.0009616979514248669,
        "resource": 0.0033190015237778425,
        "neighbor": 0.005298894364386797
      },
      "mean_grad_norm": 0.2697872072458267,
      "fitness": [
        329.58740234375,
        329.58740234375,
        329.58740234375,
        329.58740234375,
        329.58740234375,
        213.8235626220703,
        213.8358154296875,
        329.58740234375,
        0.0,
        0.0,
        0.0,
        0.0,
        0.0,
        0.0,
        0.0,
        0.0,
        0.0,
        0.0,
        0.0,
        0.0,
        0.0,
        0.0,
        0.0,
        0.0,
        0.0,
        0.0,
        0.0,
        0.0,
        0.0,
        0.0,
        0.0,
        0.0
      ],
      "phi_base": 0.08090226203203202,
      "phi_stress": 0.08114967048168183,
      "robustness": 1.0030581153534601,
      "n_alive_base": 8,
      "n_alive_stress": 8,
      "tick_usage": {
        "mean_entropy": 1.382920265197754,
        "mean_effective_K": 3.9865405559539795,
        "std_effective_K": 0.010704911313951015,
        "dominant_tick_distribution": [
          2,
          4,
          0,
          2
        ],
        "tick_0_weight_mean": 0.24817612767219543,
        "tick_0_collapsed": 0.0
      },
      "sync_decay": {
        "mean_sync_decay": 0.7528331279754639,
        "std_sync_decay": 0.01176648959517479
      },
      "lr_stats": {
        "mean_lr": 0.005094605032354593,
        "std_lr": 0.0003288688021712005,
        "min_lr": 0.004619389306753874,
        "max_lr": 0.005606630351394415
      },
      "phenotype_drift": {
        "mean_drift": 0.11219649016857147,
        "max_drift": 0.18873460590839386,
        "std_drift": 0.04377450421452522
      },
      "predict_specialization": {
        "mean_col_cosine": -0.03145604891081651,
        "col_norms": [
          0.37663668394088745,
          0.43078041076660156,
          0.38492071628570557
        ],
        "mean_effective_rank": 2.9249565303325653
      },
      "elapsed_s": 1.0867290496826172
    },
    {
      "cycle": 1,
      "n_alive_start": 32,
      "n_alive_end": 32,
      "mean_alive": 32.0,
      "mortality": 0.0,
      "mean_phi": 0.0738319456577301,
      "mean_phi_sync": 0.7517690658569336,
      "mean_divergence": 40.90019758976996,
      "mean_pred_mse_total": 0.027754913549870253,
      "mean_pred_mse_energy": 0.005908091610763222,
      "mean_pred_mse_resource": 0.006953954230993986,
      "mean_pred_mse_neighbor": 0.014892867999151349,
      "pred_mse_early": {
        "energy": 0.010541113675571978,
        "resource": 0.010291498387232423,
        "neighbor": 0.01736495504155755
      },
      "pred_mse_late": {
        "energy": 0.0012750695459544659,
        "resource": 0.0036164100747555494,
        "neighbor": 0.012420780956745148
      },
      "mean_grad_norm": 0.3205740600824356,
      "fitness": [
        329.58740234375,
        329.58740234375,
        329.58740234375,
        329.58740234375,
        329.58740234375,
        213.8155517578125,
        213.81971740722656,
        329.58740234375,
        237.49215698242188,
        329.58740234375,
        329.58740234375,
        329.58740234375,
        329.58740234375,
        329.58740234375,
        329.58740234375,
        329.58740234375,
        329.58740234375,
        329.58740234375,
        329.58740234375,
        329.58740234375,
        329.58740234375,
        329.58740234375,
        324.6321105957031,
        329.58740234375,
        329.58740234375,
        329.58740234375,
        329.58740234375,
        292.6119689941406,
        329.58740234375,
        329.58740234375,
        313.28851318359375,
        299.12811279296875
      ],
      "phi_base": 0.0865864098072052,
      "phi_stress": 0.08778473734855652,
      "robustness": 1.0138396723460361,
      "n_alive_base": 32,
      "n_alive_stress": 32,
      "tick_usage": {
        "mean_entropy": 1.3833178281784058,
        "mean_effective_K": 3.9881255626678467,
        "std_effective_K": 0.010530230589210987,
        "dominant_tick_distribution": [
          10,
          14,
          1,
          7
        ],
        "tick_0_weight_mean": 0.2509545385837555,
        "tick_0_collapsed": 0.0
      },
      "sync_decay": {
        "mean_sync_decay": 0.7526270747184753,
        "std_sync_decay": 0.012128153815865517
      },
      "lr_stats": {
        "mean_lr": 0.005228050984442234,
        "std_lr": 0.00031005238997749984,
        "min_lr": 0.004525985103100538,
        "max_lr": 0.005606630351394415
      },
      "phenotype_drift": {
        "mean_drift": 0.10947143286466599,
        "max_drift": 0.23622503876686096,
        "std_drift": 0.05504174157977104
      },
      "predict_specialization": {
        "mean_col_cosine": -0.01520087073246638,
        "col_norms": [
          0.40821877121925354,
          0.4521211087703705,
          0.40975114703178406
        ],
        "mean_effective_rank": 2.9229871705174446
      },
      "elapsed_s": 0.17688894271850586
    },
    {
      "cycle": 2,
      "n_alive_start": 32,
      "n_alive_end": 32,
      "mean_alive": 32.0,
      "mortality": 0.0,
      "mean_phi": 0.09461530297994614,
      "mean_phi_sync": 0.6639719605445862,
      "mean_divergence": 40.264742485713214,
      "mean_pred_mse_total": 0.03293602028861642,
      "mean_pred_mse_energy": 0.0019153083267156035,
      "mean_pred_mse_resource": 0.009945970901753753,
      "mean_pred_mse_neighbor": 0.02107473975047469,
      "pred_mse_early": {
        "energy": 0.0031507021049037576,
        "resource": 0.015853888355195522,
        "neighbor": 0.022460388019680977
      },
      "pred_mse_late": {
        "energy": 0.0006799145485274494,
        "resource": 0.0040380534483119845,
        "neighbor": 0.019689091481268406
      },
      "mean_grad_norm": 0.3392140492796898,