{
  "seed": 2,
  "experiment": "v29_social_prediction",
  "config": {
    "N": 128,
    "M_max": 256,
    "obs_radius": 2,
    "embed_dim": 24,
    "hidden_dim": 16,
    "n_actions": 7,
    "K_max": 8,
    "predict_hidden": 8,
    "resource_regen": 0.002,
    "signal_decay": 0.04,
    "signal_diffusion": 0.15,
    "metabolic_cost": 0.0004,
    "initial_energy": 1.0,
    "resource_value": 1.5,
    "initial_resource": 0.5,
    "stress_regen": 0.0002,
    "mutation_std": 0.03,
    "tournament_size": 4,
    "elite_fraction": 0.5,
    "activate_offspring": true,
    "drought_every": 5,
    "drought_depletion": 0.01,
    "drought_regen": 0.0,
    "lamarckian": false,
    "grad_every": 1,
    "chunk_size": 50,
    "steps_per_cycle": 5000,
    "n_cycles": 30,
    "obs_side": 5,
    "obs_flat": 76,
    "n_params": 4186
  },
  "cycles": [
    {
      "cycle": 0,
      "n_alive_start": 64,
      "n_alive_end": 64,
      "mortality": 0.0,
      "mean_phi": 0.09697267562150955,
      "mean_pred_mse": 0.06868438764939883,
      "pred_mse_early": 0.1373687488663772,
      "pred_mse_late": 2.643242044797489e-08,
      "phi_base": 0.09819920212030411,
      "phi_stress": 0.0982784941792488,
      "robustness": 1.0008074613360662,
      "mean_entropy": 2.0754213333129883,
      "mean_effective_K": 7.967920303344727,
      "mean_lr": 0.005020182579755783,
      "mean_drift": 1.5228512287139893,
      "elapsed_s": 9.4267258644104
    },
    {
      "cycle": 1,
      "n_alive_start": 256,
      "n_alive_end": 256,
      "mortality": 0.0,
      "mean_phi": 0.09342088252305984,
      "mean_pred_mse": 0.08237491178111916,
      "pred_mse_early": 0.16474975719570836,
      "pred_mse_late": 6.636652997826786e-08,
      "phi_base": 0.09468642473220826,
      "phi_stress": 0.09471929371356964,
      "robustness": 1.0003471350983453,
      "mean_entropy": 2.0751852989196777,
      "mean_effective_K": 7.966043472290039,
      "mean_lr": 0.005053982138633728,
      "mean_drift": 1.5011823177337646,
      "elapsed_s": 5.6692845821380615
    },
    {
      "cycle": 2,
      "n_alive_start": 256,
      "n_alive_end": 256,
      "mortality": 0.0,
      "mean_phi": 0.08827243894338607,
      "mean_pred_mse": 0.07245599406854353,
      "pred_mse_early": 0.1449118747648602,
      "pred_mse_late": 1.1337222687757276e-07,
      "phi_base": 0.08807352930307388,
      "phi_stress": 0.08814912736415863,
      "robustness": 1.0008583516714153,
      "mean_entropy": 2.0747780799865723,
      "mean_effective_K": 7.962805271148682,
      "mean_lr": 0.005088869482278824,
      "mean_drift": 1.4697163105010986,
      "elapsed_s": 5.6841840744018555
    },
    {
      "cycle": 3,
      "n_alive_start": 256,
      "n_alive_end": 256,
      "mortality": 0.0,
      "mean_phi": 0.11278232410550118,
      "mean_pred_mse": 0.0732017514556562,
      "pred_mse_early": 0.1464033963746114,
      "pred_mse_late": 1.0653670102556135e-07,
      "phi_base": 0.11307512670755386,
      "phi_stress": 0.11307829916477204,
      "robustness": 1.0000280561898143,
      "mean_entropy": 2.0746068954467773,
      "mean_effective_K": 7.961451530456543,
      "mean_lr": 0.005089984275400639,
      "mean_drift": 1.4511538743972778,
      "elapsed_s": 5.767495632171631
    },
    {
      "cycle": 4,
      "n_alive_start": 256,
      "n_alive_end": 256,
      "mortality": 0.0,
      "mean_phi": 0.11196634024381638,
      "mean_pred_mse": 0.07232460138460887,
      "pred_mse_early": 0.14464904313237398,
      "pred_mse_late": 1.596368437617457e-07,
      "phi_base": 0.11418884247541428,
      "phi_stress": 0.11417235136032104,
      "robustness": 0.999855580328728,
      "mean_entropy": 2.0742599964141846,
      "mean_effective_K": 7.958693504333496,
      "mean_lr": 0.005078143440186977,
      "mean_drift": 1.4251058101654053,
      "elapsed_s": 5.753247976303101
    },
    {
      "cycle": 5,
      "n_alive_start": 256,
      "n_alive_end": 24,
      "mortality": 0.90625,
      "mean_phi": 0.08303059414029121,
      "mean_pred_mse": 0.046404571007005874,
      "pred_mse_early": 0.06933330699801445,
      "pred_mse_late": 0.02347583501599729,
      "phi_base": 0.08037389665842057,
      "phi_stress": 0.07701214551925659,
      "robustness": 0.9581735951729325,
      "mean_entropy": 2.0741002559661865,
      "mean_effective_K": 7.957421779632568,
      "mean_lr": 0.005204953718930483,
      "mean_drift": 0.39759376645088196,
      "elapsed_s": 6.245007276535034
    },
    {
      "cycle": 6,
      "n_alive_start": 256,
      "n_alive_end": 256,
      "mortality": 0.0,
      "mean_phi": 0.07303505837917328,
      "mean_pred_mse": 0.06105497851619361,
      "pred_mse_early": 0.12210919654709074,
      "pred_mse_late": 7.604852964959719e-07,
      "phi_base": 0.07439172565937043,
      "phi_stress": 0.07434843629598617,
      "robustness": 0.9994180890011549,
      "mean_entropy": 2.073423147201538,
      "mean_effective_K": 7.952056884765625,
      "mean_lr": 0.005224682856351137,
      "mean_drift": 1.3232438564300537,
      "elapsed_s": 5.7764201164245605
    },
    {
      "cycle": 7,
      "n_alive_start": 256,
      "n_alive_end": 256,
      "mortality": 0.0,
      "mean_phi": 0.07985869944095611,
      "mean_pred_mse": 0.07227252844043448,
      "pred_mse_early": 0.1445442112060107,
      "pred_mse_late": 8.456748582830187e-07,
      "phi_base": 0.08179879039525986,
      "phi_stress": 0.08170933723449707,
      "robustness": 0.9989064244063934,
      "mean_entropy": 2.0720174312591553,
      "mean_effective_K": 7.94093656539917,
      "mean_lr": 0.005193608812987804,
      "mean_drift": 1.3110604286193848,
      "elapsed_s": 5.86924409866333
    },
    {
      "cycle": 8,
      "n_alive_start": 256,
      "n_alive_end": 256,
      "mortality": 0.0,
      "mean_phi": 0.07515511885285378,
      "mean_pred_mse": 0.0713962803738491,
      "pred_mse_early": 0.14279135584064534,
      "pred_mse_late": 1.2049070528519223e-06,
      "phi_base": 0.07622913122177125,
      "phi_stress": 0.0763089656829834,
      "robustness": 1.0010472959606465,
      "mean_entropy": 2.071074962615967,
      "mean_effective_K": 7.933513164520264,
      "mean_lr": 0.005186781287193298,
      "mean_drift": 1.2852659225463867,
      "elapsed_s": 5.8114173412323
    },
    {
      "cycle": 9,
      "n_alive_start": 256,
      "n_alive_end": 256,
      "mortality": 0.0,
      "mean_phi": 0.0853312373161316,
      "mean_pred_mse": 0.0709310536778844,
      "pred_mse_early": 0.141860516155607,
      "pred_mse_late": 1.5912001617834904e-06,
      "phi_base": 0.08749576061964034,
      "phi_stress": 0.08747804015874863,
      "robustness": 0.9997974706343917,
      "mean_entropy": 2.0698070526123047,
      "mean_effective_K": 7.9235639572143555,
      "mean_lr": 0.005154686514288187,
      "mean_drift": 1.2627551555633545,
      "elapsed_s": 5.762388706207275
    },
    {
      "cycle": 10,
      "n_alive_start": 256,
      "n_alive_end": 5,
      "mortality": 0.98046875,
      "mean_phi": 0.06489314995706082,
      "mean_pred_mse": 0.02508785809070105,
      "pred_mse_early": 0.04324963154271245,
      "pred_mse_late": 0.0069260846386896445,
      "phi_base": 0.10555439665913582,
      "phi_stress": 0.08940753191709519,
      "robustness": 0.847028022961627,
      "mean_entropy": 2.0685157775878906,
      "mean_effective_K": 7.913313388824463,
      "mean_lr": 0.005080918315798044,
      "mean_drift": 0.09152306616306305,
      "elapsed_s": 6.113462686538696
    },
    {
      "cycle": 11,
      "n_alive_start": 256,
      "n_alive_end": 256,
      "mortality": 0.0,
      "mean_phi": 0.0940436489880085,
      "mean_pred_mse": 0.048787492932290205,
      "pred_mse_early": 0.09757346201941346,
      "pred_mse_late": 1.5238451669574715e-06,
      "phi_base": 0.09775144010782241,
      "phi_stress": 0.09754119962453842,
      "robustness": 0.9978492339033359,
      "mean_entropy": 2.0668983459472656,
      "mean_effective_K": 7.900481224060059,