{
  "metadata": {
    "snapshot_path": "/Users/jacob/fun/shape-of-experience/empirical/experiments/study_ca_affect/results/v13_s42_v2/v13_s42_v2/snapshots/cycle_025.npz",
    "seed": 42,
    "C": 16,
    "N": 128,
    "n_recording_steps": 50,
    "substrate_steps_per_record": 10,
    "tau_values": [
      1,
      2,
      5,
      10,
      20
    ],
    "n_patterns_detected": 26,
    "n_patterns_analyzed": 20,
    "cycle": 25,
    "elapsed_s": 6.226126194000244
  },
  "patterns": [
    {
      "pattern_id": 0,
      "n_samples": 50,
      "W": {
        "1": 0.0,
        "2": 0.0,
        "5": 0.0,
        "10": 0.0,
        "20": 0.0
      },
      "mse_full": {
        "1": 0.0005784579781951169,
        "2": 0.0007405551728777458,
        "5": 0.0007046834271817878,
        "10": 0.00037275900390345445,
        "20": 0.0007367792087251076
      },
      "mse_env": {
        "1": 0.00024382078425324503,
        "2": 0.0002641317531458789,
        "5": 0.0003323175657896357,
        "10": 0.00031074553430707425,
        "20": 0.0003448341293188084
      },
      "H_wm": 0.0,
      "C_wm": 0.0,
      "lifetime": 50
    },
    {
      "pattern_id": 1,
      "n_samples": 50,
      "W": {
        "1": 5.365051297859285e-06,
        "2": 0.0,
        "5": 0.0,
        "10": 0.0,
        "20": 0.0
      },
      "mse_full": {
        "1": 0.00023047857437916982,
        "2": 0.0002498871311675626,
        "5": 0.0002960639155483234,
        "10": 0.00024297562267876373,
        "20": 0.00017373986302365337
      },
      "mse_env": {
        "1": 0.0002358436256770291,
        "2": 0.00023133300134022867,
        "5": 0.00014830581923012986,
        "10": 0.00016219743453477022,
        "20": 0.0001648847364045425
      },
      "H_wm": 1.0,
      "C_wm": 2.6825256489296424e-06,
      "lifetime": 50
    },
    {
      "pattern_id": 2,
      "n_samples": 50,
      "W": {
        "1": 4.446310697380851e-05,
        "2": 0.0001591763693499439,
        "5": 2.094177188248893e-05,
        "10": 0.0,
        "20": 0.0
      },
      "mse_full": {
        "1": 0.00019600900644424593,
        "2": 0.0002368029170128487,
        "5": 0.0003547559141332171,
        "10": 0.00022164306546384706,
        "20": 0.0003362991858226605
      },
      "mse_env": {
        "1": 0.00024047211341805445,
        "2": 0.0003959792863627926,
        "5": 0.000375697686015706,
        "10": 0.0001995330516291149,
        "20": 0.0002897655196854409
      },
      "H_wm": 5.0,
      "C_wm": 0.0004243513797167478,
      "lifetime": 50
    },
    {
      "pattern_id": 3,
      "n_samples": 50,
      "W": {
        "1": 0.0,
        "2": 0.0,
        "5": 0.0,
        "10": 0.0,
        "20": 0.0
      },
      "mse_full": {
        "1": 0.003117482604881177,
        "2": 0.007585754067727343,
        "5": 0.0029229168025415764,
        "10": 0.002100653821336873,
        "20": 0.0038789075743481858
      },
      "mse_env": {
        "1": 0.0003795959958887706,
        "2": 0.00035167810874613787,
        "5": 0.00022248825521979502,
        "10": 0.00020536847629976004,
        "20": 0.0002974720928718402
      },
      "H_wm": 0.0,
      "C_wm": 0.0,
      "lifetime": 50
    },
    {
      "pattern_id": 4,
      "n_samples": 50,
      "W": {
        "1": 0.0,
        "2": 0.0,
        "5": 0.0,
        "10": 0.0,
        "20": 0.0
      },
      "mse_full": {
        "1": 0.00026611657499035665,
        "2": 0.000252180616844291,
        "5": 0.00028072271013511105,
        "10": 0.00022151896722878353,
        "20": 0.0002303180972795085
      },
      "mse_env": {
        "1": 0.0002587053261121842,
        "2": 0.00022838458679799175,
        "5": 0.00025308760778475887,
        "10": 0.00022093159026369217,
        "20": 0.00017715019986957965
      },
      "H_wm": 0.0,
      "C_wm": 0.0,
      "lifetime": 50
    },
    {
      "pattern_id": 5,
      "n_samples": 50,
      "W": {
        "1": 0.0,
        "2": 0.0,
        "5": 0.0,
        "10": 7.295071354965947e-05,
        "20": 0.0
      },
      "mse_full": {
        "1": 0.0003266025624109951,
        "2": 0.000405573947486096,
        "5": 0.00025741584991489355,
        "10": 0.00037354732416014616,
        "20": 0.000435049927111294
      },
      "mse_env": {
        "1": 0.00031020690878742773,
        "2": 0.0003352442513507158,
        "5": 0.00019152095596104539,
        "10": 0.00044649803770980564,
        "20": 0.0004228816160716024
      },
      "H_wm": 10.0,
      "C_wm": 0.0005471303516224461,
      "lifetime": 50
    },
    {
      "pattern_id": 6,
      "n_samples": 50,
      "W": {
        "1": 5.2465436149852826e-05,
        "2": 0.00010796647388100608,
        "5": 5.1006049427761233e-05,
        "10": 0.00024856300019854456,
        "20": 8.335261426921671e-05
      },
      "mse_full": {
        "1": 0.00018802160182204244,
        "2": 0.00021519975440854557,
        "5": 0.00020675111337302383,
        "10": 0.00028768193626129064,
        "20": 0.00022407475048409286
      },
      "mse_env": {
        "1": 0.00024048703797189527,
        "2": 0.00032316622828955165,
        "5": 0.00025775716280078507,
        "10": 0.0005362449364598352,
        "20": 0.00030742736475330957
      },
      "H_wm": 20.0,
      "C_wm": 0.0027271754363831515,
      "lifetime": 50
    },
    {
      "pattern_id": 7,
      "n_samples": 50,
      "W": {
        "1": 0.0,
        "2": 0.0,
        "5": 0.0,
        "10": 0.0,
        "20": 0.0
      },
      "mse_full": {
        "1": 0.0009789040094821777,
        "2": 0.0013041490866221633,
        "5": 0.0009721938355454291,
        "10": 0.0017698698034676785,
        "20": 0.0014915464791212482
      },
      "mse_env": {
        "1": 0.0004857756300789268,
        "2": 0.0004159295828522051,
        "5": 0.00025414367775222324,
        "10": 0.0003480831390187165,
        "20": 0.0002795471431891117
      },
      "H_wm": 0.0,
      "C_wm": 0.0,
      "lifetime": 50
    },
    {
      "pattern_id": 8,
      "n_samples": 50,
      "W": {
        "1": 0.0,
        "2": 0.0,
        "5": 0.0,
        "10": 0.0,
        "20": 0.0
      },
      "mse_full": {
        "1": 0.0005528485747139371,
        "2": 0.0004636149492157684,
        "5": 0.0004824738526239882,
        "10": 0.00027650765133934227,
        "20": 0.0006902447177327363
      },
      "mse_env": {
        "1": 0.000262076482866167,
        "2": 0.0002271762336505,
        "5": 0.000275625376822975,
        "10": 0.00018245039524631093,
        "20": 0.00033124346858672785
      },
      "H_wm": 0.0,
      "C_wm": 0.0,
      "lifetime": 50
    },
    {
      "pattern_id": 9,
      "n_samples": 50,
      "W": {
        "1": 0.0,
        "2": 0.0,
        "5": 0.0,
        "10": 0.0,
        "20": 0.0
      },
      "mse_full": {
        "1": 0.00025733569891030965,
        "2": 0.00021114616805775833,
        "5": 0.0001852133464585102,
        "10": 0.00016807917457508192,
        "20": 0.00013808911218200933
      },
      "mse_env": {
        "1": 0.0002046392810367496,
        "2": 0.0001513787636312676,
        "5": 0.0001331970327458995,
        "10": 0.00014241525197490308,
        "20": 0.00013235741469616217
      },
      "H_wm": 0.0,
      "C_wm": 0.0,
      "lifetime": 50
    },
    {
      "pattern_id": 10,
      "n_samples": 50,
      "W": {
        "1": 0.0,
        "2": 0.0,
        "5": 0.0,
        "10": 0.0,
        "20": 0.0
      },
      "mse_full": {
        "1": 0.0005276079217082508,
        "2": 0.00035415606490590753,
        "5": 0.0003934374644066732,
        "10": 0.00035344948194757016,
        "20": 0.00041481560330427987
      },
      "mse_env": {
        "1": 0.00028474582970586227,
        "2": 0.0002722601998728054,
        "5": 0.00025230813983758506,
        "10": 0.000238916411391173,
        "20": 0.00025110015283482854
      },
      "H_wm": 0.0,
      "C_wm": 0.0,
      "lifetime": 50
    },
    {
      "pattern_id": 11,
      "n_samples": 50,