{
  "metadata": {
    "snapshot_path": "/Users/jacob/fun/shape-of-experience/empirical/experiments/study_ca_affect/results/v13_s42_v2/v13_s42_v2/snapshots/cycle_000.npz",
    "seed": 42,
    "C": 16,
    "N": 128,
    "n_recording_steps": 50,
    "substrate_steps_per_record": 10,
    "tau_values": [
      1,
      2,
      5,
      10,
      20
    ],
    "n_patterns_detected": 11,
    "n_patterns_analyzed": 11,
    "cycle": 0,
    "elapsed_s": 4.3277060985565186
  },
  "patterns": [
    {
      "pattern_id": 0,
      "n_samples": 50,
      "W": {
        "1": 0.0,
        "2": 0.0,
        "5": 0.0,
        "10": 0.0,
        "20": 0.0
      },
      "mse_full": {
        "1": 0.0007268710998401459,
        "2": 0.0007852796545769336,
        "5": 0.0006368409817113751,
        "10": 0.00044321170390165387,
        "20": 0.0006595228327073894
      },
      "mse_env": {
        "1": 0.0006210900629425636,
        "2": 0.0005633369493850771,
        "5": 0.0005091344727254152,
        "10": 0.00039657443716655937,
        "20": 0.0004676988013726983
      },
      "H_wm": 0.0,
      "C_wm": 0.0,
      "lifetime": 50
    },
    {
      "pattern_id": 1,
      "n_samples": 50,
      "W": {
        "1": 0.0,
        "2": 0.0,
        "5": 0.0,
        "10": 0.0,
        "20": 0.0
      },
      "mse_full": {
        "1": 0.007399410331093636,
        "2": 0.011960293416289186,
        "5": 0.007682980951400317,
        "10": 0.005044421289109599,
        "20": 0.008785713805792059
      },
      "mse_env": {
        "1": 0.0009485621906051266,
        "2": 0.000692154646233904,
        "5": 0.0008168677754689388,
        "10": 0.0003473510084277662,
        "20": 0.0004579038359516603
      },
      "H_wm": 0.0,
      "C_wm": 0.0,
      "lifetime": 50
    },
    {
      "pattern_id": 2,
      "n_samples": 50,
      "W": {
        "1": 0.00016448755679833763,
        "2": 0.00011542008455247356,
        "5": 6.254274224227541e-05,
        "10": 8.086848928867712e-05,
        "20": 7.097085625980067e-05
      },
      "mse_full": {
        "1": 0.00044115254988583163,
        "2": 0.00028915096542543004,
        "5": 0.00030153746075121653,
        "10": 0.00026110471706850046,
        "20": 0.00019517228105822758
      },
      "mse_env": {
        "1": 0.0006056401066841693,
        "2": 0.0004045710499779036,
        "5": 0.00036408020299349194,
        "10": 0.0003419732063571776,
        "20": 0.00026614313731802825
      },
      "H_wm": 20.0,
      "C_wm": 0.0015246228674372993,
      "lifetime": 50
    },
    {
      "pattern_id": 3,
      "n_samples": 50,
      "W": {
        "1": 0.0,
        "2": 0.0,
        "5": 0.0,
        "10": 0.0,
        "20": 0.0
      },
      "mse_full": {
        "1": 0.00044373680357239176,
        "2": 0.00040527508448488575,
        "5": 0.0003224326452532011,
        "10": 0.00025272879167777566,
        "20": 0.00031962637371455804
      },
      "mse_env": {
        "1": 0.00034600698606355497,
        "2": 0.00026404534267978713,
        "5": 0.00028901663109990184,
        "10": 0.00021456281052895416,
        "20": 0.0002459662880998888
      },
      "H_wm": 0.0,
      "C_wm": 0.0,
      "lifetime": 50
    },
    {
      "pattern_id": 4,
      "n_samples": 50,
      "W": {
        "1": 0.0,
        "2": 0.0,
        "5": 0.0,
        "10": 0.0,
        "20": 0.0
      },
      "mse_full": {
        "1": 0.0571749321822953,
        "2": 0.07619912660628575,
        "5": 0.02425452283784519,
        "10": 0.045150619800137085,
        "20": 0.023701219820701242
      },
      "mse_env": {
        "1": 0.0008601764795570961,
        "2": 0.0008019317692073398,
        "5": 0.0004365951934690815,
        "10": 0.0005438721462547165,
        "20": 0.00047320326228932655
      },
      "H_wm": 0.0,
      "C_wm": 0.0,
      "lifetime": 50
    },
    {
      "pattern_id": 5,
      "n_samples": 50,
      "W": {
        "1": 0.0,
        "2": 0.0,
        "5": 0.0,
        "10": 0.0,
        "20": 0.0
      },
      "mse_full": {
        "1": 0.0015585544213461728,
        "2": 0.0015784332958428682,
        "5": 0.001291174868216625,
        "10": 0.0016662379650811796,
        "20": 0.001605882811699261
      },
      "mse_env": {
        "1": 0.001027125042769134,
        "2": 0.0009090482693272261,
        "5": 0.0008964420547238814,
        "10": 0.000939016928568706,
        "20": 0.0007714000909974552
      },
      "H_wm": 0.0,
      "C_wm": 0.0,
      "lifetime": 50
    },
    {
      "pattern_id": 6,
      "n_samples": 50,
      "W": {
        "1": 0.0,
        "2": 0.0,
        "5": 0.0,
        "10": 0.0,
        "20": 0.0
      },
      "mse_full": {
        "1": 0.052603557267306957,
        "2": 0.040966704065861295,
        "5": 0.03395930023950337,
        "10": 0.07748794829574514,
        "20": 0.03962059326569583
      },
      "mse_env": {
        "1": 0.00045776279629933784,
        "2": 0.0003023656294854663,
        "5": 0.0002558513050591521,
        "10": 0.0002467249855463171,
        "20": 0.00020634775180042596
      },
      "H_wm": 0.0,
      "C_wm": 0.0,
      "lifetime": 50
    },
    {
      "pattern_id": 7,
      "n_samples": 50,
      "W": {
        "1": 0.0,
        "2": 0.0,
        "5": 0.0,
        "10": 0.0,
        "20": 0.0
      },
      "mse_full": {
        "1": 0.005034797009186384,
        "2": 0.0034949615128589454,
        "5": 0.0046939348308222524,
        "10": 0.006031984561177042,
        "20": 0.0027978675108393655
      },
      "mse_env": {
        "1": 0.0004378864119207675,
        "2": 0.0003233163696581652,
        "5": 0.00035308727210401345,
        "10": 0.00037191523559527105,
        "20": 0.0003079910621649751
      },
      "H_wm": 0.0,
      "C_wm": 0.0,
      "lifetime": 50
    },
    {
      "pattern_id": 8,
      "n_samples": 50,
      "W": {
        "1": 0.0,
        "2": 0.0,
        "5": 0.0,
        "10": 0.0,
        "20": 0.0
      },
      "mse_full": {
        "1": 0.042598012751861106,
        "2": 0.014504013012143605,
        "5": 0.013653054698928515,
        "10": 0.027660822174911996,
        "20": 0.015727329947039674
      },
      "mse_env": {
        "1": 0.0010805974298381932,
        "2": 0.0012096110729907233,
        "5": 0.0012177722023722398,
        "10": 0.0013776844668399479,
        "20": 0.0013623101835130065
      },
      "H_wm": 0.0,
      "C_wm": 0.0,
      "lifetime": 50
    },
    {
      "pattern_id": 9,
      "n_samples": 50,
      "W": {
        "1": 0.0,
        "2": 0.0,
        "5": 0.0,
        "10": 0.0,
        "20": 0.0
      },
      "mse_full": {
        "1": 0.1043157822554844,
        "2": 0.07034761136601458,
        "5": 0.021472738898321735,
        "10": 0.03606121642972997,
        "20": 0.0240870243377341
      },
      "mse_env": {
        "1": 0.000664626965610799,
        "2": 0.0005324557200834087,
        "5": 0.00040724779526975127,
        "10": 0.0003881291849411894,
        "20": 0.0003497069271827409
      },
      "H_wm": 0.0,
      "C_wm": 0.0,
      "lifetime": 50
    },
    {
      "pattern_id": 10,
      "n_samples": 50,
      "W": {
        "1": 8.485779328741463e-05,
        "2": 2.5185009345488573e-05,
        "5": 0.0,
        "10": 0.0,
        "20": 0.00010203720006088488
      },
      "mse_full": {
        "1": 0.000568384353056723,
        "2": 0.0004378821194792105,
        "5": 0.000614362733199607,
        "10": 0.0004976529429490523,
        "20": 0.0005222845570145693
      },
      "mse_env": {
        "1": 0.0006532421463441376,
        "2": 0.00046306712882469907,
        "5": 0.000509662065921336,
        "10": 0.0003262826822643484,
        "20": 0.0006243217570754541
      },
      "H_wm": 20.0,
      "C_wm": 0.0006029849156391088,
      "lifetime": 50
    }
  ],
  "summary": {
    "mean_C_wm": 0.00019341888937058255,
    "max_C_wm": 0.0015246228674372993,
    "mean_H_wm": 3.6363636363636362,
    "n_with_world_model": 2,