{
  "metadata": {
    "snapshot_path": "/Users/jacob/fun/shape-of-experience/empirical/experiments/study_ca_affect/results/v13_s42_v2/v13_s42_v2/snapshots/cycle_029.npz",
    "seed": 42,
    "C": 16,
    "N": 128,
    "n_recording_steps": 50,
    "substrate_steps_per_record": 10,
    "tau_values": [
      1,
      2,
      5,
      10,
      20
    ],
    "n_patterns_detected": 44,
    "n_patterns_analyzed": 20,
    "cycle": 29,
    "elapsed_s": 7.010852813720703
  },
  "patterns": [
    {
      "pattern_id": 0,
      "n_samples": 50,
      "W": {
        "1": 0.0,
        "2": 0.0,
        "5": 0.0,
        "10": 0.0,
        "20": 0.0
      },
      "mse_full": {
        "1": 0.00269335604587941,
        "2": 0.002597416968908809,
        "5": 0.003356543714852773,
        "10": 0.0034094225746809266,
        "20": 0.001836004367961067
      },
      "mse_env": {
        "1": 0.00022698278801380205,
        "2": 0.0002443790464073098,
        "5": 0.00023749348508784419,
        "10": 0.000292653344300087,
        "20": 0.00024249355062115618
      },
      "H_wm": 0.0,
      "C_wm": 0.0,
      "lifetime": 50
    },
    {
      "pattern_id": 1,
      "n_samples": 50,
      "W": {
        "1": 0.0,
        "2": 0.0,
        "5": 0.0,
        "10": 0.0,
        "20": 0.0
      },
      "mse_full": {
        "1": 0.0003984808816937296,
        "2": 0.0004370686794973889,
        "5": 0.0008401406886284636,
        "10": 0.0013987121392356916,
        "20": 0.0006968770694760146
      },
      "mse_env": {
        "1": 0.00012218178858864763,
        "2": 0.00010072473848706963,
        "5": 0.00028592127027583585,
        "10": 0.00017974862860720527,
        "20": 0.00017658365778669508
      },
      "H_wm": 0.0,
      "C_wm": 0.0,
      "lifetime": 50
    },
    {
      "pattern_id": 2,
      "n_samples": 50,
      "W": {
        "1": 0.0,
        "2": 0.0,
        "5": 0.0,
        "10": 0.0,
        "20": 0.0
      },
      "mse_full": {
        "1": 0.0008444385679750859,
        "2": 0.0005113413354204548,
        "5": 0.0015225210067679059,
        "10": 0.0005370573112016325,
        "20": 0.0007079038066822697
      },
      "mse_env": {
        "1": 0.0002303925794452461,
        "2": 0.000243490166707361,
        "5": 0.0002317486813369428,
        "10": 0.00011113098587673164,
        "20": 0.00022020098561293484
      },
      "H_wm": 0.0,
      "C_wm": 0.0,
      "lifetime": 50
    },
    {
      "pattern_id": 3,
      "n_samples": 50,
      "W": {
        "1": 0.0,
        "2": 0.0,
        "5": 3.546150424512317e-05,
        "10": 0.0,
        "20": 0.00016233871651996672
      },
      "mse_full": {
        "1": 0.00017987565231482062,
        "2": 0.0002444749137061102,
        "5": 0.00022837893062083474,
        "10": 0.00032564524926218143,
        "20": 0.00026965681871155944
      },
      "mse_env": {
        "1": 0.00017071459529095133,
        "2": 0.00017767722767637,
        "5": 0.0002638404348659579,
        "10": 0.00029179758044591496,
        "20": 0.00043199553523152616
      },
      "H_wm": 20.0,
      "C_wm": 0.0009535395995803264,
      "lifetime": 50
    },
    {
      "pattern_id": 4,
      "n_samples": 50,
      "W": {
        "1": 0.0,
        "2": 0.0,
        "5": 0.0,
        "10": 0.0,
        "20": 0.0
      },
      "mse_full": {
        "1": 0.0007695899179976735,
        "2": 0.00021477661648563177,
        "5": 0.00021752328915905413,
        "10": 0.00029682129081713606,
        "20": 0.0004642814173881005
      },
      "mse_env": {
        "1": 0.0001728597884941051,
        "2": 0.00019409608194908518,
        "5": 0.00013368499143096065,
        "10": 0.00021759783543775824,
        "20": 0.00028415479208768375
      },
      "H_wm": 0.0,
      "C_wm": 0.0,
      "lifetime": 50
    },
    {
      "pattern_id": 5,
      "n_samples": 50,
      "W": {
        "1": 0.0,
        "2": 0.0,
        "5": 0.0,
        "10": 0.0,
        "20": 0.0
      },
      "mse_full": {
        "1": 0.00015995265164151998,
        "2": 0.00016850566954856546,
        "5": 0.0001400156853518729,
        "10": 0.00024899595250210444,
        "20": 0.00021275159902397225
      },
      "mse_env": {
        "1": 0.00015763294124602003,
        "2": 0.00016340072179466499,
        "5": 0.0001306646652198921,
        "10": 0.00021495669391710876,
        "20": 0.00020746985922652793
      },
      "H_wm": 0.0,
      "C_wm": 0.0,
      "lifetime": 50
    },
    {
      "pattern_id": 6,
      "n_samples": 50,
      "W": {
        "1": 0.0,
        "2": 0.0,
        "5": 0.0,
        "10": 0.0,
        "20": 0.0
      },
      "mse_full": {
        "1": 0.0004198850321621192,
        "2": 0.0003540178567268582,
        "5": 0.00030275882787226486,
        "10": 0.000413428081695235,
        "20": 0.0003376588069789716
      },
      "mse_env": {
        "1": 0.00014172039192310277,
        "2": 0.00015279618578931234,
        "5": 0.00022143219447989449,
        "10": 0.00034632461893787487,
        "20": 0.0002805152770024397
      },
      "H_wm": 0.0,
      "C_wm": 0.0,
      "lifetime": 50
    },
    {
      "pattern_id": 7,
      "n_samples": 50,
      "W": {
        "1": 0.0,
        "2": 0.0,
        "5": 0.0,
        "10": 0.0,
        "20": 0.0
      },
      "mse_full": {
        "1": 0.0012690481080155293,
        "2": 0.0007923056332346165,
        "5": 0.0006456016473641855,
        "10": 0.0008914071549191912,
        "20": 0.0009442451599163841
      },
      "mse_env": {
        "1": 0.0003196212397292544,
        "2": 0.00030004143831760473,
        "5": 0.00019158336973833608,
        "10": 0.00017949924980142072,
        "20": 0.00021366851535458575
      },
      "H_wm": 0.0,
      "C_wm": 0.0,
      "lifetime": 50
    },
    {
      "pattern_id": 8,
      "n_samples": 50,
      "W": {
        "1": 0.0,
        "2": 0.00017536546029994147,
        "5": 3.45238256712736e-05,
        "10": 0.00010904449240067582,
        "20": 0.0
      },
      "mse_full": {
        "1": 0.00040912524508603923,
        "2": 0.00038066172541069665,
        "5": 0.0003351474637804227,
        "10": 0.00034148520658148514,
        "20": 0.0003149308493151038
      },
      "mse_env": {
        "1": 0.00038594284030608113,
        "2": 0.0005560271857106381,
        "5": 0.0003696712894516963,
        "10": 0.00045052969898216097,
        "20": 0.00029207417806100807
      },
      "H_wm": 10.0,
      "C_wm": 0.001306659916290046,
      "lifetime": 50
    },
    {
      "pattern_id": 9,
      "n_samples": 50,
      "W": {
        "1": 3.783375568012232e-05,
        "2": 2.5511572496445683e-05,
        "5": 0.0,
        "10": 1.2920321637058138e-05,
        "20": 0.0
      },
      "mse_full": {
        "1": 0.00021275329992002752,
        "2": 0.00022532288348596458,
        "5": 8.024034616074638e-05,
        "10": 9.899055898770053e-05,
        "20": 9.700615870224003e-05
      },
      "mse_env": {
        "1": 0.00025058705560014984,
        "2": 0.00025083445598241027,
        "5": 7.901064132265247e-05,
        "10": 0.00011191088062475867,
        "20": 9.146584514933248e-05
      },
      "H_wm": 10.0,
      "C_wm": 0.00016684243511088856,
      "lifetime": 50
    },
    {
      "pattern_id": 10,
      "n_samples": 50,
      "W": {
        "1": 0.0,
        "2": 0.0,
        "5": 0.0,
        "10": 0.0,
        "20": 0.0
      },
      "mse_full": {
        "1": 0.000637721858964059,
        "2": 0.001032926442019201,
        "5": 0.0013882865682043643,
        "10": 0.0008988243313919068,
        "20": 0.0013442481721205174
      },
      "mse_env": {
        "1": 0.00032556331814446353,
        "2": 0.0003532846056600956,
        "5": 0.0003190910018872452,
        "10": 0.0002617703568032433,
        "20": 0.000388817400891939
      },
      "H_wm": 0.0,
      "C_wm": 0.0,
      "lifetime": 50
    },
    {
      "pattern_id": 11,
      "n_samples": 50,
      "W": {
        "1": 0.0,
        "2": 0.0,