{
  "metadata": {
    "snapshot_path": "/Users/jacob/fun/shape-of-experience/empirical/experiments/study_ca_affect/results/v13_s42_v2/v13_s42_v2/snapshots/cycle_005.npz",
    "seed": 42,
    "C": 16,
    "N": 128,
    "n_recording_steps": 50,
    "substrate_steps_per_record": 10,
    "tau_values": [
      1,
      2,
      5,
      10,
      20
    ],
    "n_patterns_detected": 35,
    "n_patterns_analyzed": 20,
    "cycle": 5,
    "elapsed_s": 7.054924011230469
  },
  "patterns": [
    {
      "pattern_id": 0,
      "n_samples": 50,
      "W": {
        "1": 9.546271903880047e-06,
        "2": 6.917557661299397e-06,
        "5": 0.0,
        "10": 0.0,
        "20": 0.0
      },
      "mse_full": {
        "1": 8.895890735644948e-05,
        "2": 9.273402907736004e-05,
        "5": 7.048241012916771e-05,
        "10": 0.0002582541693347295,
        "20": 0.00017457107423210735
      },
      "mse_env": {
        "1": 9.850517926032953e-05,
        "2": 9.965158673865943e-05,
        "5": 5.1997188192391924e-05,
        "10": 0.00023388591756111238,
        "20": 0.00014904327027200328
      },
      "H_wm": 2.0,
      "C_wm": 1.8608251274538817e-05,
      "lifetime": 50
    },
    {
      "pattern_id": 1,
      "n_samples": 50,
      "W": {
        "1": 0.0,
        "2": 0.0,
        "5": 0.0,
        "10": 0.0,
        "20": 0.0
      },
      "mse_full": {
        "1": 0.0013574975761729117,
        "2": 0.001147744569309052,
        "5": 0.000997577810832745,
        "10": 0.0013732054200088991,
        "20": 0.0013624705434435547
      },
      "mse_env": {
        "1": 0.00023315163460466197,
        "2": 0.00023486736322009586,
        "5": 0.00033895632104976946,
        "10": 0.0003072262075479136,
        "20": 0.00043277704550844073
      },
      "H_wm": 0.0,
      "C_wm": 0.0,
      "lifetime": 50
    },
    {
      "pattern_id": 2,
      "n_samples": 50,
      "W": {
        "1": 0.0,
        "2": 0.0,
        "5": 0.0,
        "10": 0.0,
        "20": 0.0
      },
      "mse_full": {
        "1": 0.0069764835354338365,
        "2": 0.006034856671254673,
        "5": 0.013081131108638993,
        "10": 0.0039258629112262616,
        "20": 0.0104513560294987
      },
      "mse_env": {
        "1": 0.0002337152119206045,
        "2": 0.00017079664532103258,
        "5": 0.0001547215006198721,
        "10": 0.00013317477938057978,
        "20": 0.00016119486037031018
      },
      "H_wm": 0.0,
      "C_wm": 0.0,
      "lifetime": 50
    },
    {
      "pattern_id": 3,
      "n_samples": 50,
      "W": {
        "1": 0.0001061833537049659,
        "2": 0.0,
        "5": 2.28847310966668e-05,
        "10": 0.0,
        "20": 0.00015190432117575864
      },
      "mse_full": {
        "1": 0.00022106369858620502,
        "2": 0.00022081915036712492,
        "5": 0.00017836865166297037,
        "10": 0.000195663137458569,
        "20": 0.0002638164088891676
      },
      "mse_env": {
        "1": 0.0003272470522911709,
        "2": 0.00022067282894458533,
        "5": 0.00020125338275963717,
        "10": 0.00015339621516007317,
        "20": 0.0004157207300649262
      },
      "H_wm": 20.0,
      "C_wm": 0.0009041522071179433,
      "lifetime": 50
    },
    {
      "pattern_id": 4,
      "n_samples": 50,
      "W": {
        "1": 6.487465283237017e-05,
        "2": 4.589758037684859e-05,
        "5": 1.8780427597910265e-05,
        "10": 0.00010393140327588917,
        "20": 3.901022998033466e-06
      },
      "mse_full": {
        "1": 0.00016011988185764798,
        "2": 0.00016965745818832764,
        "5": 0.00014341177037951268,
        "10": 0.0002574799853818874,
        "20": 0.0002138227750149855
      },
      "mse_env": {
        "1": 0.00022499453469001815,
        "2": 0.00021555503856517623,
        "5": 0.00016219219797742294,
        "10": 0.00036141138865777655,
        "20": 0.00021772379801301896
      },
      "H_wm": 20.0,
      "C_wm": 0.0009983448371208594,
      "lifetime": 50
    },
    {
      "pattern_id": 5,
      "n_samples": 50,
      "W": {
        "1": 0.0,
        "2": 0.0,
        "5": 0.0,
        "10": 0.0,
        "20": 0.0
      },
      "mse_full": {
        "1": 0.0005009367316770926,
        "2": 0.00031027385154282835,
        "5": 0.0004454347453946358,
        "10": 0.0004544060197268809,
        "20": 0.0001976972077684652
      },
      "mse_env": {
        "1": 0.000277082146273104,
        "2": 0.0002456011085179558,
        "5": 0.00021591939506803142,
        "10": 0.000417494146696949,
        "20": 0.00017569363153330383
      },
      "H_wm": 0.0,
      "C_wm": 0.0,
      "lifetime": 50
    },
    {
      "pattern_id": 6,
      "n_samples": 50,
      "W": {
        "1": 0.0,
        "2": 0.0,
        "5": 0.0,
        "10": 2.6964635191459633e-05,
        "20": 4.6921665387035326e-05
      },
      "mse_full": {
        "1": 0.00023209662989473562,
        "2": 0.0003245663726387142,
        "5": 0.00021765498657622492,
        "10": 0.00017750767300710044,
        "20": 0.00022517996965361063
      },
      "mse_env": {
        "1": 0.00021360164346354493,
        "2": 0.00025837079490506176,
        "5": 0.00016673283568312324,
        "10": 0.00020447230819856007,
        "20": 0.00027210163504064595
      },
      "H_wm": 20.0,
      "C_wm": 0.00043684309087112385,
      "lifetime": 50
    },
    {
      "pattern_id": 7,
      "n_samples": 50,
      "W": {
        "1": 0.00016424271269935878,
        "2": 4.4349659069111845e-05,
        "5": 0.0,
        "10": 0.0,
        "20": 3.221031535677161e-05
      },
      "mse_full": {
        "1": 0.00027708311818736535,
        "2": 0.00033736079191931494,
        "5": 0.00028321038139341787,
        "10": 0.00015413808453830074,
        "20": 0.000230391372751667
      },
      "mse_env": {
        "1": 0.0004413258308867241,
        "2": 0.0003817104509884268,
        "5": 0.0002800617976348466,
        "10": 0.00014976603835166368,
        "20": 0.0002626016881084386
      },
      "H_wm": 20.0,
      "C_wm": 0.00033187225127176114,
      "lifetime": 50
    },
    {
      "pattern_id": 8,
      "n_samples": 50,
      "W": {
        "1": 0.0,
        "2": 0.0,
        "5": 0.0,
        "10": 0.0,
        "20": 0.0
      },
      "mse_full": {
        "1": 0.0005549371662335172,
        "2": 0.0007575111707636159,
        "5": 0.00043643420472628755,
        "10": 0.0005678652985074712,
        "20": 0.0013005236976022382
      },
      "mse_env": {
        "1": 0.00019714409144150086,
        "2": 0.00034507176396102716,
        "5": 0.0002059172850035857,
        "10": 0.0002842509077230845,
        "20": 0.0004280444130153762
      },
      "H_wm": 0.0,
      "C_wm": 0.0,
      "lifetime": 50
    },
    {
      "pattern_id": 9,
      "n_samples": 50,
      "W": {
        "1": 0.0,
        "2": 0.0,
        "5": 0.0,
        "10": 8.226706674236474e-05,
        "20": 0.0
      },
      "mse_full": {
        "1": 0.00045555666843108774,
        "2": 0.00071550623483833,
        "5": 0.0007471493195474915,
        "10": 0.00028658513347745143,
        "20": 0.00121404723488978
      },
      "mse_env": {
        "1": 0.0002031734415930052,
        "2": 0.00031800860035613486,
        "5": 0.0002182950634148943,
        "10": 0.0003688522002198162,
        "20": 0.0004662683252382676
      },
      "H_wm": 10.0,
      "C_wm": 0.0006170030005677356,
      "lifetime": 50
    },
    {
      "pattern_id": 10,
      "n_samples": 50,
      "W": {
        "1": 0.0,
        "2": 0.0,
        "5": 0.0,
        "10": 0.0,
        "20": 0.0
      },
      "mse_full": {
        "1": 0.008001614035141807,
        "2": 0.004494294658942808,
        "5": 0.012930783911300994,
        "10": 0.025376118648742625,
        "20": 0.004662007636437691
      },
      "mse_env": {
        "1": 0.00025888644783517254,
        "2": 0.00024124082407637042,
        "5": 0.00020005613601788096,
        "10": 0.00026992407148675255,