{
  "metadata": {
    "snapshot_path": "/Users/jacob/fun/shape-of-experience/empirical/experiments/study_ca_affect/results/v13_s42_v2/v13_s42_v2/snapshots/cycle_020.npz",
    "seed": 42,
    "C": 16,
    "N": 128,
    "n_recording_steps": 50,
    "substrate_steps_per_record": 10,
    "tau_values": [
      1,
      2,
      5,
      10,
      20
    ],
    "n_patterns_detected": 46,
    "n_patterns_analyzed": 20,
    "cycle": 20,
    "elapsed_s": 8.173849821090698
  },
  "patterns": [
    {
      "pattern_id": 0,
      "n_samples": 50,
      "W": {
        "1": 4.697217965889098e-05,
        "2": 1.7125904917395787e-05,
        "5": 1.4209774396392171e-05,
        "10": 0.0,
        "20": 0.0
      },
      "mse_full": {
        "1": 0.00020801989245171573,
        "2": 0.00020985862365137945,
        "5": 0.00019353669003587388,
        "10": 0.00026115620328817586,
        "20": 0.00029064096952484614
      },
      "mse_env": {
        "1": 0.0002549920721106067,
        "2": 0.00022698452856877524,
        "5": 0.00020774646443226606,
        "10": 0.00023275246190798118,
        "20": 0.00016906501317183435
      },
      "H_wm": 5.0,
      "C_wm": 0.00011457699724980575,
      "lifetime": 50
    },
    {
      "pattern_id": 1,
      "n_samples": 50,
      "W": {
        "1": 4.903347527237452e-05,
        "2": 3.599122442477496e-05,
        "5": 7.626257881738857e-05,
        "10": 8.527833812510142e-05,
        "20": 1.7878527285698347e-05
      },
      "mse_full": {
        "1": 0.00021314657421886828,
        "2": 0.00019458564038293984,
        "5": 0.00010516288350154576,
        "10": 0.00018952949748647462,
        "20": 0.00016062047061607304
      },
      "mse_env": {
        "1": 0.0002621800494912428,
        "2": 0.0002305768648077148,
        "5": 0.00018142546231893433,
        "10": 0.00027480783561157604,
        "20": 0.00017849899790177139
      },
      "H_wm": 20.0,
      "C_wm": 0.0011305296741220437,
      "lifetime": 50
    },
    {
      "pattern_id": 2,
      "n_samples": 50,
      "W": {
        "1": 5.483003765696147e-05,
        "2": 0.0,
        "5": 2.9150379989093173e-05,
        "10": 0.0,
        "20": 2.6249369714354453e-05
      },
      "mse_full": {
        "1": 0.00021818152028361186,
        "2": 0.00027974725326270904,
        "5": 0.0002931564523599382,
        "10": 0.00021925105125131334,
        "20": 0.00028264537282243535
      },
      "mse_env": {
        "1": 0.00027301155794057333,
        "2": 0.00023148436779156,
        "5": 0.00032230683234903135,
        "10": 0.0001834818802433634,
        "20": 0.0003088947425367898
      },
      "H_wm": 20.0,
      "C_wm": 0.0002752633873566257,
      "lifetime": 50
    },
    {
      "pattern_id": 3,
      "n_samples": 50,
      "W": {
        "1": 0.0,
        "2": 5.7665403783599856e-05,
        "5": 7.788556922925312e-05,
        "10": 0.0001025433136221288,
        "20": 0.0
      },
      "mse_full": {
        "1": 0.000339159320199641,
        "2": 0.00018966944923606697,
        "5": 0.00012917655324784478,
        "10": 0.00017012354901747864,
        "20": 0.00012526416815077262
      },
      "mse_env": {
        "1": 0.0002570267575989305,
        "2": 0.0002473348530196668,
        "5": 0.0002070621224770979,
        "10": 0.00027266686263960745,
        "20": 0.000110888330743843
      },
      "H_wm": 10.0,
      "C_wm": 0.0011959479366501781,
      "lifetime": 50
    },
    {
      "pattern_id": 4,
      "n_samples": 50,
      "W": {
        "1": 5.4596216284521045e-05,
        "2": 6.600700180717383e-05,
        "5": 4.924945928373153e-05,
        "10": 3.626008279434364e-05,
        "20": 3.0523149565060226e-05
      },
      "mse_full": {
        "1": 0.00010101630968777355,
        "2": 0.00011164285190600972,
        "5": 0.00010790490365805835,
        "10": 7.073026856642119e-05,
        "20": 8.105305038870651e-05
      },
      "mse_env": {
        "1": 0.0001556125259722946,
        "2": 0.00017764985371318355,
        "5": 0.00015715436294178988,
        "10": 0.00010699035136076483,
        "20": 0.00011157619995376674
      },
      "H_wm": 20.0,
      "C_wm": 0.0007808763176744127,
      "lifetime": 50
    },
    {
      "pattern_id": 5,
      "n_samples": 50,
      "W": {
        "1": 0.0,
        "2": 0.0,
        "5": 0.0,
        "10": 0.0,
        "20": 0.0
      },
      "mse_full": {
        "1": 0.0009155078923572211,
        "2": 0.0008507672327629364,
        "5": 0.00131152130283807,
        "10": 0.0007375439048444081,
        "20": 0.0009457213833522805
      },
      "mse_env": {
        "1": 0.0005001022194229703,
        "2": 0.0005695896612407518,
        "5": 0.00034844078375800955,
        "10": 0.00017021864954697076,
        "20": 0.00016499138319974412
      },
      "H_wm": 0.0,
      "C_wm": 0.0,
      "lifetime": 50
    },
    {
      "pattern_id": 6,
      "n_samples": 50,
      "W": {
        "1": 6.225795827593774e-05,
        "2": 6.317364949008566e-05,
        "5": 0.0,
        "10": 0.0,
        "20": 0.0
      },
      "mse_full": {
        "1": 0.0001339053734610629,
        "2": 0.0001248832428976695,
        "5": 0.00017542750241090788,
        "10": 0.00018354074146545863,
        "20": 0.00015858871624780405
      },
      "mse_env": {
        "1": 0.00019616333173700065,
        "2": 0.00018805689238775517,
        "5": 0.0001309698718767104,
        "10": 0.00016563111103910406,
        "20": 0.00014212025441544534
      },
      "H_wm": 2.0,
      "C_wm": 0.00015747627811814018,
      "lifetime": 50
    },
    {
      "pattern_id": 7,
      "n_samples": 50,
      "W": {
        "1": 0.0,
        "2": 0.0,
        "5": 0.0,
        "10": 0.0,
        "20": 0.0
      },
      "mse_full": {
        "1": 0.0009046458988216467,
        "2": 0.00044327231842615934,
        "5": 0.00047237982381078227,
        "10": 0.0008363890895971678,
        "20": 0.0005533302106130681
      },
      "mse_env": {
        "1": 0.0001658312078247712,
        "2": 0.00011511407398167531,
        "5": 0.00017953230328482611,
        "10": 0.00014084241829648116,
        "20": 0.00025920960803006173
      },
      "H_wm": 0.0,
      "C_wm": 0.0,
      "lifetime": 50
    },
    {
      "pattern_id": 8,
      "n_samples": 50,
      "W": {
        "1": 0.00012317373721925517,
        "2": 0.00020373564532529009,
        "5": 4.011097866136738e-05,
        "10": 0.00015308598719609125,
        "20": 9.188267316607342e-05
      },
      "mse_full": {
        "1": 0.00028203615651910475,
        "2": 0.0003334585463644959,
        "5": 0.0002519201934573196,
        "10": 0.00021579491957719773,
        "20": 0.00024255263068134278
      },
      "mse_env": {
        "1": 0.0004052098937383599,
        "2": 0.000537194191689786,
        "5": 0.000292031172118687,
        "10": 0.000368880906773289,
        "20": 0.0003344353038474162
      },
      "H_wm": 20.0,
      "C_wm": 0.002237060343706729,
      "lifetime": 50
    },
    {
      "pattern_id": 9,
      "n_samples": 50,
      "W": {
        "1": 0.0,
        "2": 0.0,
        "5": 0.0,
        "10": 0.0,
        "20": 0.0
      },
      "mse_full": {
        "1": 0.08185620856545951,
        "2": 0.033478825599528556,
        "5": 0.030789138000745203,
        "10": 0.044051931682333526,
        "20": 0.08564476884570364
      },
      "mse_env": {
        "1": 0.0001437122679286362,
        "2": 8.059232874998867e-05,
        "5": 0.00016683052677999438,
        "10": 0.00022153120818732756,
        "20": 9.748841016769556e-05
      },
      "H_wm": 0.0,
      "C_wm": 0.0,
      "lifetime": 50
    },
    {
      "pattern_id": 10,
      "n_samples": 50,
      "W": {
        "1": 4.792872532223472e-05,
        "2": 4.4742519846956036e-05,
        "5": 0.0,
        "10": 0.00017695071442571243,
        "20": 0.00011284413578845895
      },
      "mse_full": {
        "1": 9.989773229820437e-05,
        "2": 9.720681700142116e-05,