{
  "metadata": {
    "snapshot_path": "/Users/jacob/fun/shape-of-experience/empirical/experiments/study_ca_affect/results/v13_s42_v2/v13_s42_v2/snapshots/cycle_010.npz",
    "seed": 42,
    "C": 16,
    "N": 128,
    "n_recording_steps": 50,
    "substrate_steps_per_record": 10,
    "tau_values": [
      1,
      2,
      5,
      10,
      20
    ],
    "n_patterns_detected": 34,
    "n_patterns_analyzed": 20,
    "cycle": 10,
    "elapsed_s": 7.076986074447632
  },
  "patterns": [
    {
      "pattern_id": 0,
      "n_samples": 50,
      "W": {
        "1": 0.0,
        "2": 0.0,
        "5": 9.318899211566918e-05,
        "10": 8.447437843971963e-05,
        "20": 0.0004720088987279897
      },
      "mse_full": {
        "1": 0.00022342307352571036,
        "2": 0.0002375385488272837,
        "5": 0.00022165605145819042,
        "10": 0.00031213043452749795,
        "20": 0.000400918566503148
      },
      "mse_env": {
        "1": 0.00018302575141502446,
        "2": 0.00022619277553384952,
        "5": 0.0003148450435738596,
        "10": 0.0003966048129672176,
        "20": 0.0008729274652311377
      },
      "H_wm": 20.0,
      "C_wm": 0.0033663583004005224,
      "lifetime": 50
    },
    {
      "pattern_id": 1,
      "n_samples": 50,
      "W": {
        "1": 0.0,
        "2": 0.0,
        "5": 0.0,
        "10": 0.0,
        "20": 0.0
      },
      "mse_full": {
        "1": 0.0006518183755405081,
        "2": 0.0004291696174145829,
        "5": 0.0005708623754236153,
        "10": 0.0003988297710647049,
        "20": 0.0002800378404304415
      },
      "mse_env": {
        "1": 0.00020728436683955333,
        "2": 0.00020896109958708393,
        "5": 0.00017277713551385626,
        "10": 0.0002113458000240369,
        "20": 0.00018192589170806133
      },
      "H_wm": 0.0,
      "C_wm": 0.0,
      "lifetime": 50
    },
    {
      "pattern_id": 2,
      "n_samples": 50,
      "W": {
        "1": 4.161981458957652e-05,
        "2": 9.670247938600279e-05,
        "5": 0.000218647861656414,
        "10": 1.25248366086235e-05,
        "20": 0.00031261986199297237
      },
      "mse_full": {
        "1": 0.00022086672318351823,
        "2": 0.00019120874404715776,
        "5": 0.00016689438569087649,
        "10": 0.0002037682955906102,
        "20": 0.00014424526186727866
      },
      "mse_env": {
        "1": 0.00026248653777309475,
        "2": 0.00028791122343316055,
        "5": 0.0003855422473472905,
        "10": 0.0002162931321992337,
        "20": 0.00045686512386025103
      },
      "H_wm": 20.0,
      "C_wm": 0.0027458418972219883,
      "lifetime": 50
    },
    {
      "pattern_id": 3,
      "n_samples": 50,
      "W": {
        "1": 4.938806486520442e-05,
        "2": 3.6372435901895766e-05,
        "5": 4.613168937811538e-05,
        "10": 1.8985339049416006e-05,
        "20": 3.5521925327418015e-05
      },
      "mse_full": {
        "1": 7.732081195646246e-05,
        "2": 8.554005686368836e-05,
        "5": 0.00011087166235128943,
        "10": 5.507986088266705e-05,
        "20": 7.331336448211966e-05
      },
      "mse_env": {
        "1": 0.00012670887682166688,
        "2": 0.00012191249276558412,
        "5": 0.0001570033517294048,
        "10": 7.406519993208306e-05,
        "20": 0.00010883528980953768
      },
      "H_wm": 20.0,
      "C_wm": 0.0006019653312565655,
      "lifetime": 50
    },
    {
      "pattern_id": 4,
      "n_samples": 50,
      "W": {
        "1": 0.0,
        "2": 0.0,
        "5": 0.0,
        "10": 0.0,
        "20": 0.0
      },
      "mse_full": {
        "1": 0.0007952370195778317,
        "2": 0.0005166076421434388,
        "5": 0.0009331323473565359,
        "10": 0.0011485196327196588,
        "20": 0.0023158793886063804
      },
      "mse_env": {
        "1": 0.00012303017747469918,
        "2": 0.0001383252679095035,
        "5": 0.00012360450018128995,
        "10": 0.00017783537592949884,
        "20": 0.00010987275792639865
      },
      "H_wm": 0.0,
      "C_wm": 0.0,
      "lifetime": 50
    },
    {
      "pattern_id": 5,
      "n_samples": 50,
      "W": {
        "1": 0.0,
        "2": 0.0,
        "5": 0.0,
        "10": 3.536254067204082e-05,
        "20": 6.237924621675228e-05
      },
      "mse_full": {
        "1": 0.0002714372799712661,
        "2": 0.0003968127979089124,
        "5": 0.00033420692668433303,
        "10": 0.0002499704231068681,
        "20": 0.00021561977342112593
      },
      "mse_env": {
        "1": 0.00021817825585871138,
        "2": 0.00023351213799440657,
        "5": 0.00024889063741042434,
        "10": 0.0002853329637789089,
        "20": 0.0002779990196378782
      },
      "H_wm": 20.0,
      "C_wm": 0.0005771152861240676,
      "lifetime": 50
    },
    {
      "pattern_id": 6,
      "n_samples": 50,
      "W": {
        "1": 0.0,
        "2": 0.0,
        "5": 0.0,
        "10": 0.0,
        "20": 0.0
      },
      "mse_full": {
        "1": 0.04573304186426619,
        "2": 0.029520123634211616,
        "5": 0.09811849063626245,
        "10": 0.07662096804823527,
        "20": 0.04232786223203196
      },
      "mse_env": {
        "1": 0.0003710949795842014,
        "2": 0.0002957038463066204,
        "5": 0.00014880654387419083,
        "10": 0.0003418014931414029,
        "20": 0.0001397089606908775
      },
      "H_wm": 0.0,
      "C_wm": 0.0,
      "lifetime": 50
    },
    {
      "pattern_id": 7,
      "n_samples": 50,
      "W": {
        "1": 0.00019372229263141998,
        "2": 0.00011604345199562059,
        "5": 6.787115996371082e-05,
        "10": 4.9180862510537994e-05,
        "20": 4.2676183136619784e-05
      },
      "mse_full": {
        "1": 0.00017384878976615898,
        "2": 0.00018682555929210612,
        "5": 0.00015192047693091655,
        "10": 0.0001589124515502677,
        "20": 0.00011671313977647125
      },
      "mse_env": {
        "1": 0.00036757108239757896,
        "2": 0.0003028690112877267,
        "5": 0.00021979163689462737,
        "10": 0.0002080933140608057,
        "20": 0.00015938932291309103
      },
      "H_wm": 20.0,
      "C_wm": 0.0011826700746739283,
      "lifetime": 50
    },
    {
      "pattern_id": 8,
      "n_samples": 50,
      "W": {
        "1": 0.0,
        "2": 0.0,
        "5": 0.0,
        "10": 0.0,
        "20": 0.0
      },
      "mse_full": {
        "1": 0.0013522660142717443,
        "2": 0.0005048946804877325,
        "5": 0.000706131965526051,
        "10": 0.0008512152714125549,
        "20": 0.000653462847139793
      },
      "mse_env": {
        "1": 0.00034518354478699405,
        "2": 0.0002316345814562237,
        "5": 0.0002633657353145719,
        "10": 0.0004449321418221677,
        "20": 0.0002921140770269056
      },
      "H_wm": 0.0,
      "C_wm": 0.0,
      "lifetime": 50
    },
    {
      "pattern_id": 9,
      "n_samples": 50,
      "W": {
        "1": 0.0,
        "2": 0.0,
        "5": 0.0,
        "10": 0.0,
        "20": 0.0
      },
      "mse_full": {
        "1": 0.000301215556652968,
        "2": 0.0002336734597916649,
        "5": 0.00033823224806289336,
        "10": 0.00018224399575764578,
        "20": 0.00035372857013059387
      },
      "mse_env": {
        "1": 0.00018142914911353612,
        "2": 0.0001735537216184887,
        "5": 0.00020678251507185276,
        "10": 8.953151679663522e-05,
        "20": 0.0002759616370740014
      },
      "H_wm": 0.0,
      "C_wm": 0.0,
      "lifetime": 50
    },
    {
      "pattern_id": 10,
      "n_samples": 50,
      "W": {
        "1": 0.0,
        "2": 0.0,
        "5": 0.0,
        "10": 0.0,
        "20": 0.0
      },
      "mse_full": {
        "1": 0.00012317391942900488,
        "2": 0.00011687541881722884,
        "5": 0.00014221119208257996,
        "10": 0.00011001990792314521,
        "20": 0.0001325450049250219
      },
      "mse_env": {
        "1": 7.491610849963716e-05,
        "2": 8.55522270661783e-05,
        "5": 0.00012754606323641364,