{
  "metadata": {
    "snapshot_path": "/Users/jacob/fun/shape-of-experience/empirical/experiments/study_ca_affect/results/v13_s42_v2/v13_s42_v2/snapshots/cycle_015.npz",
    "seed": 42,
    "C": 16,
    "N": 128,
    "n_recording_steps": 50,
    "substrate_steps_per_record": 10,
    "tau_values": [
      1,
      2,
      5,
      10,
      20
    ],
    "n_patterns_detected": 36,
    "n_patterns_analyzed": 20,
    "cycle": 15,
    "elapsed_s": 7.423915147781372
  },
  "patterns": [
    {
      "pattern_id": 0,
      "n_samples": 50,
      "W": {
        "1": 0.0,
        "2": 0.0,
        "5": 0.0,
        "10": 0.0,
        "20": 0.0
      },
      "mse_full": {
        "1": 0.00021060826870258176,
        "2": 0.00018456685590812093,
        "5": 0.00021739786981701668,
        "10": 0.00012199702148166026,
        "20": 0.00022796756673111444
      },
      "mse_env": {
        "1": 0.00019126765405552272,
        "2": 0.0001490995238069659,
        "5": 0.00012754132256244822,
        "10": 9.959249445422086e-05,
        "20": 0.00019444980937742716
      },
      "H_wm": 0.0,
      "C_wm": 0.0,
      "lifetime": 50
    },
    {
      "pattern_id": 1,
      "n_samples": 50,
      "W": {
        "1": 0.0,
        "2": 0.0,
        "5": 0.0,
        "10": 0.0,
        "20": 0.0
      },
      "mse_full": {
        "1": 0.02059469366920403,
        "2": 0.026016887991769093,
        "5": 0.006731389892798277,
        "10": 0.008765582097163839,
        "20": 0.02752539290615515
      },
      "mse_env": {
        "1": 0.00012801939035627174,
        "2": 0.00011001494157321582,
        "5": 0.00020130272438811898,
        "10": 0.00020476640135891352,
        "20": 0.00013137383114584998
      },
      "H_wm": 0.0,
      "C_wm": 0.0,
      "lifetime": 50
    },
    {
      "pattern_id": 2,
      "n_samples": 50,
      "W": {
        "1": 0.0,
        "2": 0.0,
        "5": 0.0,
        "10": 0.0,
        "20": 0.0
      },
      "mse_full": {
        "1": 0.0031523356882710864,
        "2": 0.004357532781944945,
        "5": 0.001610936135537936,
        "10": 0.0008429853377219978,
        "20": 0.0019007912406217155
      },
      "mse_env": {
        "1": 0.00026891565292596405,
        "2": 0.00027049704566556516,
        "5": 0.0005784506791360165,
        "10": 0.00037670724567373396,
        "20": 0.00029796909703252614
      },
      "H_wm": 0.0,
      "C_wm": 0.0,
      "lifetime": 50
    },
    {
      "pattern_id": 3,
      "n_samples": 50,
      "W": {
        "1": 2.180050215245166e-05,
        "2": 0.0,
        "5": 0.0,
        "10": 0.0,
        "20": 0.0
      },
      "mse_full": {
        "1": 0.0002410476829784656,
        "2": 0.00027361116749281274,
        "5": 0.0003898421316802793,
        "10": 0.0002747106790355647,
        "20": 0.0002543624668250353
      },
      "mse_env": {
        "1": 0.00026284818513091726,
        "2": 0.00025574775039796855,
        "5": 0.00020782618150267315,
        "10": 0.0001786789710113398,
        "20": 0.00022295914240095136
      },
      "H_wm": 1.0,
      "C_wm": 1.090025107622583e-05,
      "lifetime": 50
    },
    {
      "pattern_id": 4,
      "n_samples": 50,
      "W": {
        "1": 4.822597932258721e-05,
        "2": 2.0117783928603344e-05,
        "5": 0.0,
        "10": 0.0,
        "20": 0.0
      },
      "mse_full": {
        "1": 0.0002594603162582967,
        "2": 0.0002257361228168668,
        "5": 0.00014048586641464227,
        "10": 0.00028655118947058046,
        "20": 0.0001797375243389202
      },
      "mse_env": {
        "1": 0.00030768629558088393,
        "2": 0.00024585390674547014,
        "5": 0.00010537319541586003,
        "10": 0.00028501268097755144,
        "20": 0.0001335750583058698
      },
      "H_wm": 2.0,
      "C_wm": 6.43485575185003e-05,
      "lifetime": 50
    },
    {
      "pattern_id": 5,
      "n_samples": 50,
      "W": {
        "1": 0.0,
        "2": 0.0,
        "5": 0.0,
        "10": 0.0,
        "20": 0.0
      },
      "mse_full": {
        "1": 0.20889395313525666,
        "2": 0.28996923327857477,
        "5": 0.2970878529553868,
        "10": 0.11294003977929531,
        "20": 0.20931506034575836
      },
      "mse_env": {
        "1": 0.00034061155593513885,
        "2": 0.0003084505269060249,
        "5": 0.00020511597348646106,
        "10": 0.0002518701640958435,
        "20": 0.00016886470970651422
      },
      "H_wm": 0.0,
      "C_wm": 0.0,
      "lifetime": 50
    },
    {
      "pattern_id": 6,
      "n_samples": 50,
      "W": {
        "1": 0.0,
        "2": 0.0,
        "5": 2.9261593375126747e-05,
        "10": 0.0,
        "20": 1.5744701944352325e-05
      },
      "mse_full": {
        "1": 0.00013614139685111447,
        "2": 0.000170401105912413,
        "5": 0.00014305810139061186,
        "10": 0.0002110375987037279,
        "20": 0.00015173366027695126
      },
      "mse_env": {
        "1": 0.00013243545946927388,
        "2": 0.00012485813074320575,
        "5": 0.0001723196947657386,
        "10": 0.00013815253912248057,
        "20": 0.00016747836222130358
      },
      "H_wm": 20.0,
      "C_wm": 0.0001957698832222686,
      "lifetime": 50
    },
    {
      "pattern_id": 7,
      "n_samples": 50,
      "W": {
        "1": 0.0,
        "2": 0.0,
        "5": 3.7490792155667066e-05,
        "10": 5.5689157193664106e-05,
        "20": 0.0
      },
      "mse_full": {
        "1": 0.0003411111916490858,
        "2": 0.0003723977981100527,
        "5": 0.0002557890486439551,
        "10": 0.0004050087687685141,
        "20": 0.0004973890449883205
      },
      "mse_env": {
        "1": 0.0002531413873346211,
        "2": 0.00029397083897460084,
        "5": 0.00029327984079962217,
        "10": 0.00046069792596217823,
        "20": 0.0002133944694665016
      },
      "H_wm": 10.0,
      "C_wm": 0.000567631847575149,
      "lifetime": 50
    },
    {
      "pattern_id": 8,
      "n_samples": 50,
      "W": {
        "1": 0.0,
        "2": 0.0,
        "5": 0.0,
        "10": 0.0,
        "20": 0.0
      },
      "mse_full": {
        "1": 0.00021474294671349647,
        "2": 0.00015664094017801022,
        "5": 0.0002102455432954699,
        "10": 0.00021541028414869763,
        "20": 0.00026245034215905316
      },
      "mse_env": {
        "1": 0.00010994312301163495,
        "2": 0.00010118877342377019,
        "5": 9.947459104785136e-05,
        "10": 0.00014992642731465503,
        "20": 0.0002108159644034255
      },
      "H_wm": 0.0,
      "C_wm": 0.0,
      "lifetime": 50
    },
    {
      "pattern_id": 9,
      "n_samples": 50,
      "W": {
        "1": 0.0,
        "2": 2.8124915206534558e-06,
        "5": 0.0,
        "10": 0.0,
        "20": 0.0
      },
      "mse_full": {
        "1": 0.0002840001582579397,
        "2": 0.0002172150170791593,
        "5": 0.00029776173788271365,
        "10": 0.000281123756669782,
        "20": 0.00022575483647624335
      },
      "mse_env": {
        "1": 0.0002162035072001546,
        "2": 0.00022002750859981276,
        "5": 0.00022653294591120455,
        "10": 0.00018317939633609977,
        "20": 0.0001877770853597115
      },
      "H_wm": 2.0,
      "C_wm": 5.6249830413069115e-06,
      "lifetime": 50
    },
    {
      "pattern_id": 10,
      "n_samples": 50,
      "W": {
        "1": 0.0,
        "2": 0.0,
        "5": 0.0,
        "10": 0.0,
        "20": 0.0
      },
      "mse_full": {
        "1": 0.0005315566893933156,
        "2": 0.0005205523557896543,
        "5": 0.0005358654497033412,
        "10": 0.0006210850404863176,
        "20": 0.0005307379196114138
      },
      "mse_env": {
        "1": 0.00013203176966253676,
        "2": 0.00013721402769406298,
        "5": 0.00011101862177672795,
        "10": 0.00018944704079967346,
        "20": 0.00010093649827836659
      },
      "H_wm": 0.0,
      "C_wm": 0.0,
      "lifetime": 50
    },
    {
      "pattern_id": 11,
      "n_samples": 50,