{
  "timestamp": "2025-12-23T22:55:32.051952",
  "models": {
    "claude_4_haiku": {
      "valence": {
        "correlation": 0.7683793963648331,
        "p_value": 7.268923609496713e-06
      },
      "arousal": {
        "correlation": 0.5763505317505713,
        "p_value": 0.00256578188560027
      },
      "effective_rank": {
        "correlation": 0.5169050528506991,
        "p_value": 0.008149533123477232
      },
      "counterfactual": {
        "correlation": 0.4291877942261135,
        "p_value": 0.03227933717764054
      },
      "self_model": {
        "correlation": 0.41144290180030435,
        "p_value": 0.041012251489843936
      },
      "overall": 0.5404531353985043
    },
    "claude_4_sonnet": {
      "valence": {
        "correlation": 0.0,
        "p_value": 1.0
      },
      "arousal": {
        "correlation": 0.0,
        "p_value": 1.0
      },
      "effective_rank": {
        "correlation": 0.0,
        "p_value": 1.0
      },
      "counterfactual": {
        "correlation": 0.0,
        "p_value": 1.0
      },
      "self_model": {
        "correlation": 0.0,
        "p_value": 1.0
      },
      "overall": 0.0
    },
    "claude_4.5_sonnet": {
      "valence": {
        "correlation": 0.7548447819346523,
        "p_value": 1.298691528041513e-05
      },
      "arousal": {
        "correlation": 0.743341430285948,
        "p_value": 2.067805171023204e-05
      },
      "effective_rank": {
        "correlation": 0.8439663947373782,
        "p_value": 1.1519273283701526e-07
      },
      "counterfactual": {
        "correlation": 0.4539560708992165,
        "p_value": 0.022641945361374476
      },
      "self_model": {
        "correlation": 0.07576144084141581,
        "p_value": 0.7188982501836956
      },
      "overall": 0.5743740237397221
    },
    "gpt4o_mini": {
      "valence": {
        "correlation": 0.8225178540855562,
        "p_value": 4.5315409178632077e-07
      },
      "arousal": {
        "correlation": 0.8156268423834374,
        "p_value": 6.773666000526004e-07
      },
      "effective_rank": {
        "correlation": 0.8513730282246809,
        "p_value": 6.841638671386085e-08
      },
      "counterfactual": {
        "correlation": 0.42106070344275154,
        "p_value": 0.036073345661801044
      },
      "self_model": {
        "correlation": 0.1969797461876811,
        "p_value": 0.3452887336475847
      },
      "overall": 0.6215116348648214
    },
    "gpt4o": {
      "valence": {
        "correlation": 0.871242466034207,
        "p_value": 1.4545771253132353e-08
      },
      "arousal": {
        "correlation": 0.8268368795536364,
        "p_value": 3.491391686702943e-07
      },
      "effective_rank": {
        "correlation": 0.764052717637534,
        "p_value": 8.786679326211639e-06
      },
      "counterfactual": {
        "correlation": 0.3769422106187868,
        "p_value": 0.06325293476658968
      },
      "self_model": {
        "correlation": 0.2552577776041548,
        "p_value": 0.21814583975939628
      },
      "overall": 0.6188664102896638
    }
  }
}