{
  "metadata": {
    "substrate": "v15",
    "seed": 7,
    "C": 16,
    "N": 128,
    "snapshot_path": "/Users/jacob/fun/shape-of-experience/empirical/experiments/study_ca_affect/results/v15_s7/snapshots/cycle_000.npz",
    "experiment": "self_model"
  },
  "n_results": 20,
  "cycle": 0,
  "results": [
    {
      "pattern_id": 7,
      "n_timesteps": 50,
      "rho_self": 0.0,
      "SM": {
        "1": 98.89825589947472,
        "2": 28.855475575686796,
        "5": -51.792720065303804,
        "10": -48.68824642247728
      },
      "SM_capacity": 107.16007910111095,
      "SM_sal": Infinity,
      "f_self_mse": {
        "1": 30.323545146124133,
        "2": 60.84406875151478,
        "5": 82.18447849710131,
        "10": 94.84949350364457
      },
      "f_ext_mse": {
        "1": 129.22180104559885,
        "2": 89.69954432720158,
        "5": 30.391758431797506,
        "10": 46.16124708116729
      }
    },
    {
      "pattern_id": 8,
      "n_timesteps": 50,
      "rho_self": 0.32652705731227566,
      "SM": {
        "1": 6.349785249592415,
        "2": 9.159370522176417,
        "5": 6.062355292779671,
        "10": -92.1358161344931
      },
      "SM_capacity": 45.743054840267725,
      "SM_sal": Infinity,
      "f_self_mse": {
        "1": 40.00712505070124,
        "2": 41.90562611219275,
        "5": 48.119041832147545,
        "10": 147.43717024918132
      },
      "f_ext_mse": {
        "1": 46.356910300293656,
        "2": 51.064996634369166,
        "5": 54.181397124927216,
        "10": 55.30135411468823
      }
    },
    {
      "pattern_id": 20,
      "n_timesteps": 50,
      "rho_self": 0.0,
      "SM": {
        "1": 32.25904927667206,
        "2": 9.56087924201034,
        "5": 19.832465934415282,
        "10": -53.56080524225842
      },
      "SM_capacity": 114.58114686001784,
      "SM_sal": Infinity,
      "f_self_mse": {
        "1": 11.906499176959448,
        "2": 14.288736904906852,
        "5": 10.735231266311638,
        "10": 90.16281247161416
      },
      "f_ext_mse": {
        "1": 44.16554845363151,
        "2": 23.849616146917192,
        "5": 30.567697200726922,
        "10": 36.60200722935574
      }
    },
    {
      "pattern_id": 29,
      "n_timesteps": 50,
      "rho_self": 0.0,
      "SM": {
        "1": -342.80721755589815,
        "2": -163.99254244480994,
        "5": -0.883624138148619,
        "10": -1576.1726376501267
      },
      "SM_capacity": 0.0,
      "SM_sal": 0.0,
      "f_self_mse": {
        "1": 421.58835930820277,
        "2": 208.95838123371055,
        "5": 73.89213016531997,
        "10": 1595.20905632689
      },
      "f_ext_mse": {
        "1": 78.78114175230462,
        "2": 44.965838788900626,
        "5": 73.00850602717135,
        "10": 19.036418676763333
      }
    },
    {
      "pattern_id": 34,
      "n_timesteps": 50,
      "rho_self": 0.0,
      "SM": {
        "1": 36.513054644942265,
        "2": -4.084008314702686,
        "5": 21.741067833063312,
        "10": -143.56189919484208
      },
      "SM_capacity": 105.22079865472438,
      "SM_sal": Infinity,
      "f_self_mse": {
        "1": 37.60460891357,
        "2": 84.77158705040222,
        "5": 68.34814045096684,
        "10": 164.0371631558538
      },
      "f_ext_mse": {
        "1": 74.11766355851226,
        "2": 80.68757873569953,
        "5": 90.08920828403015,
        "10": 20.4752639610117
      }
    },
    {
      "pattern_id": 35,
      "n_timesteps": 50,
      "rho_self": 0.0,
      "SM": {
        "1": 5.107987883784893,
        "2": 3.6475515285878632,
        "5": 7.2297977950001115,
        "10": 1.949201568661401
      },
      "SM_capacity": 43.64129210072212,
      "SM_sal": Infinity,
      "f_self_mse": {
        "1": 0.6270194395317976,
        "2": 1.2429696348612762,
        "5": 4.794300798888168,
        "10": 4.334814241506037
      },
      "f_ext_mse": {
        "1": 5.73500732331669,
        "2": 4.890521163449139,
        "5": 12.02409859388828,
        "10": 6.284015810167438
      }
    },
    {
      "pattern_id": 36,
      "n_timesteps": 50,
      "rho_self": 0.0,
      "SM": {
        "1": -2119.2045946074804,
        "2": -858.3605263965421,
        "5": -1959.6912339727978,
        "10": 2.4891010449570192
      },
      "SM_capacity": 6.222752612392548,
      "SM_sal": 0.0,
      "f_self_mse": {
        "1": 2127.4625161646504,
        "2": 867.344637459895,
        "5": 1972.942673406716,
        "10": 5.8322048946694345
      },
      "f_ext_mse": {
        "1": 8.257921557169894,
        "2": 8.984111063352916,
        "5": 13.251439433918145,
        "10": 8.321305939626454
      }
    },
    {
      "pattern_id": 38,
      "n_timesteps": 50,
      "rho_self": 0.0,
      "SM": {
        "1": -9.822742181386594,
        "2": -15.504355999352107,
        "5": -39.212919420423844,
        "10": -100.60419868439408
      },
      "SM_capacity": 0.0,
      "SM_sal": 0.0,
      "f_self_mse": {
        "1": 33.658090068744016,
        "2": 43.356219728643524,
        "5": 51.502930919359414,
        "10": 152.47664748249605
      },
      "f_ext_mse": {
        "1": 23.835347887357422,
        "2": 27.851863729291416,
        "5": 12.29001149893557,
        "10": 51.87244879810197
      }
    },
    {
      "pattern_id": 40,
      "n_timesteps": 50,
      "rho_self": 0.0,
      "SM": {
        "1": -107.32840204404413,
        "2": -68.99903277346873,
        "5": 3.1438373657082295,
        "10": 0.07676396022377663
      },
      "SM_capacity": 12.767259363392359,
      "SM_sal": 0.0,
      "f_self_mse": {
        "1": 113.91900849759095,
        "2": 74.69590273761006,
        "5": 1.2201054669605542,
        "10": 1.3279894901494518
      },
      "f_ext_mse": {
        "1": 6.590606453546831,
        "2": 5.696869964141325,
        "5": 4.3639428326687835,
        "10": 1.4047534503732284
      }
    },
    {
      "pattern_id": 50,
      "n_timesteps": 50,
      "rho_self": 0.0,
      "SM": {
        "1": 2.6708734838023678,
        "2": -1.3208200199318894,
        "5": -18.49822528576196,
        "10": -5.053156843993499
      },
      "SM_capacity": 1.3354367419011839,
      "SM_sal": Infinity,
      "f_self_mse": {
        "1": 2.332302547760237,
        "2": 4.569933527756971,
        "5": 20.047819903573988,
        "10": 8.543971333567809
      },
      "f_ext_mse": {
        "1": 5.003176031562605,
        "2": 3.249113507825082,
        "5": 1.549594617812026,
        "10": 3.4908144895743107
      }
    },
    {
      "pattern_id": 51,
      "n_timesteps": 50,
      "rho_self": 0.0,
      "SM": {
        "1": 6.148896000779423,
        "2": -4.148336256762704,
        "5": -15.430953806189592,
        "10": -5.924260945369433
      },
      "SM_capacity": 3.0744480003897117,
      "SM_sal": Infinity,
      "f_self_mse": {
        "1": 48.439551439489996,
        "2": 85.22641212545497,
        "5": 76.6991389797699,
        "10": 56.25947070135409
      },
      "f_ext_mse": {
        "1": 54.58844744026942,
        "2": 81.07807586869227,
        "5": 61.26818517358031,
        "10": 50.33520975598466
      }
    },
    {
      "pattern_id": 55,
      "n_timesteps": 50,
      "rho_self": 0.0,
      "SM": {
        "1": -25.836794063141454,
        "2": 3.6695930068080855,
        "5": -192.62035326277706,
        "10": -42.624381098608765
      },
      "SM_capacity": 7.339186013616171,
      "SM_sal": 0.0,
      "f_self_mse": {
        "1": 46.07633611542047,
        "2": 16.369598481033634,
        "5": 212.34666366243977,
        "10": 64.60597810131465
      },
      "f_ext_mse": {
        "1": 20.239542052279013,
        "2": 20.03919148784172,
        "5": 19.72631039966272,
        "10": 21.981597002705882
      }
    },
    {
      "pattern_id": 60,
      "n_timesteps": 50,
      "rho_self": 0.0,
      "SM": {
        "1": -56.66993352902101,
        "2": -41.999618760430096,
        "5": -237.5229475775093,