{
  "metadata": {
    "substrate": "v15",
    "seed": 7,
    "C": 16,
    "N": 128,
    "snapshot_path": "/Users/jacob/fun/shape-of-experience/empirical/experiments/study_ca_affect/results/v15_s7/snapshots/cycle_010.npz",
    "experiment": "self_model"
  },
  "n_results": 14,
  "cycle": 10,
  "results": [
    {
      "pattern_id": 0,
      "n_timesteps": 50,
      "rho_self": 0.0,
      "SM": {
        "1": 56.863062507452725,
        "2": 107.69061092480126,
        "5": -41.06613457607875,
        "10": 67.29422890718779
      },
      "SM_capacity": 412.04832537129835,
      "SM_sal": Infinity,
      "f_self_mse": {
        "1": 82.78416593343312,
        "2": 50.60739673317019,
        "5": 137.55774292222654,
        "10": 100.59876527508676
      },
      "f_ext_mse": {
        "1": 139.64722844088584,
        "2": 158.29800765797145,
        "5": 96.49160834614779,
        "10": 167.89299418227455
      }
    },
    {
      "pattern_id": 1,
      "n_timesteps": 50,
      "rho_self": 0.3516742324954371,
      "SM": {
        "1": -30.60484021880613,
        "2": -19.200855262910665,
        "5": -130.81954778391076,
        "10": -163.2888633853101
      },
      "SM_capacity": 0.0,
      "SM_sal": 0.0,
      "f_self_mse": {
        "1": 113.51909551004421,
        "2": 98.76311466103577,
        "5": 244.05726909857987,
        "10": 263.7044029134742
      },
      "f_ext_mse": {
        "1": 82.91425529123808,
        "2": 79.56225939812511,
        "5": 113.2377213146691,
        "10": 100.4155395281641
      }
    },
    {
      "pattern_id": 2,
      "n_timesteps": 50,
      "rho_self": 0.0,
      "SM": {
        "1": -3009.7623175488525,
        "2": -2835.018465969784,
        "5": -2748.552598481645,
        "10": -4173.672238931084
      },
      "SM_capacity": 0.0,
      "SM_sal": 0.0,
      "f_self_mse": {
        "1": 3086.402991798505,
        "2": 2954.197046672695,
        "5": 2824.4870702033795,
        "10": 4329.253926274049
      },
      "f_ext_mse": {
        "1": 76.64067424965233,
        "2": 119.17858070291099,
        "5": 75.93447172173443,
        "10": 155.5816873429646
      }
    },
    {
      "pattern_id": 4,
      "n_timesteps": 50,
      "rho_self": 0.0,
      "SM": {
        "1": -1057.8933572451551,
        "2": -27.031071279557484,
        "5": -7.978970586560321,
        "10": -5.672497351371139
      },
      "SM_capacity": 0.0,
      "SM_sal": 0.0,
      "f_self_mse": {
        "1": 1074.9897862010034,
        "2": 41.46181617367539,
        "5": 13.872651481165292,
        "10": 8.446841693269581
      },
      "f_ext_mse": {
        "1": 17.096428955848303,
        "2": 14.430744894117904,
        "5": 5.893680894604971,
        "10": 2.774344341898442
      }
    },
    {
      "pattern_id": 5,
      "n_timesteps": 50,
      "rho_self": 0.0,
      "SM": {
        "1": -127.09494040096394,
        "2": -199.3151356878555,
        "5": -1674.9169369002964,
        "10": -90.74520775623536
      },
      "SM_capacity": 0.0,
      "SM_sal": 0.0,
      "f_self_mse": {
        "1": 229.1313684681776,
        "2": 336.63092831786764,
        "5": 1784.8887774198397,
        "10": 170.5548829240996
      },
      "f_ext_mse": {
        "1": 102.03642806721368,
        "2": 137.31579263001214,
        "5": 109.97184051954329,
        "10": 79.80967516786423
      }
    },
    {
      "pattern_id": 6,
      "n_timesteps": 50,
      "rho_self": 0.0,
      "SM": {
        "1": 7.184877652860004,
        "2": 12.746097681997274,
        "5": 8.521901533168455,
        "10": -10.139787441172013
      },
      "SM_capacity": 63.17224032309837,
      "SM_sal": 0.13735671482186831,
      "f_self_mse": {
        "1": 4.780177612832136,
        "2": 5.121637650009657,
        "5": 1.3681635731263442,
        "10": 16.56230261999254
      },
      "f_ext_mse": {
        "1": 11.96505526569214,
        "2": 17.86773533200693,
        "5": 9.890065106294799,
        "10": 6.422515178820527
      }
    },
    {
      "pattern_id": 7,
      "n_timesteps": 50,
      "rho_self": 0.0,
      "SM": {
        "1": -39.43929611201756,
        "2": -5.028735712808334,
        "5": -27.38886343852348,
        "10": -93.20521106838147
      },
      "SM_capacity": 0.0,
      "SM_sal": 0.0,
      "f_self_mse": {
        "1": 74.34495073620121,
        "2": 44.40572394712597,
        "5": 82.42450809306439,
        "10": 162.843893604362
      },
      "f_ext_mse": {
        "1": 34.905654624183654,
        "2": 39.376988234317636,
        "5": 55.03564465454091,
        "10": 69.63868253598052
      }
    },
    {
      "pattern_id": 8,
      "n_timesteps": 50,
      "rho_self": 0.08143666616975183,
      "SM": {
        "1": -23.381258674980103,
        "2": -25.666771368184897,
        "5": -1558.7947394484454,
        "10": -180.77477451523208
      },
      "SM_capacity": 0.0,
      "SM_sal": 0.0,
      "f_self_mse": {
        "1": 60.278580015796784,
        "2": 61.23568021629394,
        "5": 1619.7167725677796,
        "10": 222.22105682390938
      },
      "f_ext_mse": {
        "1": 36.89732134081668,
        "2": 35.56890884810905,
        "5": 60.922033119334195,
        "10": 41.44628230867731
      }
    },
    {
      "pattern_id": 9,
      "n_timesteps": 50,
      "rho_self": 0.3063977270449396,
      "SM": {
        "1": 38.96860248751606,
        "2": 1.6884885811011117,
        "5": 13.983079057620927,
        "10": -13.65167666676409
      },
      "SM_capacity": 78.79359463644396,
      "SM_sal": 40.529650391773416,
      "f_self_mse": {
        "1": 20.2972743603846,
        "2": 42.58313569038367,
        "5": 17.16377427142179,
        "10": 53.85987941049947
      },
      "f_ext_mse": {
        "1": 59.26587684790066,
        "2": 44.27162427148478,
        "5": 31.146853329042717,
        "10": 40.20820274373538
      }
    },
    {
      "pattern_id": 12,
      "n_timesteps": 50,
      "rho_self": 0.0,
      "SM": {
        "1": 13.983411004939747,
        "2": 24.87145241898027,
        "5": 20.775667316624634,
        "10": -97.01768417717723
      },
      "SM_capacity": 139.83727960692894,
      "SM_sal": 1.7580359903203417,
      "f_self_mse": {
        "1": 59.670562883570675,
        "2": 37.953626407165686,
        "5": 39.32583643170288,
        "10": 106.20664619793294
      },
      "f_ext_mse": {
        "1": 73.65397388851042,
        "2": 62.825078826145955,
        "5": 60.10150374832752,
        "10": 9.188962020755707
      }
    },
    {
      "pattern_id": 3,
      "n_timesteps": 49,
      "rho_self": 0.0,
      "SM": {
        "1": -32.164083153156994,
        "2": 11.898941938287496,
        "5": -92.9552784487004,
        "10": -1.7990230081842817
      },
      "SM_capacity": 23.797883876574993,
      "SM_sal": 0.0,
      "f_self_mse": {
        "1": 73.91619439436312,
        "2": 18.609745822093533,
        "5": 119.15973161557365,
        "10": 17.557664357660663
      },
      "f_ext_mse": {
        "1": 41.75211124120612,
        "2": 30.50868776038103,
        "5": 26.204453166873247,
        "10": 15.758641349476381
      }
    },
    {
      "pattern_id": 10,
      "n_timesteps": 49,
      "rho_self": 0.0,
      "SM": {
        "1": 2.2007002243684255,
        "2": 6.1784246077844385,
        "5": 4.441147876161395,
        "10": 2.5465757563218254
      },
      "SM_capacity": 37.58823022320324,
      "SM_sal": 0.0,
      "f_self_mse": {
        "1": 9.183990098742731,
        "2": 6.60677667674265,
        "5": 8.262169762712272,
        "10": 15.753603003215428
      },
      "f_ext_mse": {
        "1": 11.384690323111156,
        "2": 12.785201284527089,
        "5": 12.703317638873667,
        "10": 18.300178759537253
      }
    },
    {
      "pattern_id": 11,
      "n_timesteps": 49,
      "rho_self": 0.0,
      "SM": {
        "1": 4.415429535723575,
        "2": -2.9555556867631054,
        "5": -218.7352050943622,
        "10": 48.16437993882577
      },