{
  "metadata": {
    "substrate": "v15",
    "seed": 7,
    "C": 16,
    "N": 128,
    "snapshot_path": "/Users/jacob/fun/shape-of-experience/empirical/experiments/study_ca_affect/results/v15_s7/snapshots/cycle_005.npz",
    "experiment": "self_model"
  },
  "n_results": 20,
  "cycle": 5,
  "results": [
    {
      "pattern_id": 0,
      "n_timesteps": 50,
      "rho_self": 0.0,
      "SM": {
        "1": 42.50273482942963,
        "2": 42.8435492341537,
        "5": 41.361547667842984,
        "10": -243.5316672792633
      },
      "SM_capacity": 272.38465655439416,
      "SM_sal": Infinity,
      "f_self_mse": {
        "1": 35.20462498689008,
        "2": 74.71946651476978,
        "5": 72.43728804977655,
        "10": 263.0507887878913
      },
      "f_ext_mse": {
        "1": 77.70735981631971,
        "2": 117.56301574892348,
        "5": 113.79883571761954,
        "10": 19.519121508627993
      }
    },
    {
      "pattern_id": 1,
      "n_timesteps": 50,
      "rho_self": 0.0,
      "SM": {
        "1": -3.069581760602045,
        "2": -11.580080998456163,
        "5": -1.0056704913489165,
        "10": 2.7591795107621357
      },
      "SM_capacity": 6.89794877690534,
      "SM_sal": 0.0,
      "f_self_mse": {
        "1": 11.604905803997834,
        "2": 20.119430802082185,
        "5": 8.158476936671041,
        "10": 2.7992400251461445
      },
      "f_ext_mse": {
        "1": 8.53532404339579,
        "2": 8.539349803626022,
        "5": 7.152806445322125,
        "10": 5.55841953590828
      }
    },
    {
      "pattern_id": 2,
      "n_timesteps": 50,
      "rho_self": 0.0,
      "SM": {
        "1": 38.92985898500396,
        "2": -38.64198889292517,
        "5": -49.259960818239335,
        "10": -110.54795442706752
      },
      "SM_capacity": 19.46492949250198,
      "SM_sal": Infinity,
      "f_self_mse": {
        "1": 86.13892565761113,
        "2": 138.14156377084404,
        "5": 177.955307451187,
        "10": 209.65596017275794
      },
      "f_ext_mse": {
        "1": 125.06878464261509,
        "2": 99.49957487791887,
        "5": 128.69534663294766,
        "10": 99.10800574569042
      }
    },
    {
      "pattern_id": 4,
      "n_timesteps": 50,
      "rho_self": 0.0,
      "SM": {
        "1": 75.7837126347668,
        "2": 62.22861161495557,
        "5": 49.091592095270286,
        "10": -205.0674346401036
      },
      "SM_capacity": 358.7154479283757,
      "SM_sal": Infinity,
      "f_self_mse": {
        "1": 15.82610789851573,
        "2": 21.39583842520128,
        "5": 50.94745582394337,
        "10": 270.835364039463
      },
      "f_ext_mse": {
        "1": 91.60982053328253,
        "2": 83.62445004015684,
        "5": 100.03904791921366,
        "10": 65.76792939935939
      }
    },
    {
      "pattern_id": 5,
      "n_timesteps": 50,
      "rho_self": 0.0,
      "SM": {
        "1": -409.4455648865364,
        "2": -880.8641382440353,
        "5": -1802.6301944413199,
        "10": -87.66257205121173
      },
      "SM_capacity": 0.0,
      "SM_sal": 0.0,
      "f_self_mse": {
        "1": 417.11556953726677,
        "2": 887.7057031972283,
        "5": 1808.4678561338883,
        "10": 96.00372954076002
      },
      "f_ext_mse": {
        "1": 7.670004650730417,
        "2": 6.841564953192995,
        "5": 5.837661692568396,
        "10": 8.341157489548298
      }
    },
    {
      "pattern_id": 6,
      "n_timesteps": 50,
      "rho_self": 0.0,
      "SM": {
        "1": -72.37736648478673,
        "2": -222.38185404589308,
        "5": -154.80935597623417,
        "10": -84.7066896002757
      },
      "SM_capacity": 0.0,
      "SM_sal": 0.0,
      "f_self_mse": {
        "1": 100.28821703266674,
        "2": 264.0214812311705,
        "5": 218.27184195128962,
        "10": 134.90898086214568
      },
      "f_ext_mse": {
        "1": 27.91085054788001,
        "2": 41.63962718527746,
        "5": 63.46248597505545,
        "10": 50.20229126186998
      }
    },
    {
      "pattern_id": 7,
      "n_timesteps": 50,
      "rho_self": 0.0,
      "SM": {
        "1": -136.1422809783763,
        "2": -160.53608480022083,
        "5": -342.6540039861399,
        "10": -415.7977604933187
      },
      "SM_capacity": 0.0,
      "SM_sal": 0.0,
      "f_self_mse": {
        "1": 146.81899053029,
        "2": 169.39526839360437,
        "5": 348.8929462869902,
        "10": 423.38967604917207
      },
      "f_ext_mse": {
        "1": 10.676709551913682,
        "2": 8.859183593383538,
        "5": 6.238942300850264,
        "10": 7.591915555853376
      }
    },
    {
      "pattern_id": 8,
      "n_timesteps": 50,
      "rho_self": 0.0,
      "SM": {
        "1": 1.21225734314089,
        "2": 1.0803716822767386,
        "5": 0.6978108487363324,
        "10": -4.240273366762752
      },
      "SM_capacity": 5.558115431069252,
      "SM_sal": 0.0,
      "f_self_mse": {
        "1": 3.1966907538873715,
        "2": 2.4495661239493045,
        "5": 3.192096757692882,
        "10": 8.070916724856348
      },
      "f_ext_mse": {
        "1": 4.4089480970282615,
        "2": 3.529937806226043,
        "5": 3.8899076064292144,
        "10": 3.830643358093596
      }
    },
    {
      "pattern_id": 9,
      "n_timesteps": 50,
      "rho_self": 0.0,
      "SM": {
        "1": 5.558816686573184,
        "2": 6.80536912280377,
        "5": 6.723442822408895,
        "10": 5.390120278197402
      },
      "SM_capacity": 56.759218574023215,
      "SM_sal": Infinity,
      "f_self_mse": {
        "1": 3.20302352859965,
        "2": 3.3915465533729168,
        "5": 4.4183671631520305,
        "10": 5.2337591548353215
      },
      "f_ext_mse": {
        "1": 8.761840215172834,
        "2": 10.196915676176687,
        "5": 11.141809985560926,
        "10": 10.623879433032723
      }
    },
    {
      "pattern_id": 10,
      "n_timesteps": 50,
      "rho_self": 0.0,
      "SM": {
        "1": -4.351628189429142,
        "2": -0.7965234871262652,
        "5": -388.61799459154616,
        "10": -6.327109733858279
      },
      "SM_capacity": 0.0,
      "SM_sal": 0.0,
      "f_self_mse": {
        "1": 54.36767789533455,
        "2": 59.775321897623144,
        "5": 459.21820977254083,
        "10": 56.430629019971455
      },
      "f_ext_mse": {
        "1": 50.01604970590541,
        "2": 58.97879841049688,
        "5": 70.60021518099467,
        "10": 50.103519286113176
      }
    },
    {
      "pattern_id": 11,
      "n_timesteps": 50,
      "rho_self": 0.13190171000501105,
      "SM": {
        "1": -118.62916714660247,
        "2": -7.486778441266317,
        "5": 3.007997701415402,
        "10": -1323.4498473147526
      },
      "SM_capacity": 12.031990805661607,
      "SM_sal": 0.0,
      "f_self_mse": {
        "1": 138.47601582385136,
        "2": 26.078633897231043,
        "5": 16.911987787994384,
        "10": 1452.480468678556
      },
      "f_ext_mse": {
        "1": 19.846848677248893,
        "2": 18.591855455964726,
        "5": 19.919985489409786,
        "10": 129.03062136380342
      }
    },
    {
      "pattern_id": 12,
      "n_timesteps": 50,
      "rho_self": 0.0,
      "SM": {
        "1": 0.0485598781730463,
        "2": 7.683601235214594,
        "5": -83.17449455824871,
        "10": 5.17340195476205
      },
      "SM_capacity": 28.324987296420836,
      "SM_sal": Infinity,
      "f_self_mse": {
        "1": 13.458046406334972,
        "2": 4.825978165710733,
        "5": 90.86584973903386,
        "10": 1.9890293611124967
      },
      "f_ext_mse": {
        "1": 13.506606284508019,
        "2": 12.509579400925327,
        "5": 7.6913551807851475,
        "10": 7.162431315874547
      }
    },
    {
      "pattern_id": 13,
      "n_timesteps": 50,
      "rho_self": 0.0,
      "SM": {
        "1": 16.38041544479549,
        "2": -39.10118718001085,
        "5": -54.92537386522689,
        "10": 41.099099699013024
      },
      "SM_capacity": 110.93795696993031,