{
  "metadata": {
    "substrate": "v15",
    "seed": 7,
    "C": 16,
    "N": 128,
    "snapshot_path": "/Users/jacob/fun/shape-of-experience/empirical/experiments/study_ca_affect/results/v15_s7/snapshots/cycle_020.npz",
    "experiment": "self_model"
  },
  "n_results": 20,
  "cycle": 20,
  "results": [
    {
      "pattern_id": 0,
      "n_timesteps": 50,
      "rho_self": 0.0,
      "SM": {
        "1": 109.16384288696025,
        "2": 103.36069823768298,
        "5": -75.49277027446828,
        "10": -27.34995842220384
      },
      "SM_capacity": 261.3033179188461,
      "SM_sal": Infinity,
      "f_self_mse": {
        "1": 84.6457747443767,
        "2": 61.29999553298709,
        "5": 196.76538809151808,
        "10": 109.24541025149078
      },
      "f_ext_mse": {
        "1": 193.80961763133695,
        "2": 164.66069377067006,
        "5": 121.27261781704979,
        "10": 81.89545182928694
      }
    },
    {
      "pattern_id": 1,
      "n_timesteps": 50,
      "rho_self": 0.0,
      "SM": {
        "1": 29.37014781624491,
        "2": -7.670811733342823,
        "5": -29.322392105934757,
        "10": 5.42871164210807
      },
      "SM_capacity": 28.25685301339263,
      "SM_sal": Infinity,
      "f_self_mse": {
        "1": 22.921642263363964,
        "2": 28.646185144092215,
        "5": 49.76998628295222,
        "10": 52.36374948561058
      },
      "f_ext_mse": {
        "1": 52.29179007960887,
        "2": 20.97537341074939,
        "5": 20.44759417701746,
        "10": 57.79246112771865
      }
    },
    {
      "pattern_id": 2,
      "n_timesteps": 50,
      "rho_self": 0.0,
      "SM": {
        "1": 10.94274835562842,
        "2": 0.037183846678867205,
        "5": 4.306302967297153,
        "10": 5.529212186624546
      },
      "SM_capacity": 36.593984206921924,
      "SM_sal": Infinity,
      "f_self_mse": {
        "1": 5.782272317498369,
        "2": 5.920715943002048,
        "5": 7.857713139778838,
        "10": 14.54377868966703
      },
      "f_ext_mse": {
        "1": 16.72502067312679,
        "2": 5.957899789680916,
        "5": 12.164016107075991,
        "10": 20.072990876291577
      }
    },
    {
      "pattern_id": 3,
      "n_timesteps": 50,
      "rho_self": 0.0,
      "SM": {
        "1": 76.17945813706191,
        "2": 55.62320666635415,
        "5": -32.697249807289296,
        "10": -8.295637653469953
      },
      "SM_capacity": 149.33614240123927,
      "SM_sal": Infinity,
      "f_self_mse": {
        "1": 39.14791196768309,
        "2": 113.14424045844478,
        "5": 155.36736976897637,
        "10": 136.05733497906365
      },
      "f_ext_mse": {
        "1": 115.327370104745,
        "2": 168.76744712479893,
        "5": 122.67011996168708,
        "10": 127.7616973255937
      }
    },
    {
      "pattern_id": 4,
      "n_timesteps": 50,
      "rho_self": 0.0,
      "SM": {
        "1": 17.583746652452042,
        "2": -3.6848780016439875,
        "5": -9.951655986527062,
        "10": -402.88426040833616
      },
      "SM_capacity": 8.791873326226021,
      "SM_sal": Infinity,
      "f_self_mse": {
        "1": 30.094468762734174,
        "2": 47.99317581789552,
        "5": 39.817453949636594,
        "10": 408.34888515059095
      },
      "f_ext_mse": {
        "1": 47.678215415186216,
        "2": 44.30829781625153,
        "5": 29.865797963109532,
        "10": 5.464624742254799
      }
    },
    {
      "pattern_id": 5,
      "n_timesteps": 50,
      "rho_self": 0.0,
      "SM": {
        "1": -8.87443854632491,
        "2": -20.10451859426064,
        "5": 0.019510702833137827,
        "10": 5.449524645410991
      },
      "SM_capacity": 13.701854424860027,
      "SM_sal": Infinity,
      "f_self_mse": {
        "1": 53.61126147775887,
        "2": 59.60030688825816,
        "5": 40.31038924799688,
        "10": 3.6666641565214717
      },
      "f_ext_mse": {
        "1": 44.73682293143396,
        "2": 39.49578829399752,
        "5": 40.32989995083002,
        "10": 9.116188801932463
      }
    },
    {
      "pattern_id": 6,
      "n_timesteps": 50,
      "rho_self": 0.0,
      "SM": {
        "1": 48.161622406970544,
        "2": -3.997453079660076,
        "5": -335.6392631246823,
        "10": -177.28901246808147
      },
      "SM_capacity": 24.080811203485272,
      "SM_sal": Infinity,
      "f_self_mse": {
        "1": 25.302930608143846,
        "2": 79.8716798944274,
        "5": 400.95991183931625,
        "10": 262.35533003950513
      },
      "f_ext_mse": {
        "1": 73.46455301511439,
        "2": 75.87422681476733,
        "5": 65.3206487146339,
        "10": 85.06631757142367
      }
    },
    {
      "pattern_id": 7,
      "n_timesteps": 50,
      "rho_self": 0.0,
      "SM": {
        "1": -134.78622712544592,
        "2": -720.2064574810994,
        "5": -335.0895277702514,
        "10": -369.2568777450563
      },
      "SM_capacity": 0.0,
      "SM_sal": 0.0,
      "f_self_mse": {
        "1": 159.07987809396033,
        "2": 743.2068626357297,
        "5": 359.1010279489429,
        "10": 419.49273777571335
      },
      "f_ext_mse": {
        "1": 24.29365096851442,
        "2": 23.000405154630307,
        "5": 24.011500178691513,
        "10": 50.23586003065707
      }
    },
    {
      "pattern_id": 8,
      "n_timesteps": 50,
      "rho_self": 0.0,
      "SM": {
        "1": -163.10464310251018,
        "2": -655.4183793286757,
        "5": -118.28206566666809,
        "10": -7214.77751865233
      },
      "SM_capacity": 0.0,
      "SM_sal": 0.0,
      "f_self_mse": {
        "1": 251.00260255490048,
        "2": 780.9896534620567,
        "5": 173.1470167684093,
        "10": 7360.543013469074
      },
      "f_ext_mse": {
        "1": 87.8979594523903,
        "2": 125.57127413338102,
        "5": 54.8649511017412,
        "10": 145.76549481674388
      }
    },
    {
      "pattern_id": 9,
      "n_timesteps": 50,
      "rho_self": 0.0,
      "SM": {
        "1": -17.344190719876185,
        "2": -11.430135282062839,
        "5": -11.963413633129871,
        "10": -26.01933009200804
      },
      "SM_capacity": 0.0,
      "SM_sal": 0.0,
      "f_self_mse": {
        "1": 27.951860324076414,
        "2": 22.45131369746168,
        "5": 27.395178797277772,
        "10": 44.962798264219096
      },
      "f_ext_mse": {
        "1": 10.607669604200229,
        "2": 11.02117841539884,
        "5": 15.431765164147901,
        "10": 18.943468172211055
      }
    },
    {
      "pattern_id": 10,
      "n_timesteps": 50,
      "rho_self": 0.0,
      "SM": {
        "1": -73.68982688621684,
        "2": -0.3634374714006867,
        "5": 26.034022239206422,
        "10": 2.0692510031743296
      },
      "SM_capacity": 109.3092164647615,
      "SM_sal": 0.0,
      "f_self_mse": {
        "1": 132.14958957496745,
        "2": 58.585503917012076,
        "5": 80.19865769467427,
        "10": 72.16507492249993
      },
      "f_ext_mse": {
        "1": 58.459762688750615,
        "2": 58.22206644561139,
        "5": 106.23267993388069,
        "10": 74.23432592567426
      }
    },
    {
      "pattern_id": 11,
      "n_timesteps": 50,
      "rho_self": 0.0,
      "SM": {
        "1": -2604.0350950612305,
        "2": -1137.6825474903098,
        "5": -2045.5024023261246,
        "10": -62.39083937985866
      },
      "SM_capacity": 0.0,
      "SM_sal": 0.0,
      "f_self_mse": {
        "1": 2670.0028089312377,
        "2": 1202.418347762371,
        "5": 2091.1851636275924,
        "10": 146.4062840825339
      },
      "f_ext_mse": {
        "1": 65.96771387000734,
        "2": 64.73580027206117,
        "5": 45.68276130146779,
        "10": 84.01544470267523
      }
    },
    {
      "pattern_id": 12,
      "n_timesteps": 50,
      "rho_self": 0.21412347217797806,
      "SM": {
        "1": 4.143451268763176,
        "2": 4.177011735432282,
        "5": 9.412084148605063,
        "10": 3.9450673880737956
      },