{
  "metadata": {
    "substrate": "v15",
    "seed": 7,
    "C": 16,
    "N": 128,
    "snapshot_path": "/Users/jacob/fun/shape-of-experience/empirical/experiments/study_ca_affect/results/v15_s7/snapshots/cycle_025.npz",
    "experiment": "self_model"
  },
  "n_results": 3,
  "cycle": 25,
  "results": [
    {
      "pattern_id": 0,
      "n_timesteps": 50,
      "rho_self": 0.0,
      "SM": {
        "1": -51.80982731288523,
        "2": -55.510614428446104,
        "5": -136.5512512216472,
        "10": 68.21052340492231
      },
      "SM_capacity": 170.52630851230577,
      "SM_sal": 0.0,
      "f_self_mse": {
        "1": 106.58539118863033,
        "2": 121.76515956041735,
        "5": 229.59534067438435,
        "10": 80.76377671076533
      },
      "f_ext_mse": {
        "1": 54.77556387574509,
        "2": 66.25454513197124,
        "5": 93.04408945273715,
        "10": 148.97430011568764
      }
    },
    {
      "pattern_id": 1,
      "n_timesteps": 50,
      "rho_self": 0.0,
      "SM": {
        "1": 2.5272629653558596,
        "2": 2.9796121383683203,
        "5": -27.968757464355328,
        "10": -3.619333546159573
      },
      "SM_capacity": 7.22285575941457,
      "SM_sal": Infinity,
      "f_self_mse": {
        "1": 1.3047427139167527,
        "2": 1.771034230295156,
        "5": 31.74903201383534,
        "10": 7.646079617527038
      },
      "f_ext_mse": {
        "1": 3.832005679272612,
        "2": 4.750646368663476,
        "5": 3.780274549480012,
        "10": 4.026746071367465
      }
    },
    {
      "pattern_id": 2,
      "n_timesteps": 50,
      "rho_self": 0.0,
      "SM": {
        "1": 8.428742296060213,
        "2": 8.583628274817428,
        "5": 3.664369272175731,
        "10": 0.5437645499763102
      },
      "SM_capacity": 37.39851616130866,
      "SM_sal": Infinity,
      "f_self_mse": {
        "1": 4.399426976353283,
        "2": 3.7599226184521877,
        "5": 0.6441690837734436,
        "10": 2.338085004942541
      },
      "f_ext_mse": {
        "1": 12.828169272413495,
        "2": 12.343550893269617,
        "5": 4.308538355949175,
        "10": 2.881849554918851
      }
    }
  ]
}