{
  "metadata": {
    "substrate": "v15",
    "seed": 7,
    "C": 16,
    "N": 128,
    "snapshot_path": "/Users/jacob/fun/shape-of-experience/empirical/experiments/study_ca_affect/results/v15_s7/snapshots/cycle_029.npz",
    "experiment": "self_model"
  },
  "n_results": 20,
  "cycle": 29,
  "results": [
    {
      "pattern_id": 1,
      "n_timesteps": 50,
      "rho_self": 0.0,
      "SM": {
        "1": -1.4642448878857426,
        "2": -41.46937875287681,
        "5": 3.016970809928817,
        "10": 3.923529307700063
      },
      "SM_capacity": 21.876706508965427,
      "SM_sal": 0.0,
      "f_self_mse": {
        "1": 10.055303530047063,
        "2": 51.17439443516757,
        "5": 2.8476136097012903,
        "10": 4.582412594575439
      },
      "f_ext_mse": {
        "1": 8.59105864216132,
        "2": 9.705015682290764,
        "5": 5.864584419630107,
        "10": 8.505941902275502
      }
    },
    {
      "pattern_id": 2,
      "n_timesteps": 50,
      "rho_self": 0.0,
      "SM": {
        "1": -23.13831717790606,
        "2": 19.010138298403838,
        "5": -0.2806051595398449,
        "10": -1.0169967888913973
      },
      "SM_capacity": 38.020276596807676,
      "SM_sal": 0.0,
      "f_self_mse": {
        "1": 51.60438665735501,
        "2": 11.925231264378116,
        "5": 7.584797085088415,
        "10": 3.8115860485176576
      },
      "f_ext_mse": {
        "1": 28.466069479448947,
        "2": 30.935369562781954,
        "5": 7.3041919255485706,
        "10": 2.7945892596262603
      }
    },
    {
      "pattern_id": 4,
      "n_timesteps": 50,
      "rho_self": 0.0,
      "SM": {
        "1": 25.77404164672008,
        "2": 16.028405111496063,
        "5": -459.2500075675298,
        "10": -0.9600830015838255
      },
      "SM_capacity": 44.943831046352166,
      "SM_sal": 0.0,
      "f_self_mse": {
        "1": 34.468898980249186,
        "2": 43.73834555816891,
        "5": 512.4431502710448,
        "10": 11.659013640931544
      },
      "f_ext_mse": {
        "1": 60.242940626969265,
        "2": 59.76675066966497,
        "5": 53.193142703515036,
        "10": 10.698930639347719
      }
    },
    {
      "pattern_id": 5,
      "n_timesteps": 50,
      "rho_self": 0.0,
      "SM": {
        "1": -25.31202267484214,
        "2": -316.12484047254327,
        "5": -503.1016797773171,
        "10": -144.22593704877318
      },
      "SM_capacity": 0.0,
      "SM_sal": 0.0,
      "f_self_mse": {
        "1": 100.76736452944455,
        "2": 409.728917664416,
        "5": 605.958094718063,
        "10": 202.84256751214667
      },
      "f_ext_mse": {
        "1": 75.45534185460241,
        "2": 93.60407719187273,
        "5": 102.85641494074589,
        "10": 58.6166304633735
      }
    },
    {
      "pattern_id": 6,
      "n_timesteps": 50,
      "rho_self": 0.0,
      "SM": {
        "1": 46.425792329593904,
        "2": 58.843776677750554,
        "5": 17.592747566727297,
        "10": -6.402359093821232
      },
      "SM_capacity": 211.27143978720727,
      "SM_sal": Infinity,
      "f_self_mse": {
        "1": 59.83671143465767,
        "2": 48.49485784548075,
        "5": 83.46609405225195,
        "10": 94.78643750413667
      },
      "f_ext_mse": {
        "1": 106.26250376425158,
        "2": 107.3386345232313,
        "5": 101.05884161897924,
        "10": 88.38407841031544
      }
    },
    {
      "pattern_id": 7,
      "n_timesteps": 50,
      "rho_self": 0.0,
      "SM": {
        "1": -0.11036835944152656,
        "2": -1.85905556902392,
        "5": 1.327769112774574,
        "10": 0.4618766387514279
      },
      "SM_capacity": 6.465768047976867,
      "SM_sal": Infinity,
      "f_self_mse": {
        "1": 3.855122766851607,
        "2": 6.344855616724244,
        "5": 2.073719073623644,
        "10": 2.6678160905741537
      },
      "f_ext_mse": {
        "1": 3.7447544074100803,
        "2": 4.485800047700324,
        "5": 3.4014881863982183,
        "10": 3.1296927293255816
      }
    },
    {
      "pattern_id": 8,
      "n_timesteps": 50,
      "rho_self": 0.0,
      "SM": {
        "1": 2.3219514631608296,
        "2": 1.7122906295597922,
        "5": -5.436440238450032,
        "10": -7.368862284584181
      },
      "SM_capacity": 4.585556990699999,
      "SM_sal": Infinity,
      "f_self_mse": {
        "1": 3.5608944230709283,
        "2": 2.2983526888524075,
        "5": 10.055092351501452,
        "10": 11.029837828147354
      },
      "f_ext_mse": {
        "1": 5.882845886231758,
        "2": 4.0106433184122,
        "5": 4.61865211305142,
        "10": 3.660975543563173
      }
    },
    {
      "pattern_id": 9,
      "n_timesteps": 50,
      "rho_self": 0.0,
      "SM": {
        "1": -81.71975737397733,
        "2": -320.2044837450039,
        "5": -1760.372449307413,
        "10": -229.74288053159484
      },
      "SM_capacity": 0.0,
      "SM_sal": 0.0,
      "f_self_mse": {
        "1": 202.92730366819876,
        "2": 410.42517217822586,
        "5": 1862.412233071657,
        "10": 359.89096856128583
      },
      "f_ext_mse": {
        "1": 121.20754629422143,
        "2": 90.22068843322194,
        "5": 102.03978376424398,
        "10": 130.148088029691
      }
    },
    {
      "pattern_id": 10,
      "n_timesteps": 50,
      "rho_self": 0.0,
      "SM": {
        "1": 36.57734683465219,
        "2": 11.766566738163021,
        "5": -92.56999546186874,
        "10": 39.193908230864594
      },
      "SM_capacity": 139.80657747081364,
      "SM_sal": Infinity,
      "f_self_mse": {
        "1": 57.94211723149492,
        "2": 114.31724715795033,
        "5": 149.67788725220095,
        "10": 177.7052789359067
      },
      "f_ext_mse": {
        "1": 94.51946406614711,
        "2": 126.08381389611336,
        "5": 57.107891790332204,
        "10": 216.8991871667713
      }
    },
    {
      "pattern_id": 11,
      "n_timesteps": 50,
      "rho_self": 0.0,
      "SM": {
        "1": -7.144533352084922,
        "2": -12.22759398631343,
        "5": -38.2029182385362,
        "10": -4.557821043003875
      },
      "SM_capacity": 0.0,
      "SM_sal": Infinity,
      "f_self_mse": {
        "1": 22.479896583210724,
        "2": 44.737870677128996,
        "5": 62.5461408827238,
        "10": 16.480639721856516
      },
      "f_ext_mse": {
        "1": 15.335363231125802,
        "2": 32.510276690815566,
        "5": 24.3432226441876,
        "10": 11.922818678852641
      }
    },
    {
      "pattern_id": 12,
      "n_timesteps": 50,
      "rho_self": 0.0,
      "SM": {
        "1": 113.6737156517033,
        "2": 77.2440394129555,
        "5": 114.16849850341183,
        "10": -5.579984965022298
      },
      "SM_capacity": 667.99893066541,
      "SM_sal": 16.512275044924216,
      "f_self_mse": {
        "1": 66.28971518932357,
        "2": 88.74052318824054,
        "5": 106.65293875761517,
        "10": 47.6884328837914
      },
      "f_ext_mse": {
        "1": 179.96343084102688,
        "2": 165.98456260119605,
        "5": 220.821437261027,
        "10": 42.1084479187691
      }
    },
    {
      "pattern_id": 13,
      "n_timesteps": 50,
      "rho_self": 0.0,
      "SM": {
        "1": -5859.012356395121,
        "2": -1369.1657214828097,
        "5": -224.00487336975343,
        "10": 69.98244416587806
      },
      "SM_capacity": 174.95611041469516,
      "SM_sal": 0.0,
      "f_self_mse": {
        "1": 5896.843614465577,
        "2": 1418.2765530804186,
        "5": 254.20411437853235,
        "10": 41.82149379444932
      },
      "f_ext_mse": {
        "1": 37.831258070455696,
        "2": 49.11083159760899,
        "5": 30.199241008778916,
        "10": 111.80393796032737
      }
    },
    {
      "pattern_id": 14,
      "n_timesteps": 50,
      "rho_self": 0.0,
      "SM": {
        "1": 0.38304784833977834,
        "2": -0.23866991064540954,
        "5": -7.3506565416528105,
        "10": -39.84589627272604
      },