{
  "metadata": {
    "substrate": "v15",
    "seed": 7,
    "C": 16,
    "N": 128,
    "snapshot_path": "/Users/jacob/fun/shape-of-experience/empirical/experiments/study_ca_affect/results/v15_s7/snapshots/cycle_015.npz",
    "experiment": "self_model"
  },
  "n_results": 20,
  "cycle": 15,
  "results": [
    {
      "pattern_id": 0,
      "n_timesteps": 50,
      "rho_self": 0.0,
      "SM": {
        "1": -982.8688517037177,
        "2": -100.73970493158399,
        "5": -12.989777720129865,
        "10": 100.50546039995498
      },
      "SM_capacity": 251.26365099988746,
      "SM_sal": 0.0,
      "f_self_mse": {
        "1": 1109.0713078223034,
        "2": 243.58170945890365,
        "5": 98.98553976515208,
        "10": 144.58257195534839
      },
      "f_ext_mse": {
        "1": 126.2024561185857,
        "2": 142.84200452731966,
        "5": 85.99576204502222,
        "10": 245.08803235530337
      }
    },
    {
      "pattern_id": 1,
      "n_timesteps": 50,
      "rho_self": 0.0,
      "SM": {
        "1": -127.76792203939382,
        "2": -97.14021955362634,
        "5": -231.98091373857264,
        "10": -414.48066491250415
      },
      "SM_capacity": 0.0,
      "SM_sal": 0.0,
      "f_self_mse": {
        "1": 172.1019592552305,
        "2": 155.467868977593,
        "5": 272.3730345550907,
        "10": 448.5288254727333
      },
      "f_ext_mse": {
        "1": 44.33403721583667,
        "2": 58.32764942396668,
        "5": 40.39212081651808,
        "10": 34.0481605602291
      }
    },
    {
      "pattern_id": 2,
      "n_timesteps": 50,
      "rho_self": 0.0,
      "SM": {
        "1": 3.956498964877891,
        "2": 10.816210763008975,
        "5": 31.766747953998355,
        "10": -101.06495902395804
      },
      "SM_capacity": 150.67766282445032,
      "SM_sal": Infinity,
      "f_self_mse": {
        "1": 28.030460784854007,
        "2": 22.76319296758836,
        "5": 30.657223728602652,
        "10": 150.44583771293262
      },
      "f_ext_mse": {
        "1": 31.9869597497319,
        "2": 33.579403730597335,
        "5": 62.42397168260101,
        "10": 49.38087868897458
      }
    },
    {
      "pattern_id": 3,
      "n_timesteps": 50,
      "rho_self": 0.0,
      "SM": {
        "1": -20.70619171554454,
        "2": -23.767274803858864,
        "5": -113.65071778776255,
        "10": -50.93600710325269
      },
      "SM_capacity": 0.0,
      "SM_sal": 0.0,
      "f_self_mse": {
        "1": 43.40297115913067,
        "2": 42.69467460947613,
        "5": 147.27229347807605,
        "10": 117.65833726485862
      },
      "f_ext_mse": {
        "1": 22.69677944358613,
        "2": 18.927399805617267,
        "5": 33.6215756903135,
        "10": 66.72233016160592
      }
    },
    {
      "pattern_id": 4,
      "n_timesteps": 50,
      "rho_self": 0.1776491292186654,
      "SM": {
        "1": -29.004591534487332,
        "2": 103.55620801919595,
        "5": 136.81189654786513,
        "10": -1386.1316057136737
      },
      "SM_capacity": 754.3600022298524,
      "SM_sal": Infinity,
      "f_self_mse": {
        "1": 266.9983185747829,
        "2": 105.20565416300492,
        "5": 189.70454518821813,
        "10": 1633.4728260767195
      },
      "f_ext_mse": {
        "1": 237.99372704029557,
        "2": 208.76186218220087,
        "5": 326.51644173608327,
        "10": 247.3412203630458
      }
    },
    {
      "pattern_id": 5,
      "n_timesteps": 50,
      "rho_self": 0.0,
      "SM": {
        "1": -8.213633973776234,
        "2": -10.304453986511078,
        "5": -104.98933212064118,
        "10": -81.16621606181008
      },
      "SM_capacity": 0.0,
      "SM_sal": 0.0,
      "f_self_mse": {
        "1": 23.727572313944666,
        "2": 30.81951842913461,
        "5": 114.67035816554728,
        "10": 105.61986933806415
      },
      "f_ext_mse": {
        "1": 15.513938340168432,
        "2": 20.515064442623533,
        "5": 9.68102604490611,
        "10": 24.45365327625408
      }
    },
    {
      "pattern_id": 6,
      "n_timesteps": 50,
      "rho_self": 0.0,
      "SM": {
        "1": -1435.1649638397523,
        "2": -12098.266045080127,
        "5": -886.1296903893552,
        "10": -178.27854982859913
      },
      "SM_capacity": 0.0,
      "SM_sal": 0.0,
      "f_self_mse": {
        "1": 1554.1522198551343,
        "2": 12270.431510290642,
        "5": 995.5138972199444,
        "10": 271.2742208974715
      },
      "f_ext_mse": {
        "1": 118.98725601538197,
        "2": 172.16546521051458,
        "5": 109.3842068305892,
        "10": 92.99567106887235
      }
    },
    {
      "pattern_id": 7,
      "n_timesteps": 50,
      "rho_self": 0.0,
      "SM": {
        "1": -200.50721573403186,
        "2": -81.98392411676096,
        "5": -1282.1131991844397,
        "10": -1945.3542616605039
      },
      "SM_capacity": 0.0,
      "SM_sal": 0.0,
      "f_self_mse": {
        "1": 210.02345479777176,
        "2": 92.18561163579068,
        "5": 1298.6601309314256,
        "10": 1953.815321115199
      },
      "f_ext_mse": {
        "1": 9.516239063739903,
        "2": 10.201687519029718,
        "5": 16.54693174698589,
        "10": 8.461059454694936
      }
    },
    {
      "pattern_id": 8,
      "n_timesteps": 50,
      "rho_self": 0.0,
      "SM": {
        "1": -75.92112795806987,
        "2": -8.725992783667511,
        "5": -13.466162761872813,
        "10": 0.3486393366627727
      },
      "SM_capacity": 0.8715983416569317,
      "SM_sal": 0.0,
      "f_self_mse": {
        "1": 80.26722907969199,
        "2": 12.81041543428517,
        "5": 15.555790578968734,
        "10": 4.146621615060054
      },
      "f_ext_mse": {
        "1": 4.346101121622114,
        "2": 4.08442265061766,
        "5": 2.089627817095922,
        "10": 4.495260951722827
      }
    },
    {
      "pattern_id": 9,
      "n_timesteps": 50,
      "rho_self": 0.0,
      "SM": {
        "1": -220.24139899997866,
        "2": -108.81195031462931,
        "5": -221.7822435887842,
        "10": -25.74195109896823
      },
      "SM_capacity": 0.0,
      "SM_sal": 0.0,
      "f_self_mse": {
        "1": 295.23649891059597,
        "2": 189.11547811177428,
        "5": 327.07772898450816,
        "10": 104.76342947292565
      },
      "f_ext_mse": {
        "1": 74.99509991061731,
        "2": 80.30352779714497,
        "5": 105.29548539572394,
        "10": 79.02147837395742
      }
    },
    {
      "pattern_id": 10,
      "n_timesteps": 50,
      "rho_self": 0.0,
      "SM": {
        "1": -159.48730943480754,
        "2": -324.6715633240309,
        "5": -6.609518009408127,
        "10": 0.06901423209775892
      },
      "SM_capacity": 0.1725355802443973,
      "SM_sal": 0.0,
      "f_self_mse": {
        "1": 195.10137658929247,
        "2": 365.450947957626,
        "5": 30.828953910922102,
        "10": 6.120867013465874
      },
      "f_ext_mse": {
        "1": 35.61406715448492,
        "2": 40.77938463359513,
        "5": 24.219435901513975,
        "10": 6.189881245563633
      }
    },
    {
      "pattern_id": 11,
      "n_timesteps": 50,
      "rho_self": 0.0,
      "SM": {
        "1": -1.5424133602931658,
        "2": 4.851205467226791,
        "5": -0.5264275074458924,
        "10": 0.9627040203814721
      },
      "SM_capacity": 12.109170985407262,
      "SM_sal": Infinity,
      "f_self_mse": {
        "1": 6.125464962804902,
        "2": 2.3968019892666703,
        "5": 3.8962323246844357,
        "10": 4.623360258387822
      },
      "f_ext_mse": {
        "1": 4.583051602511736,
        "2": 7.248007456493461,
        "5": 3.3698048172385433,
        "10": 5.586064278769294
      }
    },
    {
      "pattern_id": 12,
      "n_timesteps": 50,
      "rho_self": 0.0,
      "SM": {
        "1": -36.84967017750346,
        "2": -78.05852801749322,
        "5": -61.14407591526266,
        "10": -6.019243302458278
      },
      "SM_capacity": 0.0,
      "SM_sal": 0.0,