{
  "metadata": {
    "substrate": "v18",
    "seed": 123,
    "C": 16,
    "N": 128,
    "snapshot_path": "/Users/jacob/fun/shape-of-experience/empirical/experiments/study_ca_affect/results/v18_s123/snapshots/cycle_025.npz",
    "experiment": "counterfactual"
  },
  "n_results": 6,
  "cycle": 25,
  "results": [
    {
      "pattern_id": 1,
      "n_timesteps": 50,
      "mean_rho_sync": 0.004697870596475918,
      "std_rho_sync": 0.09670173935817818,
      "n_detachment_events": 1,
      "detachment_fraction": 0.9591836734693877,
      "I_img": 0.0,
      "H_branch": 1.1849403403252639,
      "rho_sync_trajectory": [
        -0.11321297287940979,
        0.30619364976882935,
        -0.1486491709947586,
        0.24990731477737427,
        -0.14123213291168213,
        0.1822488009929657,
        0.0007818301673978567,
        -0.06811495870351791,
        0.10829965770244598,
        0.0001847482199082151,
        0.0006829518242739141,
        -0.28946179151535034,
        0.15872658789157867,
        0.00028463415219448507,
        0.000241530011408031,
        0.00015923047612886876,
        -0.0008442717953585088,
        -0.0022760722786188126,
        0.0024433014914393425,
        -0.0004016637976747006,
        0.0021341736428439617,
        9.375236550113186e-05,
        -0.0003236618358641863,
        0.00045292286085896194,
        0.00010683828440960497,
        0.0006611428689211607,
        -0.0013674423098564148,
        0.0006227722042240202,
        -0.002220852766185999,
        0.0010430049151182175,
        -0.0007130945450626314,
        -0.032120317220687866,
        0.008192681707441807,
        -0.07355638593435287,
        0.22409102320671082,
        -0.17903487384319305,
        0.02360549196600914,
        0.01685972511768341,
        -0.0023507154546678066,
        -0.000905574590433389,
        -7.392870611511171e-05,
        -0.001269690110348165,
        0.0009283648687414825,
        -0.0002019564708461985,
        -7.59628092055209e-05,
        0.00016763484745752066,
        0.00015323325351346284,
        -0.00042587786447256804,
        -0.00023797102039679885
      ]
    },
    {
      "pattern_id": 2,
      "n_timesteps": 50,
      "mean_rho_sync": 0.000906692492319461,
      "std_rho_sync": 0.174608269343576,
      "n_detachment_events": 3,
      "detachment_fraction": 0.9183673469387755,
      "I_img": 0.0,
      "H_branch": 0.41036511553346333,
      "rho_sync_trajectory": [
        0.14131802320480347,
        0.3025895655155182,
        0.22657573223114014,
        -0.20847547054290771,
        0.2739484906196594,
        0.00031629143632017076,
        0.0024837017990648746,
        0.0010413009440526366,
        -0.0006697001517750323,
        -0.002717140596359968,
        -0.014788324944674969,
        -0.26264387369155884,
        0.25900623202323914,
        0.0011390793370082974,
        0.00048762475489638746,
        -0.000567783135920763,
        -0.1464378386735916,
        -0.6534278988838196,
        0.3285835087299347,
        0.0008955521043390036,
        0.0006098115700297058,
        -0.0005576887633651495,
        0.0014562391443178058,
        -0.00013369433872867376,
        -0.0015425261808559299,
        -0.0007035820162855089,
        -0.00044480018550530076,
        -0.0017355502350255847,
        -0.0014920892426744103,
        0.001122020184993744,
        0.0006588224205188453,
        -0.0004369253001641482,
        -0.0029217649716883898,
        -0.0006799789262004197,
        -0.0003825013991445303,
        0.002062529791146517,
        0.0004502091323956847,
        0.0007822772022336721,
        -0.00036684275255538523,
        -0.0002223226911155507,
        0.00024451856734231114,
        -0.2360113114118576,
        0.2564237713813782,
        -0.5370438694953918,
        0.3226793706417084,
        0.0012483872706070542,
        -0.0018876538379117846,
        -0.05681067705154419,
        0.051406681537628174
      ]
    },
    {
      "pattern_id": 3,
      "n_timesteps": 50,
      "mean_rho_sync": 0.011126451691353043,
      "std_rho_sync": 0.1983727977390496,
      "n_detachment_events": 3,
      "detachment_fraction": 0.8571428571428571,
      "I_img": 0.03425974085245692,
      "H_branch": 0.3409914720003168,
      "rho_sync_trajectory": [
        -0.3086152970790863,
        -0.17032045125961304,
        0.40211859345436096,
        0.08183816820383072,
        0.0021813546773046255,
        -0.0004929552669636905,
        0.000275923142908141,
        0.0009620730415917933,
        0.00034688692539930344,
        -0.00017833782476373017,
        -0.00544374855235219,
        0.0017248543445020914,
        -0.0007338005234487355,
        -0.0012830366613343358,
        0.0014787440886721015,
        0.0031216200441122055,
        0.00019005902868229896,
        0.0005895915674045682,
        0.00015256463666446507,
        -0.0008651899988763034,
        0.0009356302325613797,
        0.00022215979697648436,
        0.0019873862620443106,
        -0.0019072077702730894,
        -0.0071061234921216965,
        0.004210597835481167,
        -0.22214247286319733,
        0.14607837796211243,
        0.15979275107383728,
        -0.0002754214219748974,
        -0.0021189653780311346,
        2.88435367110651e-05,
        0.0025925093796104193,
        -0.38506391644477844,
        0.6407950520515442,
        -0.2846201956272125,
        0.30536261200904846,
        0.0011964677833020687,
        -0.00016408634837716818,
        0.00326241971924901,
        -0.5419792532920837,
        0.7199798226356506,
        -0.0011531941127032042,
        -0.0016106675611808896,
        0.002403459046036005,
        -0.0011046875733882189,
        0.0013057596515864134,
        -0.0025886250659823418,
        -0.00017051513714250177
      ]
    },
    {
      "pattern_id": 4,
      "n_timesteps": 50,
      "mean_rho_sync": 0.014720840798260297,
      "std_rho_sync": 0.20140728838943198,
      "n_detachment_events": 2,
      "detachment_fraction": 0.8163265306122449,
      "I_img": 0.11155204451000028,
      "H_branch": 0.884518477138047,
      "rho_sync_trajectory": [
        -0.18945205211639404,
        0.425078421831131,
        -0.16735941171646118,
        0.21054089069366455,
        0.40703916549682617,
        0.0010588334407657385,
        -0.001352795516140759,
        -0.09772814810276031,
        -0.05885372310876846,
        0.2973296046257019,
        0.025417478755116463,
        -0.0008764059166423976,
        -0.00042783370008692145,
        -0.00020713973208330572,
        -0.00013013751595281065,
        0.0008330082637257874,
        0.00031373303500004113,
        0.0015980235766619444,
        0.00010604913404677063,
        7.490608550142497e-05,
        -0.0005384482210502028,
        -0.0009417699766345322,
        -0.0008737247553654015,
        0.00038283687899820507,
        0.0008864856790751219,
        0.00028722500428557396,
        -0.0003583850048016757,
        5.358569251256995e-05,
        -0.08079397678375244,
        0.07607032358646393,
        0.0009230675641447306,
        0.0007046993705444038,
        -0.0008592006633989513,
        -0.0033701572101563215,
        -0.005979126784950495,
        -0.4344620108604431,
        -0.20283061265945435,
        0.6284263134002686,
        -0.7365495562553406,
        0.13831108808517456,
        0.49274641275405884,
        -0.002302125096321106,
        0.0003881615702994168,
        -0.0003210367576684803,
        0.00025922743952833116,
        -0.0006736847572028637,
        0.00022026711667422205,
        -0.00014410243602469563,
        -0.00034304431756027043
      ]
    },
    {
      "pattern_id": 5,
      "n_timesteps": 50,
      "mean_rho_sync": 0.001712441823786191,
      "std_rho_sync": 0.1766508203104915,
      "n_detachment_events": 4,
      "detachment_fraction": 0.9387755102040817,
      "I_img": 0.0,
      "H_branch": 0.40862037010054564,