{
  "metadata": {
    "substrate": "v18",
    "seed": 123,
    "C": 16,
    "N": 128,
    "snapshot_path": "/Users/jacob/fun/shape-of-experience/empirical/experiments/study_ca_affect/results/v18_s123/snapshots/cycle_000.npz",
    "experiment": "counterfactual"
  },
  "n_results": 3,
  "cycle": 0,
  "results": [
    {
      "pattern_id": 0,
      "n_timesteps": 50,
      "mean_rho_sync": -5.7173074704836355e-05,
      "std_rho_sync": 0.0010770834270179969,
      "n_detachment_events": 1,
      "detachment_fraction": 1.0,
      "I_img": 0.0,
      "H_branch": 1.2114894678395756,
      "rho_sync_trajectory": [
        -3.374168045411352e-06,
        0.00046074710553511977,
        0.0002497989626135677,
        0.0007436306332238019,
        -1.4423315406020265e-05,
        -0.0007454727892763913,
        0.0002107528707711026,
        0.000577130529563874,
        0.00010591221507638693,
        0.0007234356016851962,
        -0.0016005196375772357,
        0.00012113057164242491,
        0.00048105683526955545,
        -0.0032287160865962505,
        0.0003124071517959237,
        0.00028342052246443927,
        -0.0003386951284483075,
        -0.0022775433026254177,
        -0.0014774666633456945,
        -0.0010581809328868985,
        0.0013666899176314473,
        0.0022036496084183455,
        -0.0018106158822774887,
        0.00015024813183117658,
        -6.205613317433745e-05,
        -0.0009833237854763865,
        0.0007865278166718781,
        -0.0004259026318322867,
        0.0006702268146909773,
        -3.344365950397332e-06,
        -4.927448753733188e-05,
        0.0010113208554685116,
        0.0003645998367574066,
        0.0004325764311943203,
        0.0019460470648482442,
        0.001201117062009871,
        -0.0015003710286691785,
        -0.0009740163222886622,
        -0.002155306050553918,
        0.0005036680959165096,
        0.0016607887810096145,
        -3.929745071218349e-05,
        -0.00048316671745851636,
        -0.00020373334700707346,
        -0.00017465122800786048,
        0.00033470705966465175,
        0.00010162371472688392,
        -0.0012311104219406843,
        0.0010358670260757208
      ]
    },
    {
      "pattern_id": 1,
      "n_timesteps": 50,
      "mean_rho_sync": 0.026732002411391682,
      "std_rho_sync": 0.08881719839477337,
      "n_detachment_events": 2,
      "detachment_fraction": 0.9591836734693877,
      "I_img": 0.0,
      "H_branch": 0.6001525892709566,
      "rho_sync_trajectory": [
        0.45862317085266113,
        0.1316397488117218,
        0.1297789365053177,
        0.27605101466178894,
        0.3037124276161194,
        0.000960507954005152,
        -0.001361186965368688,
        -0.02367929182946682,
        0.05320772901177406,
        0.0011857766658067703,
        -0.0007420588517561555,
        0.002950536785647273,
        -0.0004632725613191724,
        0.003361920127645135,
        0.0009995114523917437,
        0.00047077727504074574,
        0.0006752863992005587,
        -0.00042682260391302407,
        -0.0006381268613040447,
        0.0002710492117330432,
        -0.0012030912330374122,
        -0.001485529588535428,
        0.0005870623281225562,
        -0.0007494005258195102,
        0.0002813149767462164,
        0.00040929039823822677,
        0.0001417938037775457,
        0.0001390674151480198,
        -0.001997243147343397,
        -0.0008896622457541525,
        -0.0007529020658694208,
        -0.0007598477532155812,
        -0.05894049257040024,
        0.040465570986270905,
        0.0013196551008149981,
        -0.0019316961988806725,
        0.0020991957280784845,
        -0.0005535925156436861,
        0.0011062200646847486,
        0.0009133642306551337,
        -0.0001904613309307024,
        0.0003569366526789963,
        0.0011568765621632338,
        -0.004650171846151352,
        0.0027663803193718195,
        0.001053329324349761,
        -0.0004345397755969316,
        -0.00161982630379498,
        -0.0033471162896603346
      ]
    },
    {
      "pattern_id": 2,
      "n_timesteps": 50,
      "mean_rho_sync": -0.0018993158991717643,
      "std_rho_sync": 0.27624756343547613,
      "n_detachment_events": 3,
      "detachment_fraction": 0.7755102040816326,
      "I_img": 0.052068512768104924,
      "H_branch": 0.603385434481532,
      "rho_sync_trajectory": [
        0.04050174728035927,
        -0.20675623416900635,
        0.021473608911037445,
        -0.4595797061920166,
        0.48812490701675415,
        -0.5875470638275146,
        0.6362795829772949,
        -0.5675604939460754,
        0.6517659425735474,
        -0.7028458118438721,
        0.6420258283615112,
        -0.3040670156478882,
        -0.41766688227653503,
        0.4905148446559906,
        -7.925510726636276e-05,
        -0.0011905630817636847,
        -0.0014860483352094889,
        -0.12108996510505676,
        0.31250688433647156,
        0.0009950177045539021,
        0.0009790274780243635,
        0.0022319494746625423,
        -0.0007655836525373161,
        -0.0005956257227808237,
        0.0022461568005383015,
        -0.0016259035328403115,
        -0.0007942148367874324,
        -0.0008573988452553749,
        0.0009880774887278676,
        0.0016655728686600924,
        0.00010076056787511334,
        0.00026182975852862,
        -0.0015468522906303406,
        7.557828212156892e-05,
        0.0005501947598531842,
        -0.0010845623910427094,
        -0.0007634251960553229,
        0.0009696814813651145,
        -0.000107954976556357,
        -0.0009671944426372647,
        -0.34559711813926697,
        0.2066093236207962,
        -0.08934333175420761,
        -0.006870494224131107,
        0.2279844731092453,
        0.0001931476144818589,
        4.681566497310996e-05,
        -0.0013911416754126549,
        2.2409365556086414e-05
      ]
    }
  ]
}