{
  "metadata": {
    "substrate": "v18",
    "seed": 123,
    "C": 16,
    "N": 128,
    "snapshot_path": "/Users/jacob/fun/shape-of-experience/empirical/experiments/study_ca_affect/results/v18_s123/snapshots/cycle_010.npz",
    "experiment": "counterfactual"
  },
  "n_results": 6,
  "cycle": 10,
  "results": [
    {
      "pattern_id": 4,
      "n_timesteps": 50,
      "mean_rho_sync": -0.0010583414806781231,
      "std_rho_sync": 0.10465473207514317,
      "n_detachment_events": 2,
      "detachment_fraction": 0.9795918367346939,
      "I_img": 0.0,
      "H_branch": 0.9269810866118299,
      "rho_sync_trajectory": [
        -0.1891728788614273,
        0.2514618933200836,
        -0.5592730641365051,
        0.1214064508676529,
        0.3318878412246704,
        -0.0006086042267270386,
        -0.0004713109810836613,
        0.0002865194983314723,
        -0.00027077566483058035,
        -0.0007168739684857428,
        -0.0005852771573700011,
        -0.001511824200861156,
        0.0006739255040884018,
        8.935484947869554e-05,
        0.00013955504982732236,
        -0.0003861454897560179,
        -0.00018034673121292144,
        0.00016100237553473562,
        -4.172072294750251e-05,
        0.00019481145136523992,
        0.0012072328245267272,
        -0.00031398626742884517,
        0.000610755174420774,
        -0.00048243769560940564,
        -0.0005949251353740692,
        -0.001401382265612483,
        -0.00034477715962566435,
        -0.001790738431736827,
        0.00046435193507932127,
        -0.0006755694048479199,
        0.00011452584294602275,
        -0.0009358716779388487,
        0.00247263815253973,
        0.00012755542411468923,
        -0.000154995359480381,
        0.0002953475632239133,
        -0.0003679391520563513,
        0.0009142602793872356,
        0.0005060444236733019,
        -0.00018785368592943996,
        5.323961522663012e-05,
        0.0002856807841453701,
        -0.00016232539201155305,
        -0.0005050769541412592,
        -0.0024207925889641047,
        -0.001972256228327751,
        -0.00021743052639067173,
        0.002033408498391509,
        -0.0014979471452534199
      ]
    },
    {
      "pattern_id": 0,
      "n_timesteps": 49,
      "mean_rho_sync": 0.0035894390607182913,
      "std_rho_sync": 0.13455489524514777,
      "n_detachment_events": 2,
      "detachment_fraction": 0.9791666666666666,
      "I_img": 0.0,
      "H_branch": 0.7304309164991816,
      "rho_sync_trajectory": [
        0.1592731773853302,
        0.23351414501667023,
        -0.020240886136889458,
        0.01665341854095459,
        -0.3371390998363495,
        0.07656230032444,
        0.0021892045624554157,
        -0.0057517047971487045,
        0.006351172458380461,
        0.001592649845406413,
        0.0008457254152745008,
        -0.00040034300764091313,
        0.001742093008942902,
        0.0007427643868140876,
        0.00156247871927917,
        0.0015748562291264534,
        -0.0010875632287934422,
        0.0004110067675355822,
        -0.00031508892425335944,
        -0.0008457052754238248,
        0.00026280811289325356,
        0.0008886937284842134,
        -0.19537709653377533,
        0.2764952480792999,
        -0.5506429672241211,
        0.5015953183174133,
        0.0024705941323190928,
        0.0007893642759881914,
        -0.000222846501856111,
        -0.0007066027610562742,
        0.0001981480309041217,
        0.0015501207672059536,
        0.00024572585243731737,
        -0.002958616940304637,
        0.0017765765078365803,
        0.00043728621676564217,
        3.493340409477241e-05,
        0.00041166823939420283,
        -0.0010921320645138621,
        0.0005814374890178442,
        0.0003066793142352253,
        2.0221648355800426e-06,
        -0.000247905874857679,
        -0.002236661734059453,
        0.00081486941780895,
        -0.0005502421990968287,
        -0.000490418286062777,
        0.0007224695291370153
      ]
    },
    {
      "pattern_id": 1,
      "n_timesteps": 49,
      "mean_rho_sync": 0.0193647227459716,
      "std_rho_sync": 0.08258196096724496,
      "n_detachment_events": 2,
      "detachment_fraction": 0.9583333333333334,
      "I_img": 0.0,
      "H_branch": 0.5871602941776655,
      "rho_sync_trajectory": [
        0.16658666729927063,
        0.00221871305257082,
        0.0001898301561595872,
        0.0015380199765786529,
        -0.0008105599554255605,
        -8.389370486838743e-05,
        -0.0017875671619549394,
        -9.326600411441177e-05,
        -0.15995031595230103,
        0.24049551784992218,
        0.307309091091156,
        0.37376901507377625,
        0.0008109029149636626,
        0.0014216278214007616,
        0.0003235363110434264,
        -0.0019473128486424685,
        -0.001400895998813212,
        -0.0008993884548544884,
        0.0010111893061548471,
        0.0014083313290029764,
        0.000519891269505024,
        0.00034580842475406826,
        -0.0007794189150445163,
        -0.0003011316293850541,
        -0.0004592561163008213,
        0.00036244705552235246,
        -0.00018395688675809652,
        0.0007231520721688867,
        -0.0005685377400368452,
        0.00107920216396451,
        -0.0010808584047481418,
        0.0005272689741104841,
        -0.00039188831578940153,
        0.0005527551984414458,
        -0.0001274574751732871,
        -0.0005051917978562415,
        -0.0004924594541080296,
        0.0013406304642558098,
        0.00020510453032329679,
        -0.00038241123547777534,
        -0.000991701614111662,
        0.0007082964293658733,
        -0.0001843978971010074,
        0.00017018882499542087,
        2.363152088946663e-05,
        9.559614409226924e-05,
        -7.639314389962237e-06,
        -0.0008002165704965591
      ]
    },
    {
      "pattern_id": 3,
      "n_timesteps": 49,
      "mean_rho_sync": 0.008308454468926621,
      "std_rho_sync": 0.16405221795479877,
      "n_detachment_events": 3,
      "detachment_fraction": 0.8958333333333334,
      "I_img": 0.11244603704692285,
      "H_branch": 0.15200896021984775,
      "rho_sync_trajectory": [
        -0.1291784793138504,
        0.15539705753326416,
        0.4077570140361786,
        -7.224812725326046e-05,
        -0.001672179438173771,
        -0.0006932031246833503,
        0.0016820656601339579,
        1.4730510429217247e-06,
        -0.00029615825042128563,
        -0.00011299042671453208,
        -9.96138114714995e-05,
        0.0012104250490665436,
        -0.00014359901251737028,
        0.0001762821921147406,
        0.0001987611613003537,
        0.00033563526812940836,
        -0.0003464372712187469,
        0.00031436217250302434,
        -0.0007378615555353463,
        -0.09585969895124435,
        0.045246921479701996,
        0.0014546714955940843,
        -0.0019429823150858283,
        -0.2899313271045685,
        0.33568111062049866,
        -0.06536006182432175,
        0.012423239648342133,
        -0.6487993597984314,
        0.6742879152297974,
        -0.0003111856058239937,
        -0.0013457279419526458,
        0.0005234177806414664,
        -0.0029660207219421864,
        0.0005760267958976328,
        0.0011852080933749676,
        0.00010369301162427291,
        -0.00037941758637316525,
        -0.0004353701660875231,
        -0.0001222870050696656,
        0.000548186304513365,
        0.0006574480212293565,
        0.0008989486377686262,
        -0.0009757183725014329,
        0.00036489006015472114,
        0.0004377626464702189,
        0.0009670181316323578,
        -0.0006872134399600327,
        -0.0011545784072950482
      ]
    },
    {
      "pattern_id": 2,
      "n_timesteps": 48,
      "mean_rho_sync": -0.004525811561526349,
      "std_rho_sync": 0.11069088001608304,
      "n_detachment_events": 1,
      "detachment_fraction": 1.0,
      "I_img": 0.0,
      "H_branch": 0.9998410425010849,