{
  "seed": 3,
  "experiment": "v29_social_prediction",
  "config": {
    "N": 128,
    "M_max": 256,
    "obs_radius": 2,
    "embed_dim": 24,
    "hidden_dim": 16,
    "n_actions": 7,
    "K_max": 8,
    "predict_hidden": 8,
    "resource_regen": 0.002,
    "signal_decay": 0.04,
    "signal_diffusion": 0.15,
    "metabolic_cost": 0.0004,
    "initial_energy": 1.0,
    "resource_value": 1.5,
    "initial_resource": 0.5,
    "stress_regen": 0.0002,
    "mutation_std": 0.03,
    "tournament_size": 4,
    "elite_fraction": 0.5,
    "activate_offspring": true,
    "drought_every": 5,
    "drought_depletion": 0.01,
    "drought_regen": 0.0,
    "lamarckian": false,
    "grad_every": 1,
    "chunk_size": 50,
    "steps_per_cycle": 5000,
    "n_cycles": 30,
    "obs_side": 5,
    "obs_flat": 76,
    "n_params": 4186
  },
  "cycles": [
    {
      "cycle": 0,
      "n_alive_start": 64,
      "n_alive_end": 64,
      "mortality": 0.0,
      "mean_phi": 0.09519854485988617,
      "mean_pred_mse": 0.08254106585383635,
      "pred_mse_early": 0.16508209602373874,
      "pred_mse_late": 3.568393395880776e-08,
      "phi_base": 0.09750286787748337,
      "phi_stress": 0.09753872156143188,
      "robustness": 1.0003677192756377,
      "mean_entropy": 2.0748019218444824,
      "mean_effective_K": 7.962986946105957,
      "mean_lr": 0.00500044971704483,
      "mean_drift": 1.5545830726623535,
      "elapsed_s": 11.499985456466675
    },
    {
      "cycle": 1,
      "n_alive_start": 256,
      "n_alive_end": 256,
      "mortality": 0.0,
      "mean_phi": 0.10631302893161773,
      "mean_pred_mse": 0.08893361226706045,
      "pred_mse_early": 0.1778671673834176,
      "pred_mse_late": 5.715070329870287e-08,
      "phi_base": 0.10771400034427643,
      "phi_stress": 0.10764236748218536,
      "robustness": 0.9993349716669875,
      "mean_entropy": 2.0743112564086914,
      "mean_effective_K": 7.959085464477539,
      "mean_lr": 0.005018956493586302,
      "mean_drift": 1.537879228591919,
      "elapsed_s": 5.728905200958252
    },
    {
      "cycle": 2,
      "n_alive_start": 256,
      "n_alive_end": 256,
      "mortality": 0.0,
      "mean_phi": 0.10981028974056244,
      "mean_pred_mse": 0.08063532607316148,
      "pred_mse_early": 0.16127055036990812,
      "pred_mse_late": 1.0177641485142885e-07,
      "phi_base": 0.11099442988634109,
      "phi_stress": 0.11100985109806061,
      "robustness": 1.0001389368073272,
      "mean_entropy": 2.073988437652588,
      "mean_effective_K": 7.956521034240723,
      "mean_lr": 0.005047076381742954,
      "mean_drift": 1.5339895486831665,
      "elapsed_s": 5.711601257324219
    },
    {
      "cycle": 3,
      "n_alive_start": 256,
      "n_alive_end": 256,
      "mortality": 0.0,
      "mean_phi": 0.08759494125843048,
      "mean_pred_mse": 0.08112548642272557,
      "pred_mse_early": 0.162250787333995,
      "pred_mse_late": 1.8551145615219865e-07,
      "phi_base": 0.08767259269952773,
      "phi_stress": 0.08773174434900284,
      "robustness": 1.0006746880370907,
      "mean_entropy": 2.073129892349243,
      "mean_effective_K": 7.949709892272949,
      "mean_lr": 0.005050251260399818,
      "mean_drift": 1.5155689716339111,
      "elapsed_s": 5.693486452102661
    },
    {
      "cycle": 4,
      "n_alive_start": 256,
      "n_alive_end": 256,
      "mortality": 0.0,
      "mean_phi": 0.09650852307677268,
      "mean_pred_mse": 0.07872525033581639,
      "pred_mse_early": 0.15744999766397427,
      "pred_mse_late": 5.030076584944254e-07,
      "phi_base": 0.09920479506254196,
      "phi_stress": 0.09924553483724594,
      "robustness": 1.0004106633623737,
      "mean_entropy": 2.0731430053710938,
      "mean_effective_K": 7.949816703796387,
      "mean_lr": 0.0050566354766488075,
      "mean_drift": 1.4954487085342407,
      "elapsed_s": 5.726683855056763
    },
    {
      "cycle": 5,
      "n_alive_start": 256,
      "n_alive_end": 14,
      "mortality": 0.9453125,
      "mean_phi": 0.06689130328595638,
      "mean_pred_mse": 0.038363527037436146,
      "pred_mse_early": 0.06008252881467342,
      "pred_mse_late": 0.016644525260198863,
      "phi_base": 0.06506911814212799,
      "phi_stress": 0.05910047218203544,
      "robustness": 0.9082722168286428,
      "mean_entropy": 2.0733675956726074,
      "mean_effective_K": 7.951584339141846,
      "mean_lr": 0.004987762309610844,
      "mean_drift": 0.2369147539138794,
      "elapsed_s": 6.111050128936768
    },
    {
      "cycle": 6,
      "n_alive_start": 256,
      "n_alive_end": 256,
      "mortality": 0.0,
      "mean_phi": 0.0664560254663229,
      "mean_pred_mse": 0.06790980669262296,
      "pred_mse_early": 0.1358186291270522,
      "pred_mse_late": 9.842581937391516e-07,
      "phi_base": 0.07017127871513366,
      "phi_stress": 0.07026558667421341,
      "robustness": 1.0013439680850422,
      "mean_entropy": 2.0723934173583984,
      "mean_effective_K": 7.943866729736328,
      "mean_lr": 0.00508792232722044,
      "mean_drift": 1.3921473026275635,
      "elapsed_s": 5.713385820388794
    },
    {
      "cycle": 7,
      "n_alive_start": 256,
      "n_alive_end": 256,
      "mortality": 0.0,
      "mean_phi": 0.06834249123930931,
      "mean_pred_mse": 0.07746453234054798,
      "pred_mse_early": 0.15492774368491383,
      "pred_mse_late": 1.3209961821303296e-06,
      "phi_base": 0.0709350660443306,
      "phi_stress": 0.07103706896305084,
      "robustness": 1.0014379759462901,
      "mean_entropy": 2.0717411041259766,
      "mean_effective_K": 7.938704967498779,
      "mean_lr": 0.005118822678923607,
      "mean_drift": 1.3633556365966797,
      "elapsed_s": 5.7494988441467285
    },
    {
      "cycle": 8,
      "n_alive_start": 256,
      "n_alive_end": 256,
      "mortality": 0.0,
      "mean_phi": 0.06477073654532432,
      "mean_pred_mse": 0.07473796216360143,
      "pred_mse_early": 0.14947387964918563,
      "pred_mse_late": 2.044678017227852e-06,
      "phi_base": 0.06669719815254212,
      "phi_stress": 0.06672766953706741,
      "robustness": 1.0004568615379554,
      "mean_entropy": 2.071652412414551,
      "mean_effective_K": 7.938022136688232,
      "mean_lr": 0.005151093006134033,
      "mean_drift": 1.3367111682891846,
      "elapsed_s": 5.736037731170654
    },
    {
      "cycle": 9,
      "n_alive_start": 256,
      "n_alive_end": 256,
      "mortality": 0.0,
      "mean_phi": 0.06235314235091209,
      "mean_pred_mse": 0.07348158386758313,
      "pred_mse_early": 0.14695996381657095,
      "pred_mse_late": 3.2039185953181004e-06,
      "phi_base": 0.0644732654094696,
      "phi_stress": 0.06449685245752335,
      "robustness": 1.000365842305395,
      "mean_entropy": 2.072078227996826,
      "mean_effective_K": 7.941388130187988,
      "mean_lr": 0.005166424438357353,
      "mean_drift": 1.3176100254058838,
      "elapsed_s": 5.76065993309021
    },
    {
      "cycle": 10,
      "n_alive_start": 256,
      "n_alive_end": 3,
      "mortality": 0.98828125,
      "mean_phi": 0.0548452228307724,
      "mean_pred_mse": 0.019426046602311543,
      "pred_mse_early": 0.03447396399453282,
      "pred_mse_late": 0.004378129210090264,
      "phi_base": 0.10363558754324913,
      "phi_stress": 0.08328678533434868,
      "robustness": 0.8036504381237912,
      "mean_entropy": 2.0726497173309326,
      "mean_effective_K": 7.945871353149414,
      "mean_lr": 0.004733874462544918,
      "mean_drift": 0.18353044986724854,
      "elapsed_s": 6.296627998352051
    },
    {
      "cycle": 11,
      "n_alive_start": 256,
      "n_alive_end": 256,
      "mortality": 0.0,
      "mean_phi": 0.1318856179714203,
      "mean_pred_mse": 0.06583085069415773,
      "pred_mse_early": 0.1316614076336748,
      "pred_mse_late": 2.937546406656111e-07,
      "phi_base": 0.13972922265529633,
      "phi_stress": 0.1398173987865448,
      "robustness": 1.0006310500378721,
      "mean_entropy": 2.0714163780212402,
      "mean_effective_K": 7.936071395874023,