{
  "metadata": {
    "snapshot_path": "/Users/jacob/fun/shape-of-experience/empirical/experiments/study_ca_affect/results/v13_s42_v2/v13_s42_v2/snapshots/cycle_025.npz",
    "seed": 42,
    "C": 16,
    "N": 128,
    "n_recording_steps": 50,
    "n_patterns_detected": 26,
    "n_patterns_analyzed": 20,
    "cycle": 25
  },
  "n_patterns": 20,
  "n_timesteps": 50,
  "mean_phi_individual": 3.5597942024469376,
  "sum_phi_individual": 71.19588404893875,
  "phi_group": 5.8916884403296965,
  "superorganism_ratio": 0.08275321697360843,
  "phi_subgroup_A": 1.5916264365131216,
  "phi_subgroup_B": 1.141494312526691,
  "phi_partition_sum": 2.733120749039813,
  "partition_loss": 3.1585676912898837,
  "mean_pairwise_MI": 0.031008886528051033,
  "group_coherence": 0.7,
  "cycle": 25
}