{
  "metadata": {
    "snapshot_path": "/Users/jacob/fun/shape-of-experience/empirical/experiments/study_ca_affect/results/v13_s42_v2/v13_s42_v2/snapshots/cycle_010.npz",
    "seed": 42,
    "C": 16,
    "N": 128,
    "n_recording_steps": 50,
    "n_patterns_detected": 34,
    "n_patterns_analyzed": 20,
    "cycle": 10
  },
  "n_patterns": 20,
  "n_timesteps": 50,
  "mean_phi_individual": 3.527598798274994,
  "sum_phi_individual": 70.55197596549988,
  "phi_group": 4.976556344639421,
  "superorganism_ratio": 0.07053744812296926,
  "phi_subgroup_A": 1.0234313084912239,
  "phi_subgroup_B": 1.16076059795383,
  "phi_partition_sum": 2.184191906445054,
  "partition_loss": 2.7923644381943675,
  "mean_pairwise_MI": 0.02619240181389169,
  "group_coherence": 0.6105263157894737,
  "cycle": 10
}