{
  "metadata": {
    "snapshot_path": "/Users/jacob/fun/shape-of-experience/empirical/experiments/study_ca_affect/results/v13_s42_v2/v13_s42_v2/snapshots/cycle_029.npz",
    "seed": 42,
    "C": 16,
    "N": 128,
    "n_recording_steps": 50,
    "n_patterns_detected": 44,
    "n_patterns_analyzed": 20,
    "cycle": 29
  },
  "n_patterns": 20,
  "n_timesteps": 50,
  "mean_phi_individual": 4.168524521589279,
  "sum_phi_individual": 83.37049043178558,
  "phi_group": 4.986875553399034,
  "superorganism_ratio": 0.059815835646059155,
  "phi_subgroup_A": 1.1302346254762707,
  "phi_subgroup_B": 1.3940420521078443,
  "phi_partition_sum": 2.524276677584115,
  "partition_loss": 2.4625988758149187,
  "mean_pairwise_MI": 0.026246713438942283,
  "group_coherence": 0.5631578947368421,
  "cycle": 29
}