{
  "metadata": {
    "snapshot_path": "/Users/jacob/fun/shape-of-experience/empirical/experiments/study_ca_affect/results/v13_s42_v2/v13_s42_v2/snapshots/cycle_005.npz",
    "seed": 42,
    "C": 16,
    "N": 128,
    "n_recording_steps": 50,
    "n_patterns_detected": 35,
    "n_patterns_analyzed": 20,
    "cycle": 5
  },
  "n_patterns": 20,
  "n_timesteps": 50,
  "mean_phi_individual": 4.842452707886696,
  "sum_phi_individual": 96.84905415773392,
  "phi_group": 4.693974803562726,
  "superorganism_ratio": 0.048466914255227,
  "phi_subgroup_A": 1.111078734997238,
  "phi_subgroup_B": 1.1412152389993444,
  "phi_partition_sum": 2.2522939739965824,
  "partition_loss": 2.441680829566143,
  "mean_pairwise_MI": 0.024705130545066976,
  "group_coherence": 0.5526315789473685,
  "cycle": 5
}