{
  "metadata": {
    "snapshot_path": "/Users/jacob/fun/shape-of-experience/empirical/experiments/study_ca_affect/results/v13_s42_v2/v13_s42_v2/snapshots/cycle_015.npz",
    "seed": 42,
    "C": 16,
    "N": 128,
    "n_recording_steps": 50,
    "n_patterns_detected": 36,
    "n_patterns_analyzed": 20,
    "cycle": 15
  },
  "n_patterns": 20,
  "n_timesteps": 50,
  "mean_phi_individual": 3.274922585487366,
  "sum_phi_individual": 65.49845170974731,
  "phi_group": 5.909498691372843,
  "superorganism_ratio": 0.09022348677126678,
  "phi_subgroup_A": 1.1943770451820923,
  "phi_subgroup_B": 1.6655179910436926,
  "phi_partition_sum": 2.859895036225785,
  "partition_loss": 3.049603655147058,
  "mean_pairwise_MI": 0.031102624691436015,
  "group_coherence": 0.7105263157894737,
  "cycle": 15
}