{
  "metadata": {
    "snapshot_path": "/Users/jacob/fun/shape-of-experience/empirical/experiments/study_ca_affect/results/v13_s42_v2/v13_s42_v2/snapshots/cycle_020.npz",
    "seed": 42,
    "C": 16,
    "N": 128,
    "n_recording_steps": 50,
    "n_patterns_detected": 46,
    "n_patterns_analyzed": 20,
    "cycle": 20
  },
  "n_patterns": 20,
  "n_timesteps": 50,
  "mean_phi_individual": 4.400028190016746,
  "sum_phi_individual": 88.00056380033493,
  "phi_group": 5.047234889366278,
  "superorganism_ratio": 0.05735457446406801,
  "phi_subgroup_A": 1.032674883581131,
  "phi_subgroup_B": 1.209592091173671,
  "phi_partition_sum": 2.242266974754802,
  "partition_loss": 2.804967914611476,
  "mean_pairwise_MI": 0.026564394154559356,
  "group_coherence": 0.5736842105263158,
  "cycle": 20
}