{
  "metadata": {
    "snapshot_path": "/Users/jacob/fun/shape-of-experience/empirical/experiments/study_ca_affect/results/v13_s42_v2/v13_s42_v2/snapshots/cycle_005.npz",
    "seed": 42,
    "C": 16,
    "N": 128,
    "n_recording_steps": 50,
    "n_patterns_detected": 35,
    "n_patterns_analyzed": 20,
    "cycle": 5
  },
  "rsa_rho": 0.393063811360863,
  "rsa_p": 2.0268308270716784e-08,
  "n_patterns": 20,
  "dim_labels_A": [
    "valence",
    "arousal",
    "integration",
    "d_eff",
    "cf_weight",
    "sm_sal"
  ],
  "dim_labels_C": [
    "approach_avoid",
    "activity",
    "growth",
    "stability"
  ],
  "per_pattern": [
    {
      "pattern_id": 0,
      "space_A": {
        "valence": -0.008195380775295958,
        "arousal": 7.3349809646606445,
        "integration": 0.08503376508068095,
        "d_eff": 1.3462096022809074,
        "cf_weight": 0.8572899550199509,
        "sm_sal": -0.6359839952837208
      },
      "space_C": {
        "approach_avoid": 0.007942230105400086,
        "activity": 2.274612533326399,
        "growth": 0.18518518518518517,
        "stability": 0.653929076361852
      },
      "n_timesteps": 50
    },
    {
      "pattern_id": 1,
      "space_A": {
        "valence": 0.004677052400550064,
        "arousal": 5.217158317565918,
        "integration": 0.057059835698319405,
        "d_eff": 1.2539737602442058,
        "cf_weight": 0.9655870534479618,
        "sm_sal": -0.4236015102942168
      },
      "space_C": {
        "approach_avoid": 0.0044536620378494264,
        "activity": 2.419569049402112,
        "growth": 2.227272727272727,
        "stability": 0.26984356085026534
      },
      "n_timesteps": 50
    },
    {
      "pattern_id": 2,
      "space_A": {
        "valence": 0.003238858008871273,
        "arousal": 5.496086120605469,
        "integration": 0.13396740681410535,
        "d_eff": 1.4988795555381684,
        "cf_weight": 0.9650454372167587,
        "sm_sal": -0.2534420543616488
      },
      "space_C": {
        "approach_avoid": 0.004483689665794373,
        "activity": 2.8283426627156016,
        "growth": 0.8285714285714286,
        "stability": 0.6334671364447264
      },
      "n_timesteps": 50
    },
    {
      "pattern_id": 3,
      "space_A": {
        "valence": 0.00782665914418746,
        "arousal": 5.923215389251709,
        "integration": 0.3513663740627533,
        "d_eff": 2.688634191831092,
        "cf_weight": 0.8859916627407074,
        "sm_sal": -0.07564939868975373
      },
      "space_C": {
        "approach_avoid": 0.0032087647914886474,
        "activity": 3.0048954793677196,
        "growth": 0.045454545454545456,
        "stability": 0.034745578766011004
      },
      "n_timesteps": 50
    },
    {
      "pattern_id": 4,
      "space_A": {
        "valence": 0.008525921373951192,
        "arousal": 7.268005847930908,
        "integration": 0.005475262314326823,
        "d_eff": 1.0379047939365231,
        "cf_weight": 0.9175446406006813,
        "sm_sal": -0.14298579160377323
      },
      "space_C": {
        "approach_avoid": 0.004030445218086242,
        "activity": 2.420221979457795,
        "growth": 1.5666666666666667,
        "stability": 0.43281323796548754
      },
      "n_timesteps": 50
    },
    {
      "pattern_id": 5,
      "space_A": {
        "valence": 0.004450754243500379,
        "arousal": 5.948006629943848,
        "integration": 0.011131340519408894,
        "d_eff": 1.067251129635371,
        "cf_weight": 0.9637265838682652,
        "sm_sal": -0.22052106291557527
      },
      "space_C": {
        "approach_avoid": 0.0022924631834030152,
        "activity": 2.9604246740141553,
        "growth": 2.4,
        "stability": 0.34114393994363296
      },
      "n_timesteps": 50
    },
    {
      "pattern_id": 6,
      "space_A": {
        "valence": -0.001146443036137795,
        "arousal": 4.6248064041137695,
        "integration": 0.0026843403736256377,
        "d_eff": 1.0212226591227753,
        "cf_weight": 0.9368749707937241,
        "sm_sal": -0.05611128857761516
      },
      "space_C": {
        "approach_avoid": 0.0029701322317123415,
        "activity": 2.0702992726418756,
        "growth": 0.75,
        "stability": 0.543404508628622
      },
      "n_timesteps": 50
    },
    {
      "pattern_id": 7,
      "space_A": {
        "valence": -0.0031800075453154893,
        "arousal": 5.575651168823242,
        "integration": 0.015671484776780376,
        "d_eff": 1.0904675143712188,
        "cf_weight": 0.9784877002239227,
        "sm_sal": -0.19856175362716988
      },
      "space_C": {
        "approach_avoid": 0.0050212877988815305,
        "activity": 2.6063920921252413,
        "growth": -0.4666666666666667,
        "stability": 0.18376275732031933
      },
      "n_timesteps": 50
    },
    {
      "pattern_id": 8,
      "space_A": {
        "valence": 0.003027356400781748,
        "arousal": 4.863314628601074,
        "integration": 0.029479981203571093,
        "d_eff": 1.1568597818928197,
        "cf_weight": 0.9202243909239769,
        "sm_sal": -0.0007162674648677481
      },
      "space_C": {
        "approach_avoid": 0.00205255925655365,
        "activity": 2.1362800396321884,
        "growth": -0.04,
        "stability": 0.3941205473859945
      },
      "n_timesteps": 50
    },
    {
      "pattern_id": 9,
      "space_A": {
        "valence": 0.005756164083675463,
        "arousal": 7.455313682556152,
        "integration": 0.003112903553835422,
        "d_eff": 1.0236736902368395,
        "cf_weight": 0.935850240290165,
        "sm_sal": -0.1967777457448031
      },
      "space_C": {
        "approach_avoid": 0.0018123185634613037,
        "activity": 2.2716583607365353,
        "growth": -0.5277777777777778,
        "stability": 0.5255179256693134
      },
      "n_timesteps": 50
    },
    {
      "pattern_id": 10,
      "space_A": {
        "valence": 0.0003717091618751993,
        "arousal": 3.4586539268493652,
        "integration": 0.3169530303893827,
        "d_eff": 2.2890710207005327,
        "cf_weight": 0.9960683747194707,
        "sm_sal": -0.009402468373876594
      },
      "space_C": {
        "approach_avoid": 0.0009677219390869141,
        "activity": 2.8346241814330777,
        "growth": 1.5909090909090908,
        "stability": 0.26836008234290354
      },
      "n_timesteps": 50
    },
    {
      "pattern_id": 11,
      "space_A": {
        "valence": -0.013023556495199397,
        "arousal": 5.310102939605713,
        "integration": 0.009765142286156991,
        "d_eff": 1.059942734263729,
        "cf_weight": 0.9891921915113926,
        "sm_sal": -0.09002808946946406
      },
      "space_C": {
        "approach_avoid": 0.00027968823909759523,
        "activity": 2.5034923545225904,
        "growth": -0.047619047619047616,
        "stability": 0.549621100513683
      },
      "n_timesteps": 50
    },
    {
      "pattern_id": 12,
      "space_A": {
        "valence": 0.009802652865040059,
        "arousal": 7.479778289794922,
        "integration": 0.025733512972208383,
        "d_eff": 1.1345479030463836,
        "cf_weight": 0.9442262649536133,
        "sm_sal": -0.4271958975172736
      },
      "space_C": {
        "approach_avoid": 0.0012681448459625243,
        "activity": 2.4674262201020163,
        "growth": 5.5,
        "stability": 0.4205308982586563
      },
      "n_timesteps": 50
    },
    {
      "pattern_id": 13,
      "space_A": {
        "valence": 0.009962169491514867,
        "arousal": 7.5320611000061035,
        "integration": 0.07613652088771872,
        "d_eff": 1.3181640329104491,
        "cf_weight": 0.902495987713337,
        "sm_sal": -0.008231931006804083
      },
      "space_C": {
        "approach_avoid": 0.003347281217575073,
        "activity": 2.4627646628537785,
        "growth": 0.0,
        "stability": 0.3906854458129162
      },
      "n_timesteps": 50
    },
    {
      "pattern_id": 14,
      "space_A": {
        "valence": -0.007409382839592135,