{
  "metadata": {
    "snapshot_path": "/Users/jacob/fun/shape-of-experience/empirical/experiments/study_ca_affect/results/v13_s42_v2/v13_s42_v2/snapshots/cycle_010.npz",
    "seed": 42,
    "C": 16,
    "N": 128,
    "n_recording_steps": 50,
    "n_patterns_detected": 34,
    "n_patterns_analyzed": 20,
    "cycle": 10
  },
  "rsa_rho": 0.004574262882336732,
  "rsa_p": 0.9500562716409494,
  "n_patterns": 20,
  "dim_labels_A": [
    "valence",
    "arousal",
    "integration",
    "d_eff",
    "cf_weight",
    "sm_sal"
  ],
  "dim_labels_C": [
    "approach_avoid",
    "activity",
    "growth",
    "stability"
  ],
  "per_pattern": [
    {
      "pattern_id": 0,
      "space_A": {
        "valence": -0.002408966726186324,
        "arousal": 5.769090175628662,
        "integration": 0.010878769333354632,
        "d_eff": 1.0648338313968562,
        "cf_weight": 0.9516634568572044,
        "sm_sal": -0.23955481365804232
      },
      "space_C": {
        "approach_avoid": 0.003049158453941345,
        "activity": 2.8869923544741187,
        "growth": 0.6666666666666666,
        "stability": 0.17528007822860503
      },
      "n_timesteps": 50
    },
    {
      "pattern_id": 1,
      "space_A": {
        "valence": 0.0016319411141531809,
        "arousal": 7.180875778198242,
        "integration": 0.12333275043810776,
        "d_eff": 1.4566322865390073,
        "cf_weight": 0.9309086725115776,
        "sm_sal": -0.11405517595072412
      },
      "space_C": {
        "approach_avoid": 0.005316829681396485,
        "activity": 2.3573519050224148,
        "growth": -0.5409836065573771,
        "stability": 0.435223901269786
      },
      "n_timesteps": 50
    },
    {
      "pattern_id": 2,
      "space_A": {
        "valence": -0.0065577030181884766,
        "arousal": 5.2300310134887695,
        "integration": 0.26353238985006844,
        "d_eff": 2.241934213909791,
        "cf_weight": 0.9798086043447256,
        "sm_sal": -0.010275033679743806
      },
      "space_C": {
        "approach_avoid": 0.0021603256464004517,
        "activity": 2.487374110376535,
        "growth": -0.04395604395604396,
        "stability": 0.4450235307013829
      },
      "n_timesteps": 50
    },
    {
      "pattern_id": 3,
      "space_A": {
        "valence": -0.0015087516940369898,
        "arousal": 7.04634952545166,
        "integration": 0.014187677123250975,
        "d_eff": 1.0793646153144176,
        "cf_weight": 0.9688987601548433,
        "sm_sal": -0.17731883370983992
      },
      "space_C": {
        "approach_avoid": 0.003974075317382812,
        "activity": 2.0346804142132053,
        "growth": 1.8421052631578947,
        "stability": 0.7774556121089466
      },
      "n_timesteps": 50
    },
    {
      "pattern_id": 4,
      "space_A": {
        "valence": -0.0025158415035325655,
        "arousal": 7.754753112792969,
        "integration": 0.011701981725500965,
        "d_eff": 1.0708766711049804,
        "cf_weight": 0.9442503713071346,
        "sm_sal": -0.1240621500824397
      },
      "space_C": {
        "approach_avoid": 0.0029387295246124266,
        "activity": 2.612150892851016,
        "growth": -0.4838709677419355,
        "stability": 0.5423106611925795
      },
      "n_timesteps": 50
    },
    {
      "pattern_id": 5,
      "space_A": {
        "valence": 0.004781324036267339,
        "arousal": 3.9883840084075928,
        "integration": 0.22594504345019106,
        "d_eff": 2.136593877176423,
        "cf_weight": 0.9621653184294701,
        "sm_sal": -0.0031367214874693516
      },
      "space_C": {
        "approach_avoid": 0.0012853014469146728,
        "activity": 3.109228443921106,
        "growth": 0.8055555555555556,
        "stability": 0.21311390740528036
      },
      "n_timesteps": 50
    },
    {
      "pattern_id": 6,
      "space_A": {
        "valence": 0.005972623825073242,
        "arousal": 5.2761430740356445,
        "integration": 0.09965498976859166,
        "d_eff": 1.4489364030020333,
        "cf_weight": 0.9704696517437696,
        "sm_sal": -0.001658833386772085
      },
      "space_C": {
        "approach_avoid": 0.0018313062191009522,
        "activity": 2.526142529966041,
        "growth": 2.4761904761904763,
        "stability": 0.4523735098557959
      },
      "n_timesteps": 50
    },
    {
      "pattern_id": 7,
      "space_A": {
        "valence": 0.00014265216126733898,
        "arousal": 5.3518385887146,
        "integration": 0.0383931800101871,
        "d_eff": 1.1855929927247395,
        "cf_weight": 0.9094829633831978,
        "sm_sal": -0.005177316794433451
      },
      "space_C": {
        "approach_avoid": 0.001861521601676941,
        "activity": 2.3572297488142375,
        "growth": 5.0,
        "stability": 0.47880667516198366
      },
      "n_timesteps": 50
    },
    {
      "pattern_id": 8,
      "space_A": {
        "valence": -0.0008985266393544722,
        "arousal": 5.7074666023254395,
        "integration": 0.03687431759363935,
        "d_eff": 1.201930847574805,
        "cf_weight": 0.9469813704490662,
        "sm_sal": -0.011057883546621405
      },
      "space_C": {
        "approach_avoid": -0.001656876802444458,
        "activity": 2.730681472873455,
        "growth": 1.4642857142857142,
        "stability": 0.40484134721669
      },
      "n_timesteps": 50
    },
    {
      "pattern_id": 9,
      "space_A": {
        "valence": 0.001709782347387197,
        "arousal": 3.5647759437561035,
        "integration": 0.11224362532580312,
        "d_eff": 1.500414537456781,
        "cf_weight": 0.8166524171829224,
        "sm_sal": -0.00757738010682818
      },
      "space_C": {
        "approach_avoid": 0.0015821468830108643,
        "activity": 2.962284600520619,
        "growth": 3.125,
        "stability": 0.3924582397159531
      },
      "n_timesteps": 50
    },
    {
      "pattern_id": 10,
      "space_A": {
        "valence": -0.0009840118641756019,
        "arousal": 2.110992193222046,
        "integration": 0.020310628772388095,
        "d_eff": 1.1282113954434996,
        "cf_weight": 0.975359383970499,
        "sm_sal": -0.0007188514864042705
      },
      "space_C": {
        "approach_avoid": -0.0004496347904205322,
        "activity": 1.7691505404871704,
        "growth": 0.8666666666666667,
        "stability": 0.7364961590453983
      },
      "n_timesteps": 50
    },
    {
      "pattern_id": 11,
      "space_A": {
        "valence": 0.0013523004492934868,
        "arousal": 5.010133743286133,
        "integration": 0.01713222187359431,
        "d_eff": 1.09667876504148,
        "cf_weight": 0.856345921754837,
        "sm_sal": -0.13298649655691297
      },
      "space_C": {
        "approach_avoid": 0.002444908618927002,
        "activity": 2.535401530395038,
        "growth": -0.20833333333333334,
        "stability": 0.5948977786831218
      },
      "n_timesteps": 50
    },
    {
      "pattern_id": 12,
      "space_A": {
        "valence": -0.0032761729493433114,
        "arousal": 5.376166343688965,
        "integration": 0.03230436832782757,
        "d_eff": 1.156139146459777,
        "cf_weight": 0.9305177256464958,
        "sm_sal": -0.01343414655189401
      },
      "space_C": {
        "approach_avoid": 0.0008364349603652954,
        "activity": 2.536378211959725,
        "growth": 0.2727272727272727,
        "stability": 0.4162599146315375
      },
      "n_timesteps": 50
    },
    {
      "pattern_id": 13,
      "space_A": {
        "valence": -0.003500276682328205,
        "arousal": 3.166184186935425,
        "integration": 0.051281523504624005,
        "d_eff": 1.2826262013202696,
        "cf_weight": 0.9991587275872007,
        "sm_sal": -0.0034082133289826677
      },
      "space_C": {
        "approach_avoid": 1.3670921325683595e-05,
        "activity": 2.6034004393980363,
        "growth": 0.27956989247311825,
        "stability": 0.45924030489626755
      },
      "n_timesteps": 50
    },
    {
      "pattern_id": 14,