{
  "metadata": {
    "snapshot_path": "/Users/jacob/fun/shape-of-experience/empirical/experiments/study_ca_affect/results/v13_s42_v2/v13_s42_v2/snapshots/cycle_015.npz",
    "seed": 42,
    "C": 16,
    "N": 128,
    "n_recording_steps": 50,
    "n_patterns_detected": 36,
    "n_patterns_analyzed": 20,
    "cycle": 15
  },
  "rsa_rho": -0.16645540552953064,
  "rsa_p": 0.021714478124753623,
  "n_patterns": 20,
  "dim_labels_A": [
    "valence",
    "arousal",
    "integration",
    "d_eff",
    "cf_weight",
    "sm_sal"
  ],
  "dim_labels_C": [
    "approach_avoid",
    "activity",
    "growth",
    "stability"
  ],
  "per_pattern": [
    {
      "pattern_id": 0,
      "space_A": {
        "valence": -0.00460870411931252,
        "arousal": 5.423656940460205,
        "integration": 0.013550254201474266,
        "d_eff": 1.0784901211523226,
        "cf_weight": 0.981656190007925,
        "sm_sal": -0.20771797336563935
      },
      "space_C": {
        "approach_avoid": -0.00046314716339111326,
        "activity": 2.551030087062506,
        "growth": 0.14814814814814814,
        "stability": 0.43160198223993934
      },
      "n_timesteps": 50
    },
    {
      "pattern_id": 1,
      "space_A": {
        "valence": -0.0033248541306476202,
        "arousal": 6.026174545288086,
        "integration": 0.2317525711806312,
        "d_eff": 2.1345312413648045,
        "cf_weight": 0.9990063103614375,
        "sm_sal": -0.001215793922806352
      },
      "space_C": {
        "approach_avoid": 0.0025217163562774657,
        "activity": 2.756421931167367,
        "growth": 0.8214285714285714,
        "stability": 0.23561245940849285
      },
      "n_timesteps": 50
    },
    {
      "pattern_id": 2,
      "space_A": {
        "valence": -0.003879157864317602,
        "arousal": 10.444528579711914,
        "integration": 0.10815599203853488,
        "d_eff": 1.5222568222732986,
        "cf_weight": 0.998632864211686,
        "sm_sal": -0.030876965450285176
      },
      "space_C": {
        "approach_avoid": -0.0010007929801940918,
        "activity": 2.782957323778004,
        "growth": 0.2222222222222222,
        "stability": 0.31165203354672133
      },
      "n_timesteps": 50
    },
    {
      "pattern_id": 3,
      "space_A": {
        "valence": -0.005789674058252451,
        "arousal": 6.0044355392456055,
        "integration": 0.2649107362696611,
        "d_eff": 2.1722427909214117,
        "cf_weight": 0.9860137021169066,
        "sm_sal": -0.001377055414722328
      },
      "space_C": {
        "approach_avoid": -7.992327213287354e-05,
        "activity": 2.8845019318638765,
        "growth": 0.6197183098591549,
        "stability": 0.39404856394888865
      },
      "n_timesteps": 50
    },
    {
      "pattern_id": 4,
      "space_A": {
        "valence": 0.004426839400310905,
        "arousal": 5.943098545074463,
        "integration": 0.03563229524874334,
        "d_eff": 1.2083419828471278,
        "cf_weight": 0.9991306734154932,
        "sm_sal": -0.0052745188783668295
      },
      "space_C": {
        "approach_avoid": 0.0029715168476104736,
        "activity": 2.8158384831453827,
        "growth": 0.92,
        "stability": 0.2692664889595989
      },
      "n_timesteps": 50
    },
    {
      "pattern_id": 5,
      "space_A": {
        "valence": 0.004037652696881976,
        "arousal": 6.179695129394531,
        "integration": 0.021250019858379265,
        "d_eff": 1.11612167261141,
        "cf_weight": 0.9990613252157345,
        "sm_sal": -0.07667736631677802
      },
      "space_C": {
        "approach_avoid": 0.0005350005626678467,
        "activity": 3.1262508975493883,
        "growth": 0.3888888888888889,
        "stability": 0.4234624304950532
      },
      "n_timesteps": 50
    },
    {
      "pattern_id": 6,
      "space_A": {
        "valence": -0.017019213462362483,
        "arousal": 5.876745223999023,
        "integration": 0.05371212297163164,
        "d_eff": 1.278367389758927,
        "cf_weight": 0.998585483757779,
        "sm_sal": -0.03222400833715833
      },
      "space_C": {
        "approach_avoid": -0.0006634163856506348,
        "activity": 2.90699752555424,
        "growth": -0.2553191489361702,
        "stability": 0.4324983878828474
      },
      "n_timesteps": 50
    },
    {
      "pattern_id": 7,
      "space_A": {
        "valence": -0.003924423334549884,
        "arousal": 5.267549514770508,
        "integration": 0.09852645691694273,
        "d_eff": 1.401620984036361,
        "cf_weight": 0.9989830884151161,
        "sm_sal": -0.006145853608259921
      },
      "space_C": {
        "approach_avoid": 0.0025544285774230955,
        "activity": 2.40699357521656,
        "growth": 0.21052631578947367,
        "stability": 0.45588145412604636
      },
      "n_timesteps": 50
    },
    {
      "pattern_id": 8,
      "space_A": {
        "valence": 0.009589462864155672,
        "arousal": 5.660874843597412,
        "integration": 0.034420938222677555,
        "d_eff": 1.2047691483418148,
        "cf_weight": 0.9835154116153717,
        "sm_sal": -0.001503068305365729
      },
      "space_C": {
        "approach_avoid": -0.00030151963233947753,
        "activity": 2.767674102355146,
        "growth": -0.12121212121212122,
        "stability": 0.30942490022929886
      },
      "n_timesteps": 50
    },
    {
      "pattern_id": 9,
      "space_A": {
        "valence": -0.01688684249410824,
        "arousal": 5.3607707023620605,
        "integration": 0.07132173388324103,
        "d_eff": 1.3639383995576218,
        "cf_weight": 0.976190997287631,
        "sm_sal": -0.017515718029764815
      },
      "space_C": {
        "approach_avoid": -0.0023309051990509032,
        "activity": 2.4897602972359483,
        "growth": 2.0555555555555554,
        "stability": 0.4433325380142762
      },
      "n_timesteps": 50
    },
    {
      "pattern_id": 10,
      "space_A": {
        "valence": -0.00043898699234943,
        "arousal": 3.4560916423797607,
        "integration": 0.028522541137661506,
        "d_eff": 1.173453997903538,
        "cf_weight": 0.9682355970144272,
        "sm_sal": -0.001449577563516713
      },
      "space_C": {
        "approach_avoid": 0.0015376830101013184,
        "activity": 2.6785689753700437,
        "growth": 0.9574468085106383,
        "stability": 0.12135346080106293
      },
      "n_timesteps": 50
    },
    {
      "pattern_id": 11,
      "space_A": {
        "valence": -0.0002827303750174386,
        "arousal": 2.717061996459961,
        "integration": 0.08068309007736396,
        "d_eff": 1.373413112468459,
        "cf_weight": 0.9636771380901337,
        "sm_sal": -0.0019787250182732308
      },
      "space_C": {
        "approach_avoid": 0.004858156442642212,
        "activity": 2.322089798567903,
        "growth": 2.032258064516129,
        "stability": 0.6377508593599168
      },
      "n_timesteps": 50
    },
    {
      "pattern_id": 12,
      "space_A": {
        "valence": 0.008020094462803431,
        "arousal": 6.5825982093811035,
        "integration": 0.03074772326829267,
        "d_eff": 1.1817922234877765,
        "cf_weight": 0.9987176690483466,
        "sm_sal": -0.0016873566811294038
      },
      "space_C": {
        "approach_avoid": 0.001160053014755249,
        "activity": 3.422053668359355,
        "growth": -0.7126436781609196,
        "stability": 0.26291197133776106
      },
      "n_timesteps": 50
    },
    {
      "pattern_id": 13,
      "space_A": {
        "valence": 0.0024206054453947104,
        "arousal": 6.5074076652526855,
        "integration": 0.02125587581432098,
        "d_eff": 1.131325280646132,
        "cf_weight": 0.9988658659858629,
        "sm_sal": -0.008135228517510362
      },
      "space_C": {
        "approach_avoid": 0.001650559902191162,
        "activity": 2.7135282325793226,
        "growth": 0.6206896551724138,
        "stability": 0.48574049258888413
      },