{
  "seed": 7,
  "config": {
    "N": 256,
    "M_max": 512,
    "obs_radius": 0,
    "embed_dim": 16,
    "hidden_dim": 32,
    "n_actions": 7,
    "prey_fraction": 0.8,
    "n_patches": 12,
    "patch_radius": 20,
    "patch_min_spacing": 60,
    "patch_regen": 0.003,
    "barren_regen": 0.0,
    "compass_noise_std": 0.5,
    "signal_decay": 0.04,
    "signal_diffusion": 0.15,
    "initial_energy": 1.0,
    "resource_value": 1.5,
    "initial_resource": 0.6,
    "prey_metabolic": 0.0004,
    "prey_metabolic_barren": 0.001,
    "pred_metabolic": 0.0008,
    "predation_gain": 0.15,
    "predation_loss": 0.2,
    "stress_regen": 0.0003,
    "mutation_std": 0.03,
    "tournament_size": 4,
    "elite_fraction": 0.5,
    "activate_offspring": true,
    "drought_every": 5,
    "drought_depletion": 0.01,
    "drought_regen": 0.0,
    "chunk_size": 50,
    "steps_per_cycle": 5000,
    "n_cycles": 30,
    "obs_flat": 8,
    "n_prey": 409,
    "n_pred": 103,
    "n_params": 5079
  },
  "cycles": [
    {
      "cycle": 0,
      "n_alive_start": 127,
      "n_alive_end": 98,
      "n_prey_start": 102,
      "n_prey_end": 94,
      "n_pred_start": 25,
      "n_pred_end": 4,
      "mean_alive": 109.67679962158203,
      "mean_prey": 97.97759994506836,
      "mean_pred": 11.699199986457824,
      "mortality": 0.2283464566929134,
      "mean_phi": 0.03817446418106556,
      "phi_base": 0.04145813286304474,
      "phi_stress": 0.04152687713503837,
      "robustness": 1.0016581613122986,
      "n_alive_base": 97,
      "n_alive_stress": 97,
      "elapsed_s": 0.7837681770324707
    },
    {
      "cycle": 1,
      "n_alive_start": 512,
      "n_alive_end": 432,
      "n_prey_start": 409,
      "n_prey_end": 361,
      "n_pred_start": 103,
      "n_pred_end": 71,
      "mean_alive": 468.7563952636719,
      "mean_prey": 382.21779663085937,
      "mean_pred": 86.53859954833985,
      "mortality": 0.15625,
      "mean_phi": 0.03838762678205967,
      "phi_base": 0.03844933956861496,
      "phi_stress": 0.0385202594101429,
      "robustness": 1.0018445009023205,
      "n_alive_base": 430,
      "n_alive_stress": 430,
      "elapsed_s": 1.8750896453857422
    },
    {
      "cycle": 2,
      "n_alive_start": 512,
      "n_alive_end": 449,
      "n_prey_start": 409,
      "n_prey_end": 378,
      "n_pred_start": 103,
      "n_pred_end": 71,
      "mean_alive": 475.9277963256836,
      "mean_prey": 391.04519744873045,
      "mean_pred": 84.88259963989258,
      "mortality": 0.123046875,
      "mean_phi": 0.03670765943825245,
      "phi_base": 0.03638499602675438,
      "phi_stress": 0.036611516028642654,
      "robustness": 1.0062256431668073,
      "n_alive_base": 448,
      "n_alive_stress": 448,
      "elapsed_s": 0.7700905799865723
    },
    {
      "cycle": 3,
      "n_alive_start": 512,
      "n_alive_end": 436,
      "n_prey_start": 409,
      "n_prey_end": 373,
      "n_pred_start": 103,
      "n_pred_end": 63,
      "mean_alive": 472.09079406738283,
      "mean_prey": 387.70979766845704,
      "mean_pred": 84.38099956512451,
      "mortality": 0.1484375,
      "mean_phi": 0.03919508159160614,
      "phi_base": 0.03993044346570969,
      "phi_stress": 0.04000236317515373,
      "robustness": 1.0018011247359624,
      "n_alive_base": 435,
      "n_alive_stress": 436,
      "elapsed_s": 0.7583620548248291
    },
    {
      "cycle": 4,
      "n_alive_start": 512,
      "n_alive_end": 444,
      "n_prey_start": 409,
      "n_prey_end": 367,
      "n_pred_start": 103,
      "n_pred_end": 77,
      "mean_alive": 474.2629962158203,
      "mean_prey": 383.8113980102539,
      "mean_pred": 90.45159950256348,
      "mortality": 0.1328125,
      "mean_phi": 0.042926504462957385,
      "phi_base": 0.04337260127067566,
      "phi_stress": 0.04344034790992737,
      "robustness": 1.0015619685531176,
      "n_alive_base": 444,
      "n_alive_stress": 444,
      "elapsed_s": 0.7488400936126709
    },
    {
      "cycle": 5,
      "n_alive_start": 512,
      "n_alive_end": 0,
      "n_prey_start": 409,
      "n_prey_end": 0,
      "n_pred_start": 103,
      "n_pred_end": 0,
      "mean_alive": 143.39319800019265,
      "mean_prey": 93.61279818862677,
      "mean_pred": 49.78039980530739,
      "mortality": 1.0,
      "mean_phi": 0.026943014515563846,
      "phi_base": 0.0,
      "phi_stress": 0.0,
      "robustness": 0.0,
      "n_alive_base": 0,
      "n_alive_stress": 0,
      "elapsed_s": 0.8014225959777832
    },
    {
      "cycle": 6,
      "n_alive_start": 510,
      "n_alive_end": 293,
      "n_prey_start": 408,
      "n_prey_end": 246,
      "n_pred_start": 102,
      "n_pred_end": 47,
      "mean_alive": 380.2281912231445,
      "mean_prey": 302.0471955871582,
      "mean_pred": 78.1809997177124,
      "mortality": 0.42549019607843136,
      "mean_phi": 0.09178615435957908,
      "phi_base": 0.09822117984294891,
      "phi_stress": 0.09859510362148285,
      "robustness": 1.003806956698462,
      "n_alive_base": 291,
      "n_alive_stress": 291,
      "elapsed_s": 0.7686328887939453
    },
    {
      "cycle": 7,
      "n_alive_start": 512,
      "n_alive_end": 384,
      "n_prey_start": 409,
      "n_prey_end": 316,
      "n_pred_start": 103,
      "n_pred_end": 68,
      "mean_alive": 445.11679473876956,
      "mean_prey": 358.7707977294922,
      "mean_pred": 86.34599945068359,
      "mortality": 0.25,
      "mean_phi": 0.08524650856852531,
      "phi_base": 0.08678782433271408,
      "phi_stress": 0.08655567020177841,
      "robustness": 0.997325038014023,
      "n_alive_base": 381,
      "n_alive_stress": 381,
      "elapsed_s": 0.7586665153503418
    },
    {
      "cycle": 8,
      "n_alive_start": 512,
      "n_alive_end": 392,
      "n_prey_start": 409,
      "n_prey_end": 317,
      "n_pred_start": 103,
      "n_pred_end": 75,
      "mean_alive": 447.7597933959961,
      "mean_prey": 356.26519592285155,
      "mean_pred": 91.494599609375,
      "mortality": 0.234375,
      "mean_phi": 0.0767421267926693,
      "phi_base": 0.07694618552923202,
      "phi_stress": 0.07617955654859543,
      "robustness": 0.9900368163104675,
      "n_alive_base": 392,
      "n_alive_stress": 392,
      "elapsed_s": 0.7656621932983398
    },
    {
      "cycle": 9,
      "n_alive_start": 512,
      "n_alive_end": 409,
      "n_prey_start": 409,
      "n_prey_end": 341,
      "n_pred_start": 103,
      "n_pred_end": 68,
      "mean_alive": 453.62799468994143,
      "mean_prey": 368.5957958984375,
      "mean_pred": 85.03219955444337,
      "mortality": 0.201171875,
      "mean_phi": 0.07558123171329498,
      "phi_base": 0.07598545104265213,
      "phi_stress": 0.07590735852718353,
      "robustness": 0.9989722701596551,
      "n_alive_base": 409,
      "n_alive_stress": 409,
      "elapsed_s": 0.7532365322113037
    },
    {
      "cycle": 10,
      "n_alive_start": 512,
      "n_alive_end": 0,
      "n_prey_start": 409,
      "n_prey_end": 0,
      "n_pred_start": 103,
      "n_pred_end": 0,
      "mean_alive": 141.172398352623,
      "mean_prey": 90.70899881601333,
      "mean_pred": 50.46339971065521,
      "mortality": 1.0,
      "mean_phi": 0.02773741548880935,
      "phi_base": 0.0,
      "phi_stress": 0.0,
      "robustness": 0.0,
      "n_alive_base": 0,
      "n_alive_stress": 0,
      "elapsed_s": 0.7700819969177246
    },
    {
      "cycle": 11,
      "n_alive_start": 510,
      "n_alive_end": 322,
      "n_prey_start": 408,
      "n_prey_end": 273,
      "n_pred_start": 102,
      "n_pred_end": 49,
      "mean_alive": 400.824794921875,
      "mean_prey": 318.72539581298827,
      "mean_pred": 82.09939968109131,
      "mortality": 0.3686274509803922,
      "mean_phi": 0.022749085165560245,
      "phi_base": 0.021555017307400705,
      "phi_stress": 0.02139216884970665,
      "robustness": 0.9924449859922801,
      "n_alive_base": 320,
      "n_alive_stress": 320,
      "elapsed_s": 0.7680766582489014
    },
    {
      "cycle": 12,
      "n_alive_start": 512,