{
  "metadata": {
    "snapshot_path": "/Users/jacob/fun/shape-of-experience/empirical/experiments/study_ca_affect/results/v13_s123/v13_s123/snapshots/cycle_010.npz",
    "seed": 123,
    "C": 16,
    "N": 128,
    "n_recording_steps": 20,
    "n_patterns_detected": 5,
    "n_patterns_analyzed": 5
  },
  "patterns": [
    {
      "pattern_id": 0,
      "n_samples": 20,
      "d_eff": 4.469071681616591,
      "d_raw": 68,
      "A": 0.9342783576232854,
      "D": 0.3324167111583951,
      "K_comp": 0.42786078196174543,
      "eigenspectrum": [
        26.685072533998593,
        12.854668321517554,
        6.521249012093607,
        5.657256476819486,
        3.9584649664897094,
        2.293418634324332,
        2.159925798111725,
        1.9716766755357953,
        0.910767295480026,
        0.8332137394036545,
        0.7973885691065702,
        0.44956263440415195,
        0.4373392944020417,
        0.26639562503617703,
        0.2211183449454831,
        0.12092313771880757,
        0.09126029644355532,
        0.05627728350555039,
        0.0298108343474028,
        5.041570613597293e-15
      ]
    },
    {
      "pattern_id": 1,
      "n_samples": 20,
      "d_eff": 3.5093080922254694,
      "d_raw": 68,
      "A": 0.9483925280555078,
      "D": 0.424775224812393,
      "K_comp": 0.08329111648715182,
      "eigenspectrum": [
        32.360319196164816,
        8.35368393838503,
        5.835397057062462,
        5.498966003440891,
        4.2234805381685705,
        2.8011208456904972,
        1.8611179977316905,
        1.2592847827787887,
        0.8523639702538848,
        0.664748378547787,
        0.5741841670907569,
        0.36654870410428947,
        0.21519952937354456,
        0.10285107865619011,
        0.0949601811688015,
        0.09133478969887777,
        0.049034509417213865,
        0.03389176450644275,
        0.02467046249630391,
        6.819494869559645e-15
      ]
    },
    {
      "pattern_id": 2,
      "n_samples": 20,
      "d_eff": 5.549924485944407,
      "d_raw": 68,
      "A": 0.9183834634419941,
      "D": 0.27108280492261344,
      "K_comp": 0.13139042557079533,
      "eigenspectrum": [
        21.07061462876967,
        12.664506853650174,
        9.510082077624498,
        7.884598791759121,
        3.5627193658635044,
        3.029199010698069,
        2.5159526179878626,
        1.7771855850093456,
        1.4249963843784288,
        1.1735855211433537,
        0.5891379155120533,
        0.47811232385455066,
        0.2551525231951699,
        0.10656619780759219,
        0.09316023167291308,
        0.06846027157728049,
        0.047716110961730174,
        0.03534900005127312,
        0.02869406216762844,
        3.4514815350111588e-15
      ]
    },
    {
      "pattern_id": 3,
      "n_samples": 20,
      "d_eff": 3.98083477672977,
      "d_raw": 68,
      "A": 0.9414583121069151,
      "D": 0.3124164985338571,
      "K_comp": 0.0637251312350362,
      "eigenspectrum": [
        28.060166581958278,
        13.226086136220239,
        7.440293289147727,
        5.4694078414225125,
        3.3266189571992926,
        2.447623173816424,
        1.8824881792424126,
        0.934758967757957,
        0.5580300766285338,
        0.47018244396366976,
        0.36680854557761855,
        0.3081907085317502,
        0.24899637573009564,
        0.22002905965445227,
        0.11233013462369965,
        0.08204850420383195,
        0.060453550406941704,
        0.0367240426723131,
        0.011921325979102117,
        4.793679457106507e-15
      ]
    },
    {
      "pattern_id": 4,
      "n_samples": 20,
      "d_eff": 5.713094470044978,
      "d_raw": 68,
      "A": 0.9159839048522798,
      "D": 0.4994672021692393,
      "K_comp": 0.059255350730966105,
      "eigenspectrum": [
        22.379006530058042,
        11.02840462631384,
        8.332608800919015,
        6.008738468183807,
        5.10599331781079,
        4.203955386149022,
        3.477150140588683,
        2.6363401190437847,
        1.316357671895073,
        1.050976885057546,
        0.7581928403708651,
        0.3260851326006776,
        0.21067369366181563,
        0.18225036331536817,
        0.15073892195869823,
        0.11538775640175716,
        0.04718926527539543,
        0.03465293003144029,
        0.00371820299593671,
        5.814129141137787e-15
      ]
    }
  ],
  "summary": {
    "mean_d_eff": 4.644446701312243,
    "mean_A": 0.9316993132159965,
    "mean_D": 0.3680316883192996,
    "mean_K_comp": 0.15310456119713897,
    "n_compressed": 5,
    "n_disentangled": 4
  }
}