{
  "metadata": {
    "snapshot_path": "/Users/jacob/fun/shape-of-experience/empirical/experiments/study_ca_affect/results/v13_s123/v13_s123/snapshots/cycle_010.npz",
    "seed": 123,
    "C": 16,
    "N": 128,
    "n_recording_steps": 20,
    "tau_values": [
      1,
      2,
      5,
      10
    ],
    "n_patterns_detected": 5,
    "n_patterns_analyzed": 5
  },
  "patterns": [
    {
      "pattern_id": 0,
      "n_timesteps": 20,
      "rho_self": 0.3707712723636675,
      "SM": {
        "1": -28.83764500875492,
        "2": 23.213310775566555,
        "5": -379.12727214111396,
        "10": -1.7666303409675947
      },
      "SM_capacity": 46.42662155113311,
      "SM_sal": 0.0,
      "f_self_mse": {
        "1": 106.91147400381655,
        "2": 78.76621390082352,
        "5": 591.0349852705115,
        "10": 80.13346518946187
      },
      "f_ext_mse": {
        "1": 78.07382899506163,
        "2": 101.97952467639007,
        "5": 211.9077131293975,
        "10": 78.36683484849428
      }
    },
    {
      "pattern_id": 1,
      "n_timesteps": 20,
      "rho_self": 0.49501038818146487,
      "SM": {
        "1": 6.333978453114623,
        "2": -3.6766838386510683,
        "5": -10.347865547513072,
        "10": -18.527220546979247
      },
      "SM_capacity": 3.1669892265573116,
      "SM_sal": 0.0005532911999702654,
      "f_self_mse": {
        "1": 2.462644697342574,
        "2": 7.75875004894517,
        "5": 11.874671895234082,
        "10": 19.8375856417538
      },
      "f_ext_mse": {
        "1": 8.796623150457197,
        "2": 4.082066210294101,
        "5": 1.5268063477210096,
        "10": 1.3103650947745549
      }
    },
    {
      "pattern_id": 2,
      "n_timesteps": 20,
      "rho_self": 0.21468912433558265,
      "SM": {
        "1": -1.5487087528871295,
        "2": -1.033428077402168,
        "5": 2.1907677808616777,
        "10": 0.8938238727727247
      },
      "SM_capacity": 10.997630805378522,
      "SM_sal": 0.0,
      "f_self_mse": {
        "1": 3.1406510955918803,
        "2": 2.6456751788020747,
        "5": 1.9031185805202941,
        "10": 0.7650408214303094
      },
      "f_ext_mse": {
        "1": 1.5919423427047508,
        "2": 1.6122471013999067,
        "5": 4.093886361381972,
        "10": 1.658864694203034
      }
    },
    {
      "pattern_id": 3,
      "n_timesteps": 20,
      "rho_self": 0.0,
      "SM": {
        "1": -1.5915700729902542,
        "2": -0.10599123718408565,
        "5": 2.615388577068872,
        "10": -0.3333935188932404
      },
      "SM_capacity": 10.461554308275488,
      "SM_sal": 0.0,
      "f_self_mse": {
        "1": 5.566221496706545,
        "2": 3.099827113524711,
        "5": 6.453131787849808,
        "10": 3.3162722759683687
      },
      "f_ext_mse": {
        "1": 3.9746514237162907,
        "2": 2.993835876340625,
        "5": 9.06852036491868,
        "10": 2.9828787570751283
      }
    },
    {
      "pattern_id": 4,
      "n_timesteps": 20,
      "rho_self": 0.0,
      "SM": {
        "1": -3.3293224668031636,
        "2": -0.16128911636359078,
        "5": -35.500264513591695,
        "10": 1.5787450249778798
      },
      "SM_capacity": 3.9468625624446996,
      "SM_sal": 0.0,
      "f_self_mse": {
        "1": 8.13209898679619,
        "2": 3.4226660123789214,
        "5": 36.72634233589322,
        "10": 1.5416513247341683
      },
      "f_ext_mse": {
        "1": 4.802776519993027,
        "2": 3.2613768960153307,
        "5": 1.2260778223015263,
        "10": 3.120396349712048
      }
    }
  ],
  "summary": {
    "mean_rho_self": 0.21609415697614304,
    "mean_SM_capacity": 14.999931690757824,
    "mean_SM_sal": 0.00011065823999405308,
    "n_with_self_model": 5,
    "n_with_high_rho": 3,
    "n_with_salience": 0,
    "mean_SM_by_tau": {
      "1": -5.794653569664169,
      "2": 3.6471837011931285,
      "5": -84.03384916885764,
      "10": -3.630935101817895
    }
  },
  "cycle": 10
}