{
  "s42": {
    "c00": {
      "n_alive": 64,
      "n_used": 64,
      "n_nonzero": 64,
      "eff_rank": 13.627218246459961,
      "var_ratio_1": 0.14658117294311523,
      "energy_r2": 0.0,
      "position_r2": -0.08453410938577736,
      "resource_r2": -0.06780636310577393,
      "h_mean_abs": 0.09010385721921921,
      "h_max_abs": 0.3978129029273987,
      "h_std": 0.11310715973377228,
      "silhouette": 0.06724120676517487,
      "skip": false
    },
    "c29": {
      "n_alive": 256,
      "n_used": 256,
      "n_nonzero": 256,
      "eff_rank": 8.24421215057373,
      "var_ratio_1": 0.30477553606033325,
      "energy_r2": 0.0,
      "position_r2": -0.0984518426489657,
      "resource_r2": -0.012563502788543702,
      "h_mean_abs": 0.2607555687427521,
      "h_max_abs": 0.9425156712532043,
      "h_std": 0.3295917809009552,
      "silhouette": 0.3253123164176941,
      "skip": false
    }
  },
  "s123": {
    "c00": {
      "n_alive": 64,
      "n_used": 64,
      "n_nonzero": 64,
      "eff_rank": 14.221184730529785,
      "var_ratio_1": 0.11687200516462326,
      "energy_r2": 0.0,
      "position_r2": -0.23272798211877604,
      "resource_r2": -0.32630305290222167,
      "h_mean_abs": 0.08838292956352234,
      "h_max_abs": 0.3354700803756714,
      "h_std": 0.11049991846084595,
      "silhouette": 0.05714591220021248,
      "skip": false
    },
    "c29": {
      "n_alive": 256,
      "n_used": 256,
      "n_nonzero": 256,
      "eff_rank": 6.9432783126831055,
      "var_ratio_1": 0.37930676341056824,
      "energy_r2": 0.0,
      "position_r2": -0.13274354339058442,
      "resource_r2": -0.1297084331512451,
      "h_mean_abs": 0.2948268949985504,
      "h_max_abs": 0.9831421375274658,
      "h_std": 0.37452149391174316,
      "silhouette": 0.34272363781929016,
      "skip": false
    }
  },
  "s7": {
    "c00": {
      "n_alive": 64,
      "n_used": 64,
      "n_nonzero": 64,
      "eff_rank": 14.250298500061035,
      "var_ratio_1": 0.12833432853221893,
      "energy_r2": 0.0,
      "position_r2": -0.26488368503025883,
      "resource_r2": -0.019042575359344484,
      "h_mean_abs": 0.09129976481199265,
      "h_max_abs": 0.38850700855255127,
      "h_std": 0.1145629808306694,
      "silhouette": 0.05939329415559769,
      "skip": false
    },
    "c29": {
      "n_alive": 256,
      "n_used": 256,
      "n_nonzero": 256,
      "eff_rank": 11.338857650756836,
      "var_ratio_1": 0.21370947360992432,
      "energy_r2": 0.0,
      "position_r2": -0.09928788171157228,
      "resource_r2": -0.0352328896522522,
      "h_mean_abs": 0.2010158896446228,
      "h_max_abs": 0.732246994972229,
      "h_std": 0.19635049998760223,
      "silhouette": 0.11239282041788101,
      "skip": false
    }
  }
}