{
  "s42": {
    "n_alive": 256,
    "saturation_mean": 0.0,
    "saturation_std": 0.0,
    "mean_abs_z": 0.26070423031342216,
    "frac_gt50_sat": 0.0,
    "frac_gt75_sat": 0.0,
    "jacobian_rank_mean": 12.627250265330076,
    "jacobian_rank_std": 1.09199865410372,
    "W1_frobenius_mean": 2.361769467126578,
    "W2_magnitude_mean": 0.456029889464844,
    "W1_top_sv_ratio": 0.20538032830838995,
    "W1_sv_mean": [
      1.273059313185513,
      1.1152507669758052,
      0.962658123113215,
      0.8124273502035066,
      0.6861332257976755,
      0.5660730603267439,
      0.44761296367505565,
      0.33533071298734285
    ],
    "geometry": {
      "n": 256,
      "skip": false,
      "pca_explained": [
        0.30477553606033325,
        0.221260666847229,
        0.11099255830049515,
        0.08900006115436554,
        0.07165825366973877
      ],
      "pca_cumulative_3": 0.6370287537574768,
      "pca_cumulative_5": 0.7976870536804199,
      "dist_mean": 1.4169713826060142,
      "dist_std": 0.5109761559638127,
      "dist_min": 0.11629711718924159,
      "dist_max": 3.32216421172214,
      "cos_mean": 0.356914222240448,
      "cos_std": 0.34692540764808655,
      "h_mean_norm": 1.2604780197143555,
      "h_std_norm": 0.39575570821762085
    }
  },
  "s123": {
    "n_alive": 256,
    "saturation_mean": 0.0029296875,
    "saturation_std": 0.018911051495153403,
    "mean_abs_z": 0.2789715386024909,
    "frac_gt50_sat": 0.0,
    "frac_gt75_sat": 0.0,
    "jacobian_rank_mean": 12.177998304367065,
    "jacobian_rank_std": 1.2019114983669026,
    "W1_frobenius_mean": 2.502671946072951,
    "W2_magnitude_mean": 0.6960359711083584,
    "W1_top_sv_ratio": 0.20849047437191065,
    "W1_sv_mean": [
      1.36475524562411,
      1.1944529307074845,
      0.9893128328258172,
      0.8540427940897644,
      0.7228038816247135,
      0.5869489215547219,
      0.48617645271588117,
      0.34739470726344734
    ],
    "geometry": {
      "n": 256,
      "skip": false,
      "pca_explained": [
        0.37930676341056824,
        0.2509584128856659,
        0.08304089307785034,
        0.06638024747371674,
        0.04781510308384895
      ],
      "pca_cumulative_3": 0.7133060693740845,
      "pca_cumulative_5": 0.8275014162063599,
      "dist_mean": 1.7137982871019952,
      "dist_std": 0.5889349612132406,
      "dist_min": 0.1279021715319971,
      "dist_max": 3.2936233541384383,
      "cos_mean": 0.26330772042274475,
      "cos_std": 0.3854799270629883,
      "h_mean_norm": 1.399111032485962,
      "h_std_norm": 0.5426194071769714
    }
  },
  "s7": {
    "n_alive": 256,
    "saturation_mean": 0.0,
    "saturation_std": 0.0,
    "mean_abs_z": 0.1887926006456837,
    "frac_gt50_sat": 0.0,
    "frac_gt75_sat": 0.0,
    "jacobian_rank_mean": 10.973302941769361,
    "jacobian_rank_std": 1.08448713414855,
    "W1_frobenius_mean": 2.0338217364624143,
    "W2_magnitude_mean": 0.3949352545896545,
    "W1_top_sv_ratio": 0.1965638626005659,
    "W1_sv_mean": [
      1.067049348494038,
      0.9413764846976846,
      0.8049641505349427,
      0.7117676892085001,
      0.5942644053138793,
      0.52889385051094,
      0.4578168246662244,
      0.32237955986056477
    ],
    "geometry": {
      "n": 256,
      "skip": false,
      "pca_explained": [
        0.21370947360992432,
        0.15903614461421967,
        0.11038511246442795,
        0.0980820581316948,
        0.07956305146217346
      ],
      "pca_cumulative_3": 0.4831307530403137,
      "pca_cumulative_5": 0.660775899887085,
      "dist_mean": 0.5810759845304623,
      "dist_std": 0.23741491051977268,
      "dist_min": 0.12028171033941634,
      "dist_max": 1.7635361328662422,
      "cos_mean": 0.8038504123687744,
      "cos_std": 0.15299302339553833,
      "h_mean_norm": 0.9445934295654297,
      "h_std_norm": 0.1383226066827774
    }
  }
}