{
  "s42": {
    "mean_phi": 0.14264911121688784,
    "max_phi": 0.24254437759518624,
    "mean_robustness": 0.9633592273837365,
    "max_robustness": 1.003519611451535,
    "mean_pred_mse": 0.047459173293160836,
    "final_pop": 256
  },
  "s123": {
    "mean_phi": 0.10620774434258541,
    "max_phi": 0.16702395677566528,
    "mean_robustness": 1.006254495528114,
    "max_robustness": 1.0816060443053412,
    "mean_pred_mse": 0.07719701535832894,
    "final_pop": 256
  },
  "s7": {
    "mean_phi": 0.06172961581808826,
    "max_phi": 0.10986891239881516,
    "mean_robustness": 0.9559520938394667,
    "max_robustness": 1.0016510261275375,
    "mean_pred_mse": 0.057762374170169516,
    "final_pop": 256
  }
}