{
  "s42": {
    "mean_phi": 0.1426491117104888,
    "max_phi": 0.24254437759518624,
    "mean_robustness": 0.9633592128511913,
    "max_robustness": 1.0035196378409417,
    "mean_pred_mse": 0.04745917315734863,
    "final_pop": 256
  },
  "s123": {
    "mean_phi": 0.10620774483929078,
    "max_phi": 0.1670239821076393,
    "mean_robustness": 1.0062544943317873,
    "max_robustness": 1.081606001375986,
    "mean_pred_mse": 0.07719701505284195,
    "final_pop": 256
  },
  "s7": {
    "mean_phi": 0.061729616140946734,
    "max_phi": 0.10986891686916352,
    "mean_robustness": 0.9559520912750582,
    "max_robustness": 1.0016509536099327,
    "mean_pred_mse": 0.05776237407981285,
    "final_pop": 256
  },
  "s0": {
    "mean_phi": 0.05395012713347873,
    "max_phi": 0.12078219652175903,
    "mean_robustness": 0.9611643390159996,
    "max_robustness": 1.9703764701290687,
    "mean_pred_mse": 0.05453662755913184,
    "final_pop": 256
  },
  "s1": {
    "mean_phi": 0.13798890619228282,
    "max_phi": 0.26521699130535126,
    "mean_robustness": 0.96631634368155,
    "max_robustness": 1.0337068454972076,
    "mean_pred_mse": 0.0713688158408691,
    "final_pop": 256
  },
  "s2": {
    "mean_phi": 0.09184023596346377,
    "max_phi": 0.16159477978944778,
    "mean_robustness": 0.9873628642056148,
    "max_robustness": 1.081386231596478,
    "mean_pred_mse": 0.052769810959605624,
    "final_pop": 256
  },
  "s3": {
    "mean_phi": 0.07394590791935722,
    "max_phi": 0.13545232638716698,
    "mean_robustness": 0.9562158748260131,
    "max_robustness": 1.066241378994754,
    "mean_pred_mse": 0.07374405448470811,
    "final_pop": 256
  },
  "s4": {
    "mean_phi": 0.08065175046212972,
    "max_phi": 0.11963276574388146,
    "mean_robustness": 0.9737213531572851,
    "max_robustness": 1.2212674302037458,
    "mean_pred_mse": 0.054820724166434055,
    "final_pop": 256
  },
  "s5": {
    "mean_phi": 0.073431112455825,
    "max_phi": 0.09410795345902442,
    "mean_robustness": 0.9882428854169697,
    "max_robustness": 1.0097415636458569,
    "mean_pred_mse": 0.0650418042384726,
    "final_pop": 256
  },
  "s6": {
    "mean_phi": 0.08555639426534374,
    "max_phi": 0.22103508561849594,
    "mean_robustness": 1.047243911456721,
    "max_robustness": 2.123546259137457,
    "mean_pred_mse": 0.06816103450782747,
    "final_pop": 256
  },
  "statistics": {
    "n_seeds": 10,
    "mean_phi_mean": 0.09079509070826074,
    "mean_phi_std": 0.028412717391744863,
    "mean_phi_sem": 0.008984890147259235,
    "mean_phi_ci95_lo": 0.07318470601963263,
    "mean_phi_ci95_hi": 0.10840547539688884,
    "max_phi_mean": 0.1637259375397116,
    "max_phi_max": 0.26521699130535126,
    "mean_rob_mean": 0.9805833370218192,
    "mean_rob_std": 0.02707793291871204,
    "v27_baseline_mean_phi": 0.09,
    "t_stat_vs_v27": 0.0884919787809844
  }
}