{
  "metadata": {
    "snapshot_path": "/Users/jacob/fun/shape-of-experience/empirical/experiments/study_ca_affect/results/v13_s123/v13_s123/snapshots/cycle_010.npz",
    "seed": 123,
    "C": 16,
    "N": 128,
    "n_recording_steps": 20,
    "substrate_steps_per_record": 10,
    "tau_values": [
      1,
      2,
      5,
      10
    ],
    "n_patterns_detected": 5,
    "n_patterns_analyzed": 5
  },
  "patterns": [
    {
      "pattern_id": 0,
      "n_samples": 20,
      "W": {
        "1": 0.0,
        "2": 5.7268795377701765e-06,
        "5": 0.0,
        "10": 0.0
      },
      "mse_full": {
        "1": 0.0003850365646902449,
        "2": 0.00010897296460155767,
        "5": 9.624639644773499e-05,
        "10": 6.773249388586337e-05
      },
      "mse_env": {
        "1": 0.00035317599506770137,
        "2": 0.00011469984413932785,
        "5": 8.281699310244892e-05,
        "10": 5.668164150029842e-05
      },
      "H_wm": 2.0,
      "C_wm": 1.1453759075540353e-05,
      "lifetime": 20
    },
    {
      "pattern_id": 1,
      "n_samples": 20,
      "W": {
        "1": 0.0,
        "2": 0.0,
        "5": 0.0,
        "10": 0.0
      },
      "mse_full": {
        "1": 0.0018269995025007066,
        "2": 0.0013797887676290335,
        "5": 0.0018115596088254058,
        "10": 0.0037317778026818896
      },
      "mse_env": {
        "1": 0.0012697112394203058,
        "2": 0.001071904021343818,
        "5": 0.0013582775696560413,
        "10": 0.001887294060096843
      },
      "H_wm": 0.0,
      "C_wm": 0.0,
      "lifetime": 20
    },
    {
      "pattern_id": 2,
      "n_samples": 20,
      "W": {
        "1": 3.927633754647518e-05,
        "2": 2.6135230684960737e-05,
        "5": 0.0,
        "10": 5.45526910931332e-05
      },
      "mse_full": {
        "1": 0.00037154203757577424,
        "2": 0.00018816188535244118,
        "5": 0.00013986590851526977,
        "10": 8.700055312784839e-05
      },
      "mse_env": {
        "1": 0.0004108183751222494,
        "2": 0.00021429711603740192,
        "5": 0.00013964234246918462,
        "10": 0.0001415532442209816
      },
      "H_wm": 10.0,
      "C_wm": 0.00020829035787599208,
      "lifetime": 20
    },
    {
      "pattern_id": 3,
      "n_samples": 20,
      "W": {
        "1": 0.0,
        "2": 0.00018503459902643354,
        "5": 0.0007015864252035429,
        "10": 0.0004071216674131805
      },
      "mse_full": {
        "1": 0.0006054186681658999,
        "2": 0.0004908047803318772,
        "5": 0.0008259283826808099,
        "10": 0.000503251441238518
      },
      "mse_env": {
        "1": 0.0005768892209183278,
        "2": 0.0006758393793583107,
        "5": 0.0015275148078843527,
        "10": 0.0009103731086516984
      },
      "H_wm": 10.0,
      "C_wm": 0.004194219067399989,
      "lifetime": 20
    },
    {
      "pattern_id": 4,
      "n_samples": 20,
      "W": {
        "1": 0.0,
        "2": 0.0,
        "5": 7.660274618768526e-06,
        "10": 0.0
      },
      "mse_full": {
        "1": 0.0016879780626388164,
        "2": 0.0018167681895495259,
        "5": 0.001270141694218151,
        "10": 0.001351830386465621
      },
      "mse_env": {
        "1": 0.0015395157935467422,
        "2": 0.0016539834955492717,
        "5": 0.0012778019688369196,
        "10": 0.0013249282877209802
      },
      "H_wm": 5.0,
      "C_wm": 3.0641098475074104e-05,
      "lifetime": 20
    }
  ],
  "summary": {
    "mean_C_wm": 0.0008889208565653192,
    "max_C_wm": 0.004194219067399989,
    "mean_H_wm": 5.4,
    "n_with_world_model": 4,
    "frac_with_world_model": 0.8,
    "mean_W_by_tau": {
      "1": 7.855267509295037e-06,
      "2": 4.337934184983289e-05,
      "5": 0.00014184933996446228,
      "10": 9.233487170126274e-05
    }
  }
}