{
  "seed": 6,
  "experiment": "v29_social_prediction",
  "config": {
    "N": 128,
    "M_max": 256,
    "obs_radius": 2,
    "embed_dim": 24,
    "hidden_dim": 16,
    "n_actions": 7,
    "K_max": 8,
    "predict_hidden": 8,
    "resource_regen": 0.002,
    "signal_decay": 0.04,
    "signal_diffusion": 0.15,
    "metabolic_cost": 0.0004,
    "initial_energy": 1.0,
    "resource_value": 1.5,
    "initial_resource": 0.5,
    "stress_regen": 0.0002,
    "mutation_std": 0.03,
    "tournament_size": 4,
    "elite_fraction": 0.5,
    "activate_offspring": true,
    "drought_every": 5,
    "drought_depletion": 0.01,
    "drought_regen": 0.0,
    "lamarckian": false,
    "grad_every": 1,
    "chunk_size": 50,
    "steps_per_cycle": 5000,
    "n_cycles": 30,
    "obs_side": 5,
    "obs_flat": 76,
    "n_params": 4186
  },
  "cycles": [
    {
      "cycle": 0,
      "n_alive_start": 64,
      "n_alive_end": 64,
      "mortality": 0.0,
      "mean_phi": 0.06994463205337524,
      "mean_pred_mse": 0.08419691883223822,
      "pred_mse_early": 0.16839380333791548,
      "pred_mse_late": 3.4326560935937776e-08,
      "phi_base": 0.06886573433876038,
      "phi_stress": 0.06883124411106109,
      "robustness": 0.9994991670671858,
      "mean_entropy": 2.075249433517456,
      "mean_effective_K": 7.966552734375,
      "mean_lr": 0.005026104860007763,
      "mean_drift": 1.5363149642944336,
      "elapsed_s": 9.463416337966919
    },
    {
      "cycle": 1,
      "n_alive_start": 256,
      "n_alive_end": 256,
      "mortality": 0.0,
      "mean_phi": 0.07733099907636642,
      "mean_pred_mse": 0.08961602108674846,
      "pred_mse_early": 0.17923197871990637,
      "pred_mse_late": 6.345359054193978e-08,
      "phi_base": 0.07622491866350174,
      "phi_stress": 0.07619162201881409,
      "robustness": 0.9995631790066626,
      "mean_entropy": 2.074542284011841,
      "mean_effective_K": 7.960926055908203,
      "mean_lr": 0.005003944039344788,
      "mean_drift": 1.5266199111938477,
      "elapsed_s": 5.734849452972412
    },
    {
      "cycle": 2,
      "n_alive_start": 256,
      "n_alive_end": 256,
      "mortality": 0.0,
      "mean_phi": 0.07260931804776191,
      "mean_pred_mse": 0.08406892970746782,
      "pred_mse_early": 0.16813777070529795,
      "pred_mse_late": 8.870963768004003e-08,
      "phi_base": 0.07208312302827835,
      "phi_stress": 0.07202874422073365,
      "robustness": 0.9992456097175011,
      "mean_entropy": 2.073739528656006,
      "mean_effective_K": 7.954550266265869,
      "mean_lr": 0.005002789199352264,
      "mean_drift": 1.5023064613342285,
      "elapsed_s": 5.676162004470825
    },
    {
      "cycle": 3,
      "n_alive_start": 256,
      "n_alive_end": 256,
      "mortality": 0.0,
      "mean_phi": 0.07109223008155822,
      "mean_pred_mse": 0.0830042238505122,
      "pred_mse_early": 0.16600828919310573,
      "pred_mse_late": 1.5850791868388114e-07,
      "phi_base": 0.0697562888264656,
      "phi_stress": 0.06972746402025223,
      "robustness": 0.9995867783866043,
      "mean_entropy": 2.0736141204833984,
      "mean_effective_K": 7.953554630279541,
      "mean_lr": 0.004997455980628729,
      "mean_drift": 1.4805817604064941,
      "elapsed_s": 5.730255126953125
    },
    {
      "cycle": 4,
      "n_alive_start": 256,
      "n_alive_end": 256,
      "mortality": 0.0,
      "mean_phi": 0.08021402433514595,
      "mean_pred_mse": 0.08326643787180486,
      "pred_mse_early": 0.16653266495652871,
      "pred_mse_late": 2.1078708101640586e-07,
      "phi_base": 0.08000964224338532,
      "phi_stress": 0.08003988862037659,
      "robustness": 1.000378034148675,
      "mean_entropy": 2.072732925415039,
      "mean_effective_K": 7.946566581726074,
      "mean_lr": 0.005003808997571468,
      "mean_drift": 1.4634487628936768,
      "elapsed_s": 5.698237180709839
    },
    {
      "cycle": 5,
      "n_alive_start": 256,
      "n_alive_end": 8,
      "mortality": 0.96875,
      "mean_phi": 0.0786270558834076,
      "mean_pred_mse": 0.02723194298800081,
      "pred_mse_early": 0.04602558622136712,
      "pred_mse_late": 0.008438299754634499,
      "phi_base": 0.08923851698637009,
      "phi_stress": 0.09647317826747895,
      "robustness": 1.0810710613020815,
      "mean_entropy": 2.0726356506347656,
      "mean_effective_K": 7.945774078369141,
      "mean_lr": 0.005147038027644157,
      "mean_drift": 0.25423353910446167,
      "elapsed_s": 6.189677476882935
    },
    {
      "cycle": 6,
      "n_alive_start": 256,
      "n_alive_end": 256,
      "mortality": 0.0,
      "mean_phi": 0.05664657354354859,
      "mean_pred_mse": 0.07569772373388986,
      "pred_mse_early": 0.1513950610476877,
      "pred_mse_late": 3.8642009201339535e-07,
      "phi_base": 0.05219750329852104,
      "phi_stress": 0.052148477733135225,
      "robustness": 0.999060768000618,
      "mean_entropy": 2.0701050758361816,
      "mean_effective_K": 7.925687789916992,
      "mean_lr": 0.0052060941234230995,
      "mean_drift": 1.4415544271469116,
      "elapsed_s": 5.746079206466675
    },
    {
      "cycle": 7,
      "n_alive_start": 256,
      "n_alive_end": 256,
      "mortality": 0.0,
      "mean_phi": 0.05795555971562862,
      "mean_pred_mse": 0.0880274636784685,
      "pred_mse_early": 0.17605449205626314,
      "pred_mse_late": 4.353006738710974e-07,
      "phi_base": 0.0546351857483387,
      "phi_stress": 0.05461275428533554,
      "robustness": 0.9995894319256736,
      "mean_entropy": 2.0699071884155273,
      "mean_effective_K": 7.924152374267578,
      "mean_lr": 0.00521324947476387,
      "mean_drift": 1.4187917709350586,
      "elapsed_s": 5.75433874130249
    },
    {
      "cycle": 8,
      "n_alive_start": 256,
      "n_alive_end": 256,
      "mortality": 0.0,
      "mean_phi": 0.06497035697102546,
      "mean_pred_mse": 0.08496812269241417,
      "pred_mse_early": 0.1699357890959999,
      "pred_mse_late": 4.5628882844539475e-07,
      "phi_base": 0.06204916909337044,
      "phi_stress": 0.062006743252277376,
      "robustness": 0.9993162544847423,
      "mean_entropy": 2.0692338943481445,
      "mean_effective_K": 7.9188551902771,
      "mean_lr": 0.005236242897808552,
      "mean_drift": 1.392778992652893,
      "elapsed_s": 5.782206773757935
    },
    {
      "cycle": 9,
      "n_alive_start": 256,
      "n_alive_end": 256,
      "mortality": 0.0,
      "mean_phi": 0.0653999350965023,
      "mean_pred_mse": 0.08482970960319505,
      "pred_mse_early": 0.16965883395383913,
      "pred_mse_late": 5.852525509908446e-07,
      "phi_base": 0.06289812773466111,
      "phi_stress": 0.06284033805131913,
      "robustness": 0.9990812177496639,
      "mean_entropy": 2.068514823913574,
      "mean_effective_K": 7.91317892074585,
      "mean_lr": 0.0052477396093308926,
      "mean_drift": 1.3759559392929077,
      "elapsed_s": 5.7916505336761475
    },
    {
      "cycle": 10,
      "n_alive_start": 256,
      "n_alive_end": 1,
      "mortality": 0.99609375,
      "mean_phi": 0.07661053389310837,
      "mean_pred_mse": 0.02324450282903854,
      "pred_mse_early": 0.04244030721485615,
      "pred_mse_late": 0.004048698443220929,
      "phi_base": 0.2692999571561813,
      "phi_stress": 0.28387379050254824,
      "robustness": 1.0541174736909251,
      "mean_entropy": 2.0727295875549316,
      "mean_effective_K": 7.946484088897705,
      "mean_lr": 0.00523413997143507,
      "mean_drift": 0.04550585895776749,
      "elapsed_s": 6.387271881103516
    },
    {
      "cycle": 11,
      "n_alive_start": 256,
      "n_alive_end": 256,
      "mortality": 0.0,
      "mean_phi": 0.20529508143663405,
      "mean_pred_mse": 0.07442468593616738,
      "pred_mse_early": 0.14884924212928496,
      "pred_mse_late": 1.2974304979707086e-07,
      "phi_base": 0.19648919999599457,
      "phi_stress": 0.1964397221803665,
      "robustness": 0.9997481906607129,
      "mean_entropy": 2.0729713439941406,
      "mean_effective_K": 7.94841194152832,