{
  "metadata": {
    "substrate": "v15",
    "seed": 123,
    "C": 16,
    "N": 128,
    "snapshot_path": "/Users/jacob/fun/shape-of-experience/empirical/experiments/study_ca_affect/results/v15_s123/snapshots/cycle_025.npz",
    "experiment": "affect_geometry"
  },
  "n_results": 1,
  "cycle": 25,
  "results": [
    {
      "n_patterns": 20,
      "rsa_rho": 0.0709636219694087,
      "rsa_p": 0.3305839290359852,
      "space_A": [
        [
          -0.0014031419948655733,
          4.3123579025268555,
          0.151767553086386,
          1.5373343484702588,
          0.7205054759979248,
          -0.6347985295231839
        ],
        [
          0.010073963476687061,
          12.297478675842285,
          0.31784116388513173,
          1.8750408084942538,
          0.6689105927944183,
          -0.43135056354491375
        ],
        [
          -0.0020522487406827964,
          6.4302754402160645,
          0.04838691897132397,
          1.2163724166444962,
          0.6412762701511383,
          -0.5351166165155835
        ],
        [
          -0.010366955581976443,
          4.632545471191406,
          0.017353208405185838,
          1.0947228383958578,
          0.5535835325717926,
          -0.30428480665761726
        ],
        [
          -6.38767164580676e-05,
          5.044479846954346,
          0.008849310794968868,
          1.0538817248112513,
          0.5966818630695343,
          -0.2538829457762296
        ],
        [
          -0.013646422600259587,
          4.407401084899902,
          0.019400935271864372,
          1.1021022727085064,
          0.6920453011989594,
          -0.22359219180871126
        ],
        [
          -0.008500614944769412,
          4.919305324554443,
          0.02039516256464191,
          1.108025635378094,
          0.7063542008399963,
          -0.003282797228028156
        ],
        [
          0.004787532650694555,
          4.442089557647705,
          0.00404076287630184,
          1.028836385255836,
          0.5522527992725372,
          -0.15403202788591408
        ],
        [
          -0.003915455876564493,
          6.816375255584717,
          0.2031745711649282,
          1.6590050493240627,
          0.4824596047401428,
          -0.1670788825916052
        ],
        [
          0.002945009542971241,
          5.021087169647217,
          0.2085317113928632,
          1.9341194219496427,
          0.7003768980503082,
          -0.019227764181545037
        ],
        [
          0.014939814197773836,
          5.067806720733643,
          0.12331962775159233,
          1.5571333273012535,
          0.6972017586231232,
          -0.0048252386569405115
        ],
        [
          -0.002740850253980987,
          2.8197643756866455,
          0.2932041224143547,
          2.2063278159699626,
          0.6737228333950043,
          -0.01810144139079195
        ],
        [
          -0.008414205239743603,
          4.555984973907471,
          0.011086035171871234,
          1.0653138112532656,
          0.6188359558582306,
          -0.07393960639485897
        ],
        [
          -0.0014781951904296875,
          11.649364471435547,
          0.007422019915598654,
          1.0485752772913377,
          0.6857853531837463,
          -0.10940737819933699
        ],
        [
          0.005004984991891044,
          4.290776252746582,
          0.010220688959130864,
          1.060503420866962,
          0.5296785831451416,
          -0.05984578010002373
        ],
        [
          0.002713874894745496,
          4.3484063148498535,
          0.009388138937586832,
          1.0557156524143383,
          0.6744445264339447,
          -0.033010496763916874
        ],
        [
          0.0013701964397819675,
          5.529900550842285,
          0.13282401487383255,
          1.6275773181605058,
          0.7101738452911377,
          -0.0628122932986045
        ],
        [
          0.008389487558481644,
          2.4493939876556396,
          0.16807556808579793,
          1.6219767099267846,
          0.6304455697536469,
          -0.05591243084039921
        ],
        [
          -0.0004095982532111966,
          4.340067386627197,
          0.14119141954365566,
          1.5225653099531427,
          0.6887202858924866,
          -0.007346881977972841
        ],
        [
          -0.00616721231110242,
          9.495697021484375,
          0.010814930424096869,
          1.0645867995005938,
          0.5456873178482056,
          -0.1892508935391296
        ]
      ],
      "space_C": [
        [
          -0.0050180041790008545,
          1.701376937148203,
          0.7647058823529411,
          0.8731500323489894
        ],
        [
          0.0021193087100982665,
          2.800852641457181,
          -0.42857142857142855,
          0.4522340805195183
        ],
        [
          -0.005793442130088806,
          1.7832366252906706,
          -0.15,
          0.8190191077484988
        ],
        [
          0.00235482931137085,
          1.9010588114644644,
          -0.30952380952380953,
          0.5436504766281874
        ],
        [
          -0.004313669204711914,
          2.368412588146568,
          1.8125,
          0.5644220066864943
        ],
        [
          0.0076958930492401125,
          1.680665596301466,
          -0.15151515151515152,
          0.7643998738913735
        ],
        [
          0.0002686905860900879,
          2.614710861510548,
          -0.3333333333333333,
          0.5381448054057781
        ],
        [
          -0.0005884253978729248,
          1.8128257206529725,
          0.0,
          0.5680196290540488
        ],
        [
          0.010002926588058472,
          2.1401327333113445,
          0.2777777777777778,
          0.862010860675442
        ],
        [
          0.0021308016777038573,
          2.4749920470344677,
          0.13793103448275862,
          0.5097287544947179
        ],
        [
          -0.002079063653945923,
          2.259788397402413,
          0.7647058823529411,
          0.5025340160792252
        ],
        [
          0.0026515567302703856,
          2.323204711686503,
          0.3181818181818182,
          0.41310157866324576
        ],
        [
          0.007237542867660523,
          1.9456627561590931,
          -0.2,
          0.7643882549739109
        ],
        [
          0.005293303728103637,
          2.3245317638082743,
          0.7727272727272727,
          0.6513792191803547
        ],
        [
          0.005245593786239624,
          1.6800267099363384,
          -0.6140350877192983,
          0.8185543933677466
        ],
        [
          0.010557481050491334,
          1.773109433290424,
          -0.35714285714285715,
          0.7661927118749997
        ],
        [
          -0.007355839014053345,
          2.5891532941579407,
          0.8095238095238095,
          0.11110537858399083
        ],
        [
          -0.003548584580421448,
          2.2454675699619013,
          -0.19047619047619047,
          0.5588959107407012
        ],
        [
          0.001309988498687744,
          1.7749308759454547,
          -0.2,
          0.6906101405005992
        ],
        [
          0.005963276326656342,
          2.2438424245419464,
          1.1666666666666667,
          0.5522101171182717
        ]
      ],
      "dim_labels_A": [
        "valence",
        "arousal",
        "integration",
        "d_eff",
        "cf_weight",
        "sm_sal"
      ],
      "dim_labels_C": [
        "approach_avoid",
        "activity",
        "growth",
        "stability"
      ],
      "per_pattern": [
        {
          "pattern_id": 0,
          "space_A": {
            "valence": -0.0014031419948655733,
            "arousal": 4.3123579025268555,
            "integration": 0.151767553086386,
            "d_eff": 1.5373343484702588,
            "cf_weight": 0.7205054759979248,
            "sm_sal": -0.6347985295231839
          },