{
  "metadata": {
    "substrate": "v15",
    "seed": 123,
    "C": 16,
    "N": 128,
    "snapshot_path": "/Users/jacob/fun/shape-of-experience/empirical/experiments/study_ca_affect/results/v15_s123/snapshots/cycle_015.npz",
    "experiment": "affect_geometry"
  },
  "n_results": 1,
  "cycle": 15,
  "results": [
    {
      "n_patterns": 20,
      "rsa_rho": -0.04383821683353236,
      "rsa_p": 0.5481268206150147,
      "space_A": [
        [
          -0.006185964662201551,
          5.1685028076171875,
          0.014253498378004159,
          1.0877854239585372,
          0.9105494618415833,
          -0.5764796246858116
        ],
        [
          -0.0030256777393574616,
          5.439002990722656,
          0.009962943163799753,
          1.063673406847095,
          0.8280172795057297,
          -0.005500722291691629
        ],
        [
          0.017525663181227082,
          4.781956195831299,
          0.07211745421190496,
          1.3430897983998216,
          0.8975666984915733,
          -0.0017178348998435622
        ],
        [
          -0.0020022586900360732,
          5.949792861938477,
          0.056836961546399056,
          1.251446286388643,
          0.9645135290920734,
          -0.22751663050597137
        ],
        [
          -0.010966836189737126,
          5.571624279022217,
          0.007320543862423756,
          1.051597768591237,
          0.8520880341529846,
          -0.05995377213874331
        ],
        [
          0.015577058402859435,
          7.885721206665039,
          0.1136751464409288,
          1.4591990438543818,
          0.8898175805807114,
          -0.011668364321898883
        ],
        [
          0.00648122417683504,
          12.357824325561523,
          0.01683619876563658,
          1.0945700327923207,
          0.6626677215099335,
          -0.4092429177196507
        ],
        [
          0.008696706927552516,
          2.6088943481445312,
          0.24831020186992692,
          2.0402188261412193,
          0.727999210357666,
          -0.004246241798216865
        ],
        [
          -0.016358998357033243,
          4.403968334197998,
          0.002048244164143065,
          1.0183493907360899,
          0.8766218796372414,
          -0.006354340229631661
        ],
        [
          0.011772841823344328,
          5.584334373474121,
          0.0128277378724716,
          1.0833874508368648,
          0.9849462937563658,
          -0.023894752004406605
        ],
        [
          -0.005033254623413086,
          5.323998928070068,
          0.01591037846079313,
          1.0914597328440612,
          0.9208767041563988,
          -0.5225677009497355
        ],
        [
          0.006272817144588549,
          5.078463554382324,
          0.05242723183045461,
          1.2859495343275527,
          0.821421891450882,
          -0.007936551566310346
        ],
        [
          0.017370554865623007,
          2.5555176734924316,
          0.05346362026312024,
          1.2876117329448338,
          0.8144782483577728,
          -0.0030638483923417503
        ],
        [
          0.004669350020739497,
          2.6602439880371094,
          0.08961020529139097,
          1.434066691957976,
          0.8405851274728775,
          -0.004951078968436273
        ],
        [
          -0.0042982831293222855,
          2.294954776763916,
          0.040070703355425064,
          1.2083782243573604,
          0.7776849865913391,
          -0.002089961550267194
        ],
        [
          0.0023495469774518695,
          3.681267023086548,
          0.06396234618402696,
          1.3024904956164283,
          0.9749231040477753,
          -0.00287233626203387
        ],
        [
          0.014864415538554289,
          6.085132122039795,
          0.04843171729788465,
          1.2804665312411372,
          0.9002551138401031,
          -0.003772347388719899
        ],
        [
          0.0063745342955297355,
          3.5896782875061035,
          0.04378815950810111,
          1.2442166946525133,
          0.9840185604989529,
          -0.001197313643972353
        ],
        [
          0.001074625521290059,
          3.260500907897949,
          0.3038439488931338,
          2.657136131534859,
          0.9363975152373314,
          -0.0006640544538973892
        ],
        [
          -0.0054603547466044525,
          5.091178894042969,
          0.017472363945450597,
          1.0951873884810173,
          0.9432339929044247,
          -0.2718280899402239
        ]
      ],
      "space_C": [
        [
          0.0007766157388687134,
          2.376322452858826,
          0.5686274509803921,
          0.5365144836524198
        ],
        [
          0.00012244760990142822,
          2.4361865772495546,
          -0.4701492537313433,
          0.44456456072777395
        ],
        [
          0.009706983864307404,
          1.951564450585536,
          0.8333333333333334,
          0.36969860562509416
        ],
        [
          0.01367952674627304,
          2.9829985996442674,
          0.15625,
          0.32513418678265493
        ],
        [
          0.0033014997839927672,
          2.4595955141061574,
          -0.7169811320754716,
          0.3343188443544955
        ],
        [
          -0.005515812635421753,
          2.578952356166415,
          6.0,
          0.482867875387539
        ],
        [
          0.0012298738956451416,
          2.838736836801275,
          -0.13157894736842105,
          0.247636716718963
        ],
        [
          -0.004111180901527405,
          2.3152203583425846,
          0.6666666666666666,
          0.5736684138870942
        ],
        [
          0.0022137504816055298,
          1.781478875936822,
          -0.5185185185185185,
          0.6810854576003409
        ],
        [
          0.004818913340568542,
          2.6985731034572598,
          0.14285714285714285,
          0.4344977298587421
        ],
        [
          0.009939988851547241,
          2.5343058648871493,
          -0.421875,
          0.345640361774268
        ],
        [
          -0.0002901223301887512,
          2.5004694367654863,
          -0.3655913978494624,
          0.3584909758624785
        ],
        [
          0.0027138352394104003,
          2.152162113682968,
          -0.15384615384615385,
          0.6207547919815432
        ],
        [
          -0.003627218008041382,
          2.3478504945848035,
          0.7096774193548387,
          0.5619570441067848
        ],
        [
          0.010855751633644104,
          2.0256950193922223,
          -0.1016949152542373,
          0.6047781003512298
        ],
        [
          0.00016860604286193846,
          2.886316497219907,
          -0.9315068493150684,
          0.3627196939442254
        ],
        [
          -0.0004371953010559082,
          3.129116789678299,
          -0.336734693877551,
          0.4581107344482191
        ],
        [
          0.004147518873214722,
          2.980160437205878,
          -0.2127659574468085,
          0.3139466994329782
        ],
        [
          0.005734623074531555,
          2.637756707975039,
          0.3684210526315789,
          0.40063090808772206
        ],
        [
          0.0050607407093048095,
          2.44912787895157,
          0.18552036199095023,
          0.682843064305931
        ]
      ],
      "dim_labels_A": [
        "valence",
        "arousal",
        "integration",
        "d_eff",
        "cf_weight",
        "sm_sal"
      ],
      "dim_labels_C": [
        "approach_avoid",
        "activity",
        "growth",
        "stability"
      ],
      "per_pattern": [
        {
          "pattern_id": 0,
          "space_A": {
            "valence": -0.006185964662201551,
            "arousal": 5.1685028076171875,
            "integration": 0.014253498378004159,
            "d_eff": 1.0877854239585372,
            "cf_weight": 0.9105494618415833,