{
  "metadata": {
    "substrate": "v15",
    "seed": 123,
    "C": 16,
    "N": 128,
    "snapshot_path": "/Users/jacob/fun/shape-of-experience/empirical/experiments/study_ca_affect/results/v15_s123/snapshots/cycle_000.npz",
    "experiment": "affect_geometry"
  },
  "n_results": 1,
  "cycle": 0,
  "results": [
    {
      "n_patterns": 9,
      "rsa_rho": 0.06821106821106822,
      "rsa_p": 0.6926335756675004,
      "space_A": [
        [
          -0.0031599073993916413,
          7.803051948547363,
          0.20718613000157904,
          1.6760824833793861,
          0.8262437731027603,
          -0.26899114786747846
        ],
        [
          0.006684137850391621,
          5.267635345458984,
          0.21593748179577876,
          1.9340514024850568,
          0.7393279075622559,
          -0.04416695890940292
        ],
        [
          0.006671511397069814,
          13.58081340789795,
          0.26724454789456087,
          1.8141764052553218,
          0.6962507665157318,
          -0.11197254558791658
        ],
        [
          -0.0014035409810591716,
          7.994124412536621,
          0.2063422813543374,
          1.8053705476365671,
          0.7156224548816681,
          -0.2938547186684297
        ],
        [
          0.008681156197372747,
          3.6443848609924316,
          0.11495164659169288,
          1.5684484784461414,
          0.9460694268345833,
          -0.0047862142022458976
        ],
        [
          0.013639143535069056,
          2.7154557704925537,
          0.03247536210780666,
          1.1842867408645923,
          0.7043572962284088,
          -0.0018573091922120533
        ],
        [
          0.0029569499346674705,
          4.761229038238525,
          0.01088046679280641,
          1.0678304851733675,
          0.7115452587604523,
          -0.00096067598493077
        ],
        [
          -0.010623508570145587,
          3.6023640632629395,
          0.10897772641418668,
          1.595670858311189,
          0.798824355006218,
          -0.00019183734037109268
        ],
        [
          0.004233627903218172,
          10.015420913696289,
          0.12826300059767326,
          1.4848725297744059,
          0.7621266692876816,
          -0.005201555157392512
        ]
      ],
      "space_C": [
        [
          0.003388283550739288,
          2.638825152714678,
          3.0,
          0.5043335404764185
        ],
        [
          -0.0077964067459106445,
          2.1609976016965082,
          -0.946047678795483,
          0.32135470921207526
        ],
        [
          -0.0035092586278915403,
          2.8503712780835393,
          0.6666666666666666,
          0.20881686395445873
        ],
        [
          -0.004488071203231811,
          3.506809467640324,
          0.45454545454545453,
          0.2914237625459405
        ],
        [
          -0.006458443999290467,
          3.122500263345553,
          3.7,
          0.35242151817970707
        ],
        [
          -0.0060885739326477055,
          2.21406966517295,
          0.7058823529411765,
          0.4111980478663211
        ],
        [
          0.0050738266110420226,
          2.122711320171026,
          0.5050505050505051,
          0.629335836597475
        ],
        [
          0.010365105271339416,
          2.890336810263772,
          -0.5161290322580645,
          0.16382301030496835
        ],
        [
          -0.011473753452301026,
          2.818377744340544,
          -0.0948905109489051,
          0.44586662935383237
        ]
      ],
      "dim_labels_A": [
        "valence",
        "arousal",
        "integration",
        "d_eff",
        "cf_weight",
        "sm_sal"
      ],
      "dim_labels_C": [
        "approach_avoid",
        "activity",
        "growth",
        "stability"
      ],
      "per_pattern": [
        {
          "pattern_id": 0,
          "space_A": {
            "valence": -0.0031599073993916413,
            "arousal": 7.803051948547363,
            "integration": 0.20718613000157904,
            "d_eff": 1.6760824833793861,
            "cf_weight": 0.8262437731027603,
            "sm_sal": -0.26899114786747846
          },
          "space_C": {
            "approach_avoid": 0.003388283550739288,
            "activity": 2.638825152714678,
            "growth": 3.0,
            "stability": 0.5043335404764185
          },
          "n_timesteps": 50
        },
        {
          "pattern_id": 1,
          "space_A": {
            "valence": 0.006684137850391621,
            "arousal": 5.267635345458984,
            "integration": 0.21593748179577876,
            "d_eff": 1.9340514024850568,
            "cf_weight": 0.7393279075622559,
            "sm_sal": -0.04416695890940292
          },
          "space_C": {
            "approach_avoid": -0.0077964067459106445,
            "activity": 2.1609976016965082,
            "growth": -0.946047678795483,
            "stability": 0.32135470921207526
          },
          "n_timesteps": 50
        },
        {
          "pattern_id": 2,
          "space_A": {
            "valence": 0.006671511397069814,
            "arousal": 13.58081340789795,
            "integration": 0.26724454789456087,
            "d_eff": 1.8141764052553218,
            "cf_weight": 0.6962507665157318,
            "sm_sal": -0.11197254558791658
          },
          "space_C": {
            "approach_avoid": -0.0035092586278915403,
            "activity": 2.8503712780835393,
            "growth": 0.6666666666666666,
            "stability": 0.20881686395445873
          },
          "n_timesteps": 50
        },
        {
          "pattern_id": 3,
          "space_A": {
            "valence": -0.0014035409810591716,
            "arousal": 7.994124412536621,
            "integration": 0.2063422813543374,
            "d_eff": 1.8053705476365671,
            "cf_weight": 0.7156224548816681,
            "sm_sal": -0.2938547186684297
          },
          "space_C": {
            "approach_avoid": -0.004488071203231811,
            "activity": 3.506809467640324,
            "growth": 0.45454545454545453,
            "stability": 0.2914237625459405
          },
          "n_timesteps": 50
        },
        {
          "pattern_id": 4,
          "space_A": {
            "valence": 0.008681156197372747,
            "arousal": 3.6443848609924316,
            "integration": 0.11495164659169288,
            "d_eff": 1.5684484784461414,
            "cf_weight": 0.9460694268345833,
            "sm_sal": -0.0047862142022458976
          },
          "space_C": {
            "approach_avoid": -0.006458443999290467,
            "activity": 3.122500263345553,
            "growth": 3.7,
            "stability": 0.35242151817970707
          },
          "n_timesteps": 50
        },
        {
          "pattern_id": 5,
          "space_A": {
            "valence": 0.013639143535069056,
            "arousal": 2.7154557704925537,
            "integration": 0.03247536210780666,
            "d_eff": 1.1842867408645923,
            "cf_weight": 0.7043572962284088,
            "sm_sal": -0.0018573091922120533
          },
          "space_C": {
            "approach_avoid": -0.0060885739326477055,
            "activity": 2.21406966517295,
            "growth": 0.7058823529411765,
            "stability": 0.4111980478663211
          },
          "n_timesteps": 50
        },
        {
          "pattern_id": 6,
          "space_A": {
            "valence": 0.0029569499346674705,
            "arousal": 4.761229038238525,
            "integration": 0.01088046679280641,
            "d_eff": 1.0678304851733675,
            "cf_weight": 0.7115452587604523,
            "sm_sal": -0.00096067598493077
          },
          "space_C": {
            "approach_avoid": 0.0050738266110420226,
            "activity": 2.122711320171026,
            "growth": 0.5050505050505051,
            "stability": 0.629335836597475
          },