{
  "metadata": {
    "substrate": "v15",
    "seed": 123,
    "C": 16,
    "N": 128,
    "snapshot_path": "/Users/jacob/fun/shape-of-experience/empirical/experiments/study_ca_affect/results/v15_s123/snapshots/cycle_020.npz",
    "experiment": "affect_geometry"
  },
  "n_results": 1,
  "cycle": 20,
  "results": [
    {
      "n_patterns": 20,
      "rsa_rho": 0.035567977535461696,
      "rsa_p": 0.6261239284330169,
      "space_A": [
        [
          0.009335435166650889,
          5.0392231941223145,
          0.0051227736822047065,
          1.036311933827608,
          0.6798998713493347,
          -0.0398095984834802
        ],
        [
          0.0041753467248410595,
          7.584285259246826,
          0.44627116486403806,
          2.0056148178941617,
          0.8701373934745789,
          -0.560070175116022
        ],
        [
          0.005908829825265067,
          5.61311674118042,
          0.12389965934837244,
          1.610135686587227,
          0.7473462522029877,
          -0.03671102103511503
        ],
        [
          -0.021221516083697885,
          2.837244987487793,
          0.040090882470225186,
          1.22833322185607,
          0.8027881681919098,
          -0.0007555306207598367
        ],
        [
          0.0007696638301927216,
          5.353194713592529,
          0.09365803073687606,
          1.4851082116247114,
          0.9074666425585747,
          -0.006063302614826349
        ],
        [
          0.00011782256924376196,
          10.724173545837402,
          0.029684535562089942,
          1.1557381076489963,
          0.7967985272407532,
          -0.009197056786895752
        ],
        [
          0.005820785249982562,
          4.56191873550415,
          0.0038222553002037474,
          1.0290220296826802,
          0.7160806357860565,
          -0.2590780620016382
        ],
        [
          0.01911981738343531,
          2.735557794570923,
          0.04480990634857773,
          1.2312647122509692,
          0.7657930999994278,
          -0.005309997084158469
        ],
        [
          0.0066815055146509286,
          15.174893379211426,
          0.09131941919614628,
          1.485851397407445,
          0.7340052127838135,
          -0.012376727580510116
        ],
        [
          0.006288747398220763,
          2.8176679611206055,
          0.03060526164738797,
          1.1654353285403072,
          0.6393715739250183,
          -0.0014430391637085815
        ],
        [
          0.013400087551194794,
          3.4252805709838867,
          0.14021462537579243,
          1.6700717138307262,
          0.8082613199949265,
          -0.001229175091195911
        ],
        [
          0.005707161767142159,
          2.880918264389038,
          0.09903647019591333,
          1.456552902728352,
          0.7361875474452972,
          -0.005208407096305323
        ],
        [
          0.009546401549358758,
          3.0911917686462402,
          0.028769634967980018,
          1.1786786851648265,
          0.7627677768468857,
          -0.0006296738931448331
        ],
        [
          0.006219883354342714,
          4.249641418457031,
          0.009598158533815626,
          1.0572297748476467,
          0.7230545580387115,
          -0.25629846535319345
        ],
        [
          0.016745888457006336,
          2.4961435794830322,
          0.044964589584851056,
          1.2647335494926313,
          0.9537108950316906,
          -0.0013349116602804356
        ],
        [
          0.017742108325569,
          3.398757219314575,
          0.17880943337714195,
          1.927353348304786,
          0.7101486027240753,
          -0.0007641565874756395
        ],
        [
          0.006208891771277603,
          2.9241325855255127,
          0.062462081881608844,
          1.3454065138720739,
          0.9227931648492813,
          -0.003732082373517298
        ],
        [
          0.0012802737099783762,
          3.3780250549316406,
          0.039587243990644394,
          1.2271139631139651,
          0.8270493894815445,
          -0.001535080505952191
        ],
        [
          -0.0020092166199976082,
          6.963949203491211,
          0.003479457854929202,
          1.0290843989637302,
          0.6530133187770844,
          -0.005084991324748045
        ],
        [
          0.0004236260238958865,
          4.336965560913086,
          0.02555803339101126,
          1.1290855390166554,
          0.7138793170452118,
          -0.0035099263371159983
        ]
      ],
      "space_C": [
        [
          -0.002829998731613159,
          2.5035549478093695,
          -0.5824175824175825,
          0.44975274083936345
        ],
        [
          0.00804236114025116,
          2.4984235841386275,
          1.1538461538461537,
          0.5255474151857742
        ],
        [
          -0.006542606353759766,
          2.776050293551582,
          -0.23026315789473684,
          0.20631412423199
        ],
        [
          0.005860278606414795,
          2.306739216764644,
          -0.9157894736842105,
          0.4232584592872928
        ],
        [
          -0.00830584853887558,
          2.493287104936589,
          3.135135135135135,
          0.5306638613249026
        ],
        [
          -0.0033207327127456666,
          3.180070910722088,
          -0.6527777777777778,
          0.3999850920838242
        ],
        [
          -0.0034169313311576844,
          1.7842878762446597,
          -0.36,
          0.4239889792729066
        ],
        [
          0.00134851336479187,
          2.431660804825789,
          -0.3541666666666667,
          0.6317304866284145
        ],
        [
          0.001185394823551178,
          3.313146214541249,
          0.08333333333333333,
          0.5088520110944633
        ],
        [
          -0.001611638069152832,
          2.3487212585366657,
          -0.797752808988764,
          0.4674031754110752
        ],
        [
          0.006429175734519958,
          2.9569748284543103,
          0.2,
          0.4119488571890601
        ],
        [
          -0.0014784812927246093,
          2.556434679893984,
          0.3333333333333333,
          0.5665844835761131
        ],
        [
          0.0028917282819747926,
          2.5039812585979058,
          7.421052631578948,
          0.4366179657493721
        ],
        [
          0.006627704799175262,
          1.6645219902956472,
          0.9240506329113924,
          0.8301275510912584
        ],
        [
          0.010550872683525085,
          2.1024013048999812,
          0.625,
          0.5913949967494275
        ],
        [
          0.0020540732145309447,
          2.856848936894441,
          8.217391304347826,
          0.5139200498766238
        ],
        [
          0.0051431387662887575,
          2.2983034568997143,
          0.3333333333333333,
          0.3852941950241991
        ],
        [
          0.0059207680821418765,
          2.8567692168105605,
          -0.8146341463414634,
          0.3375314580447198
        ],
        [
          -0.002099640965461731,
          1.9305604586023661,
          -0.21951219512195122,
          0.6860000256660099
        ],
        [
          0.0017938446998596192,
          1.7805253570053359,
          -0.24,
          0.6360248997554113
        ]
      ],
      "dim_labels_A": [
        "valence",
        "arousal",
        "integration",
        "d_eff",
        "cf_weight",
        "sm_sal"
      ],
      "dim_labels_C": [
        "approach_avoid",
        "activity",
        "growth",
        "stability"
      ],
      "per_pattern": [
        {
          "pattern_id": 0,
          "space_A": {
            "valence": 0.009335435166650889,
            "arousal": 5.0392231941223145,
            "integration": 0.0051227736822047065,
            "d_eff": 1.036311933827608,
            "cf_weight": 0.6798998713493347,