{
  "metadata": {
    "substrate": "v15",
    "seed": 123,
    "C": 16,
    "N": 128,
    "snapshot_path": "/Users/jacob/fun/shape-of-experience/empirical/experiments/study_ca_affect/results/v15_s123/snapshots/cycle_029.npz",
    "experiment": "affect_geometry"
  },
  "n_results": 1,
  "cycle": 29,
  "results": [
    {
      "n_patterns": 20,
      "rsa_rho": -0.06444995560454365,
      "rsa_p": 0.37699974313725004,
      "space_A": [
        [
          -0.0015291340497075295,
          5.113254070281982,
          0.08784379665569964,
          1.367713010622305,
          0.8342840671539307,
          -0.520451302751145
        ],
        [
          -0.020415607763796438,
          4.418461322784424,
          0.06122345279119279,
          1.2640529092757844,
          0.7416175007820129,
          -0.5361062502273093
        ],
        [
          0.005638088498796735,
          5.001968860626221,
          0.04333544010006429,
          1.2145317981929646,
          0.7381297647953033,
          -0.47449312756951056
        ],
        [
          0.0014442716326032365,
          4.799450874328613,
          0.08070120393825386,
          1.334100314262845,
          0.8663056492805481,
          -0.35714988409867787
        ],
        [
          0.007529453355438856,
          5.345277786254883,
          0.00784060343182591,
          1.049349007533343,
          0.6212141215801239,
          -0.49531532400783573
        ],
        [
          0.0024526021918471978,
          4.920654773712158,
          0.010223099454890083,
          1.0611935878907166,
          0.7388122975826263,
          -0.032090770748606445
        ],
        [
          0.007470933758482641,
          2.384244203567505,
          0.10667183337653963,
          1.5044618082665218,
          0.5937936305999756,
          -0.0006884637264731319
        ],
        [
          -0.00020418848310198103,
          5.3069748878479,
          0.021316181027575598,
          1.1139760529110494,
          0.908489540219307,
          -0.28688218520208775
        ],
        [
          0.00038241853519361846,
          5.072512149810791,
          0.04460866067571301,
          1.2386892697794896,
          0.5417979955673218,
          -0.013025251632067247
        ],
        [
          0.004345538664837272,
          5.333501815795898,
          0.014136362344462694,
          1.0823429120713752,
          0.6770719289779663,
          -0.00449035166149736
        ],
        [
          0.0046653260990064975,
          7.066387176513672,
          0.010054840001027743,
          1.0622994058079553,
          0.6882060468196869,
          -0.14087345551073283
        ],
        [
          0.0008892185833989357,
          4.746446132659912,
          0.2301300539140364,
          1.7362474429892953,
          0.7544884979724884,
          -0.010179243374651259
        ],
        [
          -0.001957693878485232,
          4.683716773986816,
          0.04443914247735237,
          1.2045263880977115,
          0.58138108253479,
          -0.003391849021409765
        ],
        [
          0.01490141907516791,
          4.936308860778809,
          0.2935798091573202,
          1.9598240652730772,
          0.6929506063461304,
          -0.08353650677134516
        ],
        [
          0.010453000360605667,
          4.565418243408203,
          0.2215676152257513,
          1.8764906083196091,
          0.7217166721820831,
          -0.0023021420608839716
        ],
        [
          0.006672781340929927,
          2.8819169998168945,
          0.048861472209900114,
          1.2746432585493377,
          0.713031142950058,
          -0.03036478710046364
        ],
        [
          0.02063553187311912,
          6.7655463218688965,
          0.004980075380866311,
          1.034135433852198,
          0.6025504171848297,
          -0.06931168206594951
        ],
        [
          0.0038600503181924627,
          5.201272964477539,
          0.09315613842247217,
          1.392230772978739,
          0.7591065317392349,
          -0.008925231051320481
        ],
        [
          0.01494666508265904,
          2.3401246070861816,
          0.14133564221806405,
          1.5495673545305904,
          0.6419119238853455,
          -0.01116036073889537
        ],
        [
          0.00127936382682956,
          5.244449138641357,
          0.09994859497817066,
          1.4663043367412152,
          0.8474831283092499,
          -0.007600850343915888
        ]
      ],
      "space_C": [
        [
          -0.005293173789978027,
          2.781692692612631,
          0.16666666666666666,
          0.6117401451135401
        ],
        [
          -0.00552144706249237,
          1.8068980423998848,
          -0.2777777777777778,
          0.6911686043163213
        ],
        [
          0.001204369068145752,
          2.452706207811205,
          -0.3333333333333333,
          0.574259293383222
        ],
        [
          0.010016945600509643,
          2.1198570947202042,
          0.75,
          0.6373914046412583
        ],
        [
          -0.002612985372543335,
          2.6411452842700385,
          0.1,
          0.5982720729665448
        ],
        [
          0.0013373988866806031,
          2.2618335977049404,
          -0.32558139534883723,
          0.5746574343897354
        ],
        [
          0.010063027143478393,
          2.1234189455807386,
          0.24324324324324326,
          0.5375514804458241
        ],
        [
          -7.834434509277344e-06,
          2.4385503556931685,
          -0.17777777777777778,
          0.6526896096678404
        ],
        [
          -0.0004225730895996094,
          2.417883083269582,
          0.38095238095238093,
          0.518383004324497
        ],
        [
          0.0061997252702713015,
          2.690336490190164,
          -0.05357142857142857,
          0.3210433038432108
        ],
        [
          0.005597710907459259,
          1.8393964156319818,
          0.30434782608695654,
          0.655651787915339
        ],
        [
          -0.0005580449104309082,
          2.1677413001593497,
          -0.21428571428571427,
          0.6851383885626439
        ],
        [
          0.01101857155561447,
          2.132439100716441,
          0.5714285714285714,
          0.6306562579925699
        ],
        [
          0.0023406898975372316,
          2.399860867725254,
          -0.5384615384615384,
          0.621404303118474
        ],
        [
          0.012232265472412109,
          1.86595900102692,
          -0.43902439024390244,
          0.6943144019183091
        ],
        [
          0.0025087279081344605,
          2.611265113273938,
          -0.4727272727272727,
          0.6128366532436867
        ],
        [
          0.007847746014595031,
          1.884307169466264,
          -0.2558139534883721,
          0.5892362134447313
        ],
        [
          -0.002382439374923706,
          1.6956680796645127,
          -0.25806451612903225,
          0.8033167981797452
        ],
        [
          0.0005946266651153565,
          2.15187689665611,
          1.2222222222222223,
          0.78051527462723
        ],
        [
          0.008864072561264038,
          2.348180817956765,
          0.7272727272727273,
          0.5598772607817138
        ]
      ],
      "dim_labels_A": [
        "valence",
        "arousal",
        "integration",
        "d_eff",
        "cf_weight",
        "sm_sal"
      ],
      "dim_labels_C": [
        "approach_avoid",
        "activity",
        "growth",
        "stability"
      ],
      "per_pattern": [
        {
          "pattern_id": 0,
          "space_A": {
            "valence": -0.0015291340497075295,
            "arousal": 5.113254070281982,
            "integration": 0.08784379665569964,
            "d_eff": 1.367713010622305,
            "cf_weight": 0.8342840671539307,