{
  "metadata": {
    "substrate": "v15",
    "seed": 123,
    "C": 16,
    "N": 128,
    "snapshot_path": "/Users/jacob/fun/shape-of-experience/empirical/experiments/study_ca_affect/results/v15_s123/snapshots/cycle_010.npz",
    "experiment": "affect_geometry"
  },
  "n_results": 1,
  "cycle": 10,
  "results": [
    {
      "n_patterns": 20,
      "rsa_rho": 0.20678310085860377,
      "rsa_p": 0.00420308959531185,
      "space_A": [
        [
          0.006207154721629863,
          7.362363338470459,
          0.007411961184238258,
          1.0482131467361244,
          0.6632213592529297,
          -0.0389925450583154
        ],
        [
          0.013367944834183673,
          5.514832019805908,
          0.00318443535546975,
          1.024411363709398,
          0.7646160870790482,
          -0.15284743530144662
        ],
        [
          -0.0060204729741933395,
          4.517006874084473,
          0.06306854858539379,
          1.341716448709701,
          0.7684344202280045,
          -0.010236100136535864
        ],
        [
          0.00137447824283522,
          7.032804489135742,
          0.06660489100628464,
          1.3081677854998899,
          0.6609505116939545,
          -0.06005629058582673
        ],
        [
          -0.003382716860089983,
          5.082324028015137,
          0.013400134539664155,
          1.0770635438923195,
          0.862750381231308,
          -0.09623230447457953
        ],
        [
          0.010587249483380998,
          3.6486265659332275,
          0.14714366340142826,
          1.6161201613904497,
          0.7573249638080597,
          -0.020477600867799817
        ],
        [
          0.0009608852620027503,
          2.7682981491088867,
          0.040616453597906,
          1.2408296246263322,
          0.7256681621074677,
          -0.005618907066135881
        ],
        [
          0.009641199695820711,
          3.130479574203491,
          0.07068094489380916,
          1.3975261978455866,
          0.6085418462753296,
          -0.04309448464877563
        ],
        [
          0.00801352578766492,
          6.96964168548584,
          0.011126441845035417,
          1.0706120181559668,
          0.7631808370351791,
          -0.0016569118779362624
        ],
        [
          0.014928798286282286,
          4.258299827575684,
          0.005616279533703694,
          1.0435766168805751,
          0.723754346370697,
          -0.004633024100484051
        ],
        [
          0.00551347829857651,
          6.936963081359863,
          0.0075172590915665305,
          1.0484028596029953,
          0.8002578169107437,
          -0.022268103013129092
        ],
        [
          0.005530352495154556,
          2.065492630004883,
          0.06889950228925223,
          1.3164128223571399,
          0.5992052555084229,
          -0.0026572959258325257
        ],
        [
          0.010318434968286631,
          4.780755519866943,
          0.07835957881433075,
          1.3376632317619672,
          0.723027914762497,
          -0.07246947029422601
        ],
        [
          0.0011285665083904655,
          5.087081432342529,
          0.02578091067434829,
          1.1335445022652177,
          0.8778315633535385,
          -0.0947937152317837
        ],
        [
          -0.006697280066353934,
          4.892055034637451,
          0.01997904996266242,
          1.1072783772518597,
          0.904240645468235,
          -0.3621832983532576
        ],
        [
          0.0011532160700583945,
          5.195689678192139,
          0.03599716752301074,
          1.1731714494543768,
          0.7699054926633835,
          -0.002878650545981354
        ],
        [
          -0.020069784047652264,
          4.910280704498291,
          0.0647210495573386,
          1.3275008514588102,
          0.6701550483703613,
          -0.006035957960385474
        ],
        [
          -0.0016462705573257134,
          4.482139587402344,
          0.010989460690413178,
          1.0778982865110651,
          0.6579735279083252,
          -0.0037254142653807554
        ],
        [
          0.012251002447945731,
          3.4069156646728516,
          0.07993856566646618,
          1.3866960477814894,
          0.8690667152404785,
          -0.001841834370285067
        ],
        [
          0.0004949180447325415,
          6.645209312438965,
          0.008506661873562082,
          1.053185712895153,
          0.6466814875602722,
          -0.26063234828186277
        ]
      ],
      "space_C": [
        [
          -0.003193833231925964,
          2.2788134563079545,
          0.08333333333333333,
          0.6696190726138995
        ],
        [
          -0.002276604175567627,
          2.5580528419345447,
          -0.041666666666666664,
          0.3620221974481233
        ],
        [
          -0.005307422280311585,
          1.956039420331467,
          -0.7439613526570048,
          0.4813046323334002
        ],
        [
          0.0011914819478988647,
          2.116300314007011,
          -0.4576271186440678,
          0.6568230706477501
        ],
        [
          0.007109842598438263,
          2.1489044968415016,
          -0.7857142857142857,
          0.6178513041759573
        ],
        [
          0.009559620022773743,
          3.2374898416004174,
          4.722222222222222,
          0.38873037729869586
        ],
        [
          -0.0007481616735458374,
          2.3346526938101637,
          -0.7619047619047619,
          0.4481399490809349
        ],
        [
          -0.00359919011592865,
          2.7064692947293256,
          0.7142857142857143,
          0.39541894058982924
        ],
        [
          -0.003851972222328186,
          1.8337143135378273,
          -0.6535433070866141,
          0.6687497359685034
        ],
        [
          0.005250722169876099,
          1.6116889492645177,
          -0.5205479452054794,
          0.7033429083836987
        ],
        [
          0.002184494435787201,
          2.0636423150404726,
          -0.5471698113207547,
          0.6207882616054514
        ],
        [
          0.0036119496822357177,
          1.8780796044051664,
          -0.8380281690140845,
          0.6461746088832108
        ],
        [
          -0.007126534581184387,
          2.408485740074667,
          2.9523809523809526,
          0.7517258681213544
        ],
        [
          0.0012604083120822908,
          2.235770165805994,
          -0.8189655172413793,
          0.5500048642753135
        ],
        [
          9.048044681549072e-05,
          2.0866138572391506,
          -0.7543859649122807,
          0.34915184220240386
        ],
        [
          -0.0017174670100212096,
          2.5506335521702534,
          1.8695652173913044,
          0.3973027239781124
        ],
        [
          -0.0062450385093688965,
          2.3009696090949343,
          -0.5844155844155844,
          0.5335420411395904
        ],
        [
          -0.00899866670370102,
          1.948434404575391,
          -0.22641509433962265,
          0.7207125700336727
        ],
        [
          0.0018201196193695069,
          2.982731709373723,
          1.8571428571428572,
          0.45442927031223607
        ],
        [
          0.010802732110023498,
          2.23785041132408,
          -0.047619047619047616,
          0.6798849439635446
        ]
      ],
      "dim_labels_A": [
        "valence",
        "arousal",
        "integration",
        "d_eff",
        "cf_weight",
        "sm_sal"
      ],
      "dim_labels_C": [
        "approach_avoid",
        "activity",
        "growth",
        "stability"
      ],
      "per_pattern": [
        {
          "pattern_id": 0,
          "space_A": {
            "valence": 0.006207154721629863,
            "arousal": 7.362363338470459,
            "integration": 0.007411961184238258,
            "d_eff": 1.0482131467361244,