{
  "metadata": {
    "substrate": "v15",
    "seed": 123,
    "C": 16,
    "N": 128,
    "snapshot_path": "/Users/jacob/fun/shape-of-experience/empirical/experiments/study_ca_affect/results/v15_s123/snapshots/cycle_005.npz",
    "experiment": "affect_geometry"
  },
  "n_results": 1,
  "cycle": 5,
  "results": [
    {
      "n_patterns": 20,
      "rsa_rho": 0.31824500168396563,
      "rsa_p": 7.653730210357564e-06,
      "space_A": [
        [
          0.010192296942886042,
          6.154028415679932,
          0.0520248327854419,
          1.2783553885353816,
          0.7856064289808273,
          -0.35814284934033536
        ],
        [
          0.01628356563801668,
          2.6492159366607666,
          0.2665443170909406,
          2.132322819156224,
          0.7845038175582886,
          -0.005218758990399697
        ],
        [
          0.027243015717486947,
          4.958893299102783,
          0.04861812979208047,
          1.2837326876760526,
          0.7037928104400635,
          -0.015136412367150132
        ],
        [
          0.0038714992756746255,
          3.0644407272338867,
          0.11939319031080264,
          1.5400505819498702,
          0.8826485201716423,
          -0.021130171704293432
        ],
        [
          0.015378932563626036,
          4.636650085449219,
          0.18688950849461772,
          1.6594806890573464,
          0.7598668187856674,
          -0.6030356989812418
        ],
        [
          0.003053840325803173,
          6.357475280761719,
          0.1529420014751841,
          1.708894819201577,
          0.8069517016410828,
          -0.3310787577283377
        ],
        [
          0.0006668567657470703,
          4.967306137084961,
          0.038242952762478244,
          1.2061894329400562,
          0.6434535682201385,
          -0.006223635681342432
        ],
        [
          -0.001280074216881577,
          4.849040985107422,
          0.02597328037715141,
          1.139490368257371,
          0.7362736165523529,
          -0.0079233054403971
        ],
        [
          0.015352239414137237,
          3.005246877670288,
          0.09797689199412496,
          1.4453506879997833,
          0.7446250915527344,
          -0.004689417183868172
        ],
        [
          -0.010778198436814912,
          4.3852763175964355,
          0.0060038122941429295,
          1.0441106697036726,
          0.6351098418235779,
          -0.006472718486535078
        ],
        [
          0.009852589393148616,
          3.384782552719116,
          0.15208147973004127,
          1.6927818449344714,
          0.8641643077135086,
          -0.005919130014708562
        ],
        [
          0.0051270650357616195,
          2.912588357925415,
          0.15901090000598894,
          1.8256014690788265,
          0.6766485571861267,
          -0.0003600970083549315
        ],
        [
          -0.009063657449216259,
          7.593569278717041,
          0.05612423939054734,
          1.2453245472188177,
          0.6927455365657806,
          -0.25199658104461486
        ],
        [
          0.003338891632702886,
          6.302886486053467,
          0.4280240993926351,
          2.4487541940604314,
          0.6396646797657013,
          -0.010588370942693603
        ],
        [
          0.004703307638362963,
          4.048488616943359,
          0.01950888903299497,
          1.1299821630885607,
          0.7527094930410385,
          -0.0010704398054487418
        ],
        [
          0.006976108161770567,
          3.6123833656311035,
          0.11421090597556982,
          1.558599439838549,
          0.8386887460947037,
          -0.0008924648617707476
        ],
        [
          -0.00947190304191745,
          5.466241836547852,
          0.24190553771103174,
          1.9484323745148102,
          0.7542437016963959,
          -0.002766779094488747
        ],
        [
          -0.0065837684942751514,
          4.517458915710449,
          0.08859478362053519,
          1.4583532416697218,
          0.7391833066940308,
          -0.007918148085318766
        ],
        [
          0.010788868884651028,
          3.3842263221740723,
          0.22248414941249528,
          1.951325463939883,
          0.7850303500890732,
          -0.002109468102192258
        ],
        [
          0.01832263810294015,
          7.003110408782959,
          0.041741890229924694,
          1.1967480198820781,
          0.7485620975494385,
          -0.07889102434787854
        ]
      ],
      "space_C": [
        [
          -0.004738232493400574,
          3.3546717638555914,
          2.4444444444444446,
          0.2173198749896802
        ],
        [
          0.013581655025482177,
          2.1862798896280844,
          1.1111111111111112,
          0.3621446600411241
        ],
        [
          0.013664534687995911,
          2.233984038980967,
          4.375,
          0.6863947583351718
        ],
        [
          0.0003819334506988525,
          2.337198690293726,
          -0.8919939577039275,
          0.6249764332093952
        ],
        [
          0.017730068862438202,
          2.1892318742498444,
          -0.35294117647058826,
          0.6692183640965608
        ],
        [
          0.004763702154159546,
          3.263312286242195,
          1.3333333333333333,
          0.41795232817655736
        ],
        [
          -0.007475260496139526,
          2.22001085255049,
          -0.6,
          0.587828491597289
        ],
        [
          -0.0004040989279747009,
          1.9495940427030707,
          0.37209302325581395,
          0.2796373077196326
        ],
        [
          -0.007898194789886475,
          2.539546858859263,
          0.5,
          0.27768226893043363
        ],
        [
          -0.006234504580497742,
          1.8123196865924516,
          -0.7177033492822966,
          0.7509695791774604
        ],
        [
          -0.004346085786819458,
          2.794816626368023,
          0.14942528735632185,
          0.20512549383864132
        ],
        [
          0.004625833630561829,
          2.4896164927842417,
          -0.3974358974358974,
          0.31652009846915835
        ],
        [
          0.004612773954868317,
          2.8339169437133056,
          0.15,
          0.539060440870989
        ],
        [
          -0.004005394577980041,
          3.4470317029056976,
          5.964285714285714,
          0.36839755347216374
        ],
        [
          -0.00014773964881896972,
          3.27838967897855,
          0.1,
          0.14535720138391883
        ],
        [
          0.0012623381614685059,
          2.9609262393196176,
          0.7222222222222222,
          0.22801250240700344
        ],
        [
          0.008200960904359818,
          2.5616117033935164,
          -0.6929824561403509,
          0.30617988485170966
        ],
        [
          -0.005777214765548706,
          3.602527042659184,
          0.2692307692307692,
          0.06732483148847196
        ],
        [
          0.0022966361045837404,
          2.8035982522796483,
          2.95,
          0.32241860114524035
        ],
        [
          0.0026783353090286256,
          2.3129757940661833,
          -0.24285714285714285,
          0.5867705534864753
        ]
      ],
      "dim_labels_A": [
        "valence",
        "arousal",
        "integration",
        "d_eff",
        "cf_weight",
        "sm_sal"
      ],
      "dim_labels_C": [
        "approach_avoid",
        "activity",
        "growth",
        "stability"
      ],
      "per_pattern": [
        {
          "pattern_id": 0,
          "space_A": {
            "valence": 0.010192296942886042,
            "arousal": 6.154028415679932,
            "integration": 0.0520248327854419,
            "d_eff": 1.2783553885353816,
            "cf_weight": 0.7856064289808273,
            "sm_sal": -0.35814284934033536
          },