{
  "metadata": {
    "snapshot_path": "/Users/jacob/fun/shape-of-experience/empirical/experiments/study_ca_affect/results/v13_s42_v2/v13_s42_v2/snapshots/cycle_000.npz",
    "seed": 42,
    "C": 16,
    "N": 128,
    "n_recording_steps": 50,
    "tau_values": [
      1,
      2,
      5,
      10
    ],
    "n_patterns_detected": 11,
    "n_patterns_analyzed": 11,
    "cycle": 0
  },
  "patterns": [
    {
      "pattern_id": 0,
      "n_timesteps": 50,
      "rho_self": 0.0,
      "SM": {
        "1": 7.671905814153305,
        "2": 42.63840128946137,
        "5": -133.0325993463457,
        "10": 14.38552421840427
      },
      "SM_capacity": 125.07656603201008,
      "SM_sal": Infinity,
      "f_self_mse": {
        "1": 72.21213515334405,
        "2": 104.97560590233601,
        "5": 234.52020301274493,
        "10": 156.15722380392154
      },
      "f_ext_mse": {
        "1": 79.88404096749736,
        "2": 147.61400719179738,
        "5": 101.48760366639922,
        "10": 170.5427480223258
      }
    },
    {
      "pattern_id": 1,
      "n_timesteps": 50,
      "rho_self": 0.0,
      "SM": {
        "1": -1859.3148541753797,
        "2": -753.7666966187903,
        "5": -4320.08460877502,
        "10": -411.93371869086525
      },
      "SM_capacity": 0.0,
      "SM_sal": 0.0,
      "f_self_mse": {
        "1": 1974.2367722097558,
        "2": 863.1661964174613,
        "5": 4480.372135058834,
        "10": 575.6223357119835
      },
      "f_ext_mse": {
        "1": 114.92191803437622,
        "2": 109.39949979867099,
        "5": 160.28752628381415,
        "10": 163.6886170211183
      }
    },
    {
      "pattern_id": 2,
      "n_timesteps": 50,
      "rho_self": 0.0,
      "SM": {
        "1": 126.88996479387473,
        "2": 98.86775922864092,
        "5": -101.87308052151523,
        "10": -97.09434599082897
      },
      "SM_capacity": 261.1805008542192,
      "SM_sal": Infinity,
      "f_self_mse": {
        "1": 20.49284168378272,
        "2": 28.55143169831161,
        "5": 149.25130106199333,
        "10": 115.62684366327349
      },
      "f_ext_mse": {
        "1": 147.38280647765745,
        "2": 127.41919092695252,
        "5": 47.3782205404781,
        "10": 18.532497672444514
      }
    },
    {
      "pattern_id": 3,
      "n_timesteps": 50,
      "rho_self": 0.0,
      "SM": {
        "1": 5.361235545570537,
        "2": 1.3978630942977475,
        "5": -69.32195593356663,
        "10": -388.51002810362627
      },
      "SM_capacity": 5.476343961380763,
      "SM_sal": Infinity,
      "f_self_mse": {
        "1": 44.38124587908941,
        "2": 48.50649780339846,
        "5": 126.39626403292007,
        "10": 454.52532531284714
      },
      "f_ext_mse": {
        "1": 49.74248142465995,
        "2": 49.90436089769621,
        "5": 57.074308099353445,
        "10": 66.01529720922089
      }
    },
    {
      "pattern_id": 4,
      "n_timesteps": 50,
      "rho_self": 0.0,
      "SM": {
        "1": -33.37188444190353,
        "2": -52.70788063874773,
        "5": -12.367772086898231,
        "10": -648.6965977375393
      },
      "SM_capacity": 0.0,
      "SM_sal": 0.0,
      "f_self_mse": {
        "1": 44.140114758806945,
        "2": 64.35965633670813,
        "5": 24.099962894287646,
        "10": 669.383987333892
      },
      "f_ext_mse": {
        "1": 10.768230316903411,
        "2": 11.651775697960394,
        "5": 11.732190807389415,
        "10": 20.687389596352823
      }
    },
    {
      "pattern_id": 5,
      "n_timesteps": 50,
      "rho_self": 0.0,
      "SM": {
        "1": 45.52648741440852,
        "2": 52.4046687190547,
        "5": -47.95985228425404,
        "10": -94.29432015814058
      },
      "SM_capacity": 127.57258114531365,
      "SM_sal": Infinity,
      "f_self_mse": {
        "1": 32.70586938112491,
        "2": 46.01925509736334,
        "5": 148.3060407536698,
        "10": 181.75563596471892
      },
      "f_ext_mse": {
        "1": 78.23235679553343,
        "2": 98.42392381641804,
        "5": 100.34618846941576,
        "10": 87.46131580657834
      }
    },
    {
      "pattern_id": 6,
      "n_timesteps": 50,
      "rho_self": 0.0,
      "SM": {
        "1": -31248.177311635533,
        "2": -2968.80200826891,
        "5": -590.956999274726,
        "10": -3308.7537714404107
      },
      "SM_capacity": 0.0,
      "SM_sal": 0.0,
      "f_self_mse": {
        "1": 31313.345180424258,
        "2": 3035.807005759312,
        "5": 682.0949195513388,
        "10": 3363.4464326321345
      },
      "f_ext_mse": {
        "1": 65.16786878872418,
        "2": 67.00499749040189,
        "5": 91.13792027661285,
        "10": 54.692661191723936
      }
    },
    {
      "pattern_id": 7,
      "n_timesteps": 50,
      "rho_self": 0.0,
      "SM": {
        "1": -115.06184778836452,
        "2": -168.13824106999624,
        "5": -73.09247276932348,
        "10": -4464.1736458807445
      },
      "SM_capacity": 0.0,
      "SM_sal": 0.0,
      "f_self_mse": {
        "1": 123.78582693824492,
        "2": 180.52110418189235,
        "5": 90.80418806797333,
        "10": 4493.987019790073
      },
      "f_ext_mse": {
        "1": 8.723979149880401,
        "2": 12.382863111896112,
        "5": 17.711715298649853,
        "10": 29.81337390932847
      }
    },
    {
      "pattern_id": 8,
      "n_timesteps": 50,
      "rho_self": 0.0,
      "SM": {
        "1": -6204.004003155984,
        "2": -8504.435786095992,
        "5": -9.349470539190406,
        "10": -14.70372309449047
      },
      "SM_capacity": 0.0,
      "SM_sal": 0.0,
      "f_self_mse": {
        "1": 6256.306522857524,
        "2": 8561.695289125204,
        "5": 77.58035344642981,
        "10": 54.00469985033264
      },
      "f_ext_mse": {
        "1": 52.30251970154029,
        "2": 57.259503029213036,
        "5": 68.2308829072394,
        "10": 39.30097675584217
      }
    },
    {
      "pattern_id": 9,
      "n_timesteps": 50,
      "rho_self": 0.0,
      "SM": {
        "1": -230.33190241180017,
        "2": -513.608478455975,
        "5": -103102.66515546582,
        "10": -237.57297486574922
      },
      "SM_capacity": 0.0,
      "SM_sal": 0.0,
      "f_self_mse": {
        "1": 240.13279650574168,
        "2": 520.7218139310542,
        "5": 103111.4722835244,
        "10": 244.43005841890823
      },
      "f_ext_mse": {
        "1": 9.800894093941503,
        "2": 7.11333547507911,
        "5": 8.807128058588344,
        "10": 6.857083553159003
      }
    },
    {
      "pattern_id": 10,
      "n_timesteps": 50,
      "rho_self": 0.03787312586951721,
      "SM": {
        "1": -96.29487319038209,
        "2": -77.40358500874353,
        "5": 18.443039099572484,
        "10": -25.965409795446327
      },
      "SM_capacity": 73.77215639828994,
      "SM_sal": 0.0,
      "f_self_mse": {
        "1": 123.83667165174829,
        "2": 100.84825721741169,
        "5": 27.264357980106478,
        "10": 44.64071552332527
      },
      "f_ext_mse": {
        "1": 27.5417984613662,
        "2": 23.44467220866816,
        "5": 45.70739707967896,
        "10": 18.675305727878943
      }
    }
  ],
  "summary": {
    "mean_rho_self": 0.0034430114426833827,
    "mean_SM_capacity": 53.91619530829214,
    "mean_SM_sal": 0.0,
    "n_with_self_model": 5,
    "n_with_high_rho": 0,
    "n_with_salience": 0,
    "mean_SM_by_tau": {
      "1": -3600.100643930122,
      "2": -1167.5958167114275,
      "5": -9858.387357081554,
      "10": -879.7557283217669
    }
  },
  "cycle": 0
}