{
  "metadata": {
    "snapshot_path": "/Users/jacob/fun/shape-of-experience/empirical/experiments/study_ca_affect/results/v13_s42_v2/v13_s42_v2/snapshots/cycle_005.npz",
    "seed": 42,
    "C": 16,
    "N": 128,
    "n_recording_steps": 50,
    "tau_values": [
      1,
      2,
      5,
      10
    ],
    "n_patterns_detected": 35,
    "n_patterns_analyzed": 20,
    "cycle": 5
  },
  "patterns": [
    {
      "pattern_id": 0,
      "n_timesteps": 50,
      "rho_self": 0.0,
      "SM": {
        "1": -32.84869144737975,
        "2": 43.120139637297356,
        "5": -8.344450527769311,
        "10": -104.08000396751868
      },
      "SM_capacity": 86.24027927459471,
      "SM_sal": 0.0,
      "f_self_mse": {
        "1": 110.22858887396751,
        "2": 27.87014451322877,
        "5": 84.43713467936541,
        "10": 140.46637599439785
      },
      "f_ext_mse": {
        "1": 77.37989742658776,
        "2": 70.99028415052612,
        "5": 76.0926841515961,
        "10": 36.38637202687918
      }
    },
    {
      "pattern_id": 1,
      "n_timesteps": 50,
      "rho_self": 0.0,
      "SM": {
        "1": -1.990690866827741,
        "2": -17.84582418159996,
        "5": -0.5709753592346143,
        "10": -5.69158438032194
      },
      "SM_capacity": 0.0,
      "SM_sal": 0.0,
      "f_self_mse": {
        "1": 29.8002801037806,
        "2": 42.583076249109226,
        "5": 10.137246757140954,
        "10": 12.949917955664944
      },
      "f_ext_mse": {
        "1": 27.80958923695286,
        "2": 24.737252067509267,
        "5": 9.56627139790634,
        "10": 7.258333575343004
      }
    },
    {
      "pattern_id": 2,
      "n_timesteps": 50,
      "rho_self": 0.0,
      "SM": {
        "1": -14.35383783034073,
        "2": 5.400571181800522,
        "5": 33.771596118322975,
        "10": 37.22762012336829
      },
      "SM_capacity": 238.9565771453137,
      "SM_sal": Infinity,
      "f_self_mse": {
        "1": 54.622243797702765,
        "2": 36.387818719840695,
        "5": 14.40104166247014,
        "10": 5.568898603994202
      },
      "f_ext_mse": {
        "1": 40.268405967362035,
        "2": 41.78838990164122,
        "5": 48.17263778079312,
        "10": 42.79651872736249
      }
    },
    {
      "pattern_id": 3,
      "n_timesteps": 50,
      "rho_self": 0.0,
      "SM": {
        "1": 88.04976227543436,
        "2": 49.63046095170013,
        "5": -26.549594928416305,
        "10": -87.36640784078202
      },
      "SM_capacity": 143.28580304111745,
      "SM_sal": 0.5534603592847712,
      "f_self_mse": {
        "1": 28.382589968491743,
        "2": 63.713309722249804,
        "5": 64.19817554959653,
        "10": 137.79395888156034
      },
      "f_ext_mse": {
        "1": 116.4323522439261,
        "2": 113.34377067394993,
        "5": 37.64858062118022,
        "10": 50.42755104077833
      }
    },
    {
      "pattern_id": 4,
      "n_timesteps": 50,
      "rho_self": 0.0,
      "SM": {
        "1": -34.89148211873609,
        "2": -115.04925176361968,
        "5": -100.82812468137426,
        "10": -273.1600844052486
      },
      "SM_capacity": 0.0,
      "SM_sal": 0.0,
      "f_self_mse": {
        "1": 110.6587965017741,
        "2": 205.76785193729546,
        "5": 153.43307969872478,
        "10": 393.00264142508667
      },
      "f_ext_mse": {
        "1": 75.76731438303801,
        "2": 90.71860017367578,
        "5": 52.60495501735052,
        "10": 119.84255701983807
      }
    },
    {
      "pattern_id": 5,
      "n_timesteps": 50,
      "rho_self": 0.0,
      "SM": {
        "1": 29.65235684503002,
        "2": 21.930008237105916,
        "5": -53.37483407026012,
        "10": -4.664536042946928
      },
      "SM_capacity": 58.686194896726846,
      "SM_sal": Infinity,
      "f_self_mse": {
        "1": 41.618512597563445,
        "2": 43.264374050978724,
        "5": 83.89488549384296,
        "10": 10.657407236824197
      },
      "f_ext_mse": {
        "1": 71.27086944259347,
        "2": 65.19438228808464,
        "5": 30.52005142358284,
        "10": 5.992871193877269
      }
    },
    {
      "pattern_id": 6,
      "n_timesteps": 50,
      "rho_self": 0.0,
      "SM": {
        "1": -0.6375567141019172,
        "2": -0.14585307646594714,
        "5": -11.656717387907044,
        "10": -22.789329470038382
      },
      "SM_capacity": 0.0,
      "SM_sal": 0.0,
      "f_self_mse": {
        "1": 15.012607346820326,
        "2": 25.30897580594144,
        "5": 36.74125776356762,
        "10": 92.19396244590516
      },
      "f_ext_mse": {
        "1": 14.375050632718409,
        "2": 25.163122729475493,
        "5": 25.084540375660573,
        "10": 69.40463297586678
      }
    },
    {
      "pattern_id": 7,
      "n_timesteps": 50,
      "rho_self": 0.0,
      "SM": {
        "1": 18.806796646303624,
        "2": 0.235967597638016,
        "5": -10.88255010744183,
        "10": 42.06398116295332
      },
      "SM_capacity": 115.03528642581114,
      "SM_sal": Infinity,
      "f_self_mse": {
        "1": 15.315603902101989,
        "2": 57.87503241200081,
        "5": 46.512885917060956,
        "10": 22.047760624243644
      },
      "f_ext_mse": {
        "1": 34.122400548405615,
        "2": 58.11100000963883,
        "5": 35.630335809619126,
        "10": 64.11174178719696
      }
    },
    {
      "pattern_id": 8,
      "n_timesteps": 50,
      "rho_self": 0.0,
      "SM": {
        "1": 14.42594932027103,
        "2": -57.58426046500455,
        "5": -137.23695525363274,
        "10": -397.4321509616834
      },
      "SM_capacity": 7.212974660135515,
      "SM_sal": 0.0,
      "f_self_mse": {
        "1": 57.68955874683563,
        "2": 106.57662526250435,
        "5": 186.3636405321747,
        "10": 446.35824843561556
      },
      "f_ext_mse": {
        "1": 72.11550806710666,
        "2": 48.9923647974998,
        "5": 49.12668527854197,
        "10": 48.92609747393215
      }
    },
    {
      "pattern_id": 9,
      "n_timesteps": 50,
      "rho_self": 0.0,
      "SM": {
        "1": 36.77844538129531,
        "2": 31.41157551794894,
        "5": -106.17206269314418,
        "10": -43.53719474194026
      },
      "SM_capacity": 81.21237372654554,
      "SM_sal": Infinity,
      "f_self_mse": {
        "1": 43.017672864232395,
        "2": 47.41581448241882,
        "5": 205.51528259702837,
        "10": 89.61103538443857
      },
      "f_ext_mse": {
        "1": 79.79611824552771,
        "2": 78.82739000036776,
        "5": 99.34321990388419,
        "10": 46.073840642498304
      }
    },
    {
      "pattern_id": 10,
      "n_timesteps": 50,
      "rho_self": 0.0,
      "SM": {
        "1": -903.8804223234652,
        "2": -0.7522824455002752,
        "5": -1136.5616844961464,
        "10": -857.3097567331589
      },
      "SM_capacity": 0.0,
      "SM_sal": 0.0,
      "f_self_mse": {
        "1": 905.5405698638609,
        "2": 2.5114302199989926,
        "5": 1139.0010837253635,
        "10": 859.2558720131972
      },
      "f_ext_mse": {
        "1": 1.6601475403957786,
        "2": 1.7591477744987174,
        "5": 2.4393992292170887,
        "10": 1.9461152800382586
      }
    },
    {
      "pattern_id": 11,
      "n_timesteps": 50,
      "rho_self": 0.049384579480783765,
      "SM": {
        "1": 10.01531109343529,
        "2": 3.4828731803344652,
        "5": 32.218242750469486,
        "10": -31.568590482227577
      },
      "SM_capacity": 140.84637290926452,
      "SM_sal": Infinity,
      "f_self_mse": {
        "1": 14.798971446218687,
        "2": 34.87421940720493,
        "5": 48.064677957305946,
        "10": 84.67518678644714
      },
      "f_ext_mse": {
        "1": 24.814282539653977,
        "2": 38.3570925875394,
        "5": 80.28292070777543,
        "10": 53.106596304219565
      }
    },
    {
      "pattern_id": 12,
      "n_timesteps": 50,
      "rho_self": 0.0,
      "SM": {
        "1": -501.42444489716365,