{
  "metadata": {
    "snapshot_path": "/Users/jacob/fun/shape-of-experience/empirical/experiments/study_ca_affect/results/v13_s42_v2/v13_s42_v2/snapshots/cycle_010.npz",
    "seed": 42,
    "C": 16,
    "N": 128,
    "n_recording_steps": 50,
    "tau_values": [
      1,
      2,
      5,
      10
    ],
    "n_patterns_detected": 34,
    "n_patterns_analyzed": 20,
    "cycle": 10
  },
  "patterns": [
    {
      "pattern_id": 0,
      "n_timesteps": 50,
      "rho_self": 0.0,
      "SM": {
        "1": -588.4353379636223,
        "2": -73.02357477674504,
        "5": -65.50496190129482,
        "10": -1705.3711486317916
      },
      "SM_capacity": 0.0,
      "SM_sal": 0.0,
      "f_self_mse": {
        "1": 664.4384879335141,
        "2": 145.2119199438127,
        "5": 127.1650770572895,
        "10": 1727.7434619082323
      },
      "f_ext_mse": {
        "1": 76.00314996989191,
        "2": 72.18834516706765,
        "5": 61.660115155994674,
        "10": 22.372313276440813
      }
    },
    {
      "pattern_id": 1,
      "n_timesteps": 50,
      "rho_self": 0.0,
      "SM": {
        "1": 37.43288549906236,
        "2": -39.66264557841596,
        "5": -110.40870913349535,
        "10": -330.0904683217141
      },
      "SM_capacity": 18.71644274953118,
      "SM_sal": Infinity,
      "f_self_mse": {
        "1": 61.532180210221135,
        "2": 122.69372780698984,
        "5": 185.23428538585804,
        "10": 374.81319705149855
      },
      "f_ext_mse": {
        "1": 98.9650657092835,
        "2": 83.03108222857388,
        "5": 74.8255762523627,
        "10": 44.72272872978443
      }
    },
    {
      "pattern_id": 2,
      "n_timesteps": 50,
      "rho_self": 0.0,
      "SM": {
        "1": -45.88913405148131,
        "2": -121.90681274372514,
        "5": -494.67693218184775,
        "10": -1148.517197396942
      },
      "SM_capacity": 0.0,
      "SM_sal": 0.0,
      "f_self_mse": {
        "1": 69.72348244039667,
        "2": 166.49677935139133,
        "5": 585.1300489562399,
        "10": 1176.7301476128437
      },
      "f_ext_mse": {
        "1": 23.834348388915355,
        "2": 44.58996660766619,
        "5": 90.4531167743921,
        "10": 28.212950215901607
      }
    },
    {
      "pattern_id": 3,
      "n_timesteps": 50,
      "rho_self": 0.0,
      "SM": {
        "1": -2.457857730362619,
        "2": -1.3233450755376523,
        "5": -14.102449014785961,
        "10": -49.69799769953411
      },
      "SM_capacity": 0.0,
      "SM_sal": 0.0,
      "f_self_mse": {
        "1": 35.873394958247445,
        "2": 57.810081856176154,
        "5": 108.19640661359122,
        "10": 117.03176546746381
      },
      "f_ext_mse": {
        "1": 33.415537227884826,
        "2": 56.4867367806385,
        "5": 94.09395759880526,
        "10": 67.3337677679297
      }
    },
    {
      "pattern_id": 4,
      "n_timesteps": 50,
      "rho_self": 0.0,
      "SM": {
        "1": 11.588097330235414,
        "2": 42.0497110262184,
        "5": -115.06854479092789,
        "10": -38.95302503121718
      },
      "SM_capacity": 89.8934707175545,
      "SM_sal": Infinity,
      "f_self_mse": {
        "1": 37.27235066616558,
        "2": 43.069656055491386,
        "5": 198.4525424581465,
        "10": 122.10446027014639
      },
      "f_ext_mse": {
        "1": 48.86044799640099,
        "2": 85.11936708170978,
        "5": 83.38399766721861,
        "10": 83.15143523892921
      }
    },
    {
      "pattern_id": 5,
      "n_timesteps": 50,
      "rho_self": 0.0,
      "SM": {
        "1": 9.23654983888722,
        "2": 9.077445167450144,
        "5": 18.2543307130505,
        "10": 3.098232503610099
      },
      "SM_capacity": 103.53606936557114,
      "SM_sal": Infinity,
      "f_self_mse": {
        "1": 3.8074376386428086,
        "2": 3.739249634174601,
        "5": 5.739205055612054,
        "10": 5.154888186314389
      },
      "f_ext_mse": {
        "1": 13.043987477530028,
        "2": 12.816694801624744,
        "5": 23.993535768662554,
        "10": 8.253120689924488
      }
    },
    {
      "pattern_id": 6,
      "n_timesteps": 50,
      "rho_self": 0.0,
      "SM": {
        "1": -6158.388773285011,
        "2": -5655.59242198628,
        "5": -54507.52243572378,
        "10": -98427.65992019762
      },
      "SM_capacity": 0.0,
      "SM_sal": 0.0,
      "f_self_mse": {
        "1": 6187.974804687257,
        "2": 5678.5878970943395,
        "5": 54529.97708741522,
        "10": 98499.34794819276
      },
      "f_ext_mse": {
        "1": 29.586031402246952,
        "2": 22.995475108059075,
        "5": 22.454651691436474,
        "10": 71.68802799514359
      }
    },
    {
      "pattern_id": 7,
      "n_timesteps": 50,
      "rho_self": 0.0,
      "SM": {
        "1": -3.3392539477117396,
        "2": 23.469816357418775,
        "5": -104.72700063166924,
        "10": -7.375214826533167
      },
      "SM_capacity": 46.93963271483755,
      "SM_sal": Infinity,
      "f_self_mse": {
        "1": 37.5249339480374,
        "2": 22.43487917203888,
        "5": 171.48994478922748,
        "10": 90.72539989215518
      },
      "f_ext_mse": {
        "1": 34.18568000032566,
        "2": 45.904695529457655,
        "5": 66.76294415755824,
        "10": 83.35018506562201
      }
    },
    {
      "pattern_id": 8,
      "n_timesteps": 50,
      "rho_self": 0.0,
      "SM": {
        "1": -136.44055343338076,
        "2": 33.41435093960311,
        "5": -139.92357570360952,
        "10": -34.16968540417425
      },
      "SM_capacity": 66.82870187920622,
      "SM_sal": 0.0,
      "f_self_mse": {
        "1": 218.82504219868306,
        "2": 32.09923530753568,
        "5": 174.69799018442376,
        "10": 95.55232594391089
      },
      "f_ext_mse": {
        "1": 82.38448876530231,
        "2": 65.51358624713879,
        "5": 34.774414480814244,
        "10": 61.382640539736634
      }
    },
    {
      "pattern_id": 9,
      "n_timesteps": 50,
      "rho_self": 0.0,
      "SM": {
        "1": 4.397522914632383,
        "2": 5.507871615399901,
        "5": 1.3993773948048913,
        "10": 5.497581344917671
      },
      "SM_capacity": 32.555967629629734,
      "SM_sal": 0.049798190010059536,
      "f_self_mse": {
        "1": 4.310183080933044,
        "2": 4.527934003260087,
        "5": 6.248591596154557,
        "10": 1.8483402716691437
      },
      "f_ext_mse": {
        "1": 8.707705995565426,
        "2": 10.035805618659989,
        "5": 7.647968990959448,
        "10": 7.345921616586814
      }
    },
    {
      "pattern_id": 10,
      "n_timesteps": 50,
      "rho_self": 0.0,
      "SM": {
        "1": 0.6202816301228085,
        "2": -1.516213971423745,
        "5": -4.737839510270444,
        "10": -10.895792916086434
      },
      "SM_capacity": 0.31014081506140423,
      "SM_sal": 0.0,
      "f_self_mse": {
        "1": 1.9688912734917863,
        "2": 3.6280106966138086,
        "5": 6.921885929930783,
        "10": 12.937782057911985
      },
      "f_ext_mse": {
        "1": 2.5891729036145947,
        "2": 2.1117967251900636,
        "5": 2.1840464196603393,
        "10": 2.041989141825552
      }
    },
    {
      "pattern_id": 11,
      "n_timesteps": 50,
      "rho_self": 0.0,
      "SM": {
        "1": 13.04125071432556,
        "2": -312.13117811945864,
        "5": 33.19025734570038,
        "10": 46.63200040705067
      },
      "SM_capacity": 255.861655757591,
      "SM_sal": 0.0,
      "f_self_mse": {
        "1": 16.220683375752508,
        "2": 344.9661130045271,
        "5": 28.26240761261632,
        "10": 41.36357826524714
      },
      "f_ext_mse": {
        "1": 29.261934090078068,
        "2": 32.83493488506844,
        "5": 61.4526649583167,
        "10": 87.99557867229781
      }
    },
    {
      "pattern_id": 12,
      "n_timesteps": 50,
      "rho_self": 0.0,
      "SM": {
        "1": -387.77548571292925,
        "2": -237.32540271419657,