{
  "metadata": {
    "snapshot_path": "/Users/jacob/fun/shape-of-experience/empirical/experiments/study_ca_affect/results/v13_s42_v2/v13_s42_v2/snapshots/cycle_020.npz",
    "seed": 42,
    "C": 16,
    "N": 128,
    "n_recording_steps": 50,
    "tau_values": [
      1,
      2,
      5,
      10
    ],
    "n_patterns_detected": 46,
    "n_patterns_analyzed": 20,
    "cycle": 20
  },
  "patterns": [
    {
      "pattern_id": 0,
      "n_timesteps": 50,
      "rho_self": 0.48661285201073806,
      "SM": {
        "1": -2.2394236983579354,
        "2": -2.1664548795023526,
        "5": -1.9141120184666547,
        "10": -0.5859034739264835
      },
      "SM_capacity": 0.0,
      "SM_sal": 0.0,
      "f_self_mse": {
        "1": 3.1459886588954458,
        "2": 3.2495871862985504,
        "5": 3.0172945165678824,
        "10": 2.080629446530742
      },
      "f_ext_mse": {
        "1": 0.9065649605375103,
        "2": 1.0831323067961978,
        "5": 1.1031824981012277,
        "10": 1.4947259726042588
      }
    },
    {
      "pattern_id": 1,
      "n_timesteps": 50,
      "rho_self": 0.07338305561168203,
      "SM": {
        "1": 26.094565326505315,
        "2": 22.48365178789452,
        "5": -1.8811505523235397,
        "10": -8.872512843142182
      },
      "SM_capacity": 58.0145862390417,
      "SM_sal": Infinity,
      "f_self_mse": {
        "1": 12.24884457735121,
        "2": 27.672821546220955,
        "5": 36.83510544700759,
        "10": 38.07484308483622
      },
      "f_ext_mse": {
        "1": 38.343409903856525,
        "2": 50.156473334115475,
        "5": 34.95395489468405,
        "10": 29.202330241694035
      }
    },
    {
      "pattern_id": 2,
      "n_timesteps": 50,
      "rho_self": 0.0,
      "SM": {
        "1": 15.46711952418718,
        "2": -35.87137945370739,
        "5": -339.8288470359011,
        "10": -5.60973810554176
      },
      "SM_capacity": 7.73355976209359,
      "SM_sal": Infinity,
      "f_self_mse": {
        "1": 23.512233335913653,
        "2": 62.76839305929228,
        "5": 361.61427736162307,
        "10": 8.536220130712925
      },
      "f_ext_mse": {
        "1": 38.97935286010083,
        "2": 26.897013605584885,
        "5": 21.78543032572194,
        "10": 2.9264820251711643
      }
    },
    {
      "pattern_id": 3,
      "n_timesteps": 50,
      "rho_self": 0.0,
      "SM": {
        "1": -69.52533121603426,
        "2": -45.90157115332213,
        "5": 4.107047757979103,
        "10": -47.526884776825256
      },
      "SM_capacity": 16.428191031916413,
      "SM_sal": 0.0,
      "f_self_mse": {
        "1": 93.73429514742934,
        "2": 78.18920737065386,
        "5": 52.256434888573665,
        "10": 161.30090432314867
      },
      "f_ext_mse": {
        "1": 24.20896393139507,
        "2": 32.28763621733173,
        "5": 56.36348264655277,
        "10": 113.77401954632342
      }
    },
    {
      "pattern_id": 4,
      "n_timesteps": 50,
      "rho_self": 0.0,
      "SM": {
        "1": -97.50345205963839,
        "2": -36.18254785117432,
        "5": -55.7387577915309,
        "10": -274.8604630407834
      },
      "SM_capacity": 0.0,
      "SM_sal": 0.0,
      "f_self_mse": {
        "1": 198.8184742706612,
        "2": 116.55533166043617,
        "5": 131.61750120184632,
        "10": 319.9489803849403
      },
      "f_ext_mse": {
        "1": 101.31502221102281,
        "2": 80.37278380926185,
        "5": 75.87874341031542,
        "10": 45.088517344156905
      }
    },
    {
      "pattern_id": 5,
      "n_timesteps": 50,
      "rho_self": 0.0,
      "SM": {
        "1": -124.3343523135213,
        "2": -1.5476874191987449,
        "5": -19392235.88806188,
        "10": -10491484.424033951
      },
      "SM_capacity": 0.0,
      "SM_sal": 0.0,
      "f_self_mse": {
        "1": 167.07226143639957,
        "2": 50.35279164463336,
        "5": 19392324.099336356,
        "10": 10491534.112071758
      },
      "f_ext_mse": {
        "1": 42.73790912287827,
        "2": 48.80510422543462,
        "5": 88.21127447575574,
        "10": 49.6880378066184
      }
    },
    {
      "pattern_id": 6,
      "n_timesteps": 50,
      "rho_self": 0.029712078279797577,
      "SM": {
        "1": 33.60852470119143,
        "2": 10.430079711301047,
        "5": -5.182417483640613,
        "10": 152.7428227966886
      },
      "SM_capacity": 419.5214787649194,
      "SM_sal": Infinity,
      "f_self_mse": {
        "1": 33.56525511795776,
        "2": 30.954100503475495,
        "5": 40.305570477316536,
        "10": 68.12166590920023
      },
      "f_ext_mse": {
        "1": 67.17377981914919,
        "2": 41.38418021477654,
        "5": 35.12315299367592,
        "10": 220.86448870588885
      }
    },
    {
      "pattern_id": 7,
      "n_timesteps": 50,
      "rho_self": 0.0,
      "SM": {
        "1": -12.427372480587373,
        "2": -17.833295519398423,
        "5": 5.512874470372703,
        "10": -8.459571879900462
      },
      "SM_capacity": 22.05149788149081,
      "SM_sal": 0.0,
      "f_self_mse": {
        "1": 39.59355265873908,
        "2": 43.69710156505622,
        "5": 12.619371168219397,
        "10": 17.758477222660467
      },
      "f_ext_mse": {
        "1": 27.166180178151706,
        "2": 25.8638060456578,
        "5": 18.1322456385921,
        "10": 9.298905342760005
      }
    },
    {
      "pattern_id": 8,
      "n_timesteps": 50,
      "rho_self": 0.0,
      "SM": {
        "1": 11.594670888273285,
        "2": 10.31558762886334,
        "5": -119.91013009920405,
        "10": -262.34746886019934
      },
      "SM_capacity": 26.428510701863324,
      "SM_sal": Infinity,
      "f_self_mse": {
        "1": 43.67061622136407,
        "2": 58.905499731436336,
        "5": 190.22776485549758,
        "10": 331.7508788262001
      },
      "f_ext_mse": {
        "1": 55.265287109637356,
        "2": 69.22108736029968,
        "5": 70.31763475629353,
        "10": 69.4034099660008
      }
    },
    {
      "pattern_id": 9,
      "n_timesteps": 50,
      "rho_self": 0.0,
      "SM": {
        "1": -1617.4706611595059,
        "2": -10825.11289607817,
        "5": -1340.662602710365,
        "10": 5.679331764276981
      },
      "SM_capacity": 14.198329410692452,
      "SM_sal": 0.0,
      "f_self_mse": {
        "1": 1706.3327979194514,
        "2": 10924.630094386517,
        "5": 1444.922374725512,
        "10": 95.5202011228769
      },
      "f_ext_mse": {
        "1": 88.86213675994563,
        "2": 99.51719830834752,
        "5": 104.25977201514713,
        "10": 101.19953288715388
      }
    },
    {
      "pattern_id": 10,
      "n_timesteps": 50,
      "rho_self": 0.0,
      "SM": {
        "1": 6.49004732414598,
        "2": -7.315103629484867,
        "5": 6.0287759343002065,
        "10": -15.812000395008575
      },
      "SM_capacity": 27.360127399273814,
      "SM_sal": 1.350493673253319,
      "f_self_mse": {
        "1": 24.284221226917907,
        "2": 32.76714321864464,
        "5": 24.53493556542155,
        "10": 63.65201554800318
      },
      "f_ext_mse": {
        "1": 30.774268551063887,
        "2": 25.452039589159774,
        "5": 30.563711499721755,
        "10": 47.8400151529946
      }
    },
    {
      "pattern_id": 11,
      "n_timesteps": 50,
      "rho_self": 0.0,
      "SM": {
        "1": 17.24809906834288,
        "2": -7.649398017587622,
        "5": 8.260822657128536,
        "10": -18.674062167716052
      },
      "SM_capacity": 41.66734016268558,
      "SM_sal": Infinity,
      "f_self_mse": {
        "1": 43.38460687169631,
        "2": 40.27046282996632,
        "5": 32.73640054668847,
        "10": 58.79519516251022
      },
      "f_ext_mse": {
        "1": 60.632705940039195,
        "2": 32.6210648123787,
        "5": 40.99722320381701,
        "10": 40.121132994794166
      }
    },
    {
      "pattern_id": 12,
      "n_timesteps": 50,
      "rho_self": 0.0,