{
  "metadata": {
    "snapshot_path": "/Users/jacob/fun/shape-of-experience/empirical/experiments/study_ca_affect/results/v13_s42_v2/v13_s42_v2/snapshots/cycle_015.npz",
    "seed": 42,
    "C": 16,
    "N": 128,
    "n_recording_steps": 50,
    "tau_values": [
      1,
      2,
      5,
      10
    ],
    "n_patterns_detected": 36,
    "n_patterns_analyzed": 20,
    "cycle": 15
  },
  "patterns": [
    {
      "pattern_id": 0,
      "n_timesteps": 50,
      "rho_self": 0.0,
      "SM": {
        "1": 29.405724753695154,
        "2": 30.52640928787909,
        "5": -460.6750770503846,
        "10": 11.97839755630179
      },
      "SM_capacity": 105.70167484336022,
      "SM_sal": Infinity,
      "f_self_mse": {
        "1": 56.365324520343734,
        "2": 38.88123735981124,
        "5": 534.3624072355667,
        "10": 19.877196899348174
      },
      "f_ext_mse": {
        "1": 85.77104927403889,
        "2": 69.40764664769033,
        "5": 73.68733018518212,
        "10": 31.855594455649964
      }
    },
    {
      "pattern_id": 1,
      "n_timesteps": 50,
      "rho_self": 0.0,
      "SM": {
        "1": -23.115870766840814,
        "2": 26.36606793348262,
        "5": -260.90422512867184,
        "10": -1.5108476324379794
      },
      "SM_capacity": 52.73213586696524,
      "SM_sal": 0.0,
      "f_self_mse": {
        "1": 72.63392977204998,
        "2": 36.63894125778731,
        "5": 299.24883236735883,
        "10": 54.7585214491347
      },
      "f_ext_mse": {
        "1": 49.51805900520917,
        "2": 63.00500919126993,
        "5": 38.344607238686976,
        "10": 53.24767381669672
      }
    },
    {
      "pattern_id": 2,
      "n_timesteps": 50,
      "rho_self": 0.0,
      "SM": {
        "1": -290.59654486054245,
        "2": -107.27867578511618,
        "5": -0.624043689809298,
        "10": -182.94132215862902
      },
      "SM_capacity": 0.0,
      "SM_sal": 0.0,
      "f_self_mse": {
        "1": 324.8453804540367,
        "2": 132.79410725500622,
        "5": 33.5576332975006,
        "10": 217.34433430312203
      },
      "f_ext_mse": {
        "1": 34.248835593494235,
        "2": 25.515431469890054,
        "5": 32.9335896076913,
        "10": 34.40301214449299
      }
    },
    {
      "pattern_id": 3,
      "n_timesteps": 50,
      "rho_self": 0.0,
      "SM": {
        "1": 63.726982809020896,
        "2": 75.01821282881237,
        "5": -31.522802991579866,
        "10": -0.7918410863001952
      },
      "SM_capacity": 181.8999170621352,
      "SM_sal": Infinity,
      "f_self_mse": {
        "1": 20.336224036939836,
        "2": 36.10493780761554,
        "5": 73.83401371509902,
        "10": 65.5668480176897
      },
      "f_ext_mse": {
        "1": 84.06320684596074,
        "2": 111.12315063642791,
        "5": 42.31121072351915,
        "10": 64.7750069313895
      }
    },
    {
      "pattern_id": 4,
      "n_timesteps": 50,
      "rho_self": 0.35819587820028237,
      "SM": {
        "1": 12.443753199166366,
        "2": 20.771275122259745,
        "5": -9.55017422309544,
        "10": -39.95393606862609
      },
      "SM_capacity": 47.76442684410267,
      "SM_sal": Infinity,
      "f_self_mse": {
        "1": 57.008636931503545,
        "2": 39.199805244574115,
        "5": 75.1747268084952,
        "10": 86.90088076454218
      },
      "f_ext_mse": {
        "1": 69.45239013066991,
        "2": 59.97108036683386,
        "5": 65.62455258539975,
        "10": 46.94694469591609
      }
    },
    {
      "pattern_id": 5,
      "n_timesteps": 50,
      "rho_self": 0.0,
      "SM": {
        "1": -41939.099782067075,
        "2": -201319.22500323635,
        "5": -348048.45726401993,
        "10": -5262.102667908455
      },
      "SM_capacity": 0.0,
      "SM_sal": 0.0,
      "f_self_mse": {
        "1": 42029.085691914945,
        "2": 201396.94465743986,
        "5": 348092.05076442263,
        "10": 5284.706063130789
      },
      "f_ext_mse": {
        "1": 89.98590984787009,
        "2": 77.7196542035226,
        "5": 43.59350040270267,
        "10": 22.603395222333557
      }
    },
    {
      "pattern_id": 6,
      "n_timesteps": 50,
      "rho_self": 0.0,
      "SM": {
        "1": 7.7692583269004185,
        "2": 5.8323916992097775,
        "5": 0.9581147221704143,
        "10": -54.86425748022819
      },
      "SM_capacity": 19.38187145055142,
      "SM_sal": Infinity,
      "f_self_mse": {
        "1": 11.095632892330139,
        "2": 14.727407427307005,
        "5": 47.51921075268967,
        "10": 163.76546422536825
      },
      "f_ext_mse": {
        "1": 18.864891219230557,
        "2": 20.559799126516783,
        "5": 48.47732547486009,
        "10": 108.90120674514006
      }
    },
    {
      "pattern_id": 7,
      "n_timesteps": 50,
      "rho_self": 0.0,
      "SM": {
        "1": 36.078447587153256,
        "2": 37.10045792746339,
        "5": -2.6888387205081585,
        "10": 21.53491373279477
      },
      "SM_capacity": 146.07742398049032,
      "SM_sal": Infinity,
      "f_self_mse": {
        "1": 48.876965681592814,
        "2": 63.01484364666671,
        "5": 69.26259093771083,
        "10": 33.19652708957754
      },
      "f_ext_mse": {
        "1": 84.95541326874607,
        "2": 100.1153015741301,
        "5": 66.57375221720267,
        "10": 54.73144082237231
      }
    },
    {
      "pattern_id": 8,
      "n_timesteps": 50,
      "rho_self": 0.36939265306212626,
      "SM": {
        "1": -33.666286626413054,
        "2": -52.98090787654161,
        "5": -1.611488321345412,
        "10": -13.425054161139002
      },
      "SM_capacity": 0.0,
      "SM_sal": 0.0,
      "f_self_mse": {
        "1": 79.49552050499679,
        "2": 90.08656026818603,
        "5": 36.65405090895051,
        "10": 69.34256973666132
      },
      "f_ext_mse": {
        "1": 45.829233878583736,
        "2": 37.105652391644426,
        "5": 35.0425625876051,
        "10": 55.917515575522316
      }
    },
    {
      "pattern_id": 9,
      "n_timesteps": 50,
      "rho_self": 0.0,
      "SM": {
        "1": 29.442842828230315,
        "2": -9.887461998371709,
        "5": -4.631606907548715,
        "10": -970.0804133614638
      },
      "SM_capacity": 14.721421414115158,
      "SM_sal": Infinity,
      "f_self_mse": {
        "1": 31.925251350734772,
        "2": 22.69289053972335,
        "5": 43.90936305197979,
        "10": 1029.0714636603539
      },
      "f_ext_mse": {
        "1": 61.36809417896509,
        "2": 12.805428541351642,
        "5": 39.27775614443107,
        "10": 58.99105029889002
      }
    },
    {
      "pattern_id": 10,
      "n_timesteps": 50,
      "rho_self": 0.0,
      "SM": {
        "1": -5.952503593375433,
        "2": -7.200405441498122,
        "5": -17.901033273550503,
        "10": 0.8032711431536166
      },
      "SM_capacity": 2.0081778578840415,
      "SM_sal": 0.0,
      "f_self_mse": {
        "1": 9.571402042256324,
        "2": 11.391719204747758,
        "5": 23.063535417047355,
        "10": 4.3138418637593805
      },
      "f_ext_mse": {
        "1": 3.6188984488808904,
        "2": 4.191313763249637,
        "5": 5.162502143496853,
        "10": 5.117113006912997
      }
    },
    {
      "pattern_id": 11,
      "n_timesteps": 50,
      "rho_self": 0.23680284286875633,
      "SM": {
        "1": -0.6736911228865896,
        "2": 0.0012320125632054868,
        "5": -0.5413122932531356,
        "10": 0.8127965757635955
      },
      "SM_capacity": 2.0344554645354,
      "SM_sal": Infinity,
      "f_self_mse": {
        "1": 3.3549457870932455,
        "2": 3.335337625920716,
        "5": 4.470104332980404,
        "10": 3.0186295613790888
      },
      "f_ext_mse": {
        "1": 2.681254664206656,
        "2": 3.3365696384839216,
        "5": 3.9287920397272686,
        "10": 3.8314261371426843
      }
    },
    {
      "pattern_id": 12,
      "n_timesteps": 50,
      "rho_self": 0.07910116539747118,