{
  "metadata": {
    "snapshot_path": "/Users/jacob/fun/shape-of-experience/empirical/experiments/study_ca_affect/results/v13_s42_v2/v13_s42_v2/snapshots/cycle_025.npz",
    "seed": 42,
    "C": 16,
    "N": 128,
    "n_recording_steps": 50,
    "tau_values": [
      1,
      2,
      5,
      10
    ],
    "n_patterns_detected": 26,
    "n_patterns_analyzed": 20,
    "cycle": 25
  },
  "patterns": [
    {
      "pattern_id": 0,
      "n_timesteps": 50,
      "rho_self": 0.0,
      "SM": {
        "1": -1870.3868207742646,
        "2": -603.6232196065191,
        "5": 13.676061118518845,
        "10": -19.830361098804755
      },
      "SM_capacity": 54.70424447407538,
      "SM_sal": 0.0,
      "f_self_mse": {
        "1": 1970.9999811201483,
        "2": 683.866156815536,
        "5": 37.51191371249466,
        "10": 21.746861444767728
      },
      "f_ext_mse": {
        "1": 100.61316034588376,
        "2": 80.24293720901693,
        "5": 51.187974831013506,
        "10": 1.916500345962973
      }
    },
    {
      "pattern_id": 1,
      "n_timesteps": 50,
      "rho_self": 0.0,
      "SM": {
        "1": -29.15763686836877,
        "2": 16.06244540874131,
        "5": -12.714780562419122,
        "10": -3836.0883958996333
      },
      "SM_capacity": 32.12489081748262,
      "SM_sal": 0.0,
      "f_self_mse": {
        "1": 78.7324715506513,
        "2": 57.339717144221325,
        "5": 122.69810989302775,
        "10": 3890.8344858281152
      },
      "f_ext_mse": {
        "1": 49.57483468228253,
        "2": 73.40216255296264,
        "5": 109.98332933060863,
        "10": 54.746089928482114
      }
    },
    {
      "pattern_id": 2,
      "n_timesteps": 50,
      "rho_self": 0.0,
      "SM": {
        "1": -128.7394264986592,
        "2": -41.073787154567505,
        "5": -47.965353046295036,
        "10": -0.4935568425002881
      },
      "SM_capacity": 0.0,
      "SM_sal": 0.0,
      "f_self_mse": {
        "1": 175.33837484621944,
        "2": 81.55327741041447,
        "5": 72.94954278909036,
        "10": 5.062957413131013
      },
      "f_ext_mse": {
        "1": 46.59894834756024,
        "2": 40.47949025584696,
        "5": 24.984189742795326,
        "10": 4.569400570630725
      }
    },
    {
      "pattern_id": 3,
      "n_timesteps": 50,
      "rho_self": 0.0,
      "SM": {
        "1": -929.7997839968493,
        "2": -601.8324886190777,
        "5": -6.466649376419909,
        "10": 54.745190258593624
      },
      "SM_capacity": 136.86297564648407,
      "SM_sal": 0.0,
      "f_self_mse": {
        "1": 1006.9715393867184,
        "2": 706.2062321989332,
        "5": 73.70090604622926,
        "10": 145.91510624078037
      },
      "f_ext_mse": {
        "1": 77.17175538986905,
        "2": 104.3737435798555,
        "5": 67.23425666980935,
        "10": 200.660296499374
      }
    },
    {
      "pattern_id": 4,
      "n_timesteps": 50,
      "rho_self": 0.0,
      "SM": {
        "1": -16.054111405403624,
        "2": -19.228531150481487,
        "5": -41.614834501954604,
        "10": -248.38914925219973
      },
      "SM_capacity": 0.0,
      "SM_sal": Infinity,
      "f_self_mse": {
        "1": 28.27249497800842,
        "2": 30.660058387260356,
        "5": 67.04675948849783,
        "10": 311.773830493589
      },
      "f_ext_mse": {
        "1": 12.218383572604797,
        "2": 11.431527236778871,
        "5": 25.431924986543226,
        "10": 63.38468124138929
      }
    },
    {
      "pattern_id": 5,
      "n_timesteps": 50,
      "rho_self": 0.0,
      "SM": {
        "1": 75.39151096880377,
        "2": 14.860853563693823,
        "5": -6.427782463191228,
        "10": -578.445640548572
      },
      "SM_capacity": 67.41746261178953,
      "SM_sal": 3.070542128758216,
      "f_self_mse": {
        "1": 22.02308476534481,
        "2": 80.17761415724347,
        "5": 60.696505764603444,
        "10": 620.1561468656063
      },
      "f_ext_mse": {
        "1": 97.41459573414858,
        "2": 95.03846772093729,
        "5": 54.268723301412216,
        "10": 41.71050631703433
      }
    },
    {
      "pattern_id": 6,
      "n_timesteps": 50,
      "rho_self": 0.0,
      "SM": {
        "1": 172.3531090323736,
        "2": 156.05773165192085,
        "5": -11.502283984396612,
        "10": -294.22276467733593
      },
      "SM_capacity": 398.2920178200285,
      "SM_sal": Infinity,
      "f_self_mse": {
        "1": 40.37193498827395,
        "2": 105.52160051912945,
        "5": 105.02690233254688,
        "10": 388.2273419078741
      },
      "f_ext_mse": {
        "1": 212.72504402064754,
        "2": 261.5793321710503,
        "5": 93.52461834815027,
        "10": 94.0045772305382
      }
    },
    {
      "pattern_id": 7,
      "n_timesteps": 50,
      "rho_self": 0.0,
      "SM": {
        "1": -189.81522166532073,
        "2": -103.35909910839817,
        "5": -114.0056225503639,
        "10": -16282.930097805962
      },
      "SM_capacity": 0.0,
      "SM_sal": 0.0,
      "f_self_mse": {
        "1": 209.80642088707685,
        "2": 134.1432689566958,
        "5": 127.20648421045298,
        "10": 16313.080190631226
      },
      "f_ext_mse": {
        "1": 19.99119922175612,
        "2": 30.78416984829763,
        "5": 13.200861660089089,
        "10": 30.15009282526439
      }
    },
    {
      "pattern_id": 8,
      "n_timesteps": 50,
      "rho_self": 0.394042943610593,
      "SM": {
        "1": 1.7584661861719886,
        "2": 2.092191823136435,
        "5": 2.2440063685392166,
        "10": -3.6884704173452123
      },
      "SM_capacity": 14.039642213515732,
      "SM_sal": Infinity,
      "f_self_mse": {
        "1": 1.9834159951552166,
        "2": 1.8042019664264288,
        "5": 2.66468197331569,
        "10": 7.446825081345783
      },
      "f_ext_mse": {
        "1": 3.741882181327205,
        "2": 3.8963937895628638,
        "5": 4.908688341854907,
        "10": 3.7583546640005707
      }
    },
    {
      "pattern_id": 9,
      "n_timesteps": 50,
      "rho_self": 0.0,
      "SM": {
        "1": 22.23130535167784,
        "2": 14.748409926654233,
        "5": -10625489.221618673,
        "10": -158.70831017478378
      },
      "SM_capacity": 40.61247252914738,
      "SM_sal": 0.20117850515604901,
      "f_self_mse": {
        "1": 59.981991827787645,
        "2": 59.009291322156756,
        "5": 10625587.813385371,
        "10": 282.0569795664786
      },
      "f_ext_mse": {
        "1": 82.21329717946548,
        "2": 73.75770124881099,
        "5": 98.59176669871617,
        "10": 123.34866939169486
      }
    },
    {
      "pattern_id": 10,
      "n_timesteps": 50,
      "rho_self": 0.0,
      "SM": {
        "1": -473.7015287349774,
        "2": -495.6669613124924,
        "5": -292.2019008698753,
        "10": -3512.661995377364
      },
      "SM_capacity": 0.0,
      "SM_sal": 0.0,
      "f_self_mse": {
        "1": 554.8881887760597,
        "2": 602.8551152155217,
        "5": 335.4117773210753,
        "10": 3562.960341087511
      },
      "f_ext_mse": {
        "1": 81.18666004108226,
        "2": 107.1881539030293,
        "5": 43.20987645120001,
        "10": 50.29834571014726
      }
    },
    {
      "pattern_id": 11,
      "n_timesteps": 50,
      "rho_self": 0.0,
      "SM": {
        "1": 1.4595734343025453,
        "2": 1.0786698831080148,
        "5": 0.8298781553953978,
        "10": -0.9841214977998634
      },
      "SM_capacity": 6.206639104948893,
      "SM_sal": Infinity,
      "f_self_mse": {
        "1": 1.1205351320481558,
        "2": 1.6352831049780705,
        "5": 1.878241628823083,
        "10": 2.390326122346079
      },
      "f_ext_mse": {
        "1": 2.580108566350701,
        "2": 2.7139529880860853,
        "5": 2.7081197842184808,
        "10": 1.4062046245462156
      }
    },
    {
      "pattern_id": 12,
      "n_timesteps": 50,
      "rho_self": 0.0,
      "SM": {
        "1": -25.834847688083897,