{
  "metadata": {
    "snapshot_path": "/Users/jacob/fun/shape-of-experience/empirical/experiments/study_ca_affect/results/v13_s7/v13_s7/snapshots/cycle_020.npz",
    "seed": 7,
    "C": 16,
    "N": 128,
    "n_recording_steps": 50,
    "n_patterns_detected": 43,
    "n_patterns_analyzed": 20,
    "cycle": 20
  },
  "n_patterns": 20,
  "n_timesteps": 36,
  "mean_phi_individual": 4.166942656040192,
  "sum_phi_individual": 83.33885312080383,
  "phi_group": 5.651957984455278,
  "superorganism_ratio": 0.06781900365562366,
  "phi_subgroup_A": 1.9325417633337116,
  "phi_subgroup_B": 1.2104474702391879,
  "phi_partition_sum": 3.1429892335728997,
  "partition_loss": 2.508968750882378,
  "mean_pairwise_MI": 0.029747147286606726,
  "group_coherence": 0.5631578947368421,
  "cycle": 20
}