{
  "metadata": {
    "snapshot_path": "/Users/jacob/fun/shape-of-experience/empirical/experiments/study_ca_affect/results/v13_s7/v13_s7/snapshots/cycle_010.npz",
    "seed": 7,
    "C": 16,
    "N": 128,
    "n_recording_steps": 50,
    "n_patterns_detected": 25,
    "n_patterns_analyzed": 20,
    "cycle": 10
  },
  "n_patterns": 20,
  "n_timesteps": 50,
  "mean_phi_individual": 4.019981563091278,
  "sum_phi_individual": 80.39963126182556,
  "phi_group": 4.600329245241777,
  "superorganism_ratio": 0.05721828785831824,
  "phi_subgroup_A": 0.8883761116847917,
  "phi_subgroup_B": 1.2270947515576387,
  "phi_partition_sum": 2.1154708632424306,
  "partition_loss": 2.484858381999347,
  "mean_pairwise_MI": 0.02421225918548304,
  "group_coherence": 0.531578947368421,
  "cycle": 10
}