{
  "metadata": {
    "snapshot_path": "/Users/jacob/fun/shape-of-experience/empirical/experiments/study_ca_affect/results/v13_s7/v13_s7/snapshots/cycle_015.npz",
    "seed": 7,
    "C": 16,
    "N": 128,
    "n_recording_steps": 50,
    "n_patterns_detected": 37,
    "n_patterns_analyzed": 20,
    "cycle": 15
  },
  "n_patterns": 20,
  "n_timesteps": 38,
  "mean_phi_individual": 4.360298305749893,
  "sum_phi_individual": 87.20596611499786,
  "phi_group": 5.768385131551305,
  "superorganism_ratio": 0.0661466799638981,
  "phi_subgroup_A": 1.308294796781594,
  "phi_subgroup_B": 2.019099810698316,
  "phi_partition_sum": 3.32739460747991,
  "partition_loss": 2.4409905240713954,
  "mean_pairwise_MI": 0.03035992174500687,
  "group_coherence": 0.5736842105263158,
  "cycle": 15
}