{
  "metadata": {
    "substrate": "v15",
    "seed": 123,
    "C": 16,
    "N": 128,
    "snapshot_path": "/Users/jacob/fun/shape-of-experience/empirical/experiments/study_ca_affect/results/v15_s123/snapshots/cycle_000.npz",
    "experiment": "counterfactual"
  },
  "n_results": 9,
  "cycle": 0,
  "results": [
    {
      "pattern_id": 0,
      "n_timesteps": 50,
      "mean_rho_sync": 0.03988221789530849,
      "std_rho_sync": 0.29680059500421097,
      "n_detachment_events": 3,
      "detachment_fraction": 0.7959183673469388,
      "I_img": 0.13992053393280746,
      "H_branch": 0.8864840033641824,
      "rho_sync_trajectory": [
        -0.10784077644348145,
        0.5327152609825134,
        0.05437661334872246,
        -0.15385514497756958,
        0.264509916305542,
        -0.4898111820220947,
        0.17400582134723663,
        0.00042186756036244333,
        0.003886216087266803,
        -0.019705286249518394,
        0.024557724595069885,
        -0.1412331461906433,
        0.16717804968357086,
        -0.08574816584587097,
        0.025187253952026367,
        -0.7638950943946838,
        0.23514312505722046,
        -0.21142300963401794,
        0.013039973564445972,
        0.30101722478866577,
        0.11288220435380936,
        0.7585824131965637,
        0.8597034811973572,
        0.0006865140167064965,
        -0.002287887502461672,
        0.0022653297055512667,
        -0.0024690297432243824,
        0.0022971939761191607,
        0.0030552521347999573,
        0.00043739311513490975,
        0.00042137978016398847,
        0.002314153825864196,
        -0.0004961324157193303,
        -0.0006312534678727388,
        0.0014017268549650908,
        -1.962208261829801e-05,
        -0.25693222880363464,
        0.10339726507663727,
        0.8122029304504395,
        -0.5519499182701111,
        0.10066855698823929,
        0.00010486938845133409,
        -4.1601993871154264e-05,
        -8.928264287533239e-05,
        -0.49105146527290344,
        0.17800220847129822,
        0.4996800720691681,
        -9.088942169910297e-05,
        -0.00034219762892462313
      ]
    },
    {
      "pattern_id": 1,
      "n_timesteps": 50,
      "mean_rho_sync": -0.015818559362185403,
      "std_rho_sync": 0.3799357992343525,
      "n_detachment_events": 5,
      "detachment_fraction": 0.7142857142857143,
      "I_img": 0.10660164972046687,
      "H_branch": 0.6459588293014533,
      "rho_sync_trajectory": [
        -0.11912382394075394,
        -0.11197978258132935,
        0.2228441834449768,
        -0.08338870853185654,
        0.04869168996810913,
        0.0001770100643625483,
        -0.6439294219017029,
        0.9345270395278931,
        -0.7375270128250122,
        -0.3501625657081604,
        -0.5204306244850159,
        -0.4816361665725708,
        0.6005904078483582,
        -0.08371522277593613,
        -0.5120581388473511,
        0.001568417763337493,
        -0.1419735848903656,
        0.2599354386329651,
        -0.36522573232650757,
        -0.002551056444644928,
        0.42521050572395325,
        -0.32621484994888306,
        0.3047845661640167,
        -0.00021109712542966008,
        5.188101204112172e-05,
        -9.062935714609921e-05,
        5.619640796794556e-05,
        -0.00031153924646787345,
        -0.000177810070454143,
        -0.0002704179205466062,
        -0.0570780448615551,
        -0.5833280086517334,
        0.6601880192756653,
        0.0009732373873703182,
        0.0015834682853892446,
        -0.0014474390773102641,
        -0.0017401177901774645,
        0.001095205545425415,
        0.0007654652581550181,
        -0.1560257524251938,
        -0.2680079936981201,
        0.8411101698875427,
        -0.5081814527511597,
        0.6745339632034302,
        0.07331478595733643,
        -0.7091221809387207,
        0.6442581415176392,
        0.30265161395072937,
        -0.008111639879643917
      ]
    },
    {
      "pattern_id": 2,
      "n_timesteps": 50,
      "mean_rho_sync": -0.025318041838805323,
      "std_rho_sync": 0.3909290019717641,
      "n_detachment_events": 5,
      "detachment_fraction": 0.7142857142857143,
      "I_img": 0.07366182186603609,
      "H_branch": 0.43735702736992793,
      "rho_sync_trajectory": [
        0.25246715545654297,
        -0.24841363728046417,
        0.13458365201950073,
        0.0003706457791849971,
        -0.0006544789066538215,
        -0.5341722369194031,
        -0.2721823453903198,
        0.6897050142288208,
        -0.5969732403755188,
        -0.6978675723075867,
        0.38382604718208313,
        0.38041332364082336,
        -0.5543094873428345,
        0.9180166721343994,
        -0.6965411305427551,
        0.49970731139183044,
        -0.5948033332824707,
        0.6240817904472351,
        0.24559390544891357,
        -0.3943222761154175,
        -0.5802518129348755,
        0.08014483004808426,
        0.21471451222896576,
        0.01989666186273098,
        -0.016313821077346802,
        -0.11504294723272324,
        0.12432272732257843,
        0.70232093334198,
        3.456298145465553e-05,
        -0.4836585521697998,
        0.019463736563920975,
        -0.015181074850261211,
        -0.3553931415081024,
        0.3038066029548645,
        0.06014629825949669,
        -0.16518160700798035,
        -0.6418613791465759,
        0.20444056391716003,
        -0.2937261164188385,
        0.2252369076013565,
        -0.2819814383983612,
        -0.03183002397418022,
        0.4844971001148224,
        -0.050496216863393784,
        0.25189900398254395,
        -0.00042436958756297827,
        -0.00027620093896985054,
        0.0018743759719654918,
        -0.4402899444103241
      ]
    },
    {
      "pattern_id": 3,
      "n_timesteps": 50,
      "mean_rho_sync": -0.021351902089862755,
      "std_rho_sync": 0.36908118399855583,
      "n_detachment_events": 5,
      "detachment_fraction": 0.6530612244897959,
      "I_img": 0.06312013360027036,
      "H_branch": 0.5374358750997847,
      "rho_sync_trajectory": [
        -0.724492073059082,
        0.2878652811050415,
        0.5067267417907715,
        -0.099973663687706,
        0.004084147047251463,
        0.14450447261333466,
        2.1586474758805707e-05,
        -3.457347338553518e-05,
        -0.658031165599823,
        0.4149596393108368,
        0.10704828053712845,
        0.5494861006736755,
        -0.16732686758041382,
        0.10044398158788681,
        0.06277945637702942,
        -0.04405756667256355,
        0.027527449652552605,
        -0.0669955313205719,
        -0.9224690794944763,
        0.3016200661659241,
        0.13118316233158112,
        0.0657699778676033,
        0.22300486266613007,
        -0.0007470862474292517,
        -0.0004606862203218043,
        -0.5814902186393738,
        0.6330934166908264,
        -0.0014102472923696041,
        -0.4928470849990845,
        0.11271138489246368,
        -0.45213449001312256,
        -0.19851727783679962,
        -0.5759614109992981,
        0.6346471905708313,
        0.5073105692863464,
        -0.11851350218057632,
        -0.41842544078826904,
        0.5071853995323181,
        -0.5266008973121643,
        -0.3974340856075287,
        0.31270527839660645,
        -0.3162085711956024,
        -0.1480145901441574,
        -0.24091406166553497,
        0.22635628283023834,
        -0.08377530425786972,
        -0.107295922935009,
        -0.14624035358428955,
        0.5830938220024109
      ]
    },
    {
      "pattern_id": 4,
      "n_timesteps": 50,
      "mean_rho_sync": -0.0015546452761592095,
      "std_rho_sync": 0.17695450115732683,
      "n_detachment_events": 3,
      "detachment_fraction": 0.9591836734693877,
      "I_img": 0.0,
      "H_branch": 0.8875413730773271,