{
  "seed": 123,
  "config": {
    "N": 256,
    "M_max": 512,
    "obs_radius": 0,
    "embed_dim": 16,
    "hidden_dim": 32,
    "n_actions": 7,
    "prey_fraction": 0.8,
    "n_patches": 12,
    "patch_radius": 20,
    "patch_min_spacing": 60,
    "patch_regen": 0.003,
    "barren_regen": 0.0,
    "compass_noise_std": 0.5,
    "signal_decay": 0.04,
    "signal_diffusion": 0.15,
    "initial_energy": 1.0,
    "resource_value": 1.5,
    "initial_resource": 0.6,
    "prey_metabolic": 0.0004,
    "prey_metabolic_barren": 0.001,
    "pred_metabolic": 0.0008,
    "predation_gain": 0.15,
    "predation_loss": 0.2,
    "stress_regen": 0.0003,
    "mutation_std": 0.03,
    "tournament_size": 4,
    "elite_fraction": 0.5,
    "activate_offspring": true,
    "drought_every": 5,
    "drought_depletion": 0.01,
    "drought_regen": 0.0,
    "chunk_size": 50,
    "steps_per_cycle": 5000,
    "n_cycles": 30,
    "obs_flat": 8,
    "n_prey": 409,
    "n_pred": 103,
    "n_params": 5079
  },
  "cycles": [
    {
      "cycle": 0,
      "n_alive_start": 127,
      "n_alive_end": 98,
      "n_prey_start": 102,
      "n_prey_end": 92,
      "n_pred_start": 25,
      "n_pred_end": 6,
      "mean_alive": 109.474599609375,
      "mean_prey": 96.8549998474121,
      "mean_pred": 12.619599952697754,
      "mortality": 0.2283464566929134,
      "mean_phi": 0.038391897827386855,
      "phi_base": 0.040110228955745696,
      "phi_stress": 0.04017534628510475,
      "robustness": 1.0016234594280402,
      "n_alive_base": 98,
      "n_alive_stress": 98,
      "elapsed_s": 0.9199943542480469
    },
    {
      "cycle": 1,
      "n_alive_start": 512,
      "n_alive_end": 434,
      "n_prey_start": 409,
      "n_prey_end": 369,
      "n_pred_start": 103,
      "n_pred_end": 65,
      "mean_alive": 466.7945953369141,
      "mean_prey": 383.32679779052734,
      "mean_pred": 83.46779945373535,
      "mortality": 0.15234375,
      "mean_phi": 0.0366037055850029,
      "phi_base": 0.035444676876068115,
      "phi_stress": 0.035467226058244705,
      "robustness": 1.000636179651332,
      "n_alive_base": 430,
      "n_alive_stress": 430,
      "elapsed_s": 2.376356363296509
    },
    {
      "cycle": 2,
      "n_alive_start": 512,
      "n_alive_end": 454,
      "n_prey_start": 409,
      "n_prey_end": 370,
      "n_pred_start": 103,
      "n_pred_end": 84,
      "mean_alive": 478.07579650878904,
      "mean_prey": 385.05359802246096,
      "mean_pred": 93.02219970703125,
      "mortality": 0.11328125,
      "mean_phi": 0.035016607865691184,
      "phi_base": 0.034726270288228986,
      "phi_stress": 0.03473711982369423,
      "robustness": 1.0003124301969428,
      "n_alive_base": 453,
      "n_alive_stress": 452,
      "elapsed_s": 0.8368616104125977
    },
    {
      "cycle": 3,
      "n_alive_start": 512,
      "n_alive_end": 451,
      "n_prey_start": 409,
      "n_prey_end": 372,
      "n_pred_start": 103,
      "n_pred_end": 79,
      "mean_alive": 480.39439544677737,
      "mean_prey": 390.16819763183594,
      "mean_pred": 90.22619956970215,
      "mortality": 0.119140625,
      "mean_phi": 0.03559205420315266,
      "phi_base": 0.03548098281025887,
      "phi_stress": 0.03550129383802414,
      "robustness": 1.0005724482851528,
      "n_alive_base": 451,
      "n_alive_stress": 451,
      "elapsed_s": 0.819645881652832
    },
    {
      "cycle": 4,
      "n_alive_start": 512,
      "n_alive_end": 453,
      "n_prey_start": 409,
      "n_prey_end": 374,
      "n_pred_start": 103,
      "n_pred_end": 79,
      "mean_alive": 479.2991970825195,
      "mean_prey": 385.90299835205076,
      "mean_pred": 93.39619956970215,
      "mortality": 0.115234375,
      "mean_phi": 0.03759675994515419,
      "phi_base": 0.037001163512468335,
      "phi_stress": 0.03692200928926468,
      "robustness": 0.9978607639411938,
      "n_alive_base": 451,
      "n_alive_stress": 451,
      "elapsed_s": 0.7645983695983887
    },
    {
      "cycle": 5,
      "n_alive_start": 512,
      "n_alive_end": 0,
      "n_prey_start": 409,
      "n_prey_end": 0,
      "n_pred_start": 103,
      "n_pred_end": 0,
      "mean_alive": 147.47759707212447,
      "mean_prey": 96.37699824869632,
      "mean_pred": 51.100599734783174,
      "mortality": 1.0,
      "mean_phi": 0.034099891781806946,
      "phi_base": 0.0,
      "phi_stress": 0.0,
      "robustness": 0.0,
      "n_alive_base": 0,
      "n_alive_stress": 0,
      "elapsed_s": 0.7985353469848633
    },
    {
      "cycle": 6,
      "n_alive_start": 510,
      "n_alive_end": 380,
      "n_prey_start": 408,
      "n_prey_end": 316,
      "n_pred_start": 102,
      "n_pred_end": 64,
      "mean_alive": 440.16679412841796,
      "mean_prey": 350.85139526367186,
      "mean_pred": 89.3153997039795,
      "mortality": 0.2549019607843137,
      "mean_phi": 0.02952781319618225,
      "phi_base": 0.03030087277293205,
      "phi_stress": 0.02997809611260891,
      "robustness": 0.9893476117753454,
      "n_alive_base": 377,
      "n_alive_stress": 378,
      "elapsed_s": 0.7629320621490479
    },
    {
      "cycle": 7,
      "n_alive_start": 512,
      "n_alive_end": 420,
      "n_prey_start": 409,
      "n_prey_end": 358,
      "n_pred_start": 103,
      "n_pred_end": 62,
      "mean_alive": 461.2695950317383,
      "mean_prey": 376.8003961181641,
      "mean_pred": 84.46919971466065,
      "mortality": 0.1796875,
      "mean_phi": 0.03234732188284397,
      "phi_base": 0.030644810199737547,
      "phi_stress": 0.030227965861558913,
      "robustness": 0.9863975552316456,
      "n_alive_base": 418,
      "n_alive_stress": 418,
      "elapsed_s": 0.751340389251709
    },
    {
      "cycle": 8,
      "n_alive_start": 512,
      "n_alive_end": 446,
      "n_prey_start": 409,
      "n_prey_end": 368,
      "n_pred_start": 103,
      "n_pred_end": 78,
      "mean_alive": 479.27519470214844,
      "mean_prey": 386.25379669189454,
      "mean_pred": 93.02139945983886,
      "mortality": 0.12890625,
      "mean_phi": 0.03327313046902418,
      "phi_base": 0.03473768979310989,
      "phi_stress": 0.03440626487135887,
      "robustness": 0.9904592123504783,
      "n_alive_base": 442,
      "n_alive_stress": 442,
      "elapsed_s": 0.7510218620300293
    },
    {
      "cycle": 9,
      "n_alive_start": 512,
      "n_alive_end": 436,
      "n_prey_start": 409,
      "n_prey_end": 371,
      "n_pred_start": 103,
      "n_pred_end": 65,
      "mean_alive": 472.44219665527345,
      "mean_prey": 385.50379760742186,
      "mean_pred": 86.93839973449707,
      "mortality": 0.1484375,
      "mean_phi": 0.034457764402031896,
      "phi_base": 0.03761356472969055,
      "phi_stress": 0.03739838600158692,
      "robustness": 0.9942792253366567,
      "n_alive_base": 436,
      "n_alive_stress": 436,
      "elapsed_s": 0.744797945022583
    },
    {
      "cycle": 10,
      "n_alive_start": 512,
      "n_alive_end": 0,
      "n_prey_start": 409,
      "n_prey_end": 0,
      "n_pred_start": 103,
      "n_pred_end": 0,
      "mean_alive": 146.01539676368236,
      "mean_prey": 95.63479758180678,
      "mean_pred": 50.38059991538525,
      "mortality": 1.0,
      "mean_phi": 0.026004043221473695,
      "phi_base": 0.0,
      "phi_stress": 0.0,
      "robustness": 0.0,
      "n_alive_base": 0,
      "n_alive_stress": 0,
      "elapsed_s": 0.7851731777191162
    },
    {
      "cycle": 11,
      "n_alive_start": 510,
      "n_alive_end": 396,
      "n_prey_start": 408,
      "n_prey_end": 343,
      "n_pred_start": 102,
      "n_pred_end": 53,
      "mean_alive": 451.27979553222656,
      "mean_prey": 371.2623959350586,
      "mean_pred": 80.01739974975585,
      "mortality": 0.2235294117647059,
      "mean_phi": 0.04379785321652889,
      "phi_base": 0.04297505170106888,
      "phi_stress": 0.0425433099269867,
      "robustness": 0.9899536648126606,
      "n_alive_base": 396,
      "n_alive_stress": 396,
      "elapsed_s": 0.7459797859191895
    },
    {
      "cycle": 12,