{
  "metadata": {
    "substrate": "v15",
    "seed": 7,
    "C": 16,
    "N": 128,
    "snapshot_path": "/Users/jacob/fun/shape-of-experience/empirical/experiments/study_ca_affect/results/v15_s7/snapshots/cycle_025.npz",
    "experiment": "counterfactual"
  },
  "n_results": 3,
  "cycle": 25,
  "results": [
    {
      "pattern_id": 0,
      "n_timesteps": 50,
      "mean_rho_sync": -0.0008782217842146602,
      "std_rho_sync": 0.26563742592039863,
      "n_detachment_events": 4,
      "detachment_fraction": 0.8775510204081632,
      "I_img": 0.09809422537251944,
      "H_branch": 0.42862542762669276,
      "rho_sync_trajectory": [
        -0.30791887640953064,
        0.151144340634346,
        0.07169654220342636,
        -0.13415980339050293,
        0.26509276032447815,
        -0.7919490933418274,
        0.22960595786571503,
        0.48376452922821045,
        -0.001869212370365858,
        0.0014143623411655426,
        -0.0007458429899998009,
        -0.21266095340251923,
        0.13528764247894287,
        0.05340538173913956,
        0.015293890610337257,
        -0.0008153339731507003,
        -0.0007550337468273938,
        -0.000933651055675,
        -0.001178347272798419,
        -0.556673526763916,
        0.40964052081108093,
        -0.08360255509614944,
        0.2543199360370636,
        -0.4882752597332001,
        0.6298096179962158,
        0.4656640887260437,
        -0.7944290637969971,
        0.3489595353603363,
        -0.06640850752592087,
        0.08236467838287354,
        -0.023143980652093887,
        0.058418720960617065,
        -0.001939486712217331,
        0.0007696645334362984,
        0.0008693458512425423,
        -0.002178601687774062,
        0.001015932997688651,
        -0.0023282805923372507,
        -0.0015914912801235914,
        -0.30205845832824707,
        0.07357370853424072,
        0.002090454800054431,
        -0.0024616767186671495,
        -0.00027393869822844863,
        -0.0038594938814640045,
        0.000735840352717787,
        0.0017196183325722814,
        0.0017306668451055884,
        0.0007898640469647944
      ]
    },
    {
      "pattern_id": 1,
      "n_timesteps": 50,
      "mean_rho_sync": 0.010454404350620818,
      "std_rho_sync": 0.20780428662647454,
      "n_detachment_events": 5,
      "detachment_fraction": 0.9183673469387755,
      "I_img": 0.0,
      "H_branch": 0.6049810672535315,
      "rho_sync_trajectory": [
        0.17023923993110657,
        -0.19706907868385315,
        0.17927147448062897,
        0.32647696137428284,
        0.1282968670129776,
        0.03779539093375206,
        -0.0009827913017943501,
        -0.39033567905426025,
        0.542398989200592,
        0.0006730958120897412,
        0.0015272342134267092,
        0.0011338163167238235,
        -0.0019596407655626535,
        -0.0005311996210366488,
        -0.0006026702467352152,
        -0.4221603274345398,
        0.6017872095108032,
        0.0023150856141000986,
        -0.0006526694633066654,
        -0.0010900022462010384,
        -0.1561809778213501,
        -0.39201247692108154,
        0.0961320549249649,
        -0.5364226698875427,
        -0.02410663105547428,
        0.6083130240440369,
        0.002326568588614464,
        -0.00028321921126917005,
        0.001400293898768723,
        8.297597378259525e-05,
        0.00043809789349325,
        -0.001723686815239489,
        -0.06023610010743141,
        -0.17153802514076233,
        0.17652244865894318,
        0.001034261891618371,
        -0.0004729372449219227,
        -0.0008349788840860128,
        -0.0005047195008955896,
        -0.0005067911697551608,
        0.0002947145840153098,
        -0.0007013431168161333,
        -0.0021340190432965755,
        0.0007466946262866259,
        -0.0019199454691261053,
        -0.0013766813790425658,
        -0.0016312201041728258,
        -0.0011718972818925977,
        0.0022016926668584347
      ]
    },
    {
      "pattern_id": 2,
      "n_timesteps": 50,
      "mean_rho_sync": -0.00636292624726686,
      "std_rho_sync": 0.3364239801800292,
      "n_detachment_events": 3,
      "detachment_fraction": 0.7346938775510204,
      "I_img": 0.06316940048677938,
      "H_branch": 0.49551232786214566,
      "rho_sync_trajectory": [
        -0.37295854091644287,
        0.4787132740020752,
        -0.44719600677490234,
        0.3250695765018463,
        0.07155130803585052,
        -0.00047860582708381116,
        0.0010353141697123647,
        0.000341445324011147,
        -0.2655790448188782,
        0.13629703223705292,
        0.0001513495371909812,
        0.0008644949994049966,
        -0.00013953007874079049,
        -0.0017651007510721684,
        0.00020071255858056247,
        0.0015642567304894328,
        0.002489961450919509,
        0.0005164354224689305,
        -2.9351524062803946e-05,
        -0.004120413213968277,
        -0.25539180636405945,
        -0.8208171725273132,
        0.7329725623130798,
        0.7330304980278015,
        0.0012120091123506427,
        0.0016095815226435661,
        0.00010169017332373187,
        0.0003792888892348856,
        0.0009558507008478045,
        0.0019910987466573715,
        -0.8013007640838623,
        -0.18783824145793915,
        0.6926952004432678,
        -0.00046776991803199053,
        -0.24054208397865295,
        -0.21630573272705078,
        0.24623559415340424,
        0.00035737716825678945,
        0.00036815181374549866,
        -0.023113416507840157,
        0.010984365828335285,
        0.02797662280499935,
        -0.6533377170562744,
        0.6985640525817871,
        -0.0015368693275377154,
        -0.6890252828598022,
        0.5026006698608398,
        -0.0013226590817794204,
        0.0006529485690407455
      ]
    }
  ]
}