{
  "metadata": {
    "substrate": "v18",
    "seed": 7,
    "C": 16,
    "N": 128,
    "snapshot_path": "/Users/jacob/fun/shape-of-experience/empirical/experiments/study_ca_affect/results/v18_s7/snapshots/cycle_005.npz",
    "experiment": "affect_geometry"
  },
  "n_results": 1,
  "cycle": 5,
  "results": [
    {
      "n_patterns": 19,
      "rsa_rho": 0.14869321045431638,
      "rsa_p": 0.05226334530178545,
      "space_A": [
        [
          0.018663649656334703,
          12.356083869934082,
          0.0029010873980029883,
          1.0217221140527737,
          0.8071560561656952,
          -0.2141532171463697
        ],
        [
          0.022554553284937023,
          2.627065658569336,
          0.3217634195186705,
          2.148084186255764,
          0.8635435253381729,
          -0.1120625325572222
        ],
        [
          0.020289129140425702,
          4.988336563110352,
          0.05365347239954865,
          1.2544118239136681,
          0.8400695323944092,
          -0.5082118329932499
        ],
        [
          0.04190833227975028,
          4.749490737915039,
          0.011734033182392634,
          1.0745566002451872,
          0.7828185260295868,
          -0.11280912945332677
        ],
        [
          0.04504966249271315,
          5.333730220794678,
          0.004481259043739305,
          1.0316698235602502,
          0.8967640250921249,
          -0.004107157253463112
        ],
        [
          0.02298915142915687,
          9.138245582580566,
          0.014112357613764948,
          1.0815889577737965,
          0.9389502890408039,
          -0.0303976549646231
        ],
        [
          0.023827416556222097,
          13.617862701416016,
          0.369820007120937,
          1.9449205216838978,
          0.8592617213726044,
          -0.054374388541582386
        ],
        [
          0.020543390390824298,
          3.263082504272461,
          0.18043954859451394,
          1.7243348856455607,
          0.8882481530308723,
          -0.046746644055478015
        ],
        [
          0.02143043887858488,
          2.914999485015869,
          0.22239724364131364,
          1.8928662414222148,
          0.9414443597197533,
          -0.025976470790302963
        ],
        [
          0.024457250322614397,
          2.4928157329559326,
          0.15700539113605538,
          1.6346508436325813,
          0.860118955373764,
          -0.003778573791461848
        ],
        [
          0.0317053746203987,
          7.1411943435668945,
          0.02223350420643544,
          1.1184376123190458,
          0.8739930242300034,
          -0.4307565484195278
        ],
        [
          0.016372471439595124,
          2.670869827270508,
          0.07476477839509754,
          1.3503594713891782,
          0.8084723651409149,
          -0.0012689995071764049
        ],
        [
          0.01110718688186334,
          2.8323659896850586,
          0.07564127683110422,
          1.3488046680391883,
          0.8697029650211334,
          -0.002782105177734362
        ],
        [
          0.03115314366866131,
          3.8720171451568604,
          0.11115592117228978,
          1.5065973295682322,
          0.8410955667495728,
          -0.004110567507016216
        ],
        [
          0.007664490719230807,
          5.1126813888549805,
          0.07519394892448861,
          1.4041524900101563,
          0.8892300203442574,
          -0.010188424955403508
        ],
        [
          0.003964438730356645,
          3.227949857711792,
          0.06995444293676634,
          1.3566644013546554,
          0.8610849380493164,
          -0.0009399953223648838
        ],
        [
          0.02123328617640904,
          15.410407066345215,
          0.09068214838409083,
          1.3678006541994543,
          0.7417974174022675,
          -0.04092236526250059
        ],
        [
          0.04194438700773278,
          2.405078172683716,
          0.32643591101362246,
          2.189138645667858,
          0.9447940476238728,
          -0.006097689199180412
        ],
        [
          0.03364903586251395,
          11.627184867858887,
          0.02358090336216767,
          1.1217760728622832,
          0.8885472863912582,
          -0.45164939851740515
        ]
      ],
      "space_C": [
        [
          0.01591413766145706,
          2.809544496365084,
          0.0,
          0.5307257312092389
        ],
        [
          0.0030313515663146972,
          1.9329373797854916,
          -0.9896957801766437,
          0.5969657647985543
        ],
        [
          0.009928469955921173,
          2.442041432736194,
          -0.4838709677419355,
          0.4404211435565555
        ],
        [
          0.0040977829694747924,
          2.0253597574700466,
          -0.9718137254901961,
          0.7549264838881826
        ],
        [
          0.018833193629980087,
          2.3688954171740924,
          -0.4634146341463415,
          0.4755571420168493
        ],
        [
          0.007365888655185699,
          2.3703186801799747,
          -0.045454545454545456,
          0.5750852834905061
        ],
        [
          -0.002024639844894409,
          3.045858642071778,
          0.21052631578947367,
          0.4430285790244062
        ],
        [
          0.00551042914390564,
          2.907620306316914,
          -0.23684210526315788,
          0.47140784078362835
        ],
        [
          0.006295382976531982,
          2.3263946714412493,
          -0.9902411021814007,
          0.5169764393211063
        ],
        [
          0.0031827986240386963,
          2.295284955231838,
          -0.525,
          0.7204662390489123
        ],
        [
          0.005999677181243897,
          2.236372079323419,
          -0.09090909090909091,
          0.7437657999083523
        ],
        [
          0.005064839720726013,
          2.392012703953139,
          -0.05555555555555555,
          0.6000482019459146
        ],
        [
          -0.0013428819179534912,
          2.6087652069002547,
          -0.6825396825396826,
          0.5189630209795454
        ],
        [
          0.004205212593078613,
          3.4771890971754247,
          -0.047619047619047616,
          0.22170584846882818
        ],
        [
          -0.0005592811107635498,
          2.027736093325927,
          -0.9306569343065694,
          0.542192984935858
        ],
        [
          0.0003235018253326416,
          2.874243533299077,
          -0.5405405405405406,
          0.2804942232507476
        ],
        [
          0.002406681776046753,
          3.720470952522904,
          0.058823529411764705,
          0.333815090242739
        ],
        [
          -0.0014802312850952148,
          2.0339435753553676,
          -0.5581395348837209,
          0.3537797753156733
        ],
        [
          -0.00869543433189392,
          2.5894497982699174,
          -0.4788732394366197,
          0.5752109302501612
        ]
      ],
      "dim_labels_A": [
        "valence",
        "arousal",
        "integration",
        "d_eff",
        "cf_weight",
        "sm_sal"
      ],
      "dim_labels_C": [
        "approach_avoid",
        "activity",
        "growth",
        "stability"
      ],
      "per_pattern": [
        {
          "pattern_id": 0,
          "space_A": {
            "valence": 0.018663649656334703,
            "arousal": 12.356083869934082,
            "integration": 0.0029010873980029883,
            "d_eff": 1.0217221140527737,
            "cf_weight": 0.8071560561656952,
            "sm_sal": -0.2141532171463697
          },
          "space_C": {
            "approach_avoid": 0.01591413766145706,
            "activity": 2.809544496365084,
            "growth": 0.0,
            "stability": 0.5307257312092389
          },
          "n_timesteps": 50
        },
        {
          "pattern_id": 1,