{
  "metadata": {
    "substrate": "v18",
    "seed": 7,
    "C": 16,
    "N": 128,
    "snapshot_path": "/Users/jacob/fun/shape-of-experience/empirical/experiments/study_ca_affect/results/v18_s7/snapshots/cycle_000.npz",
    "experiment": "affect_geometry"
  },
  "n_results": 1,
  "cycle": 0,
  "results": [
    {
      "n_patterns": 20,
      "rsa_rho": 0.22103338625796604,
      "rsa_p": 0.002179427373165657,
      "space_A": [
        [
          -0.007741675084950972,
          11.56262493133545,
          0.14293535308477268,
          1.5284315499118097,
          0.9538890048861504,
          -0.8937368784185167
        ],
        [
          -0.00627169317128707,
          16.452775955200195,
          0.11360075663992575,
          1.4768600096465891,
          0.9952681646682322,
          -0.019258947872905607
        ],
        [
          0.000495385150520169,
          14.943050384521484,
          0.11797462526925939,
          1.501110719887866,
          0.9935048660263419,
          -0.2990709211643713
        ],
        [
          -0.003052925576969069,
          6.111670017242432,
          0.2727385074653472,
          1.8597481994390561,
          0.9261517077684402,
          -0.5242427978097015
        ],
        [
          0.002096798955177774,
          16.725353240966797,
          0.2460210187041716,
          2.1486100412742397,
          0.9745427053421736,
          -0.10854686313809736
        ],
        [
          0.004543839668741031,
          12.129997253417969,
          0.22277410645938112,
          1.7405647712078962,
          0.9863087311387062,
          -0.20731582020945283
        ],
        [
          -0.004905574175776268,
          9.855828285217285,
          0.09161244193227425,
          1.448835014837612,
          0.9990599470329471,
          -0.37541450701285506
        ],
        [
          0.006410812845035475,
          9.88279914855957,
          0.02845530507227656,
          1.1480596593824257,
          0.9987475145608187,
          -0.3075853950447083
        ],
        [
          -0.028212089927829042,
          14.443647384643555,
          0.09675180455519572,
          1.3997278669067785,
          0.9349688589572906,
          -0.24705511170622196
        ],
        [
          -0.005732760137441207,
          11.083666801452637,
          0.24507642726627632,
          1.9828049780056018,
          0.955768559128046,
          -0.18592433635549876
        ],
        [
          -0.0005643902992715641,
          23.01530647277832,
          0.2922171780355016,
          1.9274443538326618,
          0.9961132556200027,
          -0.008106891527394744
        ],
        [
          0.024039599360251913,
          9.745684623718262,
          0.021541252013436152,
          1.1265969179413848,
          0.9503883719444275,
          -0.2544293859637382
        ],
        [
          0.00915249999688596,
          7.935693264007568,
          0.2852933185923182,
          2.3578314372932967,
          0.9654165841639042,
          -0.07223879776343634
        ],
        [
          0.002877215949856505,
          8.82381534576416,
          0.04729776387196294,
          1.2472702998691587,
          0.9800793714821339,
          -0.23887294390962954
        ],
        [
          -0.014488336991290656,
          6.916560173034668,
          0.4437139518107769,
          2.460723642318748,
          0.9945908333174884,
          -0.00963223112760514
        ],
        [
          -0.012331252195397201,
          5.239736557006836,
          0.10403159850950172,
          1.4744546843147117,
          0.9894811073318124,
          -0.012801174089245193
        ],
        [
          -0.004708241443244779,
          20.15161895751953,
          0.11722815438997414,
          1.5243486114568214,
          0.958567664027214,
          -0.04504572914484306
        ],
        [
          -0.001108062510587731,
          14.338557243347168,
          0.07862667871100204,
          1.3557757776917345,
          0.9593688137829304,
          -0.03171358886861986
        ],
        [
          0.004382191872110172,
          8.922990798950195,
          0.1846320226539242,
          1.8335967115716498,
          0.9946854906156659,
          -0.023842342926651217
        ],
        [
          0.01975187659263611,
          10.612396240234375,
          0.047577841922403,
          1.2548408110848444,
          0.9825971443206072,
          -0.05952114310523582
        ]
      ],
      "space_C": [
        [
          0.00848909080028534,
          4.031691969369356,
          -0.5853658536585366,
          0.11648541188804447
        ],
        [
          0.0027202510833740233,
          6.716970471261148,
          0.9262672811059908,
          0.12530175586868658
        ],
        [
          0.0058687090873718265,
          6.510087369991562,
          -0.31379962192816635,
          0.24750356700293447
        ],
        [
          0.008952070474624634,
          2.9931962994547403,
          1.6842105263157894,
          0.39161499011030115
        ],
        [
          -0.0033530235290527345,
          7.148549832295554,
          -0.9716494845360825,
          0.11765197917204318
        ],
        [
          0.0009641849994659424,
          4.773275441315484,
          2.4166666666666665,
          0.24055808350826213
        ],
        [
          0.0011196166276931762,
          5.1918408451151095,
          15.0,
          0.0765894642249597
        ],
        [
          0.0051846706867218015,
          3.2677912725380054,
          -0.32456140350877194,
          0.42329221970329645
        ],
        [
          0.002163081169128418,
          5.3589884765556794,
          25.38888888888889,
          0.2387681476601006
        ],
        [
          -0.005483891367912292,
          7.054344023040845,
          -0.2923076923076923,
          0.28309255974176667
        ],
        [
          0.00781674325466156,
          6.470953691263827,
          0.13043478260869565,
          0.01946113586333126
        ],
        [
          -0.00472640573978424,
          4.309927256396626,
          1.5,
          0.23268189474300274
        ],
        [
          0.000978076457977295,
          4.5971388100194615,
          -0.9193341869398207,
          0.27980088382513063
        ],
        [
          0.0029341447353363036,
          5.3971172383892405,
          0.2909090909090909,
          0.27984636745682817
        ],
        [
          0.00942633867263794,
          5.176612668871153,
          8.657142857142857,
          0.046414652660503285
        ],
        [
          0.0009719192981719971,
          4.69199897561279,
          0.2631578947368421,
          0.5152276796195752
        ],
        [
          0.0017633497714996337,
          5.966035698182204,
          3.942857142857143,
          0.22175561399160396
        ],
        [
          -0.004574103355407715,
          5.720030364483262,
          -0.8368355995055624,
          0.10279752403390692
        ],
        [
          0.006918371915817261,
          6.874716251019444,
          20.652173913043477,
          0.08914293971929177
        ],
        [
          0.01087951051945589,
          6.7528518138349805,
          -0.8683693516699411,
          0.22170486562374384
        ]
      ],
      "dim_labels_A": [
        "valence",
        "arousal",
        "integration",
        "d_eff",
        "cf_weight",
        "sm_sal"
      ],
      "dim_labels_C": [
        "approach_avoid",
        "activity",
        "growth",
        "stability"
      ],
      "per_pattern": [
        {
          "pattern_id": 0,
          "space_A": {
            "valence": -0.007741675084950972,
            "arousal": 11.56262493133545,
            "integration": 0.14293535308477268,
            "d_eff": 1.5284315499118097,
            "cf_weight": 0.9538890048861504,