{
  "metadata": {
    "substrate": "v18",
    "seed": 7,
    "C": 16,
    "N": 128,
    "snapshot_path": "/Users/jacob/fun/shape-of-experience/empirical/experiments/study_ca_affect/results/v18_s7/snapshots/cycle_029.npz",
    "experiment": "affect_geometry"
  },
  "n_results": 1,
  "cycle": 29,
  "results": [
    {
      "n_patterns": 20,
      "rsa_rho": 0.3004605755225761,
      "rsa_p": 2.5315466214310776e-05,
      "space_A": [
        [
          0.009667552247339365,
          8.179661750793457,
          0.14775470517753164,
          1.6830664602217646,
          0.9819898046553135,
          -0.4387269885208219
        ],
        [
          0.058390957968575616,
          7.963703155517578,
          0.30132398574003005,
          2.0116740697045428,
          0.9869189690798521,
          -0.298446902121525
        ],
        [
          0.04713525090898786,
          16.856515884399414,
          0.03616415955983976,
          1.1855489785734428,
          0.9448633454740047,
          -0.26391000373367
        ],
        [
          0.04999458546541175,
          9.481321334838867,
          0.01616865452967753,
          1.0968561031784625,
          0.9805552754551172,
          -0.0029297456262553645
        ],
        [
          0.01348547059662488,
          19.58315658569336,
          0.28307347951734796,
          1.8221407117027055,
          0.9074878394603729,
          -0.5960145074652061
        ],
        [
          0.029622340688900073,
          10.95086669921875,
          0.04308783189217047,
          1.2310254082318428,
          0.8906421735882759,
          -0.7148204632251731
        ],
        [
          0.024302842665691764,
          6.852801322937012,
          0.006025593819934727,
          1.043062158630789,
          0.9632515162229538,
          -0.2456664808091653
        ],
        [
          0.018418964074582468,
          9.224879264831543,
          0.3357927550704095,
          2.316627703255849,
          0.9783699568361044,
          -0.001374145351596745
        ],
        [
          0.019519543161197583,
          9.417963981628418,
          0.08753508978546454,
          1.410742986815761,
          0.920939564704895,
          -0.6555584714567895
        ],
        [
          0.049155225559156766,
          10.95995807647705,
          0.09133386439856361,
          1.4458746489155931,
          0.9405267685651779,
          -0.04292239390418351
        ],
        [
          0.0446989682255959,
          3.576606512069702,
          0.2722052509512548,
          2.1712145070793194,
          0.9875627756118774,
          -0.03887353735416221
        ],
        [
          0.04282342171182438,
          6.456133842468262,
          0.24219744090224926,
          1.876107797382924,
          0.971996957436204,
          -0.0074594203666619174
        ],
        [
          0.044486581062784,
          10.62564754486084,
          0.018334870158306815,
          1.1065119710224915,
          0.9558815583586693,
          -0.3045267352245339
        ],
        [
          0.009068430686483577,
          6.856338977813721,
          0.12849794634229617,
          1.5758031858925252,
          0.9869033610448241,
          -0.007151404194710609
        ],
        [
          0.010350529028444874,
          16.387413024902344,
          0.12574840591223269,
          1.6157115435994271,
          0.9105784371495247,
          -0.0060019836173750285
        ],
        [
          0.05043134883958466,
          8.138435363769531,
          0.3223281170529654,
          2.412683754972424,
          0.9882437353953719,
          -0.018614335208877564
        ],
        [
          0.011432458957036337,
          7.352952480316162,
          0.1704222955664021,
          1.7473980133151767,
          0.9871006570756435,
          -0.033079354117380166
        ],
        [
          0.009337941805521647,
          9.630240440368652,
          0.02114650738780255,
          1.1293458118712767,
          0.9800795838236809,
          -0.17493154067957573
        ],
        [
          0.06511631111303966,
          7.58051872253418,
          0.22705471349853812,
          1.9305203414724106,
          0.9955506077967584,
          -0.20880348389380532
        ],
        [
          0.022720565398534138,
          5.466563701629639,
          0.45344470791723834,
          2.8813721548825897,
          0.980298874899745,
          -0.007339669178015651
        ]
      ],
      "space_C": [
        [
          0.0078056415915489195,
          5.184014581416993,
          -0.3611111111111111,
          0.14043832209096516
        ],
        [
          -0.0030232980847358704,
          5.0393671989021565,
          -0.6702127659574468,
          0.13810219942551416
        ],
        [
          0.01491600602865219,
          5.372390933981154,
          1.380952380952381,
          0.18516933296425137
        ],
        [
          0.004607254266738891,
          6.0974696710533,
          0.86,
          0.17563689004827057
        ],
        [
          0.007291639000177383,
          3.0900916387810935,
          2.103448275862069,
          0.46944854333767316
        ],
        [
          0.017068780362606048,
          4.143653581456994,
          0.5555555555555556,
          0.1640811355129912
        ],
        [
          0.005756134390830994,
          3.2602726252294536,
          0.5146443514644351,
          0.058944796386805595
        ],
        [
          0.005295990407466889,
          3.6851590659486124,
          -0.7272727272727273,
          0.39119900295214294
        ],
        [
          0.0236446213722229,
          4.067614372566939,
          0.9375,
          0.4423576539269824
        ],
        [
          -0.0035249736905097963,
          4.9468137097092875,
          0.12727272727272726,
          0.09161581272155457
        ],
        [
          -0.0018040162324905395,
          3.101237308916712,
          -0.7,
          0.26851667969173976
        ],
        [
          -8.296191692352294e-05,
          3.8985778298599145,
          4.204081632653061,
          0.28255449855086173
        ],
        [
          0.010596193671226502,
          5.191702246635839,
          6.041666666666667,
          0.24896252487537263
        ],
        [
          0.004844330549240113,
          5.761792428779784,
          5.7272727272727275,
          0.29741615784716274
        ],
        [
          -0.0025330787897109987,
          5.04283003947183,
          -0.8088235294117647,
          0.30803083515204427
        ],
        [
          0.001106542944908142,
          5.054026238317122,
          0.12962962962962962,
          0.24084039141715413
        ],
        [
          0.010277505431856428,
          6.165819494352733,
          14.244444444444444,
          0.031434336414160956
        ],
        [
          0.015291166548826257,
          5.428079862283687,
          1.619047619047619,
          0.1860005979169924
        ],
        [
          0.006118098083807498,
          5.737463764493168,
          0.11764705882352941,
          0.21250849965556654
        ],
        [
          0.00423317052880112,
          4.295044575826107,
          23.65625,
          -0.04000822476651289
        ]
      ],
      "dim_labels_A": [
        "valence",
        "arousal",
        "integration",
        "d_eff",
        "cf_weight",
        "sm_sal"
      ],
      "dim_labels_C": [
        "approach_avoid",
        "activity",
        "growth",
        "stability"
      ],
      "per_pattern": [
        {
          "pattern_id": 0,
          "space_A": {
            "valence": 0.009667552247339365,
            "arousal": 8.179661750793457,
            "integration": 0.14775470517753164,
            "d_eff": 1.6830664602217646,
            "cf_weight": 0.9819898046553135,
            "sm_sal": -0.4387269885208219
          },