{
  "metadata": {
    "substrate": "v18",
    "seed": 7,
    "C": 16,
    "N": 128,
    "snapshot_path": "/Users/jacob/fun/shape-of-experience/empirical/experiments/study_ca_affect/results/v18_s7/snapshots/cycle_025.npz",
    "experiment": "affect_geometry"
  },
  "n_results": 1,
  "cycle": 25,
  "results": [
    {
      "n_patterns": 17,
      "rsa_rho": 0.17227231525213488,
      "rsa_p": 0.044909713404951396,
      "space_A": [
        [
          0.059220537847402145,
          7.705223083496094,
          0.028442735054408197,
          1.1607561982750327,
          0.9249357432126999,
          -0.29947089039450714
        ],
        [
          0.032130037035260885,
          7.688422203063965,
          0.023331871197814436,
          1.127316967339559,
          0.9624218791723251,
          -0.14903374362932542
        ],
        [
          0.0410262613880391,
          5.8736443519592285,
          0.27682488863710497,
          2.2689815760083296,
          0.9764437805861235,
          -0.0039000782583672455
        ],
        [
          0.06538726845566108,
          4.699576377868652,
          0.1732285221452209,
          1.830286196315115,
          0.9986638034461066,
          -0.02332987338558845
        ],
        [
          0.044137993637396365,
          5.416744232177734,
          0.030786048197267157,
          1.1626243439086814,
          0.9754474014043808,
          -0.059230934087111775
        ],
        [
          0.042480249794162046,
          5.466176986694336,
          0.5290371988519882,
          2.883277055222,
          0.9794860333204269,
          -0.006119470089575696
        ],
        [
          0.04312406754007145,
          11.904656410217285,
          0.11240101583222672,
          1.580302145371223,
          0.9598332457244396,
          -0.0056227883131644285
        ],
        [
          0.05058823313031878,
          8.986170768737793,
          0.005564908391151757,
          1.0396534434000602,
          0.9689942765980959,
          -0.3622721861021665
        ],
        [
          0.04628985268729074,
          10.913753509521484,
          0.10609070684594846,
          1.431649867291791,
          0.8821540623903275,
          -0.017832288626273618
        ],
        [
          0.029339284312968353,
          6.2448015213012695,
          0.0068347235967834985,
          1.0468835855901244,
          0.9762086775153875,
          -0.002404571205687489
        ],
        [
          0.03807109715987225,
          5.128345489501953,
          0.3643586963708847,
          2.299409956042847,
          0.9642519131302834,
          -0.013422625154676848
        ],
        [
          0.04698493042770697,
          7.633049964904785,
          0.34161743322469273,
          2.3626880569141804,
          0.9922159691341221,
          -0.0019000813026245345
        ],
        [
          0.06052173886980329,
          4.79683256149292,
          0.09457785940512564,
          1.4864979723863028,
          0.969166487455368,
          -0.00031810478033944545
        ],
        [
          0.036617716964410275,
          5.709075450897217,
          0.005750823375986536,
          1.0416075005923096,
          0.9612209796905518,
          -0.07181379034322921
        ],
        [
          0.0434353594877282,
          4.695435047149658,
          0.1314692484418507,
          1.6885657262084155,
          0.9715171307325363,
          -0.001313663653976227
        ],
        [
          0.06102938950061798,
          4.964509963989258,
          0.2844446831198607,
          2.2287725926222897,
          0.9901800621300936,
          -0.0036992578990198144
        ],
        [
          0.04358831544717153,
          4.820130348205566,
          0.3827972712431357,
          2.8101111529493963,
          0.9409937001764774,
          -0.0012440252876678715
        ]
      ],
      "space_C": [
        [
          0.010676215887069702,
          4.10456136965671,
          0.6190476190476191,
          0.40891901813324116
        ],
        [
          0.007700800895690918,
          4.424159825795582,
          22.2,
          0.3027509864693738
        ],
        [
          0.008228641748428345,
          3.2910984671825863,
          -0.23728813559322035,
          0.28605712438065306
        ],
        [
          0.0035886895656585694,
          3.667842460832235,
          0.38461538461538464,
          0.43648479603886725
        ],
        [
          -0.00267345130443573,
          2.449341309835729,
          -0.6458333333333334,
          0.29280585354504024
        ],
        [
          0.008153684139251709,
          4.135757161401905,
          2.0416666666666665,
          0.157843671298109
        ],
        [
          -0.005291975736618042,
          4.122797026937645,
          -0.030303030303030304,
          0.39799511902248447
        ],
        [
          0.0014586812257766724,
          3.5867209696810742,
          -0.31521739130434784,
          0.15712096100580542
        ],
        [
          -0.006844311654567718,
          3.818995895874581,
          -0.4074074074074074,
          0.48285651760770026
        ],
        [
          -0.001782805323600769,
          3.5066391547893665,
          -0.20175438596491227,
          0.5022968638176342
        ],
        [
          0.006460359096527099,
          4.3406824398736426,
          4.303030303030303,
          0.3119160200085693
        ],
        [
          0.008202762603759765,
          4.271740703862147,
          1.6491228070175439,
          0.21917852547096545
        ],
        [
          0.011345697343349457,
          3.599319968882493,
          -0.34615384615384615,
          0.41152557443982896
        ],
        [
          0.010591975152492524,
          2.6743335496098357,
          7.627118644067797,
          0.42606326745069933
        ],
        [
          0.008069708943367004,
          3.6871380502492968,
          2.0625,
          0.26383412535057316
        ],
        [
          0.007950400211373153,
          4.315614727381096,
          10.5,
          0.17351880558085686
        ],
        [
          0.011572542847419272,
          3.7831784237372665,
          9.75,
          0.10380234674171164
        ]
      ],
      "dim_labels_A": [
        "valence",
        "arousal",
        "integration",
        "d_eff",
        "cf_weight",
        "sm_sal"
      ],
      "dim_labels_C": [
        "approach_avoid",
        "activity",
        "growth",
        "stability"
      ],
      "per_pattern": [
        {
          "pattern_id": 0,
          "space_A": {
            "valence": 0.059220537847402145,
            "arousal": 7.705223083496094,
            "integration": 0.028442735054408197,
            "d_eff": 1.1607561982750327,
            "cf_weight": 0.9249357432126999,
            "sm_sal": -0.29947089039450714
          },
          "space_C": {
            "approach_avoid": 0.010676215887069702,
            "activity": 4.10456136965671,
            "growth": 0.6190476190476191,
            "stability": 0.40891901813324116
          },
          "n_timesteps": 50
        },
        {
          "pattern_id": 1,
          "space_A": {
            "valence": 0.032130037035260885,
            "arousal": 7.688422203063965,
            "integration": 0.023331871197814436,
            "d_eff": 1.127316967339559,
            "cf_weight": 0.9624218791723251,
            "sm_sal": -0.14903374362932542
          },
          "space_C": {
            "approach_avoid": 0.007700800895690918,
            "activity": 4.424159825795582,
            "growth": 22.2,
            "stability": 0.3027509864693738
          },
          "n_timesteps": 50
        },
        {
          "pattern_id": 2,
          "space_A": {
            "valence": 0.0410262613880391,
            "arousal": 5.8736443519592285,
            "integration": 0.27682488863710497,