{
  "metadata": {
    "substrate": "v18",
    "seed": 7,
    "C": 16,
    "N": 128,
    "snapshot_path": "/Users/jacob/fun/shape-of-experience/empirical/experiments/study_ca_affect/results/v18_s7/snapshots/cycle_020.npz",
    "experiment": "affect_geometry"
  },
  "n_results": 1,
  "cycle": 20,
  "results": [
    {
      "n_patterns": 20,
      "rsa_rho": 0.18874323680055288,
      "rsa_p": 0.009108339183907604,
      "space_A": [
        [
          0.04177427291870117,
          11.56303596496582,
          0.03627284387409324,
          1.189234801569669,
          0.9986564483260736,
          -0.1037813006430327
        ],
        [
          0.04289029082473444,
          11.75836181640625,
          0.021009318797478915,
          1.125618550855127,
          0.9617181979119778,
          -0.27748584213250116
        ],
        [
          0.049815776396770865,
          9.345781326293945,
          0.34267513146766193,
          2.068340914072578,
          0.9342876449227333,
          -0.45220763288029153
        ],
        [
          0.07551836967468262,
          6.2998046875,
          0.17078439199602047,
          1.6520762231516113,
          0.9919646233320236,
          -0.3023170777581392
        ],
        [
          0.06820589182328204,
          11.65116024017334,
          0.10909174721861759,
          1.444677166034202,
          0.9657142497599125,
          -0.06180521221631252
        ],
        [
          0.054538347283188175,
          11.362035751342773,
          0.02616358549468556,
          1.1399804273079097,
          0.9784128721803427,
          -0.23802181207361628
        ],
        [
          0.04527882167271206,
          13.856523513793945,
          0.02490539482133247,
          1.143813027480157,
          0.9274122044444084,
          -0.2607904206230989
        ],
        [
          0.05688056653859664,
          8.331838607788086,
          0.36497565615586236,
          2.153926244968546,
          0.9882193924859166,
          -0.27839384420672775
        ],
        [
          0.04407597074703294,
          7.1360297203063965,
          0.3850201333841281,
          2.089363032950513,
          0.9556521736085415,
          -0.42002393327360343
        ],
        [
          0.04927409425073741,
          9.117596626281738,
          0.25608319103317945,
          1.903584522583605,
          0.9262273833155632,
          -0.3006588901502578
        ],
        [
          0.033951652293302576,
          6.925328254699707,
          0.2822331684202012,
          2.287296784712855,
          0.9760546144098043,
          -0.003316075935123619
        ],
        [
          0.04407096395687181,
          8.886123657226562,
          0.16554027468171018,
          1.737354364404592,
          0.9676769524812698,
          -0.1711687799676157
        ],
        [
          0.050312256326480786,
          9.844938278198242,
          0.0265556336010504,
          1.15396397711497,
          0.956462636590004,
          -0.16257459459313295
        ],
        [
          0.0662336982026392,
          8.024097442626953,
          0.4661904196282797,
          2.7603903822846183,
          0.9371196627616882,
          -0.22197059814692588
        ],
        [
          0.05534252828481246,
          7.566838264465332,
          0.40412527172835144,
          2.74426838861962,
          0.9667123965919018,
          -0.00633024107467639
        ],
        [
          0.04826563231799067,
          10.920398712158203,
          0.06491023674887075,
          1.3201933533474928,
          0.9821531139314175,
          -0.08889678364111053
        ],
        [
          0.04879601147710061,
          6.482706069946289,
          0.34719179504810005,
          2.4276270686727535,
          0.9738009423017502,
          -0.01739198303152112
        ],
        [
          0.05377515157063802,
          6.4763712882995605,
          0.14792937926862681,
          1.739641689488665,
          0.9590392857789993,
          -0.27204306243595944
        ],
        [
          0.029928212364514668,
          8.741915702819824,
          0.18454309642904954,
          1.8728895723201848,
          0.9973496196325868,
          -0.009732635554064561
        ],
        [
          0.053494791189829506,
          6.810187816619873,
          0.14102829437368147,
          1.693200817986344,
          0.965744286775589,
          -0.007856256302243958
        ]
      ],
      "space_C": [
        [
          0.0017352551221847534,
          3.89801094832719,
          -0.7157894736842105,
          0.3335573815568035
        ],
        [
          0.009251627922058105,
          3.670746725303155,
          1.6911764705882353,
          0.37370410793798114
        ],
        [
          0.016195591688156128,
          5.926203443888384,
          4.891304347826087,
          0.2101683047697668
        ],
        [
          0.01788990408182144,
          3.140893005519625,
          -0.1875,
          0.49563128878828094
        ],
        [
          0.008983126282691956,
          4.437771167752478,
          1.6842105263157894,
          0.49028434980440777
        ],
        [
          0.015972779095172883,
          4.2431503343803065,
          0.29411764705882354,
          0.25153214986920763
        ],
        [
          0.010766490697860717,
          6.106569961353583,
          2.8,
          0.3227052479292456
        ],
        [
          0.01649836540222168,
          5.88626582927342,
          5.868421052631579,
          0.10449682034131104
        ],
        [
          0.010256884694099426,
          4.616442922738057,
          5.176470588235294,
          0.3235261625362868
        ],
        [
          0.0074892199039459225,
          6.405334110909231,
          0.20833333333333334,
          0.2134802745971259
        ],
        [
          0.005401585102081299,
          2.918636850759069,
          -0.4523809523809524,
          0.28411768147774297
        ],
        [
          0.008044837713241578,
          5.676038736962712,
          0.9473684210526315,
          0.3277980290634834
        ],
        [
          0.0018601590394973755,
          4.474505451926726,
          0.21951219512195122,
          0.35445827553514037
        ],
        [
          0.0051962056756019595,
          3.204392773577195,
          0.0,
          0.4802358354250191
        ],
        [
          0.0018630027770996094,
          6.246560413913243,
          17.3,
          -0.03017955460828217
        ],
        [
          -0.0018605273962020875,
          5.467816786176353,
          1.8243243243243243,
          0.311738865486062
        ],
        [
          0.008520125150680543,
          5.116186085872832,
          22.58823529411765,
          0.2270332616756075
        ],
        [
          0.004951263568839248,
          5.455251522951887,
          -0.9037800687285223,
          0.23924957295651628
        ],
        [
          0.0064159358034328534,
          5.149742833620533,
          3.210526315789474,
          0.14641645415682555
        ],
        [
          0.01189539383868782,
          5.7324662803874515,
          0.9545454545454546,
          0.23471337364666903
        ]
      ],
      "dim_labels_A": [
        "valence",
        "arousal",
        "integration",
        "d_eff",
        "cf_weight",
        "sm_sal"
      ],
      "dim_labels_C": [
        "approach_avoid",
        "activity",
        "growth",
        "stability"
      ],
      "per_pattern": [
        {
          "pattern_id": 1,
          "space_A": {
            "valence": 0.04177427291870117,
            "arousal": 11.56303596496582,
            "integration": 0.03627284387409324,
            "d_eff": 1.189234801569669,
            "cf_weight": 0.9986564483260736,
            "sm_sal": -0.1037813006430327
          },
          "space_C": {
            "approach_avoid": 0.0017352551221847534,