{
  "seed": 42,
  "condition": "tanh_w16",
  "predict_activation": "tanh",
  "predict_hidden": 16,
  "config": {
    "N": 128,
    "M_max": 256,
    "obs_radius": 2,
    "embed_dim": 24,
    "hidden_dim": 16,
    "n_actions": 7,
    "K_max": 8,
    "predict_hidden": 16,
    "predict_activation": "tanh",
    "resource_regen": 0.002,
    "signal_decay": 0.04,
    "signal_diffusion": 0.15,
    "metabolic_cost": 0.0004,
    "initial_energy": 1.0,
    "resource_value": 1.5,
    "initial_resource": 0.5,
    "stress_regen": 0.0002,
    "mutation_std": 0.03,
    "tournament_size": 4,
    "elite_fraction": 0.5,
    "activate_offspring": true,
    "drought_every": 5,
    "drought_depletion": 0.01,
    "drought_regen": 0.0,
    "lamarckian": false,
    "grad_every": 1,
    "chunk_size": 50,
    "steps_per_cycle": 500,
    "n_cycles": 1,
    "obs_side": 5,
    "obs_flat": 76,
    "n_params": 4330
  },
  "cycles": [
    {
      "cycle": 0,
      "n_alive_start": 64,
      "n_alive_end": 64,
      "mean_alive": 64.0,
      "mortality": 0.0,
      "mean_phi": 0.09467783570289612,
      "mean_divergence": 8.997481590253301,
      "mean_pred_mse": 0.0013303501353696845,
      "pred_mse_early": 0.0026591287365590687,
      "pred_mse_late": 1.5715341803002048e-06,
      "mean_grad_norm": 0.031248664809390904,
      "fitness": [
        973.0264892578125,
        973.0264282226562,
        973.0264892578125,
        973.0264282226562,
        973.0264282226562,
        973.0264282226562,
        973.0264282226562,
        973.0264892578125,
        973.0264282226562,
        973.0264282226562,
        973.0264282226562,
        973.0264282226562,
        973.0264892578125,
        973.0264282226562,
        973.0264282226562,
        973.0264282226562,
        973.0264282226562,
        973.0264892578125,
        973.0264282226562,
        973.0264282226562,
        973.0264892578125,
        973.0264282226562,
        973.0264892578125,
        973.0264282226562,
        973.0264282226562,
        973.0264282226562,
        973.0264282226562,
        973.0264892578125,
        973.0264282226562,
        973.0264282226562,
        973.0264282226562,
        973.0264282226562,
        973.0264282226562,
        973.0264892578125,
        973.0264282226562,
        973.0264282226562,
        973.0264282226562,
        973.0264282226562,
        973.0264282226562,
        973.0264282226562,
        973.0264282226562,
        973.0264282226562,
        973.0264282226562,
        973.0264282226562,
        973.0264282226562,
        973.0264282226562,
        973.0264282226562,
        973.0264892578125,
        973.0264892578125,
        973.0264282226562,
        973.0264282226562,
        973.0264282226562,
        973.0264282226562,
        973.0264282226562,
        973.0264282226562,
        973.0264282226562,
        973.0264282226562,
        973.0264282226562,
        973.0264282226562,
        973.0264282226562,
        973.0264282226562,
        973.0264282226562,
        973.0264282226562,
        973.0264282226562,
        0.0,
        0.0,
        0.0,
        0.0,
        0.0,
        0.0,
        0.0,
        0.0,
        0.0,
        0.0,
        0.0,
        0.0,
        0.0,
        0.0,
        0.0,
        0.0,
        0.0,
        0.0,
        0.0,
        0.0,
        0.0,
        0.0,
        0.0,
        0.0,
        0.0,
        0.0,
        0.0,
        0.0,
        0.0,
        0.0,
        0.0,
        0.0,
        0.0,
        0.0,
        0.0,
        0.0,
        0.0,
        0.0,
        0.0,
        0.0,
        0.0,
        0.0,
        0.0,
        0.0,
        0.0,
        0.0,
        0.0,
        0.0,
        0.0,
        0.0,
        0.0,
        0.0,
        0.0,
        0.0,
        0.0,
        0.0,
        0.0,
        0.0,
        0.0,
        0.0,
        0.0,
        0.0,
        0.0,
        0.0,
        0.0,
        0.0,
        0.0,
        0.0,
        0.0,
        0.0,
        0.0,
        0.0,
        0.0,
        0.0,
        0.0,
        0.0,
        0.0,
        0.0,
        0.0,
        0.0,
        0.0,
        0.0,
        0.0,
        0.0,
        0.0,
        0.0,
        0.0,
        0.0,
        0.0,
        0.0,
        0.0,
        0.0,
        0.0,
        0.0,
        0.0,
        0.0,
        0.0,
        0.0,
        0.0,
        0.0,
        0.0,
        0.0,
        0.0,
        0.0,
        0.0,
        0.0,
        0.0,
        0.0,
        0.0,
        0.0,
        0.0,
        0.0,
        0.0,
        0.0,
        0.0,
        0.0,
        0.0,
        0.0,
        0.0,
        0.0,
        0.0,
        0.0,
        0.0,
        0.0,
        0.0,
        0.0,
        0.0,
        0.0,
        0.0,
        0.0,
        0.0,
        0.0,
        0.0,
        0.0,
        0.0,
        0.0,
        0.0,
        0.0,
        0.0,
        0.0,
        0.0,
        0.0,
        0.0,
        0.0,
        0.0,
        0.0,
        0.0,
        0.0,
        0.0,
        0.0,
        0.0,
        0.0,
        0.0,
        0.0,
        0.0,
        0.0,
        0.0,
        0.0,
        0.0,
        0.0,
        0.0,
        0.0,
        0.0,
        0.0,
        0.0,
        0.0,
        0.0,
        0.0,
        0.0,
        0.0,
        0.0,
        0.0,
        0.0,
        0.0,
        0.0,
        0.0,
        0.0,
        0.0,
        0.0,
        0.0,
        0.0,
        0.0,
        0.0,
        0.0,
        0.0,
        0.0,
        0.0,
        0.0,
        0.0,
        0.0,
        0.0,
        0.0
      ],
      "phi_base": 0.09483128488063812,
      "phi_stress": 0.09482927173376084,
      "robustness": 0.9999787712791215,
      "n_alive_base": 64,
      "n_alive_stress": 64,
      "tick_usage": {
        "mean_entropy": 2.075347423553467,
        "mean_effective_K": 7.967334747314453,
        "std_effective_K": 0.017807869240641594,
        "dominant_tick_distribution": [
          6,
          8,
          8,
          7,
          10,
          6,
          11,
          8
        ],
        "tick_0_weight_mean": 0.1258297711610794,
        "tick_0_collapsed": 0.0
      },
      "sync_decay": {
        "mean_sync_decay": 0.7496322393417358,
        "std_sync_decay": 0.011338316835463047
      },
      "lr_stats": {
        "mean_lr": 0.0050239479169249535,
        "std_lr": 0.00024399792891927063,
        "min_lr": 0.004450645763427019,
        "max_lr": 0.005698340944945812
      },
      "phenotype_drift": {
        "mean_drift": 0.07034802436828613,
        "max_drift": 0.23341628909111023,
        "std_drift": 0.05481891334056854
      },
      "elapsed_s": 6.025635004043579
    }
  ],
  "snapshots": [
    {
      "cycle": 0,
      "path": "/Users/jacob/fun/shape-of-experience/empirical/experiments/study_ca_affect/results/v28_smoke/tanh_w16/snapshot_c00.npz"
    }
  ],
  "summary": {
    "mean_robustness": 0.9999787712791215,
    "max_robustness": 0.9999787712791215,
    "mean_phi": 0.09467783570289612,
    "max_phi": 0.09467783570289612,
    "mean_pred_mse": 0.0013303501353696845,
    "final_lr": 0.0050239479169249535,
    "final_drift": 0.07034802436828613,
    "final_effective_K": 7.967334747314453,
    "final_pop": 64
  }
}