{
  "metadata": {
    "substrate": "v15",
    "seed": 7,
    "C": 16,
    "N": 128,
    "snapshot_path": "/Users/jacob/fun/shape-of-experience/empirical/experiments/study_ca_affect/results/v15_s7/snapshots/cycle_020.npz",
    "experiment": "world_model",
    "n_recording_steps": 50,
    "tau_values": [
      1,
      2,
      5,
      10,
      20
    ]
  },
  "patterns": [
    {
      "pattern_id": 0,
      "n_samples": 50,
      "W": {
        "1": 0.00018521837831725867,
        "2": 9.7826212968283e-05,
        "5": 4.188628274688053e-05,
        "10": 7.594921112201984e-06,
        "20": 4.816102991060298e-05
      },
      "mse_full": {
        "1": 0.00011607947274379798,
        "2": 0.00013212335999148608,
        "5": 0.00019813710971116347,
        "10": 8.650668895343152e-05,
        "20": 0.00021369238235825538
      },
      "mse_env": {
        "1": 0.00030129785106105666,
        "2": 0.00022994957295976908,
        "5": 0.000240023392458044,
        "10": 9.410161006563351e-05,
        "20": 0.00026185341226885836
      },
      "H_wm": 20.0,
      "C_wm": 0.0007535738039772472,
      "lifetime": 50
    },
    {
      "pattern_id": 1,
      "n_samples": 50,
      "W": {
        "1": 0.0,
        "2": 0.0,
        "5": 0.0,
        "10": 6.96919222151666e-05,
        "20": 2.710565256835743e-05
      },
      "mse_full": {
        "1": 0.00012086075136444815,
        "2": 8.058219154256953e-05,
        "5": 0.0001074539443623076,
        "10": 8.78914644242282e-05,
        "20": 0.00022028577730520208
      },
      "mse_env": {
        "1": 9.563793282237786e-05,
        "2": 7.114706416380361e-05,
        "5": 0.00010520564935634065,
        "10": 0.0001575833866393948,
        "20": 0.0002473914298735595
      },
      "H_wm": 20.0,
      "C_wm": 0.0006582176794555367,
      "lifetime": 50
    },
    {
      "pattern_id": 2,
      "n_samples": 50,
      "W": {
        "1": 6.531244533234458e-05,
        "2": 7.810298477724465e-05,
        "5": 2.6141206889776686e-05,
        "10": 0.0,
        "20": 6.420599598080759e-05
      },
      "mse_full": {
        "1": 7.232229020873358e-05,
        "2": 8.815990253277343e-05,
        "5": 4.188476462718526e-05,
        "10": 5.5773418167608636e-05,
        "20": 4.8791243085959566e-05
      },
      "mse_env": {
        "1": 0.00013763473554107816,
        "2": 0.00016626288731001808,
        "5": 6.802597151696194e-05,
        "10": 5.3975212829329665e-05,
        "20": 0.00011299723906676716
      },
      "H_wm": 20.0,
      "C_wm": 0.0006144569996838064,
      "lifetime": 50
    },
    {
      "pattern_id": 3,
      "n_samples": 50,
      "W": {
        "1": 0.0,
        "2": 0.0,
        "5": 1.8052205381779274e-05,
        "10": 0.0,
        "20": 0.0
      },
      "mse_full": {
        "1": 0.00014263894911564014,
        "2": 0.00013527396551254626,
        "5": 0.00015176490489077367,
        "10": 0.0002811165489634421,
        "20": 0.00017394135598682473
      },
      "mse_env": {
        "1": 0.00012748730991216006,
        "2": 0.00011653981485120484,
        "5": 0.00016981711027255295,
        "10": 0.0002668256352349305,
        "20": 0.00016756888445063767
      },
      "H_wm": 5.0,
      "C_wm": 7.22088215271171e-05,
      "lifetime": 50
    },
    {
      "pattern_id": 4,
      "n_samples": 50,
      "W": {
        "1": 0.0,
        "2": 0.0,
        "5": 0.0,
        "10": 0.0,
        "20": 0.0
      },
      "mse_full": {
        "1": 0.00018810333002905808,
        "2": 0.0003080970434199761,
        "5": 0.00036551980160366834,
        "10": 0.00023609588350603886,
        "20": 0.00034005653715176104
      },
      "mse_env": {
        "1": 0.00016432246023168209,
        "2": 0.00013978438416431335,
        "5": 0.00012718798744246928,
        "10": 0.00012843290282750383,
        "20": 0.00012976317714923045
      },
      "H_wm": 0.0,
      "C_wm": 0.0,
      "lifetime": 50
    },
    {
      "pattern_id": 5,
      "n_samples": 50,
      "W": {
        "1": 6.297855784607094e-05,
        "2": 1.8723905538676477e-05,
        "5": 0.0,
        "10": 0.0,
        "20": 0.0
      },
      "mse_full": {
        "1": 0.00012004967105992059,
        "2": 0.00010074156588716031,
        "5": 7.007905028915952e-05,
        "10": 9.980798997860593e-05,
        "20": 9.546254558448704e-05
      },
      "mse_env": {
        "1": 0.00018302822890599153,
        "2": 0.00011946547142583679,
        "5": 5.143954326552809e-05,
        "10": 8.867290702203529e-05,
        "20": 7.016075767962873e-05
      },
      "H_wm": 2.0,
      "C_wm": 6.893709000038842e-05,
      "lifetime": 50
    },
    {
      "pattern_id": 6,
      "n_samples": 50,
      "W": {
        "1": 0.0,
        "2": 0.0,
        "5": 0.0,
        "10": 0.0,
        "20": 0.0
      },
      "mse_full": {
        "1": 0.0001302058842453223,
        "2": 0.00011446763353377767,
        "5": 9.12982157238111e-05,
        "10": 0.00015275423199507745,
        "20": 6.98683091629727e-05
      },
      "mse_env": {
        "1": 9.128701029068739e-05,
        "2": 7.648866229322462e-05,
        "5": 8.171717963594917e-05,
        "10": 6.074240631775557e-05,
        "20": 6.0435078860785225e-05
      },
      "H_wm": 0.0,
      "C_wm": 0.0,
      "lifetime": 50
    },
    {
      "pattern_id": 7,
      "n_samples": 50,
      "W": {
        "1": 0.0,
        "2": 0.0,
        "5": 0.0,
        "10": 0.0,
        "20": 0.0
      },
      "mse_full": {
        "1": 0.0007065058123844539,
        "2": 0.00033764973119469976,
        "5": 0.001207603350727446,
        "10": 0.002932803887653261,
        "20": 0.0016327053270546346
      },
      "mse_env": {
        "1": 8.759248883631592e-05,
        "2": 9.802345534794934e-05,
        "5": 9.282209036822573e-05,
        "10": 9.058489151391141e-05,
        "20": 0.0002912428651695324
      },
      "H_wm": 0.0,
      "C_wm": 0.0,
      "lifetime": 50
    },
    {
      "pattern_id": 8,
      "n_samples": 50,
      "W": {
        "1": 0.0,
        "2": 0.0,
        "5": 0.0,
        "10": 0.0,
        "20": 0.0
      },
      "mse_full": {
        "1": 0.0003027717620205521,
        "2": 0.0004167337026127936,
        "5": 0.0002743630348140435,
        "10": 0.0005821365942821491,
        "20": 0.000502682110042267
      },
      "mse_env": {
        "1": 8.201714014830056e-05,
        "2": 0.00010062310978919801,
        "5": 0.00013624789479418857,
        "10": 0.0001367169456664931,
        "20": 0.00017383099061438122
      },
      "H_wm": 0.0,
      "C_wm": 0.0,
      "lifetime": 50
    },
    {
      "pattern_id": 9,
      "n_samples": 50,
      "W": {
        "1": 2.576068047702744e-05,
        "2": 1.297828085270456e-05,
        "5": 7.093999440576343e-05,
        "10": 3.500638986471897e-05,
        "20": 7.465423966754184e-06
      },
      "mse_full": {
        "1": 6.545956829462783e-05,
        "2": 9.259085884495919e-05,
        "5": 8.202218168448768e-05,
        "10": 4.6702594361917906e-05,
        "20": 9.756541677459788e-05
      },
      "mse_env": {
        "1": 9.122024877165526e-05,
        "2": 0.00010556913969766375,
        "5": 0.0001529621760902511,
        "10": 8.170898422663687e-05,
        "20": 0.00010503084074135207
      },
      "H_wm": 20.0,
      "C_wm": 0.0006224719233861398,
      "lifetime": 50
    },
    {
      "pattern_id": 10,
      "n_samples": 50,
      "W": {
        "1": 1.6893359939646477e-05,
        "2": 0.0,
        "5": 0.0,
        "10": 0.0,
        "20": 5.4898727609468094e-05
      },
      "mse_full": {
        "1": 8.592855176768727e-05,
        "2": 0.00011816632474232508,
        "5": 0.00020364591467593725,
        "10": 0.00011466299425293958,
        "20": 0.0001492446453350813
      },
      "mse_env": {
        "1": 0.00010282191170733374,
        "2": 0.00011108829982161158,
        "5": 0.00016774101030472819,
        "10": 8.222178417657362e-05,
        "20": 0.0002041433729445494
      },