{
  "metadata": {
    "substrate": "v15",
    "seed": 7,
    "C": 16,
    "N": 128,
    "snapshot_path": "/Users/jacob/fun/shape-of-experience/empirical/experiments/study_ca_affect/results/v15_s7/snapshots/cycle_000.npz",
    "experiment": "world_model",
    "n_recording_steps": 50,
    "tau_values": [
      1,
      2,
      5,
      10,
      20
    ]
  },
  "patterns": [
    {
      "pattern_id": 7,
      "n_samples": 50,
      "W": {
        "1": 0.0,
        "2": 8.205747254083596e-06,
        "5": 0.0,
        "10": 1.094878380062246e-05,
        "20": 0.0
      },
      "mse_full": {
        "1": 0.00011255731731055243,
        "2": 0.00012219734161156645,
        "5": 0.00013640070723209307,
        "10": 0.00016403134906755384,
        "20": 0.000163165877074502
      },
      "mse_env": {
        "1": 8.874481755426069e-05,
        "2": 0.00013040308886565005,
        "5": 0.00010131995675659003,
        "10": 0.0001749801328681763,
        "20": 0.00015012542997583573
      },
      "H_wm": 10.0,
      "C_wm": 9.852737301283564e-05,
      "lifetime": 50
    },
    {
      "pattern_id": 8,
      "n_samples": 50,
      "W": {
        "1": 0.0,
        "2": 0.0,
        "5": 0.0,
        "10": 0.0,
        "20": 0.0
      },
      "mse_full": {
        "1": 0.00013912231272960774,
        "2": 9.208908549253837e-05,
        "5": 5.7872622321371326e-05,
        "10": 0.00012622905511512722,
        "20": 6.249025500237252e-05
      },
      "mse_env": {
        "1": 4.4113883870236864e-05,
        "2": 4.799152358206552e-05,
        "5": 5.030398292448084e-05,
        "10": 5.320746538898105e-05,
        "20": 5.442425317832464e-05
      },
      "H_wm": 0.0,
      "C_wm": 0.0,
      "lifetime": 50
    },
    {
      "pattern_id": 20,
      "n_samples": 50,
      "W": {
        "1": 3.7467534354965494e-05,
        "2": 4.54005380999448e-05,
        "5": 0.0,
        "10": 1.3141253367869167e-06,
        "20": 0.0
      },
      "mse_full": {
        "1": 6.098891928280753e-05,
        "2": 7.270413071173465e-05,
        "5": 8.866141761721049e-05,
        "10": 5.173207177432454e-05,
        "20": 9.214166841674072e-05
      },
      "mse_env": {
        "1": 9.845645363777302e-05,
        "2": 0.00011810466881167945,
        "5": 6.453183894286896e-05,
        "10": 5.304619711111146e-05,
        "20": 6.501764009974029e-05
      },
      "H_wm": 10.0,
      "C_wm": 0.00011939078340327422,
      "lifetime": 50
    },
    {
      "pattern_id": 29,
      "n_samples": 50,
      "W": {
        "1": 0.0,
        "2": 0.0,
        "5": 0.0,
        "10": 0.0,
        "20": 0.0
      },
      "mse_full": {
        "1": 0.0003461999182423011,
        "2": 0.0006946003610347849,
        "5": 0.0009838938219125322,
        "10": 0.001250157104716421,
        "20": 0.0007474340821463865
      },
      "mse_env": {
        "1": 0.0001602865136661844,
        "2": 0.00017488388682211414,
        "5": 0.0001792713494220869,
        "10": 0.00022734793670140964,
        "20": 0.00011268411919467093
      },
      "H_wm": 0.0,
      "C_wm": 0.0,
      "lifetime": 50
    },
    {
      "pattern_id": 34,
      "n_samples": 50,
      "W": {
        "1": 0.0,
        "2": 0.0,
        "5": 0.0,
        "10": 0.0,
        "20": 0.0
      },
      "mse_full": {
        "1": 0.00013451479169352724,
        "2": 0.0001125715011469181,
        "5": 0.0002605390196382841,
        "10": 0.0001803260837672001,
        "20": 0.0004641293951770047
      },
      "mse_env": {
        "1": 7.77057759369428e-05,
        "2": 7.615156331143433e-05,
        "5": 0.0002171786505420271,
        "10": 0.00013891204993070973,
        "20": 0.00011830521723859289
      },
      "H_wm": 0.0,
      "C_wm": 0.0,
      "lifetime": 50
    },
    {
      "pattern_id": 35,
      "n_samples": 50,
      "W": {
        "1": 0.0,
        "2": 0.0,
        "5": 0.0,
        "10": 0.0,
        "20": 0.0
      },
      "mse_full": {
        "1": 0.0001240330182901159,
        "2": 0.0001450706356420905,
        "5": 8.083164703546824e-05,
        "10": 9.37161203626543e-05,
        "20": 5.9538872223656695e-05
      },
      "mse_env": {
        "1": 0.00010800173935234939,
        "2": 0.00010658487226376916,
        "5": 6.719550302548114e-05,
        "10": 5.640083304209432e-05,
        "20": 4.531779197190123e-05
      },
      "H_wm": 0.0,
      "C_wm": 0.0,
      "lifetime": 50
    },
    {
      "pattern_id": 36,
      "n_samples": 50,
      "W": {
        "1": 0.0,
        "2": 0.0,
        "5": 0.0,
        "10": 0.0,
        "20": 0.0
      },
      "mse_full": {
        "1": 0.13235415717043714,
        "2": 0.11782182494731781,
        "5": 0.14954831564267063,
        "10": 0.2302589383447622,
        "20": 0.08735803221703402
      },
      "mse_env": {
        "1": 0.00012192313825402537,
        "2": 0.00012178688609737668,
        "5": 9.530187425823406e-05,
        "10": 0.00010704665777503933,
        "20": 7.947760283326918e-05
      },
      "H_wm": 0.0,
      "C_wm": 0.0,
      "lifetime": 50
    },
    {
      "pattern_id": 38,
      "n_samples": 50,
      "W": {
        "1": 7.464836540175843e-06,
        "2": 1.6479504239298037e-06,
        "5": 4.8550432578467e-06,
        "10": 0.0,
        "20": 1.3980723760098462e-05
      },
      "mse_full": {
        "1": 5.4841201000727766e-05,
        "2": 7.07224688305943e-05,
        "5": 4.970644459725741e-05,
        "10": 0.0001819709879453276,
        "20": 4.981443031035739e-05
      },
      "mse_env": {
        "1": 6.230603754090361e-05,
        "2": 7.237041925452411e-05,
        "5": 5.456148785510411e-05,
        "10": 9.99576663525366e-05,
        "20": 6.379515407045585e-05
      },
      "H_wm": 20.0,
      "C_wm": 9.635211094982663e-05,
      "lifetime": 50
    },
    {
      "pattern_id": 40,
      "n_samples": 50,
      "W": {
        "1": 0.0,
        "2": 0.0,
        "5": 0.0,
        "10": 0.0,
        "20": 0.0
      },
      "mse_full": {
        "1": 0.0006449903032877277,
        "2": 0.0015716869369545965,
        "5": 0.0008249468618116842,
        "10": 0.0005261687602567611,
        "20": 0.0015624137106001429
      },
      "mse_env": {
        "1": 2.7760840673310843e-05,
        "2": 2.9209570166269695e-05,
        "5": 3.02948136293886e-05,
        "10": 6.747099661906178e-05,
        "20": 8.575559163711606e-05
      },
      "H_wm": 0.0,
      "C_wm": 0.0,
      "lifetime": 50
    },
    {
      "pattern_id": 50,
      "n_samples": 50,
      "W": {
        "1": 0.0,
        "2": 0.0,
        "5": 0.0,
        "10": 0.0,
        "20": 0.0
      },
      "mse_full": {
        "1": 8.123959674680688e-05,
        "2": 9.952495295018834e-05,
        "5": 0.0001625652499343059,
        "10": 8.614281959472552e-05,
        "20": 0.0001432025535617174
      },
      "mse_env": {
        "1": 4.7505148706679423e-05,
        "2": 7.78416157649054e-05,
        "5": 0.00010398169919525377,
        "10": 4.004472743041099e-05,
        "20": 6.293986299322446e-05
      },
      "H_wm": 0.0,
      "C_wm": 0.0,
      "lifetime": 50
    },
    {
      "pattern_id": 51,
      "n_samples": 50,
      "W": {
        "1": 0.0,
        "2": 0.0,
        "5": 0.0,
        "10": 0.0,
        "20": 0.0
      },
      "mse_full": {
        "1": 0.00011672618963636601,
        "2": 0.0001303190072370109,
        "5": 0.00022780071275686374,
        "10": 6.986805282482083e-05,
        "20": 0.0001395755336847269
      },
      "mse_env": {
        "1": 7.126789829589891e-05,
        "2": 7.040849839682423e-05,
        "5": 6.986084511140406e-05,
        "10": 4.6038447387119175e-05,
        "20": 4.814241286109102e-05
      },
      "H_wm": 0.0,
      "C_wm": 0.0,
      "lifetime": 50
    },
    {
      "pattern_id": 55,
      "n_samples": 50,
      "W": {
        "1": 0.0,
        "2": 0.0,
        "5": 0.0,
        "10": 0.0,
        "20": 0.0
      },
      "mse_full": {
        "1": 0.0004574142023372551,