{
  "metadata": {
    "substrate": "v15",
    "seed": 7,
    "C": 16,
    "N": 128,
    "snapshot_path": "/Users/jacob/fun/shape-of-experience/empirical/experiments/study_ca_affect/results/v15_s7/snapshots/cycle_005.npz",
    "experiment": "world_model",
    "n_recording_steps": 50,
    "tau_values": [
      1,
      2,
      5,
      10,
      20
    ]
  },
  "patterns": [
    {
      "pattern_id": 0,
      "n_samples": 50,
      "W": {
        "1": 0.0,
        "2": 0.0,
        "5": 0.0,
        "10": 0.0,
        "20": 0.0
      },
      "mse_full": {
        "1": 0.00028965307247477007,
        "2": 0.00017219036319042312,
        "5": 0.00010952293011237307,
        "10": 0.00010980695633178956,
        "20": 0.00014459016409361657
      },
      "mse_env": {
        "1": 0.00014268304153148786,
        "2": 7.350752618869144e-05,
        "5": 0.00010325347337531172,
        "10": 7.673787392111361e-05,
        "20": 0.00010958424571180453
      },
      "H_wm": 0.0,
      "C_wm": 0.0,
      "lifetime": 50
    },
    {
      "pattern_id": 1,
      "n_samples": 50,
      "W": {
        "1": 0.0,
        "2": 0.0,
        "5": 1.8770513130783413e-05,
        "10": 1.6027595287929303e-05,
        "20": 2.4246137176509475e-05
      },
      "mse_full": {
        "1": 0.0002115672366650411,
        "2": 0.00012917275997671919,
        "5": 8.112693342857475e-05,
        "10": 0.0001675862890708408,
        "20": 0.00013610659950249798
      },
      "mse_env": {
        "1": 0.00014329105525267405,
        "2": 8.911101823332236e-05,
        "5": 9.989744655935816e-05,
        "10": 0.0001836138843587701,
        "20": 0.00016035273667900745
      },
      "H_wm": 20.0,
      "C_wm": 0.0003165197030651508,
      "lifetime": 50
    },
    {
      "pattern_id": 2,
      "n_samples": 50,
      "W": {
        "1": 0.0,
        "2": 0.0,
        "5": 0.0,
        "10": 6.24851044633576e-05,
        "20": 0.0
      },
      "mse_full": {
        "1": 0.00021057941657187288,
        "2": 0.00018022918466717314,
        "5": 0.00011939250054651823,
        "10": 0.00012345637148859748,
        "20": 0.00019219874215219485
      },
      "mse_env": {
        "1": 0.00018516636928902526,
        "2": 0.00014044804496315868,
        "5": 0.00010815704455843858,
        "10": 0.00018594147595195508,
        "20": 0.00010967807088336651
      },
      "H_wm": 10.0,
      "C_wm": 0.000468638283475182,
      "lifetime": 50
    },
    {
      "pattern_id": 4,
      "n_samples": 50,
      "W": {
        "1": 0.0,
        "2": 0.0,
        "5": 0.0,
        "10": 0.0,
        "20": 0.0
      },
      "mse_full": {
        "1": 0.00031526637043171593,
        "2": 0.00031459002493696103,
        "5": 0.0002417758086304045,
        "10": 0.00027682647927178305,
        "20": 0.000147817568946141
      },
      "mse_env": {
        "1": 0.00016550375450480136,
        "2": 0.00016374379140944928,
        "5": 0.00010497036299701951,
        "10": 0.00013497452588724998,
        "20": 0.0001230660301757725
      },
      "H_wm": 0.0,
      "C_wm": 0.0,
      "lifetime": 50
    },
    {
      "pattern_id": 5,
      "n_samples": 50,
      "W": {
        "1": 0.0,
        "2": 0.0,
        "5": 0.0,
        "10": 0.0,
        "20": 0.0
      },
      "mse_full": {
        "1": 0.03837638821744099,
        "2": 0.020272346206319316,
        "5": 0.02766927544312365,
        "10": 0.024846922101211824,
        "20": 0.011939603162854556
      },
      "mse_env": {
        "1": 0.0001972879837737923,
        "2": 0.00016258791580328372,
        "5": 0.00010332157415231743,
        "10": 0.00017157119551263435,
        "20": 0.00015999572766429323
      },
      "H_wm": 0.0,
      "C_wm": 0.0,
      "lifetime": 50
    },
    {
      "pattern_id": 6,
      "n_samples": 50,
      "W": {
        "1": 0.0,
        "2": 0.0,
        "5": 0.0,
        "10": 0.0,
        "20": 0.0
      },
      "mse_full": {
        "1": 0.0015162207185607525,
        "2": 0.000985077604790336,
        "5": 0.0005053392950826029,
        "10": 0.0005701658723775391,
        "20": 0.0022017033514605696
      },
      "mse_env": {
        "1": 9.149136735584601e-05,
        "2": 0.00010567196172304643,
        "5": 0.00014539330146130203,
        "10": 0.00013572080937399692,
        "20": 0.00010679355320831994
      },
      "H_wm": 0.0,
      "C_wm": 0.0,
      "lifetime": 50
    },
    {
      "pattern_id": 7,
      "n_samples": 50,
      "W": {
        "1": 0.0,
        "2": 0.0,
        "5": 0.0,
        "10": 0.0,
        "20": 0.0
      },
      "mse_full": {
        "1": 0.01459724250289634,
        "2": 0.017853631047477232,
        "5": 0.02506999865857289,
        "10": 0.016802628509635684,
        "20": 0.01560927874557387
      },
      "mse_env": {
        "1": 0.00011992272265394063,
        "2": 9.925910766432416e-05,
        "5": 0.0001408764054966889,
        "10": 6.114630647791951e-05,
        "20": 0.00011386770042945849
      },
      "H_wm": 0.0,
      "C_wm": 0.0,
      "lifetime": 50
    },
    {
      "pattern_id": 8,
      "n_samples": 50,
      "W": {
        "1": 0.0,
        "2": 0.0,
        "5": 0.0,
        "10": 0.0,
        "20": 0.0
      },
      "mse_full": {
        "1": 0.0002848975128496296,
        "2": 0.0002159798749496686,
        "5": 0.0002599719924235197,
        "10": 0.00016856828754286852,
        "20": 0.0002746642445397841
      },
      "mse_env": {
        "1": 0.00013224030612205294,
        "2": 0.00011059948301511037,
        "5": 6.151258603761217e-05,
        "10": 5.709994420292976e-05,
        "20": 9.187228422435437e-05
      },
      "H_wm": 0.0,
      "C_wm": 0.0,
      "lifetime": 50
    },
    {
      "pattern_id": 9,
      "n_samples": 50,
      "W": {
        "1": 7.03550851806041e-05,
        "2": 4.322093352624442e-05,
        "5": 0.0,
        "10": 4.309776105075578e-05,
        "20": 5.107407713141399e-05
      },
      "mse_full": {
        "1": 8.761784363434504e-05,
        "2": 0.00010457565952187596,
        "5": 6.879611262030773e-05,
        "10": 0.0001241049331856406,
        "20": 0.00021959480163266732
      },
      "mse_env": {
        "1": 0.00015797292881494914,
        "2": 0.00014779659304812038,
        "5": 6.285979076500895e-05,
        "10": 0.00016720269423639637,
        "20": 0.0002706688787640813
      },
      "H_wm": 20.0,
      "C_wm": 0.0007002230031805292,
      "lifetime": 50
    },
    {
      "pattern_id": 10,
      "n_samples": 50,
      "W": {
        "1": 0.0,
        "2": 0.0,
        "5": 0.0,
        "10": 0.0,
        "20": 0.0
      },
      "mse_full": {
        "1": 0.0003851506139349356,
        "2": 0.0006372317202037622,
        "5": 0.00032561950980976713,
        "10": 0.00025290179870998187,
        "20": 0.00024416122386980595
      },
      "mse_env": {
        "1": 0.00016125183068308493,
        "2": 0.0001727371913452284,
        "5": 0.00013770136591697798,
        "10": 0.0001417339725135027,
        "20": 0.00015926288469631026
      },
      "H_wm": 0.0,
      "C_wm": 0.0,
      "lifetime": 50
    },
    {
      "pattern_id": 11,
      "n_samples": 50,
      "W": {
        "1": 3.4876094489617177e-05,
        "2": 0.0,
        "5": 0.0,
        "10": 0.0,
        "20": 0.0
      },
      "mse_full": {
        "1": 0.00015915392234918356,
        "2": 0.0001494919427420793,
        "5": 0.00030759908644096325,
        "10": 0.00012790249560253936,
        "20": 0.0001957502843884658
      },
      "mse_env": {
        "1": 0.00019403001683880074,
        "2": 0.00012585832771132632,
        "5": 0.00013336673876823343,
        "10": 3.694124841720168e-05,
        "20": 5.351208120914348e-05
      },
      "H_wm": 1.0,
      "C_wm": 1.7438047244808588e-05,
      "lifetime": 50
    },
    {
      "pattern_id": 12,
      "n_samples": 50,
      "W": {
        "1": 0.0,
        "2": 0.0,
        "5": 0.0,
        "10": 0.0,
        "20": 0.0
      },