{
  "metadata": {
    "substrate": "v15",
    "seed": 7,
    "C": 16,
    "N": 128,
    "snapshot_path": "/Users/jacob/fun/shape-of-experience/empirical/experiments/study_ca_affect/results/v15_s7/snapshots/cycle_015.npz",
    "experiment": "world_model",
    "n_recording_steps": 50,
    "tau_values": [
      1,
      2,
      5,
      10,
      20
    ]
  },
  "patterns": [
    {
      "pattern_id": 0,
      "n_samples": 50,
      "W": {
        "1": 0.0,
        "2": 0.0,
        "5": 0.0,
        "10": 0.0,
        "20": 0.0
      },
      "mse_full": {
        "1": 0.000361422107628569,
        "2": 0.0005886099557120118,
        "5": 0.0003959138605273945,
        "10": 0.00018479044099502739,
        "20": 0.0002029769623662467
      },
      "mse_env": {
        "1": 0.00019724817414596508,
        "2": 0.00021025817748474175,
        "5": 0.00012319028096687058,
        "10": 8.959462450968181e-05,
        "20": 0.00013906056228454205
      },
      "H_wm": 0.0,
      "C_wm": 0.0,
      "lifetime": 50
    },
    {
      "pattern_id": 1,
      "n_samples": 50,
      "W": {
        "1": 0.0,
        "2": 0.0,
        "5": 0.0,
        "10": 0.0,
        "20": 0.0
      },
      "mse_full": {
        "1": 0.0004414337461392156,
        "2": 0.00046531510219030006,
        "5": 0.00020116193106549623,
        "10": 0.00020993778963293306,
        "20": 0.0002696121459016076
      },
      "mse_env": {
        "1": 0.00025579443149184925,
        "2": 0.0002789937689189761,
        "5": 0.00014344868390284935,
        "10": 0.00015624006822041766,
        "20": 0.00011576010002436786
      },
      "H_wm": 0.0,
      "C_wm": 0.0,
      "lifetime": 50
    },
    {
      "pattern_id": 2,
      "n_samples": 50,
      "W": {
        "1": 0.0,
        "2": 0.0,
        "5": 7.876167855728968e-07,
        "10": 0.0,
        "20": 0.0
      },
      "mse_full": {
        "1": 0.0001872886881486964,
        "2": 0.0002442029587292301,
        "5": 0.0001718922392041131,
        "10": 0.00016190985199493165,
        "20": 0.00013651960335294726
      },
      "mse_env": {
        "1": 0.00010566268585608092,
        "2": 0.0001467910727624373,
        "5": 0.000172679855989686,
        "10": 0.000129946487810783,
        "20": 0.00011737922036598595
      },
      "H_wm": 5.0,
      "C_wm": 3.150467142291587e-06,
      "lifetime": 50
    },
    {
      "pattern_id": 3,
      "n_samples": 50,
      "W": {
        "1": 0.0,
        "2": 0.0,
        "5": 0.0,
        "10": 0.0,
        "20": 0.0
      },
      "mse_full": {
        "1": 9.317978541799037e-05,
        "2": 9.538999388059899e-05,
        "5": 0.00017383746412155947,
        "10": 0.0003058919618559048,
        "20": 9.902746403272148e-05
      },
      "mse_env": {
        "1": 6.725411315405236e-05,
        "2": 6.115332152812326e-05,
        "5": 7.065618538430271e-05,
        "10": 0.0001444042616936669,
        "20": 5.8492504507851906e-05
      },
      "H_wm": 0.0,
      "C_wm": 0.0,
      "lifetime": 50
    },
    {
      "pattern_id": 4,
      "n_samples": 50,
      "W": {
        "1": 3.9229110428348865e-05,
        "2": 4.803817344010809e-05,
        "5": 0.0,
        "10": 0.0,
        "20": 4.926871769549314e-05
      },
      "mse_full": {
        "1": 0.00012499381339752138,
        "2": 0.00016823364449452556,
        "5": 0.0001258445945912722,
        "10": 0.00015462901344706734,
        "20": 0.00014654605574949283
      },
      "mse_env": {
        "1": 0.00016422292382587024,
        "2": 0.00021627181793463366,
        "5": 6.0612376705448046e-05,
        "10": 0.000147495785719968,
        "20": 0.00019581477344498597
      },
      "H_wm": 20.0,
      "C_wm": 0.0003620344905718563,
      "lifetime": 50
    },
    {
      "pattern_id": 5,
      "n_samples": 50,
      "W": {
        "1": 0.0,
        "2": 0.0,
        "5": 0.0,
        "10": 0.0,
        "20": 0.0
      },
      "mse_full": {
        "1": 8.75082239197547e-05,
        "2": 0.00012250096566679322,
        "5": 0.00028913600421643146,
        "10": 0.00038392535915333285,
        "20": 0.000115735745030204
      },
      "mse_env": {
        "1": 5.806868378938216e-05,
        "2": 7.600031279308187e-05,
        "5": 0.0001380837802212165,
        "10": 0.00019288500497812456,
        "20": 6.720321481690152e-05
      },
      "H_wm": 0.0,
      "C_wm": 0.0,
      "lifetime": 50
    },
    {
      "pattern_id": 6,
      "n_samples": 50,
      "W": {
        "1": 0.0,
        "2": 0.0,
        "5": 0.0,
        "10": 0.0,
        "20": 0.0
      },
      "mse_full": {
        "1": 0.002238103459386229,
        "2": 0.0016565624005405069,
        "5": 0.001445488281177035,
        "10": 0.0010710019100954595,
        "20": 0.0018679096693194753
      },
      "mse_env": {
        "1": 0.00021912029828631904,
        "2": 0.0001950737295662655,
        "5": 5.241587909840196e-05,
        "10": 8.534401976360883e-05,
        "20": 0.00011326183404224152
      },
      "H_wm": 0.0,
      "C_wm": 0.0,
      "lifetime": 50
    },
    {
      "pattern_id": 7,
      "n_samples": 50,
      "W": {
        "1": 0.0,
        "2": 0.0,
        "5": 0.0,
        "10": 0.0,
        "20": 0.0
      },
      "mse_full": {
        "1": 0.013418077081649438,
        "2": 0.015496493633916766,
        "5": 0.029745357277173968,
        "10": 0.010931680024119168,
        "20": 0.01126653517003517
      },
      "mse_env": {
        "1": 6.526439322880763e-05,
        "2": 8.231578089247726e-05,
        "5": 0.0001612292588875495,
        "10": 0.000137185011896243,
        "20": 7.453063323977814e-05
      },
      "H_wm": 0.0,
      "C_wm": 0.0,
      "lifetime": 50
    },
    {
      "pattern_id": 8,
      "n_samples": 50,
      "W": {
        "1": 0.0,
        "2": 0.0,
        "5": 0.0,
        "10": 0.0,
        "20": 0.0
      },
      "mse_full": {
        "1": 0.005243739833639485,
        "2": 0.0016449638209580027,
        "5": 0.0008115904210396332,
        "10": 0.0014872299477758256,
        "20": 0.0014431143414235723
      },
      "mse_env": {
        "1": 6.325488360401517e-05,
        "2": 5.419325370468362e-05,
        "5": 7.188691162346176e-05,
        "10": 3.9112522797685874e-05,
        "20": 6.536597209954064e-05
      },
      "H_wm": 0.0,
      "C_wm": 0.0,
      "lifetime": 50
    },
    {
      "pattern_id": 9,
      "n_samples": 50,
      "W": {
        "1": 9.211079678393696e-05,
        "2": 0.0,
        "5": 0.0,
        "10": 0.0,
        "20": 0.0
      },
      "mse_full": {
        "1": 0.00014740443794389373,
        "2": 0.00021469420430907487,
        "5": 0.00018501140332573577,
        "10": 0.00016574964977779535,
        "20": 0.00016723700613645846
      },
      "mse_env": {
        "1": 0.0002395152347278307,
        "2": 0.00021290567765459633,
        "5": 0.00015359653962317187,
        "10": 0.0001404881677122856,
        "20": 0.00014762922563158737
      },
      "H_wm": 1.0,
      "C_wm": 4.605539839196848e-05,
      "lifetime": 50
    },
    {
      "pattern_id": 10,
      "n_samples": 50,
      "W": {
        "1": 0.0,
        "2": 0.0,
        "5": 0.0,
        "10": 0.0,
        "20": 0.0
      },
      "mse_full": {
        "1": 0.007705073929101425,
        "2": 0.004375797346281595,
        "5": 0.02056751127927765,
        "10": 0.027103792533056732,
        "20": 0.010292565328131349
      },
      "mse_env": {
        "1": 6.714194439868901e-05,
        "2": 8.646893633975898e-05,
        "5": 0.00011115678883145833,
        "10": 8.542497355247465e-05,
        "20": 5.987967155169924e-05
      },
      "H_wm": 0.0,
      "C_wm": 0.0,
      "lifetime": 50
    },
    {
      "pattern_id": 11,
      "n_samples": 50,
      "W": {
        "1": 0.0,
        "2": 0.0,
        "5": 0.0,
        "10": 0.0,
        "20": 0.0
      },
      "mse_full": {
        "1": 0.00011315721860725441,
        "2": 0.00012227942551318202,
        "5": 0.00014260212081109206,