{
  "metadata": {
    "substrate": "v15",
    "seed": 7,
    "C": 16,
    "N": 128,
    "snapshot_path": "/Users/jacob/fun/shape-of-experience/empirical/experiments/study_ca_affect/results/v15_s7/snapshots/cycle_025.npz",
    "experiment": "world_model",
    "n_recording_steps": 50,
    "tau_values": [
      1,
      2,
      5,
      10,
      20
    ]
  },
  "patterns": [
    {
      "pattern_id": 0,
      "n_samples": 50,
      "W": {
        "1": 0.0,
        "2": 0.0,
        "5": 0.0,
        "10": 0.0,
        "20": 0.0
      },
      "mse_full": {
        "1": 0.0004568323722306341,
        "2": 0.000276110115438729,
        "5": 0.00034120252274954285,
        "10": 0.00023616146971804222,
        "20": 0.00023763667132118004
      },
      "mse_env": {
        "1": 0.0003995279501928134,
        "2": 0.00023736387845643467,
        "5": 0.00014131087529002605,
        "10": 0.00016935817352260757,
        "20": 0.0002234197378170418
      },
      "H_wm": 0.0,
      "C_wm": 0.0,
      "lifetime": 50
    },
    {
      "pattern_id": 1,
      "n_samples": 50,
      "W": {
        "1": 7.61525503321547e-05,
        "2": 8.137520239152499e-05,
        "5": 2.9184719013617658e-05,
        "10": 3.366007249677803e-05,
        "20": 0.0
      },
      "mse_full": {
        "1": 0.00028753329851757624,
        "2": 0.00022456045734806085,
        "5": 0.0001437234429219146,
        "10": 0.00011858563441292548,
        "20": 0.00011465463899308372
      },
      "mse_env": {
        "1": 0.00036368584884973094,
        "2": 0.00030593565973958584,
        "5": 0.00017290816193553225,
        "10": 0.0001522457069097035,
        "20": 9.771916717738855e-05
      },
      "H_wm": 10.0,
      "C_wm": 0.0005700160997294332,
      "lifetime": 50
    },
    {
      "pattern_id": 2,
      "n_samples": 50,
      "W": {
        "1": 4.751655522533516e-05,
        "2": 0.0,
        "5": 0.0,
        "10": 6.130730971260127e-05,
        "20": 8.530530031110932e-05
      },
      "mse_full": {
        "1": 0.0003556515245056656,
        "2": 0.00023713599625066004,
        "5": 0.00012866940118682046,
        "10": 0.0001916891680643251,
        "20": 0.0001524118114359051
      },
      "mse_env": {
        "1": 0.00040316807973100075,
        "2": 0.0001736237657803975,
        "5": 0.00012262546628507304,
        "10": 0.0002529964777769264,
        "20": 0.00023771711174701442
      },
      "H_wm": 20.0,
      "C_wm": 0.0009100896020127237,
      "lifetime": 50
    }
  ],
  "summary": {
    "mean_C_wm": 0.0004933685672473856,
    "max_C_wm": 0.0009100896020127237,
    "mean_H_wm": 10.0,
    "n_with_world_model": 2,
    "frac_with_world_model": 0.6666666666666666,
    "mean_W_by_tau": {
      "1": 4.122303518582995e-05,
      "2": 2.7125067463841664e-05,
      "5": 9.728239671205887e-06,
      "10": 3.16557940697931e-05,
      "20": 2.843510010370311e-05
    }
  }
}