{
  "metadata": {
    "substrate": "v15",
    "seed": 7,
    "C": 16,
    "N": 128,
    "snapshot_path": "/Users/jacob/fun/shape-of-experience/empirical/experiments/study_ca_affect/results/v15_s7/snapshots/cycle_029.npz",
    "experiment": "world_model",
    "n_recording_steps": 50,
    "tau_values": [
      1,
      2,
      5,
      10,
      20
    ]
  },
  "patterns": [
    {
      "pattern_id": 1,
      "n_samples": 50,
      "W": {
        "1": 0.0,
        "2": 0.0,
        "5": 0.0,
        "10": 0.0,
        "20": 0.0
      },
      "mse_full": {
        "1": 0.0008504993397448282,
        "2": 0.0011002411129806596,
        "5": 0.0004403395995333361,
        "10": 0.0007955981034486033,
        "20": 0.0005012612967693008
      },
      "mse_env": {
        "1": 8.574172817033012e-05,
        "2": 8.339729745923497e-05,
        "5": 0.00012048310636517793,
        "10": 0.00011751791352038288,
        "20": 7.879050016643711e-05
      },
      "H_wm": 0.0,
      "C_wm": 0.0,
      "lifetime": 50
    },
    {
      "pattern_id": 2,
      "n_samples": 50,
      "W": {
        "1": 0.0,
        "2": 0.0,
        "5": 0.0,
        "10": 0.0,
        "20": 0.0
      },
      "mse_full": {
        "1": 0.00017386761493295275,
        "2": 0.00013212325537440565,
        "5": 0.00012485522212794827,
        "10": 0.00011505389424775789,
        "20": 0.00020943905654465775
      },
      "mse_env": {
        "1": 9.873610670310474e-05,
        "2": 7.92244409399108e-05,
        "5": 5.758421703950464e-05,
        "10": 6.110063164638428e-05,
        "20": 0.00011870606282935526
      },
      "H_wm": 0.0,
      "C_wm": 0.0,
      "lifetime": 50
    },
    {
      "pattern_id": 4,
      "n_samples": 50,
      "W": {
        "1": 5.89902862830744e-06,
        "2": 0.0,
        "5": 0.0,
        "10": 0.0,
        "20": 0.0
      },
      "mse_full": {
        "1": 8.103088461259013e-05,
        "2": 9.803260281215551e-05,
        "5": 9.262579722421353e-05,
        "10": 8.350506347512844e-05,
        "20": 0.0001669945034030135
      },
      "mse_env": {
        "1": 8.692991324089757e-05,
        "2": 9.253093048629894e-05,
        "5": 7.642636135027177e-05,
        "10": 5.12340992920207e-05,
        "20": 0.00015304298481691903
      },
      "H_wm": 1.0,
      "C_wm": 2.94951431415372e-06,
      "lifetime": 50
    },
    {
      "pattern_id": 5,
      "n_samples": 50,
      "W": {
        "1": 0.0,
        "2": 0.0,
        "5": 0.0,
        "10": 0.0,
        "20": 0.0001230748965734322
      },
      "mse_full": {
        "1": 0.00024894575767396034,
        "2": 0.00022769338565639232,
        "5": 0.00022045839639422065,
        "10": 0.00012435818158288038,
        "20": 0.00012777965807281286
      },
      "mse_env": {
        "1": 0.00016045794404822078,
        "2": 0.00021918537376391817,
        "5": 0.00011431999851826527,
        "10": 0.00010547294219463467,
        "20": 0.00025085455464624506
      },
      "H_wm": 20.0,
      "C_wm": 0.000615374482867161,
      "lifetime": 50
    },
    {
      "pattern_id": 6,
      "n_samples": 50,
      "W": {
        "1": 0.0,
        "2": 0.0,
        "5": 0.0,
        "10": 0.0,
        "20": 0.0
      },
      "mse_full": {
        "1": 0.00020907830576040524,
        "2": 0.0003159949674545495,
        "5": 0.0001580055508490031,
        "10": 0.00012026399863874744,
        "20": 0.0001484260224672462
      },
      "mse_env": {
        "1": 0.00017215252736859678,
        "2": 0.00018923654800702291,
        "5": 8.780107807279405e-05,
        "10": 7.215996954826703e-05,
        "20": 0.00011327723820694872
      },
      "H_wm": 0.0,
      "C_wm": 0.0,
      "lifetime": 50
    },
    {
      "pattern_id": 7,
      "n_samples": 50,
      "W": {
        "1": 0.0,
        "2": 0.0,
        "5": 0.0,
        "10": 0.0,
        "20": 0.0
      },
      "mse_full": {
        "1": 0.00021161936508836093,
        "2": 0.00023990821686567515,
        "5": 0.00016281581444003038,
        "10": 9.225706867791304e-05,
        "20": 0.00012206193373799675
      },
      "mse_env": {
        "1": 8.667760287186847e-05,
        "2": 0.00011143217727432777,
        "5": 0.00010450850488956617,
        "10": 7.520806584662756e-05,
        "20": 0.00011807841297687767
      },
      "H_wm": 0.0,
      "C_wm": 0.0,
      "lifetime": 50
    },
    {
      "pattern_id": 8,
      "n_samples": 50,
      "W": {
        "1": 0.0,
        "2": 1.2392653349921568e-05,
        "5": 0.0,
        "10": 0.0,
        "20": 0.0
      },
      "mse_full": {
        "1": 0.00017894602341521985,
        "2": 0.0001666068787029376,
        "5": 0.00011983801735697703,
        "10": 8.264345104432109e-05,
        "20": 0.00014736079536227477
      },
      "mse_env": {
        "1": 0.00013680913691688223,
        "2": 0.00017899953205285918,
        "5": 6.313392533947711e-05,
        "10": 7.832512905407992e-05,
        "20": 0.0001335486993863598
      },
      "H_wm": 2.0,
      "C_wm": 2.4785306699843135e-05,
      "lifetime": 50
    },
    {
      "pattern_id": 9,
      "n_samples": 50,
      "W": {
        "1": 0.0,
        "2": 0.0,
        "5": 0.0,
        "10": 0.0,
        "20": 0.0
      },
      "mse_full": {
        "1": 0.0005539388033302488,
        "2": 0.0007190689373848482,
        "5": 0.00014728301219909761,
        "10": 0.0003803413559795128,
        "20": 0.0005053502294642573
      },
      "mse_env": {
        "1": 0.000262452957134067,
        "2": 0.00023383607867007438,
        "5": 8.509335646880043e-05,
        "10": 0.000147977765440467,
        "20": 0.00020139647678664145
      },
      "H_wm": 0.0,
      "C_wm": 0.0,
      "lifetime": 50
    },
    {
      "pattern_id": 10,
      "n_samples": 50,
      "W": {
        "1": 0.0,
        "2": 0.0,
        "5": 0.0,
        "10": 0.0,
        "20": 0.0
      },
      "mse_full": {
        "1": 0.00020860614654941555,
        "2": 0.0002318223239505245,
        "5": 0.0003962665973408221,
        "10": 0.00012026198915049073,
        "20": 0.0009209156358141988
      },
      "mse_env": {
        "1": 0.0001491954762010019,
        "2": 0.00018314875457574808,
        "5": 0.00011454278178679089,
        "10": 0.00011405559165690057,
        "20": 0.0001615651479925916
      },
      "H_wm": 0.0,
      "C_wm": 0.0,
      "lifetime": 50
    },
    {
      "pattern_id": 11,
      "n_samples": 50,
      "W": {
        "1": 0.0,
        "2": 1.2704769640785489e-05,
        "5": 0.0,
        "10": 0.0,
        "20": 0.0
      },
      "mse_full": {
        "1": 0.00013233109938838263,
        "2": 0.00010781151629725365,
        "5": 9.81127431290578e-05,
        "10": 0.0001236505577668937,
        "20": 0.0001366318024491213
      },
      "mse_env": {
        "1": 0.00012654202639109292,
        "2": 0.00012051628593803914,
        "5": 8.085034849903048e-05,
        "10": 0.00010010037689246274,
        "20": 0.0001358914540562709
      },
      "H_wm": 2.0,
      "C_wm": 2.5409539281570978e-05,
      "lifetime": 50
    },
    {
      "pattern_id": 12,
      "n_samples": 50,
      "W": {
        "1": 2.576023203276458e-05,
        "2": 1.5257720342840573e-05,
        "5": 1.0296648330966534e-05,
        "10": 6.252654720325718e-05,
        "20": 4.154188941407334e-06
      },
      "mse_full": {
        "1": 0.00011253481373673478,
        "2": 7.965199370521517e-05,
        "5": 6.145637078324708e-05,
        "10": 7.530240240693096e-05,
        "20": 7.009547913522767e-05
      },
      "mse_env": {
        "1": 0.00013829504576949936,
        "2": 9.490971404805575e-05,
        "5": 7.175301911421362e-05,
        "10": 0.00013782894961018814,
        "20": 7.4249668076635e-05
      },
      "H_wm": 20.0,
      "C_wm": 0.0005743021987573951,
      "lifetime": 50
    },
    {
      "pattern_id": 13,
      "n_samples": 50,
      "W": {
        "1": 0.0,
        "2": 0.0,
        "5": 0.0,
        "10": 0.0,
        "20": 0.0
      },