{
  "metadata": {
    "substrate": "v15",
    "seed": 7,
    "C": 16,
    "N": 128,
    "snapshot_path": "/Users/jacob/fun/shape-of-experience/empirical/experiments/study_ca_affect/results/v15_s7/snapshots/cycle_010.npz",
    "experiment": "world_model",
    "n_recording_steps": 50,
    "tau_values": [
      1,
      2,
      5,
      10,
      20
    ]
  },
  "patterns": [
    {
      "pattern_id": 0,
      "n_samples": 50,
      "W": {
        "1": 0.0,
        "2": 0.0,
        "5": 0.0,
        "10": 0.0,
        "20": 0.0
      },
      "mse_full": {
        "1": 0.0003555979150745484,
        "2": 0.00032105993093525613,
        "5": 0.00023744885288351953,
        "10": 0.00027164283902520104,
        "20": 0.00011440522055773353
      },
      "mse_env": {
        "1": 0.0002229236928250399,
        "2": 0.00015464258306745947,
        "5": 9.721054774032651e-05,
        "10": 5.8505001042440544e-05,
        "20": 0.00010191790427998633
      },
      "H_wm": 0.0,
      "C_wm": 0.0,
      "lifetime": 50
    },
    {
      "pattern_id": 1,
      "n_samples": 50,
      "W": {
        "1": 1.3905019235007599e-05,
        "2": 2.7123916116107716e-06,
        "5": 0.0,
        "10": 5.162878663560991e-05,
        "20": 0.00012352049711041686
      },
      "mse_full": {
        "1": 0.00011506936915747232,
        "2": 6.57128806921921e-05,
        "5": 0.00011696223356341315,
        "10": 0.00012465504666086478,
        "20": 0.00010726640565046226
      },
      "mse_env": {
        "1": 0.00012897438839247992,
        "2": 6.842527230380287e-05,
        "5": 9.435224789811684e-05,
        "10": 0.0001762838332964747,
        "20": 0.00023078690276087912
      },
      "H_wm": 20.0,
      "C_wm": 0.001017195678159884,
      "lifetime": 50
    },
    {
      "pattern_id": 2,
      "n_samples": 50,
      "W": {
        "1": 0.0,
        "2": 0.0,
        "5": 0.0,
        "10": 0.0,
        "20": 0.0
      },
      "mse_full": {
        "1": 0.0011823744365822347,
        "2": 0.0022313135583959865,
        "5": 0.0005093758009573258,
        "10": 0.0008237179978855333,
        "20": 0.000994414373271198
      },
      "mse_env": {
        "1": 0.00014936200127459875,
        "2": 0.00020567442678692902,
        "5": 0.00013953803734741138,
        "10": 0.0001646830751629099,
        "20": 6.728610451247825e-05
      },
      "H_wm": 0.0,
      "C_wm": 0.0,
      "lifetime": 50
    },
    {
      "pattern_id": 4,
      "n_samples": 50,
      "W": {
        "1": 0.0,
        "2": 0.0,
        "5": 0.0,
        "10": 0.0,
        "20": 0.0
      },
      "mse_full": {
        "1": 0.0002669456404476934,
        "2": 0.0003359448150133789,
        "5": 0.00017511915060953055,
        "10": 0.00018534014806211117,
        "20": 0.00022505276994232108
      },
      "mse_env": {
        "1": 0.00014400689785424615,
        "2": 0.0001070844000608017,
        "5": 0.00011310531091975081,
        "10": 6.226806892371635e-05,
        "20": 7.12855601542302e-05
      },
      "H_wm": 0.0,
      "C_wm": 0.0,
      "lifetime": 50
    },
    {
      "pattern_id": 5,
      "n_samples": 50,
      "W": {
        "1": 0.0,
        "2": 2.3099201117895155e-05,
        "5": 0.0,
        "10": 0.0,
        "20": 0.0
      },
      "mse_full": {
        "1": 0.0002249943271182597,
        "2": 0.00019357697869159333,
        "5": 0.00028254109077259363,
        "10": 9.844694627192009e-05,
        "20": 0.00013030093148105027
      },
      "mse_env": {
        "1": 0.00021327367182924422,
        "2": 0.0002166761798094885,
        "5": 0.00010211392544437687,
        "10": 7.764790798436842e-05,
        "20": 6.0253781455278404e-05
      },
      "H_wm": 2.0,
      "C_wm": 4.619840223579031e-05,
      "lifetime": 50
    },
    {
      "pattern_id": 6,
      "n_samples": 50,
      "W": {
        "1": 5.661145747340457e-05,
        "2": 9.93114054673992e-06,
        "5": 6.512650821709117e-05,
        "10": 0.0,
        "20": 2.9264832782817786e-05
      },
      "mse_full": {
        "1": 0.00011850406474448689,
        "2": 0.00010660537291462609,
        "5": 8.514014851283887e-05,
        "10": 8.821392540299819e-05,
        "20": 6.423544106799156e-05
      },
      "mse_env": {
        "1": 0.00017511552221789145,
        "2": 0.000116536513461366,
        "5": 0.00015026665672993004,
        "10": 8.818941641558885e-05,
        "20": 9.350027385080935e-05
      },
      "H_wm": 20.0,
      "C_wm": 0.00045499820661263577,
      "lifetime": 50
    },
    {
      "pattern_id": 7,
      "n_samples": 50,
      "W": {
        "1": 8.933984204333514e-06,
        "2": 1.0448114458956397e-05,
        "5": 4.459495493873558e-06,
        "10": 0.0,
        "20": 0.0
      },
      "mse_full": {
        "1": 0.00019386030892528514,
        "2": 0.00013145920179704972,
        "5": 8.450825922180385e-05,
        "10": 0.00016911048381931703,
        "20": 9.408724871972321e-05
      },
      "mse_env": {
        "1": 0.00020279429312961865,
        "2": 0.00014190731625600612,
        "5": 8.896775471567741e-05,
        "10": 0.00011307340605178022,
        "20": 8.76017884635099e-05
      },
      "H_wm": 5.0,
      "C_wm": 4.320120299557378e-05,
      "lifetime": 50
    },
    {
      "pattern_id": 8,
      "n_samples": 50,
      "W": {
        "1": 5.7339805731646145e-05,
        "2": 0.00013350925954325706,
        "5": 0.0001401252164096016,
        "10": 4.3666494701279465e-05,
        "20": 2.689572395777183e-05
      },
      "mse_full": {
        "1": 0.00019658230839549352,
        "2": 0.00017318266392437863,
        "5": 0.0001316907742274104,
        "10": 0.00013288630878780379,
        "20": 9.771933622473858e-05
      },
      "mse_env": {
        "1": 0.00025392211412713966,
        "2": 0.0003066919234676357,
        "5": 0.000271815990637012,
        "10": 0.00017655280348908325,
        "20": 0.0001246150601825104
      },
      "H_wm": 20.0,
      "C_wm": 0.0013181666176391989,
      "lifetime": 50
    },
    {
      "pattern_id": 9,
      "n_samples": 50,
      "W": {
        "1": 4.036179809540453e-06,
        "2": 0.0,
        "5": 1.2340695098113935e-05,
        "10": 9.866538283692783e-06,
        "20": 5.4861740180925085e-05
      },
      "mse_full": {
        "1": 0.00010094833958486555,
        "2": 5.9189156873808464e-05,
        "5": 7.126351378254967e-05,
        "10": 7.483484083134129e-05,
        "20": 6.853793907432812e-05
      },
      "mse_env": {
        "1": 0.00010498451939440601,
        "2": 5.0569425046485364e-05,
        "5": 8.36042088806636e-05,
        "10": 8.470137911503407e-05,
        "20": 0.0001233996792552532
      },
      "H_wm": 20.0,
      "C_wm": 0.00039968860832954726,
      "lifetime": 50
    },
    {
      "pattern_id": 12,
      "n_samples": 50,
      "W": {
        "1": 0.0,
        "2": 0.0,
        "5": 0.0,
        "10": 5.561684690258629e-06,
        "20": 0.0
      },
      "mse_full": {
        "1": 0.0001756245738388785,
        "2": 9.923464125857675e-05,
        "5": 6.200128613614641e-05,
        "10": 7.243454390053173e-05,
        "20": 5.409869174239823e-05
      },
      "mse_env": {
        "1": 0.00015559550787656694,
        "2": 9.575786092908137e-05,
        "5": 5.7090203311940434e-05,
        "10": 7.799622859079036e-05,
        "20": 4.0571383117923814e-05
      },
      "H_wm": 10.0,
      "C_wm": 4.1712635176939714e-05,
      "lifetime": 50
    },
    {
      "pattern_id": 3,
      "n_samples": 49,
      "W": {
        "1": 0.0,
        "2": 0.0,
        "5": 1.9278072887043624e-05,
        "10": 3.270402598368671e-05,
        "20": 0.0
      },
      "mse_full": {
        "1": 0.00024149911888857512,
        "2": 0.00010558308865908151,
        "5": 0.00011571006984417033,
        "10": 7.798123361338417e-05,
        "20": 0.00011063955536649095
      },
      "mse_env": {
        "1": 0.0001007129392464407,
        "2": 6.37636539952885e-05,