{
  "seed": 42,
  "condition": "tanh_w4",
  "predict_activation": "tanh",
  "predict_hidden": 4,
  "cycle": 0,
  "config": {
    "N": 128,
    "M_max": 256,
    "obs_radius": 2,
    "embed_dim": 24,
    "hidden_dim": 16,
    "n_actions": 7,
    "K_max": 8,
    "predict_hidden": 4,
    "predict_activation": "tanh",
    "resource_regen": 0.002,
    "signal_decay": 0.04,
    "signal_diffusion": 0.15,
    "metabolic_cost": 0.0004,
    "initial_energy": 1.0,
    "resource_value": 1.5,
    "initial_resource": 0.5,
    "stress_regen": 0.0002,
    "mutation_std": 0.03,
    "tournament_size": 4,
    "elite_fraction": 0.5,
    "activate_offspring": true,
    "drought_every": 5,
    "drought_depletion": 0.01,
    "drought_regen": 0.0,
    "lamarckian": false,
    "grad_every": 1,
    "chunk_size": 50,
    "steps_per_cycle": 500,
    "n_cycles": 1,
    "obs_side": 5,
    "obs_flat": 76,
    "n_params": 4114
  },
  "cycles": [
    {
      "cycle": 0,
      "n_alive_start": 64,
      "n_alive_end": 64,
      "mean_alive": 64.0,
      "mortality": 0.0,
      "mean_phi": 0.0686219334602356,
      "mean_divergence": 8.757679723016917,
      "mean_pred_mse": 0.0016262650870999095,
      "pred_mse_early": 0.0032420840434497222,
      "pred_mse_late": 1.0446130750096927e-05,
      "mean_grad_norm": 0.034625998267438264,
      "fitness": [
        973.0264892578125,
        973.0264282226562,
        973.0264282226562,
        973.0264282226562,
        973.0264282226562,
        973.0264282226562,
        973.0264892578125,
        973.0264892578125,
        973.0264282226562,
        973.0264282226562,
        973.0264282226562,
        973.0264282226562,
        973.0264282226562,
        973.0264282226562,
        973.0264282226562,
        973.0264282226562,
        973.0264282226562,
        973.0264282226562,
        973.0264282226562,
        973.0264282226562,
        973.0264892578125,
        973.0264282226562,
        973.0264282226562,
        973.0264282226562,
        973.0264892578125,
        973.0264892578125,
        973.0264282226562,
        973.0264282226562,
        973.0264282226562,
        973.0264282226562,
        973.0264282226562,
        973.0264282226562,
        973.0264282226562,
        973.0264282226562,
        973.0264282226562,
        973.0264892578125,
        973.0264282226562,
        973.0264282226562,
        973.0264282226562,
        973.0264282226562,
        973.0264282226562,
        973.0264282226562,
        973.0264282226562,
        973.0264892578125,
        973.0264282226562,
        973.0264282226562,
        973.0264892578125,
        973.0264282226562,
        973.0264282226562,
        973.0264282226562,
        973.0264282226562,
        973.0264282226562,
        973.0264282226562,
        973.0264892578125,
        973.0264282226562,
        973.0264282226562,
        973.0264282226562,
        973.0264282226562,
        973.0264282226562,
        973.0264282226562,
        973.0264282226562,
        973.0264282226562,
        973.0264282226562,
        973.0264282226562,
        0.0,
        0.0,
        0.0,
        0.0,
        0.0,
        0.0,
        0.0,
        0.0,
        0.0,
        0.0,
        0.0,
        0.0,
        0.0,
        0.0,
        0.0,
        0.0,
        0.0,
        0.0,
        0.0,
        0.0,
        0.0,
        0.0,
        0.0,
        0.0,
        0.0,
        0.0,
        0.0,
        0.0,
        0.0,
        0.0,
        0.0,
        0.0,
        0.0,
        0.0,
        0.0,
        0.0,
        0.0,
        0.0,
        0.0,
        0.0,
        0.0,
        0.0,
        0.0,
        0.0,
        0.0,
        0.0,
        0.0,
        0.0,
        0.0,
        0.0,
        0.0,
        0.0,
        0.0,
        0.0,
        0.0,
        0.0,
        0.0,
        0.0,
        0.0,
        0.0,
        0.0,
        0.0,
        0.0,
        0.0,
        0.0,
        0.0,
        0.0,
        0.0,
        0.0,
        0.0,
        0.0,
        0.0,
        0.0,
        0.0,
        0.0,
        0.0,
        0.0,
        0.0,
        0.0,
        0.0,
        0.0,
        0.0,
        0.0,
        0.0,
        0.0,
        0.0,
        0.0,
        0.0,
        0.0,
        0.0,
        0.0,
        0.0,
        0.0,
        0.0,
        0.0,
        0.0,
        0.0,
        0.0,
        0.0,
        0.0,
        0.0,
        0.0,
        0.0,
        0.0,
        0.0,
        0.0,
        0.0,
        0.0,
        0.0,
        0.0,
        0.0,
        0.0,
        0.0,
        0.0,
        0.0,
        0.0,
        0.0,
        0.0,
        0.0,
        0.0,
        0.0,
        0.0,
        0.0,
        0.0,
        0.0,
        0.0,
        0.0,
        0.0,
        0.0,
        0.0,
        0.0,
        0.0,
        0.0,
        0.0,
        0.0,
        0.0,
        0.0,
        0.0,
        0.0,
        0.0,
        0.0,
        0.0,
        0.0,
        0.0,
        0.0,
        0.0,
        0.0,
        0.0,
        0.0,
        0.0,
        0.0,
        0.0,
        0.0,
        0.0,
        0.0,
        0.0,
        0.0,
        0.0,
        0.0,
        0.0,
        0.0,
        0.0,
        0.0,
        0.0,
        0.0,
        0.0,
        0.0,
        0.0,
        0.0,
        0.0,
        0.0,
        0.0,
        0.0,
        0.0,
        0.0,
        0.0,
        0.0,
        0.0,
        0.0,
        0.0,
        0.0,
        0.0,
        0.0,
        0.0,
        0.0,
        0.0,
        0.0,
        0.0,
        0.0,
        0.0,
        0.0,
        0.0
      ],
      "phi_base": 0.06795316934585571,
      "phi_stress": 0.06791934669017792,
      "robustness": 0.9995022652217198,
      "n_alive_base": 64,
      "n_alive_stress": 64,
      "tick_usage": {
        "mean_entropy": 2.0749497413635254,
        "mean_effective_K": 7.964171409606934,
        "std_effective_K": 0.01983243227005005,
        "dominant_tick_distribution": [
          8,
          7,
          9,
          5,
          8,
          7,
          7,
          13
        ],
        "tick_0_weight_mean": 0.12562841176986694,
        "tick_0_collapsed": 0.0
      },
      "sync_decay": {
        "mean_sync_decay": 0.749934196472168,
        "std_sync_decay": 0.013027636334300041
      },
      "lr_stats": {
        "mean_lr": 0.005001918412744999,
        "std_lr": 0.00021613476565107703,
        "min_lr": 0.0045698159374296665,
        "max_lr": 0.005541971884667873
      },
      "phenotype_drift": {
        "mean_drift": 0.07866252958774567,
        "max_drift": 0.2707836329936981,
        "std_drift": 0.06545907258987427
      },
      "elapsed_s": 6.046426057815552
    }
  ],
  "snapshots": [
    {
      "cycle": 0,
      "path": "/Users/jacob/fun/shape-of-experience/empirical/experiments/study_ca_affect/results/v28_smoke/tanh_w4/snapshot_c00.npz"
    }
  ]
}