{
  "seed": 42,
  "condition": "linear_w8",
  "predict_activation": "linear",
  "predict_hidden": 8,
  "config": {
    "N": 128,
    "M_max": 256,
    "obs_radius": 2,
    "embed_dim": 24,
    "hidden_dim": 16,
    "n_actions": 7,
    "K_max": 8,
    "predict_hidden": 8,
    "predict_activation": "linear",
    "resource_regen": 0.002,
    "signal_decay": 0.04,
    "signal_diffusion": 0.15,
    "metabolic_cost": 0.0004,
    "initial_energy": 1.0,
    "resource_value": 1.5,
    "initial_resource": 0.5,
    "stress_regen": 0.0002,
    "mutation_std": 0.03,
    "tournament_size": 4,
    "elite_fraction": 0.5,
    "activate_offspring": true,
    "drought_every": 5,
    "drought_depletion": 0.01,
    "drought_regen": 0.0,
    "lamarckian": false,
    "grad_every": 1,
    "chunk_size": 50,
    "steps_per_cycle": 500,
    "n_cycles": 1,
    "obs_side": 5,
    "obs_flat": 76,
    "n_params": 4186
  },
  "cycles": [
    {
      "cycle": 0,
      "n_alive_start": 64,
      "n_alive_end": 64,
      "mean_alive": 64.0,
      "mortality": 0.0,
      "mean_phi": 0.060595881193876266,
      "mean_divergence": 8.838618550286629,
      "mean_pred_mse": 0.0014903656943971555,
      "pred_mse_early": 0.002975155002059182,
      "pred_mse_late": 5.576386735128836e-06,
      "mean_grad_norm": 0.03536421757889911,
      "fitness": [
        973.0264892578125,
        973.0264282226562,
        973.0264892578125,
        973.0264282226562,
        973.0264282226562,
        973.0264282226562,
        973.0264892578125,
        973.0264282226562,
        973.0264892578125,
        973.0264282226562,
        973.0264282226562,
        973.0264892578125,
        973.0264282226562,
        973.0264282226562,
        973.0264282226562,
        973.0264282226562,
        973.0264892578125,
        973.0264892578125,
        973.0264282226562,
        973.0264282226562,
        973.0264892578125,
        973.0264282226562,
        973.0264282226562,
        973.0264892578125,
        973.0264282226562,
        973.0264282226562,
        973.0264282226562,
        973.0264282226562,
        973.0264282226562,
        973.0264282226562,
        973.0264892578125,
        973.0264282226562,
        973.0264282226562,
        973.0264282226562,
        973.0264282226562,
        973.0264892578125,
        973.0264892578125,
        973.0264282226562,
        973.0264282226562,
        973.0264282226562,
        973.0264282226562,
        973.0264282226562,
        973.0264282226562,
        973.0264282226562,
        973.0264282226562,
        973.0264282226562,
        973.0264282226562,
        973.0264282226562,
        973.0264892578125,
        973.0264282226562,
        973.0264282226562,
        973.0264282226562,
        973.0264892578125,
        973.0264892578125,
        973.0264892578125,
        973.0264282226562,
        973.0264892578125,
        973.0264282226562,
        973.0264282226562,
        973.0264282226562,
        973.0264892578125,
        973.0264282226562,
        973.0264282226562,
        973.0264282226562,
        0.0,
        0.0,
        0.0,
        0.0,
        0.0,
        0.0,
        0.0,
        0.0,
        0.0,
        0.0,
        0.0,
        0.0,
        0.0,
        0.0,
        0.0,
        0.0,
        0.0,
        0.0,
        0.0,
        0.0,
        0.0,
        0.0,
        0.0,
        0.0,
        0.0,
        0.0,
        0.0,
        0.0,
        0.0,
        0.0,
        0.0,
        0.0,
        0.0,
        0.0,
        0.0,
        0.0,
        0.0,
        0.0,
        0.0,
        0.0,
        0.0,
        0.0,
        0.0,
        0.0,
        0.0,
        0.0,
        0.0,
        0.0,
        0.0,
        0.0,
        0.0,
        0.0,
        0.0,
        0.0,
        0.0,
        0.0,
        0.0,
        0.0,
        0.0,
        0.0,
        0.0,
        0.0,
        0.0,
        0.0,
        0.0,
        0.0,
        0.0,
        0.0,
        0.0,
        0.0,
        0.0,
        0.0,
        0.0,
        0.0,
        0.0,
        0.0,
        0.0,
        0.0,
        0.0,
        0.0,
        0.0,
        0.0,
        0.0,
        0.0,
        0.0,
        0.0,
        0.0,
        0.0,
        0.0,
        0.0,
        0.0,
        0.0,
        0.0,
        0.0,
        0.0,
        0.0,
        0.0,
        0.0,
        0.0,
        0.0,
        0.0,
        0.0,
        0.0,
        0.0,
        0.0,
        0.0,
        0.0,
        0.0,
        0.0,
        0.0,
        0.0,
        0.0,
        0.0,
        0.0,
        0.0,
        0.0,
        0.0,
        0.0,
        0.0,
        0.0,
        0.0,
        0.0,
        0.0,
        0.0,
        0.0,
        0.0,
        0.0,
        0.0,
        0.0,
        0.0,
        0.0,
        0.0,
        0.0,
        0.0,
        0.0,
        0.0,
        0.0,
        0.0,
        0.0,
        0.0,
        0.0,
        0.0,
        0.0,
        0.0,
        0.0,
        0.0,
        0.0,
        0.0,
        0.0,
        0.0,
        0.0,
        0.0,
        0.0,
        0.0,
        0.0,
        0.0,
        0.0,
        0.0,
        0.0,
        0.0,
        0.0,
        0.0,
        0.0,
        0.0,
        0.0,
        0.0,
        0.0,
        0.0,
        0.0,
        0.0,
        0.0,
        0.0,
        0.0,
        0.0,
        0.0,
        0.0,
        0.0,
        0.0,
        0.0,
        0.0,
        0.0,
        0.0,
        0.0,
        0.0,
        0.0,
        0.0,
        0.0,
        0.0,
        0.0,
        0.0,
        0.0,
        0.0
      ],
      "phi_base": 0.06030650362372399,
      "phi_stress": 0.06037618964910507,
      "robustness": 1.001155530849805,
      "n_alive_base": 64,
      "n_alive_stress": 64,
      "tick_usage": {
        "mean_entropy": 2.075301170349121,
        "mean_effective_K": 7.9669647216796875,
        "std_effective_K": 0.017982440069317818,
        "dominant_tick_distribution": [
          7,
          11,
          6,
          7,
          3,
          10,
          10,
          10
        ],
        "tick_0_weight_mean": 0.1249086931347847,
        "tick_0_collapsed": 0.0
      },
      "sync_decay": {
        "mean_sync_decay": 0.7508088946342468,
        "std_sync_decay": 0.013735093176364899
      },
      "lr_stats": {
        "mean_lr": 0.004992752801626921,
        "std_lr": 0.0002290476841153577,
        "min_lr": 0.004330407362431288,
        "max_lr": 0.005702073685824871
      },
      "phenotype_drift": {
        "mean_drift": 0.08159031718969345,
        "max_drift": 0.24361033737659454,
        "std_drift": 0.05693793669342995
      },
      "elapsed_s": 6.312480926513672
    }
  ],
  "snapshots": [
    {
      "cycle": 0,
      "path": "/Users/jacob/fun/shape-of-experience/empirical/experiments/study_ca_affect/results/v28_smoke/linear_w8/snapshot_c00.npz"
    }
  ],
  "summary": {
    "mean_robustness": 1.001155530849805,
    "max_robustness": 1.001155530849805,
    "mean_phi": 0.060595881193876266,
    "max_phi": 0.060595881193876266,
    "mean_pred_mse": 0.0014903656943971555,
    "final_lr": 0.004992752801626921,
    "final_drift": 0.08159031718969345,
    "final_effective_K": 7.9669647216796875,
    "final_pop": 64
  }
}