{
  "seed": 7,
  "cycle": 29,
  "config": {
    "N": 256,
    "M_max": 512,
    "obs_radius": 2,
    "embed_dim": 24,
    "hidden_dim": 16,
    "n_actions": 7,
    "prey_fraction": 0.8,
    "n_patches": 12,
    "patch_radius": 20,
    "patch_min_spacing": 60,
    "patch_regen": 0.003,
    "barren_regen": 0.0,
    "signal_decay": 0.04,
    "signal_diffusion": 0.15,
    "initial_energy": 1.0,
    "resource_value": 1.5,
    "initial_resource": 0.6,
    "prey_metabolic": 0.0004,
    "prey_metabolic_barren": 0.001,
    "pred_metabolic": 0.0008,
    "predation_gain": 0.15,
    "predation_loss": 0.2,
    "stress_regen": 0.0003,
    "mutation_std": 0.03,
    "tournament_size": 4,
    "elite_fraction": 0.5,
    "activate_offspring": true,
    "drought_every": 5,
    "drought_depletion": 0.01,
    "drought_regen": 0.0,
    "chunk_size": 50,
    "steps_per_cycle": 5000,
    "n_cycles": 30,
    "obs_side": 5,
    "obs_flat": 102,
    "n_prey": 409,
    "n_pred": 103,
    "n_params": 4559
  },
  "cycles": [
    {
      "cycle": 0,
      "n_alive_start": 127,
      "n_alive_end": 83,
      "n_prey_start": 102,
      "n_prey_end": 81,
      "n_pred_start": 25,
      "n_pred_end": 2,
      "mean_alive": 100.37199951171876,
      "mean_prey": 92.10599967956543,
      "mean_pred": 8.265999991893768,
      "mortality": 0.3464566929133858,
      "mean_phi": 0.07679646983742713,
      "phi_base": 0.07736519426107406,
      "phi_stress": 0.07554789483547211,
      "robustness": 0.9765101161709832,
      "n_alive_base": 83,
      "n_alive_stress": 83,
      "elapsed_s": 0.8214154243469238
    },
    {
      "cycle": 1,
      "n_alive_start": 512,
      "n_alive_end": 449,
      "n_prey_start": 409,
      "n_prey_end": 392,
      "n_pred_start": 103,
      "n_pred_end": 57,
      "mean_alive": 479.21959686279297,
      "mean_prey": 401.6515985107422,
      "mean_pred": 77.56799976348877,
      "mortality": 0.123046875,
      "mean_phi": 0.0956916019320488,
      "phi_base": 0.09333702772855759,
      "phi_stress": 0.09182590246200562,
      "robustness": 0.9838100129892006,
      "n_alive_base": 446,
      "n_alive_stress": 445,
      "elapsed_s": 1.4643118381500244
    },
    {
      "cycle": 2,
      "n_alive_start": 512,
      "n_alive_end": 472,
      "n_prey_start": 409,
      "n_prey_end": 397,
      "n_pred_start": 103,
      "n_pred_end": 75,
      "mean_alive": 490.3601977539063,
      "mean_prey": 403.24839935302737,
      "mean_pred": 87.11179977416992,
      "mortality": 0.078125,
      "mean_phi": 0.10285668447613716,
      "phi_base": 0.10041245520114898,
      "phi_stress": 0.09971398264169692,
      "robustness": 0.9930439649339032,
      "n_alive_base": 470,
      "n_alive_stress": 470,
      "elapsed_s": 0.7561385631561279
    },
    {
      "cycle": 3,
      "n_alive_start": 512,
      "n_alive_end": 458,
      "n_prey_start": 409,
      "n_prey_end": 382,
      "n_pred_start": 103,
      "n_pred_end": 76,
      "mean_alive": 485.22019561767576,
      "mean_prey": 397.82679779052734,
      "mean_pred": 87.39339965820312,
      "mortality": 0.10546875,
      "mean_phi": 0.10700682476162911,
      "phi_base": 0.1091072753071785,
      "phi_stress": 0.10849092155694962,
      "robustness": 0.99435093811578,
      "n_alive_base": 455,
      "n_alive_stress": 455,
      "elapsed_s": 0.7454185485839844
    },
    {
      "cycle": 4,
      "n_alive_start": 512,
      "n_alive_end": 465,
      "n_prey_start": 409,
      "n_prey_end": 399,
      "n_pred_start": 103,
      "n_pred_end": 66,
      "mean_alive": 485.8539978027344,
      "mean_prey": 404.1351992797852,
      "mean_pred": 81.7187996673584,
      "mortality": 0.091796875,
      "mean_phi": 0.10299053639173508,
      "phi_base": 0.10122116655111313,
      "phi_stress": 0.10055074691772461,
      "robustness": 0.9933766853689641,
      "n_alive_base": 465,
      "n_alive_stress": 465,
      "elapsed_s": 0.7257657051086426
    },
    {
      "cycle": 5,
      "n_alive_start": 512,
      "n_alive_end": 0,
      "n_prey_start": 409,
      "n_prey_end": 0,
      "n_pred_start": 103,
      "n_pred_end": 0,
      "mean_alive": 139.83279739052057,
      "mean_prey": 91.70719761922956,
      "mean_pred": 48.12559985786677,
      "mortality": 1.0,
      "mean_phi": 0.07601306959986687,
      "phi_base": 0.0,
      "phi_stress": 0.0,
      "robustness": 0.0,
      "n_alive_base": 0,
      "n_alive_stress": 0,
      "elapsed_s": 0.7532377243041992
    },
    {
      "cycle": 6,
      "n_alive_start": 510,
      "n_alive_end": 348,
      "n_prey_start": 408,
      "n_prey_end": 316,
      "n_pred_start": 102,
      "n_pred_end": 32,
      "mean_alive": 447.66039306640624,
      "mean_prey": 375.8665960693359,
      "mean_pred": 71.79379955291748,
      "mortality": 0.3176470588235294,
      "mean_phi": 0.060646194219589236,
      "phi_base": 0.05934200137853622,
      "phi_stress": 0.058983027935028076,
      "robustness": 0.9939507695195804,
      "n_alive_base": 339,
      "n_alive_stress": 339,
      "elapsed_s": 0.7384030818939209
    },
    {
      "cycle": 7,
      "n_alive_start": 512,
      "n_alive_end": 407,
      "n_prey_start": 409,
      "n_prey_end": 353,
      "n_pred_start": 103,
      "n_pred_end": 54,
      "mean_alive": 458.74999572753904,
      "mean_prey": 379.3811965942383,
      "mean_pred": 79.36879981994629,
      "mortality": 0.205078125,
      "mean_phi": 0.06354042813181877,
      "phi_base": 0.0639578327536583,
      "phi_stress": 0.06101478561758995,
      "robustness": 0.9539845706247762,
      "n_alive_base": 403,
      "n_alive_stress": 403,
      "elapsed_s": 0.7344460487365723
    },
    {
      "cycle": 8,
      "n_alive_start": 512,
      "n_alive_end": 417,
      "n_prey_start": 409,
      "n_prey_end": 360,
      "n_pred_start": 103,
      "n_pred_end": 57,
      "mean_alive": 469.43419464111327,
      "mean_prey": 390.74699645996094,
      "mean_pred": 78.68719951629639,
      "mortality": 0.185546875,
      "mean_phi": 0.06735875830054283,
      "phi_base": 0.06854499131441116,
      "phi_stress": 0.06504921987652779,
      "robustness": 0.9490003372843318,
      "n_alive_base": 415,
      "n_alive_stress": 415,
      "elapsed_s": 0.7276148796081543
    },
    {
      "cycle": 9,
      "n_alive_start": 512,
      "n_alive_end": 427,
      "n_prey_start": 409,
      "n_prey_end": 376,
      "n_pred_start": 103,
      "n_pred_end": 51,
      "mean_alive": 475.04919586181643,
      "mean_prey": 393.7761981201172,
      "mean_pred": 81.27299972534179,
      "mortality": 0.166015625,
      "mean_phi": 0.06558088064193726,
      "phi_base": 0.06343842148780823,
      "phi_stress": 0.059164243191480635,
      "robustness": 0.9326247690896751,
      "n_alive_base": 427,
      "n_alive_stress": 426,
      "elapsed_s": 0.7540960311889648
    },
    {
      "cycle": 10,
      "n_alive_start": 512,
      "n_alive_end": 0,
      "n_prey_start": 409,
      "n_prey_end": 0,
      "n_pred_start": 103,
      "n_pred_end": 0,
      "mean_alive": 143.2429971602559,
      "mean_prey": 94.12819805018604,
      "mean_pred": 49.11479979544878,
      "mortality": 1.0,
      "mean_phi": 0.046244942024350165,
      "phi_base": 0.0,
      "phi_stress": 0.0,
      "robustness": 0.0,
      "n_alive_base": 0,
      "n_alive_stress": 0,
      "elapsed_s": 0.7711756229400635
    },
    {
      "cycle": 11,
      "n_alive_start": 510,
      "n_alive_end": 475,
      "n_prey_start": 408,
      "n_prey_end": 406,
      "n_pred_start": 102,
      "n_pred_end": 69,
      "mean_alive": 491.8661981201172,
      "mean_prey": 407.9121997070313,
      "mean_pred": 83.95399971008301,
      "mortality": 0.06862745098039216,
      "mean_phi": 0.09480913802981376,
      "phi_base": 0.08847159743309022,
      "phi_stress": 0.07542263567447663,
      "robustness": 0.8525067689833189,
      "n_alive_base": 474,
      "n_alive_stress": 473,
      "elapsed_s": 0.7675952911376953
    },
    {
      "cycle": 12,