{
  "metadata": {
    "substrate": "v18",
    "seed": 123,
    "C": 16,
    "N": 128,
    "snapshot_path": "/Users/jacob/fun/shape-of-experience/empirical/experiments/study_ca_affect/results/v18_s123/snapshots/cycle_029.npz",
    "experiment": "affect_geometry"
  },
  "n_results": 1,
  "cycle": 29,
  "results": [
    {
      "n_patterns": 20,
      "rsa_rho": 0.1048931228595048,
      "rsa_p": 0.14978620095248296,
      "space_A": [
        [
          -0.003923309092618981,
          7.8582868576049805,
          0.01061681450684493,
          1.0689390615334768,
          0.9209408387541771,
          -0.10749056651009559
        ],
        [
          0.05492802055514589,
          11.830953598022461,
          0.24263626582206332,
          1.7778537494004143,
          0.9506477676331997,
          -0.8802500479583075
        ],
        [
          -0.026818411690848216,
          7.558304309844971,
          0.2983650324460272,
          2.2931371932455176,
          0.9259523749351501,
          -0.03963729018295992
        ],
        [
          -0.005765671632727798,
          4.428252696990967,
          0.3352789267204327,
          2.375475042246263,
          0.9229868352413177,
          -0.030960044606122783
        ],
        [
          -0.08773802737800443,
          6.899514198303223,
          0.20507999414136868,
          1.7443810344128565,
          0.9710504617542028,
          -0.3543978269282718
        ],
        [
          0.054325351909715304,
          5.369177341461182,
          0.03826512678077476,
          1.2052735442307292,
          0.9565708599984646,
          -0.28611090617804613
        ],
        [
          0.04832498881281638,
          8.929325103759766,
          0.1043286910157788,
          1.4248262790569488,
          0.9235814660787582,
          -0.6242130437391249
        ],
        [
          0.04721515032709861,
          9.534159660339355,
          0.17368612682943696,
          1.5931934796041594,
          0.9198745787143707,
          -0.5717052736306765
        ],
        [
          -0.007836507291209941,
          9.626202583312988,
          0.03461940474553993,
          1.1975042510255058,
          0.9412586241960526,
          -0.47732402917901096
        ],
        [
          -0.05350253046775351,
          13.038172721862793,
          0.3300996747191539,
          1.9156592345121184,
          0.9124300852417946,
          -0.2151951596057199
        ],
        [
          0.05563123858704859,
          6.131227493286133,
          0.01617363701862129,
          1.0939548178586322,
          0.8791408315300941,
          -0.12256312652670243
        ],
        [
          0.059565894457758686,
          6.204412937164307,
          0.02111201209088942,
          1.1262805247509815,
          0.9140277206897736,
          -0.0036540901836917827
        ],
        [
          0.0361053603036063,
          6.266003131866455,
          0.057527991735773165,
          1.273584447526681,
          0.9082938209176064,
          -0.0070282846630077556
        ],
        [
          0.0743586287206533,
          10.312897682189941,
          0.1786508547970631,
          1.8914636590094693,
          0.9608279429376125,
          -0.03463233757208395
        ],
        [
          -0.014786525648467394,
          6.3410115242004395,
          0.13739895380275602,
          1.6141874233312674,
          0.9737449903041124,
          -0.011058764233016771
        ],
        [
          0.07030079802688287,
          8.102270126342773,
          0.01953710693118349,
          1.114037234990993,
          0.9289275407791138,
          -0.18224850745521104
        ],
        [
          0.007242241684271365,
          5.592226028442383,
          0.09028469431471342,
          1.4445649668626,
          0.9868133375421166,
          -0.03158360820545947
        ],
        [
          0.03231465086645009,
          4.231758117675781,
          0.5201991645666841,
          3.1751383649644134,
          0.9587094485759735,
          -0.06089219104330856
        ],
        [
          -0.016961623211296236,
          9.450145721435547,
          0.0422445528259805,
          1.2343930157233838,
          0.9302284121513367,
          -0.0610207422254726
        ],
        [
          -0.02842127546972158,
          6.308231830596924,
          0.29740772529741055,
          2.3463872886607997,
          0.9758595358580351,
          -0.02507359174728907
        ]
      ],
      "space_C": [
        [
          0.0022090205550193785,
          2.7367989690334587,
          1.955223880597015,
          0.16797775979669458
        ],
        [
          0.007521163821220398,
          2.4533382975322353,
          2.3333333333333335,
          0.6471157406354588
        ],
        [
          -0.0015898507833480835,
          4.681328164663266,
          -0.84375,
          0.22602486102598385
        ],
        [
          0.0005510628223419189,
          3.6734051231593945,
          -0.8828250401284109,
          0.46537061724531703
        ],
        [
          0.0074993067979812625,
          4.032158897803313,
          2.6,
          0.34022123461441534
        ],
        [
          0.013797710835933685,
          2.699139626521208,
          2.3962264150943398,
          0.5970604292909122
        ],
        [
          0.0090045827627182,
          3.909327095866477,
          4.7727272727272725,
          0.31559400566492546
        ],
        [
          0.016402934417128562,
          2.3447043445584503,
          0.4642857142857143,
          0.5585991188062843
        ],
        [
          0.012426013201475144,
          4.0271904308490525,
          -0.9424242424242424,
          0.2614498311234117
        ],
        [
          0.008468596339225769,
          5.13548607675861,
          -0.15436241610738255,
          0.17885455516051987
        ],
        [
          0.004145387411117554,
          3.248354393846816,
          11.538461538461538,
          0.41440399387433874
        ],
        [
          0.008910080343484878,
          3.1850208577647123,
          5.230769230769231,
          0.3875127437395762
        ],
        [
          0.002207443714141846,
          3.755185836755024,
          10.930232558139535,
          0.5249054369814177
        ],
        [
          0.0053146880865097045,
          2.766598986182073,
          -0.08333333333333333,
          0.22348776582314767
        ],
        [
          0.011210941672325135,
          4.064596180144236,
          -0.6758620689655173,
          0.2800681901820468
        ],
        [
          0.01685395061969757,
          4.636144502631192,
          0.0625,
          0.35432151955462154
        ],
        [
          0.0008201563358306885,
          4.539048432357053,
          -0.7449856733524355,
          0.06166745976832242
        ],
        [
          0.010267603993415832,
          3.3374284652945305,
          0.47368421052631576,
          0.22074189088559704
        ],
        [
          0.0076024129986763,
          3.9222059343178275,
          -0.9245283018867925,
          0.13922765715162055
        ],
        [
          0.002433847188949585,
          4.667556529818836,
          -0.681592039800995,
          0.21782566515208862
        ]
      ],
      "dim_labels_A": [
        "valence",
        "arousal",
        "integration",
        "d_eff",
        "cf_weight",
        "sm_sal"
      ],
      "dim_labels_C": [
        "approach_avoid",
        "activity",
        "growth",
        "stability"
      ],
      "per_pattern": [
        {
          "pattern_id": 0,
          "space_A": {
            "valence": -0.003923309092618981,
            "arousal": 7.8582868576049805,
            "integration": 0.01061681450684493,
            "d_eff": 1.0689390615334768,
            "cf_weight": 0.9209408387541771,
            "sm_sal": -0.10749056651009559
          },