{
  "metadata": {
    "substrate": "v18",
    "seed": 123,
    "C": 16,
    "N": 128,
    "snapshot_path": "/Users/jacob/fun/shape-of-experience/empirical/experiments/study_ca_affect/results/v18_s123/snapshots/cycle_025.npz",
    "experiment": "affect_geometry"
  },
  "n_results": 1,
  "cycle": 25,
  "results": [
    {
      "n_patterns": 6,
      "rsa_rho": 0.007142857142857141,
      "rsa_p": 0.9798442277615982,
      "space_A": [
        [
          -0.026025811020208865,
          4.840197563171387,
          0.21266435018130747,
          2.091779815572801,
          0.9520747326314449,
          -0.009346739033471607
        ],
        [
          -0.0024781227111816406,
          13.119013786315918,
          0.033688490427078666,
          1.1735515120296967,
          0.9120279252529144,
          -0.36923737144708246
        ],
        [
          -0.007849800343416174,
          7.4512200355529785,
          0.14501937925825115,
          1.608303470276813,
          0.9096923917531967,
          -0.0031084579277007585
        ],
        [
          0.010192150972327408,
          5.879785060882568,
          0.08747980115963472,
          1.454116699300318,
          0.9041473940014839,
          -0.001973167826305744
        ],
        [
          0.02597571392448581,
          14.76192569732666,
          0.40071949908555227,
          1.9744484338870452,
          0.8933728560805321,
          -0.710805283543666
        ],
        [
          0.02523768941561381,
          6.259334564208984,
          0.15960071178543944,
          1.7655926312052619,
          0.9547759890556335,
          -0.1222751063456251
        ]
      ],
      "space_C": [
        [
          0.0032920852303504945,
          3.8439627957807057,
          11.130434782608695,
          0.15318700361012405
        ],
        [
          0.01363593190908432,
          3.766798949089712,
          0.32432432432432434,
          0.3332039239440792
        ],
        [
          0.0022569763660430908,
          3.7365023841243703,
          -0.75,
          0.5352070085883716
        ],
        [
          0.01747413516044617,
          4.343423729495519,
          3.4926470588235294,
          0.5282888591365079
        ],
        [
          0.007626146078109741,
          3.0499368450432582,
          -0.023255813953488372,
          0.2946605442593555
        ],
        [
          0.0038556334923724738,
          3.0600026863170364,
          1.21875,
          0.48715930231372545
        ]
      ],
      "dim_labels_A": [
        "valence",
        "arousal",
        "integration",
        "d_eff",
        "cf_weight",
        "sm_sal"
      ],
      "dim_labels_C": [
        "approach_avoid",
        "activity",
        "growth",
        "stability"
      ],
      "per_pattern": [
        {
          "pattern_id": 1,
          "space_A": {
            "valence": -0.026025811020208865,
            "arousal": 4.840197563171387,
            "integration": 0.21266435018130747,
            "d_eff": 2.091779815572801,
            "cf_weight": 0.9520747326314449,
            "sm_sal": -0.009346739033471607
          },
          "space_C": {
            "approach_avoid": 0.0032920852303504945,
            "activity": 3.8439627957807057,
            "growth": 11.130434782608695,
            "stability": 0.15318700361012405
          },
          "n_timesteps": 50
        },
        {
          "pattern_id": 2,
          "space_A": {
            "valence": -0.0024781227111816406,
            "arousal": 13.119013786315918,
            "integration": 0.033688490427078666,
            "d_eff": 1.1735515120296967,
            "cf_weight": 0.9120279252529144,
            "sm_sal": -0.36923737144708246
          },
          "space_C": {
            "approach_avoid": 0.01363593190908432,
            "activity": 3.766798949089712,
            "growth": 0.32432432432432434,
            "stability": 0.3332039239440792
          },
          "n_timesteps": 50
        },
        {
          "pattern_id": 3,
          "space_A": {
            "valence": -0.007849800343416174,
            "arousal": 7.4512200355529785,
            "integration": 0.14501937925825115,
            "d_eff": 1.608303470276813,
            "cf_weight": 0.9096923917531967,
            "sm_sal": -0.0031084579277007585
          },
          "space_C": {
            "approach_avoid": 0.0022569763660430908,
            "activity": 3.7365023841243703,
            "growth": -0.75,
            "stability": 0.5352070085883716
          },
          "n_timesteps": 50
        },
        {
          "pattern_id": 4,
          "space_A": {
            "valence": 0.010192150972327408,
            "arousal": 5.879785060882568,
            "integration": 0.08747980115963472,
            "d_eff": 1.454116699300318,
            "cf_weight": 0.9041473940014839,
            "sm_sal": -0.001973167826305744
          },
          "space_C": {
            "approach_avoid": 0.01747413516044617,
            "activity": 4.343423729495519,
            "growth": 3.4926470588235294,
            "stability": 0.5282888591365079
          },
          "n_timesteps": 50
        },
        {
          "pattern_id": 5,
          "space_A": {
            "valence": 0.02597571392448581,
            "arousal": 14.76192569732666,
            "integration": 0.40071949908555227,
            "d_eff": 1.9744484338870452,
            "cf_weight": 0.8933728560805321,
            "sm_sal": -0.710805283543666
          },
          "space_C": {
            "approach_avoid": 0.007626146078109741,
            "activity": 3.0499368450432582,
            "growth": -0.023255813953488372,
            "stability": 0.2946605442593555
          },
          "n_timesteps": 50
        },
        {
          "pattern_id": 0,
          "space_A": {
            "valence": 0.02523768941561381,
            "arousal": 6.259334564208984,
            "integration": 0.15960071178543944,
            "d_eff": 1.7655926312052619,
            "cf_weight": 0.9547759890556335,
            "sm_sal": -0.1222751063456251
          },
          "space_C": {
            "approach_avoid": 0.0038556334923724738,
            "activity": 3.0600026863170364,
            "growth": 1.21875,
            "stability": 0.48715930231372545
          },
          "n_timesteps": 49
        }
      ]
    }
  ]
}