{
  "metadata": {
    "substrate": "v18",
    "seed": 123,
    "C": 16,
    "N": 128,
    "snapshot_path": "/Users/jacob/fun/shape-of-experience/empirical/experiments/study_ca_affect/results/v18_s123/snapshots/cycle_020.npz",
    "experiment": "affect_geometry"
  },
  "n_results": 1,
  "cycle": 20,
  "results": [
    {
      "n_patterns": 20,
      "rsa_rho": -0.024652381389774613,
      "rsa_p": 0.7356506517904208,
      "space_A": [
        [
          0.04105625347215302,
          11.559138298034668,
          0.10536276336794548,
          1.4190267111808947,
          0.8521193414926529,
          -0.2581975818275406
        ],
        [
          0.045439671496955714,
          7.470460891723633,
          0.21787023280022944,
          1.9061205594520738,
          0.9349280372262001,
          -0.4739765690706441
        ],
        [
          0.0382102411620471,
          17.02712631225586,
          0.39043958127428313,
          2.104034616089337,
          0.9478318393230438,
          -0.8109970149717564
        ],
        [
          0.07912448960907605,
          9.500905990600586,
          0.008666640326519315,
          1.056773981567702,
          0.9535846710205078,
          -0.10165933529889148
        ],
        [
          0.05334791845204879,
          12.515241622924805,
          0.32328718304078485,
          2.108738369528233,
          0.9287420958280563,
          -0.27536686566373036
        ],
        [
          0.08286691198543626,
          10.068304061889648,
          0.004621087030886484,
          1.0330841857066067,
          0.8909454643726349,
          -0.22202615963950822
        ],
        [
          0.018486937698052854,
          8.870075225830078,
          0.515473653885453,
          2.978523952816222,
          0.9436648152768612,
          -0.026603970404706745
        ],
        [
          0.0415627658367157,
          8.084341049194336,
          0.0668650914912361,
          1.2884609700040117,
          0.94237245246768,
          -0.28890498530942643
        ],
        [
          0.03545298178990682,
          5.102867603302002,
          0.23422825615825904,
          2.11714068306513,
          0.9201863035559654,
          -0.041713241269323076
        ],
        [
          0.02984432379404704,
          11.566813468933105,
          0.4672453558709393,
          2.2183790324893566,
          0.9647706598043442,
          -0.19276068781752997
        ],
        [
          0.01778597633043925,
          13.230834007263184,
          0.11138636391284162,
          1.4810139273206715,
          0.9487743228673935,
          -0.16353528584289845
        ],
        [
          0.04707383612791697,
          5.327981472015381,
          0.024526543812432133,
          1.1263348332089558,
          0.9682742767035961,
          -0.11669512620207534
        ],
        [
          0.061392625172932945,
          6.584798336029053,
          0.2356476434527477,
          2.0077829370152735,
          0.9805142264813185,
          -0.039135743231694886
        ],
        [
          0.03346159060796102,
          9.691180229187012,
          0.03780671547594894,
          1.1935730628467947,
          0.9753779992461205,
          -0.2873154553436681
        ],
        [
          0.03314905978263693,
          8.8428316116333,
          0.04711983777332662,
          1.2265636543853935,
          0.9572322256863117,
          -0.3503172922797204
        ],
        [
          0.03631779488096846,
          6.875710964202881,
          0.38567871034497225,
          2.5961632505531957,
          0.8953286856412888,
          -0.05933144179061145
        ],
        [
          0.06156148301794174,
          6.025405406951904,
          0.20768885415338578,
          1.9079117581753176,
          0.9783635642379522,
          -0.014470190016493856
        ],
        [
          0.05587936462240016,
          8.668045997619629,
          0.04686472299740563,
          1.2434107023616985,
          0.9642825648188591,
          -0.028970417602589116
        ],
        [
          0.04580372445126797,
          6.511673927307129,
          0.25042346853317154,
          2.131807086289644,
          0.9438095390796661,
          -0.026430227920769767
        ],
        [
          0.035651967880573676,
          6.897658824920654,
          0.10797792673966233,
          1.544544491542947,
          0.9733618292957544,
          -0.027152396177782312
        ]
      ],
      "space_C": [
        [
          0.004530933201313019,
          4.849613655302025,
          -0.4939759036144578,
          0.33151660413240747
        ],
        [
          -0.004150160551071167,
          4.367147839014743,
          -0.2702702702702703,
          0.3350495739319416
        ],
        [
          -0.0036970287561416625,
          4.798298902988378,
          -0.8632478632478633,
          0.3554055755136483
        ],
        [
          0.002472837567329407,
          4.5776672658324635,
          1.619047619047619,
          0.3680555348339406
        ],
        [
          0.01210361897945404,
          5.351533888062145,
          -0.9726027397260274,
          0.28862676025670375
        ],
        [
          -0.005923153460025787,
          3.428947991600662,
          -0.5652173913043478,
          0.6018779346178672
        ],
        [
          0.000916820764541626,
          6.14112158259387,
          -0.19230769230769232,
          0.16187676449757193
        ],
        [
          -0.00010792759000038614,
          3.820105001835557,
          -0.8846153846153846,
          0.645077297223105
        ],
        [
          -0.001571197899020448,
          3.7763482902584067,
          -0.8291956305858987,
          0.2913643447514702
        ],
        [
          0.012843096742824632,
          4.13486218246251,
          -0.12807881773399016,
          0.3725228342280036
        ],
        [
          0.00675640057544319,
          5.332392972984751,
          5.428571428571429,
          0.1887029444887833
        ],
        [
          -0.0035171274627958026,
          2.8599600720333536,
          0.5925925925925926,
          0.56765346686388
        ],
        [
          0.005498146524234694,
          5.484660395672554,
          -0.4666666666666667,
          0.36346067581016833
        ],
        [
          0.004977896657525276,
          6.0608601488146485,
          8.178571428571429,
          0.27512114623070305
        ],
        [
          0.02259527270992597,
          4.426025521824083,
          -0.15270935960591134,
          0.506019940044607
        ],
        [
          0.01959459763020277,
          5.199105136866733,
          2.037037037037037,
          0.2546438591706683
        ],
        [
          0.00701972097158432,
          3.0352724985502113,
          0.058823529411764705,
          0.329498921998019
        ],
        [
          0.005618392179409663,
          5.070638587143989,
          2.3157894736842106,
          0.34041738496639584
        ],
        [
          0.010545750459035238,
          5.342205880535431,
          2.0588235294117645,
          0.2228835309414408
        ],
        [
          -0.0005991607904434204,
          5.595400349850888,
          2.1372549019607843,
          0.17151558579779075
        ]
      ],
      "dim_labels_A": [
        "valence",
        "arousal",
        "integration",
        "d_eff",
        "cf_weight",
        "sm_sal"
      ],
      "dim_labels_C": [
        "approach_avoid",
        "activity",
        "growth",
        "stability"
      ],
      "per_pattern": [
        {
          "pattern_id": 0,
          "space_A": {
            "valence": 0.04105625347215302,
            "arousal": 11.559138298034668,
            "integration": 0.10536276336794548,
            "d_eff": 1.4190267111808947,
            "cf_weight": 0.8521193414926529,
            "sm_sal": -0.2581975818275406
          },