{
  "metadata": {
    "substrate": "v18",
    "seed": 123,
    "C": 16,
    "N": 128,
    "snapshot_path": "/Users/jacob/fun/shape-of-experience/empirical/experiments/study_ca_affect/results/v18_s123/snapshots/cycle_005.npz",
    "experiment": "affect_geometry"
  },
  "n_results": 1,
  "cycle": 5,
  "results": [
    {
      "n_patterns": 20,
      "rsa_rho": 0.16356160908379153,
      "rsa_p": 0.024141459201206326,
      "space_A": [
        [
          -0.0284631398259377,
          13.273429870605469,
          0.1703943603592053,
          1.6682371290157685,
          0.8900968506932259,
          -0.811770875397122
        ],
        [
          -0.017748784045783842,
          6.880824089050293,
          0.11086869906028674,
          1.5153542004189209,
          0.9110269546508789,
          -0.9048306478881484
        ],
        [
          -0.00976445723553093,
          13.298910140991211,
          0.08090056676740764,
          1.3422224527975646,
          0.9755082186311483,
          -0.3358047550551063
        ],
        [
          -0.04284696189724669,
          6.949347496032715,
          0.12364904343606486,
          1.5558137949886919,
          0.9886335860937834,
          -0.4347231736758017
        ],
        [
          -0.012165711850536113,
          10.890124320983887,
          0.019020970125972703,
          1.1069938986946386,
          0.8899334818124771,
          -0.0007199598908458338
        ],
        [
          -0.03337532160233478,
          10.61791706085205,
          0.017465496676316472,
          1.1055712315778117,
          0.8891792893409729,
          -0.27584574847422927
        ],
        [
          -0.015777140247578522,
          4.4242401123046875,
          0.05872073728021576,
          1.2632977369150629,
          0.9526504054665565,
          -0.021558314767472497
        ],
        [
          -0.017345058674715003,
          14.722919464111328,
          0.05551729525353777,
          1.2906644615772456,
          0.9297928139567375,
          -0.0455197200879478
        ],
        [
          -0.040024270816725126,
          8.330558776855469,
          0.24346678950951606,
          1.752926661270167,
          0.9345728158950806,
          -0.08975072853595589
        ],
        [
          -0.002875571348229233,
          10.103547096252441,
          0.030673749140991302,
          1.176597594352742,
          0.9308610782027245,
          -0.005521162071512431
        ],
        [
          0.018920402137600646,
          3.2286055088043213,
          0.23819787384192337,
          1.9278494715190202,
          0.8975687697529793,
          -0.01635227690498553
        ],
        [
          -0.009453627527976523,
          6.075808048248291,
          0.012927638002995234,
          1.076694558326884,
          0.9255158975720406,
          -0.10552542050670566
        ],
        [
          -0.012677825227075694,
          24.27249526977539,
          0.33848686168433106,
          1.9260316315815489,
          0.9504565298557281,
          -0.1488107618519231
        ],
        [
          0.029959522947973133,
          5.8966898918151855,
          0.07321904279262925,
          1.3677209186718098,
          0.9430523365736008,
          -0.022620096405619794
        ],
        [
          -0.03054647056423888,
          5.846550941467285,
          0.016463964532826836,
          1.098565905521608,
          0.9371425062417984,
          -0.013422680621183902
        ],
        [
          -0.03908073658845863,
          5.453997611999512,
          0.3338596997875676,
          2.5158199853956655,
          0.9779506698250771,
          -0.007543845886980427
        ],
        [
          0.003757681165422712,
          6.412648677825928,
          0.011881092892920608,
          1.0721724810080973,
          0.8761379644274712,
          -0.08589381453027323
        ],
        [
          -0.028239036092952807,
          6.50943660736084,
          0.07146486628859272,
          1.3824375569236416,
          0.9718304388225079,
          -0.029204225699915543
        ],
        [
          -0.019642333595120177,
          5.063909530639648,
          0.5650684305726303,
          3.1290294701637804,
          0.985060048289597,
          -0.01723737232419953
        ],
        [
          -0.0071576371484873245,
          6.441125869750977,
          0.01000836617555323,
          1.0667063005162152,
          0.950201291590929,
          -0.3243443197890864
        ]
      ],
      "space_C": [
        [
          0.009747353196144105,
          4.126591065271183,
          1.3125,
          0.12189891003890398
        ],
        [
          -0.0033493119478225706,
          3.6792173161650688,
          -0.23809523809523808,
          0.4159857208800737
        ],
        [
          0.002895691394805908,
          3.8511516911928627,
          4.181034482758621,
          0.45833339620013475
        ],
        [
          0.0044782161712646484,
          3.6710756886432443,
          6.055555555555555,
          0.5389741551382303
        ],
        [
          0.011794273853302001,
          3.516198322184211,
          -0.47863247863247865,
          0.4978833188121108
        ],
        [
          0.014872648119926453,
          3.445983635450692,
          4.96,
          0.32259084790343845
        ],
        [
          0.0006424057483673096,
          1.624286138150344,
          -0.02666666666666667,
          0.48877225055804696
        ],
        [
          0.0018372106552124023,
          5.212031969714952,
          0.4789915966386555,
          0.3033953772714271
        ],
        [
          0.01089807689189911,
          3.154970918586078,
          10.285714285714286,
          0.4049415863504935
        ],
        [
          0.010352015495300293,
          3.090272286283347,
          -0.5462962962962963,
          0.5771614577363835
        ],
        [
          0.020580169558525086,
          2.7276315215060163,
          -0.913312693498452,
          0.6368615696343789
        ],
        [
          0.006549627780914307,
          3.0711334415625156,
          0.7628865979381443,
          0.37673919904756187
        ],
        [
          0.008926296234130859,
          6.002707337079706,
          -0.6923076923076923,
          0.62564708022921
        ],
        [
          0.008800477981567382,
          4.914129134262273,
          6.052631578947368,
          0.18149187543864162
        ],
        [
          0.005443150997161865,
          3.2391554076838793,
          -0.18840579710144928,
          0.3579832771641307
        ],
        [
          0.009776358604431152,
          4.093158458290716,
          3.8125,
          0.25461022862314525
        ],
        [
          0.006239610314369201,
          3.553078806087839,
          -0.625,
          0.5806820465286039
        ],
        [
          -0.005455676317214966,
          3.784439764204167,
          10.923076923076923,
          0.20858392272677403
        ],
        [
          1.671314239501953e-06,
          3.856231736395622,
          -0.4072727272727273,
          0.2333947672204959
        ],
        [
          0.010347145795822143,
          3.5969779804460056,
          0.203125,
          0.32890720959785613
        ]
      ],
      "dim_labels_A": [
        "valence",
        "arousal",
        "integration",
        "d_eff",
        "cf_weight",
        "sm_sal"
      ],
      "dim_labels_C": [
        "approach_avoid",
        "activity",
        "growth",
        "stability"
      ],
      "per_pattern": [
        {
          "pattern_id": 0,
          "space_A": {
            "valence": -0.0284631398259377,
            "arousal": 13.273429870605469,
            "integration": 0.1703943603592053,
            "d_eff": 1.6682371290157685,
            "cf_weight": 0.8900968506932259,
            "sm_sal": -0.811770875397122
          },