{
  "metadata": {
    "substrate": "v18",
    "seed": 123,
    "C": 16,
    "N": 128,
    "snapshot_path": "/Users/jacob/fun/shape-of-experience/empirical/experiments/study_ca_affect/results/v18_s123/snapshots/cycle_015.npz",
    "experiment": "affect_geometry"
  },
  "n_results": 1,
  "cycle": 15,
  "results": [
    {
      "n_patterns": 20,
      "rsa_rho": 0.2753279358955854,
      "rsa_p": 0.00012071761685635299,
      "space_A": [
        [
          0.06364491034527214,
          13.970219612121582,
          0.007181232894763245,
          1.0523392725077947,
          0.9389386549592018,
          -0.3352257128618009
        ],
        [
          0.044568052097242704,
          7.7481889724731445,
          0.10467839199406626,
          1.4853585114912995,
          0.9351971969008446,
          -0.038490422928667334
        ],
        [
          0.04491240151074468,
          6.716720104217529,
          0.045559800069889245,
          1.2611182773562561,
          0.9320786595344543,
          -0.5506878977623353
        ],
        [
          0.036656477013412785,
          8.815610885620117,
          0.3725902188361295,
          2.1359720143439693,
          0.8256640881299973,
          -0.3596681244299289
        ],
        [
          0.05428312749278789,
          4.651851654052734,
          0.42997204508598497,
          2.3921392523441187,
          0.9219429269433022,
          -0.0694446289434425
        ],
        [
          0.037748453568439096,
          7.398510932922363,
          0.13149298766094797,
          1.548578453358496,
          0.9913298422470689,
          -0.36980706318638734
        ],
        [
          0.0355086764510797,
          7.376106262207031,
          0.14943634071776746,
          1.5939446559738844,
          0.9920615153387189,
          -0.30561655435864277
        ],
        [
          0.06460147974442462,
          7.741883754730225,
          0.01705823307672072,
          1.0981602338717582,
          0.9611315913498402,
          -0.9068824615002533
        ],
        [
          0.06452415427383111,
          4.521739959716797,
          0.14899964006622035,
          1.567083470243947,
          0.8285048753023148,
          -0.6345755768105623
        ],
        [
          0.08027420725141253,
          9.997904777526855,
          0.010853124084042043,
          1.0723901179569542,
          0.956833366304636,
          -0.10586489124372422
        ],
        [
          0.06384612589466329,
          11.163239479064941,
          0.021485514992604537,
          1.1168469105523422,
          0.9156850576400757,
          -0.19566767446765465
        ],
        [
          0.06482518935690121,
          10.492056846618652,
          0.24844676688073652,
          2.088698314318285,
          0.9754397086799145,
          -0.015985754830309618
        ],
        [
          0.05886191737895109,
          9.820765495300293,
          0.08260595507140867,
          1.339976143333436,
          0.9464879631996155,
          -0.7343426951485508
        ],
        [
          0.05735888773081254,
          6.388856887817383,
          0.005662879965044221,
          1.0391735943061888,
          0.9854594701901078,
          -0.11422463918563697
        ],
        [
          0.07023385167121887,
          7.597025394439697,
          0.12651105783958871,
          1.6429121936058397,
          0.8953216001391411,
          -0.1298618516272968
        ],
        [
          0.061286921302477516,
          8.26566219329834,
          0.16599955800545152,
          1.5974065927813557,
          0.9722273722290993,
          -0.13336085351190075
        ],
        [
          0.048018068075180054,
          2.950037717819214,
          0.15245462306417645,
          1.7995185249035475,
          0.9914952982217073,
          -0.03750332267679535
        ],
        [
          0.06491194665431976,
          6.805796146392822,
          0.26983473667044244,
          1.8857900887058794,
          0.9595696367323399,
          -0.395170843640972
        ],
        [
          0.05356737971305847,
          5.114333152770996,
          0.012686235191749051,
          1.0752703977473848,
          0.990598501637578,
          -0.08856339615990594
        ],
        [
          0.022909005482991535,
          3.0097312927246094,
          0.3833282036376944,
          2.680521151337404,
          0.9804399833083153,
          -0.04145385746443908
        ]
      ],
      "space_C": [
        [
          0.012833754420280457,
          4.025064359170908,
          1.7272727272727273,
          0.31409066828353593
        ],
        [
          0.0005175250768661499,
          3.0158970253407755,
          -0.8333333333333334,
          0.6870268146773999
        ],
        [
          0.011559315323829651,
          4.098917263938872,
          3.142857142857143,
          0.2818092235872778
        ],
        [
          -0.003527566008269787,
          4.20222018316098,
          3.836734693877551,
          0.554395992029646
        ],
        [
          0.006823146343231201,
          4.117309499965224,
          -0.22916666666666666,
          0.453798502084027
        ],
        [
          0.007768043279647827,
          4.007696160308904,
          3.4782608695652173,
          0.4191414508472365
        ],
        [
          0.009207751750946045,
          3.964846608879388,
          5.0,
          0.4180284383400102
        ],
        [
          0.014178841263055802,
          2.4725868711995322,
          -0.5689655172413793,
          0.4495475331646473
        ],
        [
          0.005960639715194702,
          2.051674787064024,
          0.4074074074074074,
          0.7032692443350479
        ],
        [
          0.009735146462917328,
          3.243904455333092,
          0.0,
          0.5584642133654257
        ],
        [
          0.0024965694546699524,
          4.094530109628194,
          0.19047619047619047,
          0.5221817061976324
        ],
        [
          0.012415049597620964,
          4.373583535421297,
          0.34375,
          0.21361309751535984
        ],
        [
          0.015723506808280944,
          4.174491102025174,
          -0.21739130434782608,
          0.29113800873184575
        ],
        [
          0.0036994099617004396,
          3.4488353137127525,
          2.04,
          0.6196036970562525
        ],
        [
          0.0033374279737472534,
          2.434059438811502,
          -0.6521739130434783,
          0.49683492860264694
        ],
        [
          0.015864237838861893,
          3.207749304853686,
          -0.3150684931506849,
          0.6690764813819591
        ],
        [
          0.003970026969909668,
          2.3257785589476785,
          0.4444444444444444,
          0.4375830647572285
        ],
        [
          0.011129873747728308,
          4.342582463103524,
          1.0344827586206897,
          0.4212685958201326
        ],
        [
          0.002794200668529588,
          2.354070671529611,
          -0.06382978723404255,
          0.8560701037793
        ],
        [
          0.01636157717023577,
          2.490409082421591,
          15.11111111111111,
          0.3838705884132483
        ]
      ],
      "dim_labels_A": [
        "valence",
        "arousal",
        "integration",
        "d_eff",
        "cf_weight",
        "sm_sal"
      ],
      "dim_labels_C": [
        "approach_avoid",
        "activity",
        "growth",
        "stability"
      ],
      "per_pattern": [
        {
          "pattern_id": 0,
          "space_A": {
            "valence": 0.06364491034527214,
            "arousal": 13.970219612121582,
            "integration": 0.007181232894763245,
            "d_eff": 1.0523392725077947,
            "cf_weight": 0.9389386549592018,
            "sm_sal": -0.3352257128618009
          },