{
  "metadata": {
    "substrate": "v18",
    "seed": 123,
    "C": 16,
    "N": 128,
    "snapshot_path": "/Users/jacob/fun/shape-of-experience/empirical/experiments/study_ca_affect/results/v18_s123/snapshots/cycle_010.npz",
    "experiment": "affect_geometry"
  },
  "n_results": 1,
  "cycle": 10,
  "results": [
    {
      "n_patterns": 6,
      "rsa_rho": 0.22142857142857136,
      "rsa_p": 0.42771371901637,
      "space_A": [
        [
          0.03217198897381218,
          9.467988014221191,
          0.22062581971985118,
          1.8502084769062608,
          0.9697422161698341,
          -0.6206655191150541
        ],
        [
          0.03430834412574768,
          6.297526836395264,
          0.0408435689963107,
          1.2052426212842942,
          0.9497311525046825,
          -0.4288370315272335
        ],
        [
          0.0324744979540507,
          7.775247097015381,
          0.05561162190951441,
          1.3061172873991953,
          0.9733757060021162,
          -0.3574019126329676
        ],
        [
          0.03649073839187622,
          8.515978813171387,
          0.007767296872088991,
          1.053703935133048,
          0.9398738890886307,
          -0.0007999247350083394
        ],
        [
          0.05012008991647274,
          5.750336170196533,
          0.35915789677314525,
          2.7385005973698093,
          0.9633083082735538,
          -0.010902571570431951
        ],
        [
          0.008755014297810006,
          4.72891902923584,
          0.1981422628056354,
          1.7905979006714723,
          0.9908964913338423,
          -0.003116920397776668
        ]
      ],
      "space_C": [
        [
          0.021669314354658128,
          4.835259025643151,
          1.0476190476190477,
          0.3531789116378552
        ],
        [
          0.005404907829907476,
          3.0810642500429117,
          4.3076923076923075,
          0.48348296903071786
        ],
        [
          0.01011447152312921,
          4.245074577670629,
          0.05555555555555555,
          0.3882232659500506
        ],
        [
          0.01125086996020103,
          3.625728197014743,
          0.2826086956521739,
          0.18903620418311415
        ],
        [
          0.008048417046666145,
          4.040092970761175,
          -0.06060606060606061,
          0.0864294218998727
        ],
        [
          0.005907009355723858,
          2.108679715050371,
          3.2142857142857144,
          0.6886675260602112
        ]
      ],
      "dim_labels_A": [
        "valence",
        "arousal",
        "integration",
        "d_eff",
        "cf_weight",
        "sm_sal"
      ],
      "dim_labels_C": [
        "approach_avoid",
        "activity",
        "growth",
        "stability"
      ],
      "per_pattern": [
        {
          "pattern_id": 4,
          "space_A": {
            "valence": 0.03217198897381218,
            "arousal": 9.467988014221191,
            "integration": 0.22062581971985118,
            "d_eff": 1.8502084769062608,
            "cf_weight": 0.9697422161698341,
            "sm_sal": -0.6206655191150541
          },
          "space_C": {
            "approach_avoid": 0.021669314354658128,
            "activity": 4.835259025643151,
            "growth": 1.0476190476190477,
            "stability": 0.3531789116378552
          },
          "n_timesteps": 50
        },
        {
          "pattern_id": 0,
          "space_A": {
            "valence": 0.03430834412574768,
            "arousal": 6.297526836395264,
            "integration": 0.0408435689963107,
            "d_eff": 1.2052426212842942,
            "cf_weight": 0.9497311525046825,
            "sm_sal": -0.4288370315272335
          },
          "space_C": {
            "approach_avoid": 0.005404907829907476,
            "activity": 3.0810642500429117,
            "growth": 4.3076923076923075,
            "stability": 0.48348296903071786
          },
          "n_timesteps": 49
        },
        {
          "pattern_id": 1,
          "space_A": {
            "valence": 0.0324744979540507,
            "arousal": 7.775247097015381,
            "integration": 0.05561162190951441,
            "d_eff": 1.3061172873991953,
            "cf_weight": 0.9733757060021162,
            "sm_sal": -0.3574019126329676
          },
          "space_C": {
            "approach_avoid": 0.01011447152312921,
            "activity": 4.245074577670629,
            "growth": 0.05555555555555555,
            "stability": 0.3882232659500506
          },
          "n_timesteps": 49
        },
        {
          "pattern_id": 3,
          "space_A": {
            "valence": 0.03649073839187622,
            "arousal": 8.515978813171387,
            "integration": 0.007767296872088991,
            "d_eff": 1.053703935133048,
            "cf_weight": 0.9398738890886307,
            "sm_sal": -0.0007999247350083394
          },
          "space_C": {
            "approach_avoid": 0.01125086996020103,
            "activity": 3.625728197014743,
            "growth": 0.2826086956521739,
            "stability": 0.18903620418311415
          },
          "n_timesteps": 49
        },
        {
          "pattern_id": 2,
          "space_A": {
            "valence": 0.05012008991647274,
            "arousal": 5.750336170196533,
            "integration": 0.35915789677314525,
            "d_eff": 2.7385005973698093,
            "cf_weight": 0.9633083082735538,
            "sm_sal": -0.010902571570431951
          },
          "space_C": {
            "approach_avoid": 0.008048417046666145,
            "activity": 4.040092970761175,
            "growth": -0.06060606060606061,
            "stability": 0.0864294218998727
          },
          "n_timesteps": 48
        },
        {
          "pattern_id": 5,
          "space_A": {
            "valence": 0.008755014297810006,
            "arousal": 4.72891902923584,
            "integration": 0.1981422628056354,
            "d_eff": 1.7905979006714723,
            "cf_weight": 0.9908964913338423,
            "sm_sal": -0.003116920397776668
          },
          "space_C": {
            "approach_avoid": 0.005907009355723858,
            "activity": 2.108679715050371,
            "growth": 3.2142857142857144,
            "stability": 0.6886675260602112
          },
          "n_timesteps": 48
        }
      ]
    }
  ]
}