{
  "metadata": {
    "substrate": "v15",
    "seed": 42,
    "C": 16,
    "N": 128,
    "snapshot_path": "/Users/jacob/fun/shape-of-experience/empirical/experiments/study_ca_affect/results/v15_s42/snapshots/cycle_015.npz",
    "experiment": "world_model",
    "n_recording_steps": 50,
    "tau_values": [
      1,
      2,
      5,
      10,
      20
    ]
  },
  "patterns": [
    {
      "pattern_id": 0,
      "n_samples": 50,
      "W": {
        "1": 9.925454426387887e-06,
        "2": 4.17072906758153e-06,
        "5": 1.0561282625975895e-05,
        "10": 9.28397267263185e-06,
        "20": 6.1549277579188045e-06
      },
      "mse_full": {
        "1": 7.173347818404302e-05,
        "2": 5.166876457909248e-05,
        "5": 7.986360980178287e-05,
        "10": 6.647591653849776e-05,
        "20": 4.585992147608568e-05
      },
      "mse_env": {
        "1": 8.165893261043091e-05,
        "2": 5.583949364667401e-05,
        "5": 9.042489242775877e-05,
        "10": 7.57598892111296e-05,
        "20": 5.201484923400448e-05
      },
      "H_wm": 20.0,
      "C_wm": 0.00015595374968659347,
      "lifetime": 50
    },
    {
      "pattern_id": 1,
      "n_samples": 50,
      "W": {
        "1": 0.0,
        "2": 0.0,
        "5": 0.0,
        "10": 0.0,
        "20": 0.0
      },
      "mse_full": {
        "1": 0.00026242369389296784,
        "2": 0.00015059395609438663,
        "5": 0.00028029282856417736,
        "10": 0.00024058613387563382,
        "20": 0.00020719810505832555
      },
      "mse_env": {
        "1": 4.7186727123414144e-05,
        "2": 5.592119037588233e-05,
        "5": 6.495883809754981e-05,
        "10": 4.4211865145431214e-05,
        "20": 3.803914799383085e-05
      },
      "H_wm": 0.0,
      "C_wm": 0.0,
      "lifetime": 50
    },
    {
      "pattern_id": 2,
      "n_samples": 50,
      "W": {
        "1": 0.0007289113361699603,
        "2": 0.0034908263446126343,
        "5": 0.0022501455228840575,
        "10": 0.0024382459679144672,
        "20": 0.0026868378629436437
      },
      "mse_full": {
        "1": 0.00032146715205753093,
        "2": 0.001229305471522401,
        "5": 0.0006787979194251661,
        "10": 0.0008583165359626841,
        "20": 0.0009176832354068371
      },
      "mse_env": {
        "1": 0.0010503784882274912,
        "2": 0.004720131816135035,
        "5": 0.0029289434423092234,
        "10": 0.0032965625038771512,
        "20": 0.003604521098350481
      },
      "H_wm": 20.0,
      "C_wm": 0.0480677245229232,
      "lifetime": 50
    },
    {
      "pattern_id": 3,
      "n_samples": 50,
      "W": {
        "1": 0.0,
        "2": 0.0,
        "5": 0.0,
        "10": 0.0,
        "20": 0.0
      },
      "mse_full": {
        "1": 0.0030093797376244693,
        "2": 0.004270497606628322,
        "5": 0.002289326363631479,
        "10": 0.001448316459931724,
        "20": 0.004216059973115681
      },
      "mse_env": {
        "1": 2.8225886026754364e-05,
        "2": 2.6064880287653406e-05,
        "5": 3.831328626882783e-05,
        "10": 3.437403185835579e-05,
        "20": 3.884245853323405e-05
      },
      "H_wm": 0.0,
      "C_wm": 0.0,
      "lifetime": 50
    },
    {
      "pattern_id": 4,
      "n_samples": 50,
      "W": {
        "1": 3.749585124574025e-05,
        "2": 2.3666587475298694e-05,
        "5": 1.4229909445353656e-05,
        "10": 1.416980995690941e-05,
        "20": 1.4606692709763616e-05
      },
      "mse_full": {
        "1": 4.7934465314953275e-05,
        "2": 5.2639467854960626e-05,
        "5": 4.753732445440159e-05,
        "10": 5.174635572441728e-05,
        "20": 4.4440273475148954e-05
      },
      "mse_env": {
        "1": 8.543031656069353e-05,
        "2": 7.630605533025932e-05,
        "5": 6.176723389975524e-05,
        "10": 6.591616568132669e-05,
        "20": 5.904696618491257e-05
      },
      "H_wm": 20.0,
      "C_wm": 0.00030230777658052084,
      "lifetime": 50
    },
    {
      "pattern_id": 5,
      "n_samples": 50,
      "W": {
        "1": 0.0,
        "2": 0.0,
        "5": 8.690554986422426e-06,
        "10": 0.0,
        "20": 0.0
      },
      "mse_full": {
        "1": 7.512993332251913e-05,
        "2": 6.344778302762434e-05,
        "5": 5.270771209489576e-05,
        "10": 6.418704975087084e-05,
        "20": 6.0439280905787064e-05
      },
      "mse_env": {
        "1": 2.7811462847562298e-05,
        "2": 2.634352628281835e-05,
        "5": 6.139826708131819e-05,
        "10": 4.2158326083039414e-05,
        "20": 4.992981923071647e-05
      },
      "H_wm": 5.0,
      "C_wm": 3.47622199456897e-05,
      "lifetime": 50
    },
    {
      "pattern_id": 6,
      "n_samples": 50,
      "W": {
        "1": 1.599833574685615e-06,
        "2": 0.0,
        "5": 0.0,
        "10": 0.0,
        "20": 2.8317795826398305e-06
      },
      "mse_full": {
        "1": 2.747905465889031e-05,
        "2": 2.7001399650897758e-05,
        "5": 2.757401658996739e-05,
        "10": 2.2265844841003502e-05,
        "20": 2.479024896834242e-05
      },
      "mse_env": {
        "1": 2.9078888233575926e-05,
        "2": 2.5176294763363414e-05,
        "5": 2.7222396268270433e-05,
        "10": 2.0972185269804545e-05,
        "20": 2.762202855098225e-05
      },
      "H_wm": 20.0,
      "C_wm": 1.495881470054196e-05,
      "lifetime": 50
    },
    {
      "pattern_id": 7,
      "n_samples": 50,
      "W": {
        "1": 0.0,
        "2": 0.0,
        "5": 0.0,
        "10": 0.0,
        "20": 0.0
      },
      "mse_full": {
        "1": 0.005540259355090173,
        "2": 0.010504930139952804,
        "5": 0.006432006264613722,
        "10": 0.003175587757373926,
        "20": 0.006673441782468187
      },
      "mse_env": {
        "1": 5.4692175899300236e-05,
        "2": 7.178499131222738e-05,
        "5": 5.549931946157475e-05,
        "10": 8.77037299607558e-05,
        "20": 7.414013862146312e-05
      },
      "H_wm": 0.0,
      "C_wm": 0.0,
      "lifetime": 50
    },
    {
      "pattern_id": 8,
      "n_samples": 50,
      "W": {
        "1": 0.0,
        "2": 0.0,
        "5": 1.015518457909108e-07,
        "10": 1.2369629478769158e-05,
        "20": 2.5832439160786213e-06
      },
      "mse_full": {
        "1": 3.34891590551382e-05,
        "2": 3.6417997637161264e-05,
        "5": 3.492439884965981e-05,
        "10": 2.992498554655862e-05,
        "20": 2.3443224887568287e-05
      },
      "mse_env": {
        "1": 2.824296918488904e-05,
        "2": 3.461834942715979e-05,
        "5": 3.502595069545072e-05,
        "10": 4.229461502532778e-05,
        "20": 2.6026468803646908e-05
      },
      "H_wm": 20.0,
      "C_wm": 0.00010609464805432544,
      "lifetime": 50
    },
    {
      "pattern_id": 9,
      "n_samples": 50,
      "W": {
        "1": 8.70558868244206e-06,
        "2": 7.919073418437362e-06,
        "5": 0.0,
        "10": 0.0,
        "20": 1.948460705903076e-06
      },
      "mse_full": {
        "1": 3.3976749097715066e-05,
        "2": 4.073422244675782e-05,
        "5": 3.416484088215125e-05,
        "10": 3.636369467944697e-05,
        "20": 2.8928748678521805e-05
      },
      "mse_env": {
        "1": 4.2682337780157125e-05,
        "2": 4.865329586519518e-05,
        "5": 2.886222392889387e-05,
        "10": 3.486396479088639e-05,
        "20": 3.087720938442488e-05
      },
      "H_wm": 20.0,
      "C_wm": 2.9933244707611135e-05,
      "lifetime": 50
    },
    {
      "pattern_id": 10,
      "n_samples": 50,
      "W": {
        "1": 0.0,
        "2": 0.0,
        "5": 0.0,
        "10": 0.0,
        "20": 0.0
      },
      "mse_full": {
        "1": 0.0009886241031162638,
        "2": 0.0012326995993296908,
        "5": 0.0005892920051708114,
        "10": 0.0013413752395459273,
        "20": 0.0010927141861955866
      },
      "mse_env": {
        "1": 6.234760679739397e-05,
        "2": 5.780446112723921e-05,
        "5": 3.598551906479424e-05,