{
  "metadata": {
    "substrate": "v15",
    "seed": 42,
    "C": 16,
    "N": 128,
    "snapshot_path": "/Users/jacob/fun/shape-of-experience/empirical/experiments/study_ca_affect/results/v15_s42/snapshots/cycle_005.npz",
    "experiment": "world_model",
    "n_recording_steps": 50,
    "tau_values": [
      1,
      2,
      5,
      10,
      20
    ]
  },
  "patterns": [
    {
      "pattern_id": 3,
      "n_samples": 50,
      "W": {
        "1": 0.0,
        "2": 0.0,
        "5": 0.0,
        "10": 0.0,
        "20": 0.0
      },
      "mse_full": {
        "1": 6.922696986879054e-05,
        "2": 8.205422803631638e-05,
        "5": 5.985769037120852e-05,
        "10": 5.741417134002742e-05,
        "20": 7.313059290216942e-05
      },
      "mse_env": {
        "1": 6.371354337373807e-05,
        "2": 6.238208240885766e-05,
        "5": 4.744466095553708e-05,
        "10": 4.729389613672783e-05,
        "20": 4.990946003017704e-05
      },
      "H_wm": 0.0,
      "C_wm": 0.0,
      "lifetime": 50
    },
    {
      "pattern_id": 4,
      "n_samples": 50,
      "W": {
        "1": 9.45403938092469e-06,
        "2": 0.0,
        "5": 0.0,
        "10": 0.0,
        "20": 0.0
      },
      "mse_full": {
        "1": 8.495224509003768e-05,
        "2": 0.00012112638005003905,
        "5": 0.0002247209091511563,
        "10": 0.00013354770958477644,
        "20": 0.00014484230884445027
      },
      "mse_env": {
        "1": 9.440628447096237e-05,
        "2": 0.00011342613936057909,
        "5": 6.345237181020105e-05,
        "10": 6.671216738572513e-05,
        "20": 7.675989727521752e-05
      },
      "H_wm": 1.0,
      "C_wm": 4.727019690462345e-06,
      "lifetime": 50
    },
    {
      "pattern_id": 12,
      "n_samples": 50,
      "W": {
        "1": 4.46778577815932e-05,
        "2": 5.7600171823582805e-05,
        "5": 0.0,
        "10": 0.0,
        "20": 0.0
      },
      "mse_full": {
        "1": 0.00014649831925922532,
        "2": 0.00016538381146506822,
        "5": 0.0003825533502844895,
        "10": 0.0002925905897888409,
        "20": 0.0004854887463016512
      },
      "mse_env": {
        "1": 0.00019117617704081852,
        "2": 0.00022298398328865103,
        "5": 0.0002853052593068385,
        "10": 0.00016529801417121517,
        "20": 0.00025137294993927305
      },
      "H_wm": 2.0,
      "C_wm": 0.0001375392725379622,
      "lifetime": 50
    },
    {
      "pattern_id": 13,
      "n_samples": 50,
      "W": {
        "1": 3.62054063897917e-05,
        "2": 3.2553320126098507e-05,
        "5": 0.0,
        "10": 0.0,
        "20": 3.0171688804255054e-05
      },
      "mse_full": {
        "1": 6.247578783294271e-05,
        "2": 9.58898925976578e-05,
        "5": 0.00010907658375624286,
        "10": 0.00013785256992171263,
        "20": 9.1748040092238e-05
      },
      "mse_env": {
        "1": 9.868119422273441e-05,
        "2": 0.0001284432127237563,
        "5": 8.147817328523681e-05,
        "10": 8.252815865166129e-05,
        "20": 0.00012191972889649306
      },
      "H_wm": 20.0,
      "C_wm": 0.00023406778746836815,
      "lifetime": 50
    },
    {
      "pattern_id": 18,
      "n_samples": 50,
      "W": {
        "1": 0.0,
        "2": 0.0,
        "5": 0.0,
        "10": 0.0,
        "20": 0.0
      },
      "mse_full": {
        "1": 0.00021977070509779546,
        "2": 0.00025417019952080484,
        "5": 0.00017330010081424073,
        "10": 0.0001698680561576642,
        "20": 0.00021553076072884127
      },
      "mse_env": {
        "1": 0.00018452965460260618,
        "2": 0.0002199819273701806,
        "5": 6.363801047387025e-05,
        "10": 6.913401600499174e-05,
        "20": 7.539061366570998e-05
      },
      "H_wm": 0.0,
      "C_wm": 0.0,
      "lifetime": 50
    },
    {
      "pattern_id": 23,
      "n_samples": 50,
      "W": {
        "1": 0.0,
        "2": 0.0,
        "5": 0.0,
        "10": 0.0,
        "20": 0.0
      },
      "mse_full": {
        "1": 0.0031814624636080915,
        "2": 0.004601696735979678,
        "5": 0.007285961755673855,
        "10": 0.003900815090034438,
        "20": 0.005962823617606932
      },
      "mse_env": {
        "1": 0.00010893018119965093,
        "2": 0.00012355377949462972,
        "5": 8.65849291614001e-05,
        "10": 0.0001017037225882123,
        "20": 7.13959582478456e-05
      },
      "H_wm": 0.0,
      "C_wm": 0.0,
      "lifetime": 50
    },
    {
      "pattern_id": 24,
      "n_samples": 50,
      "W": {
        "1": 0.0,
        "2": 0.0,
        "5": 0.0,
        "10": 0.0,
        "20": 0.0
      },
      "mse_full": {
        "1": 0.03951495164706374,
        "2": 0.024401967373460006,
        "5": 0.09188434879790956,
        "10": 0.145603385446127,
        "20": 0.049839381486142136
      },
      "mse_env": {
        "1": 7.925089187556184e-05,
        "2": 8.665499199796205e-05,
        "5": 7.376722408346228e-05,
        "10": 9.680191946592845e-05,
        "20": 0.00010657967879371805
      },
      "H_wm": 0.0,
      "C_wm": 0.0,
      "lifetime": 50
    },
    {
      "pattern_id": 25,
      "n_samples": 50,
      "W": {
        "1": 0.0,
        "2": 0.0,
        "5": 0.0,
        "10": 0.0,
        "20": 0.0
      },
      "mse_full": {
        "1": 0.0029891262731060026,
        "2": 0.0025898959512758025,
        "5": 0.002954201522668557,
        "10": 0.006709673132762972,
        "20": 0.0028079560846869657
      },
      "mse_env": {
        "1": 6.974377101882311e-05,
        "2": 9.948957066650511e-05,
        "5": 0.00011269057528429032,
        "10": 0.00012752252594556567,
        "20": 0.0001539511461477338
      },
      "H_wm": 0.0,
      "C_wm": 0.0,
      "lifetime": 50
    },
    {
      "pattern_id": 26,
      "n_samples": 50,
      "W": {
        "1": 7.32448305313662e-05,
        "2": 5.196573828939245e-05,
        "5": 0.0,
        "10": 0.0,
        "20": 0.0
      },
      "mse_full": {
        "1": 9.028148286303791e-05,
        "2": 0.00010441424326483309,
        "5": 0.00018321995870303087,
        "10": 0.00011355247724681782,
        "20": 0.0001519747532217611
      },
      "mse_env": {
        "1": 0.00016352631339440412,
        "2": 0.00015637998155422554,
        "5": 0.0001612024644703709,
        "10": 9.1922119838856e-05,
        "20": 0.0001342316643473342
      },
      "H_wm": 2.0,
      "C_wm": 0.000140553891844468,
      "lifetime": 50
    },
    {
      "pattern_id": 37,
      "n_samples": 50,
      "W": {
        "1": 0.0,
        "2": 0.0,
        "5": 0.0,
        "10": 0.0,
        "20": 0.0
      },
      "mse_full": {
        "1": 0.00011996908055688236,
        "2": 0.00011443255818280669,
        "5": 0.00012211263357591576,
        "10": 0.00019941078669891404,
        "20": 0.00017528880991739688
      },
      "mse_env": {
        "1": 7.581019080135549e-05,
        "2": 7.128433077101703e-05,
        "5": 0.00011835027012623077,
        "10": 0.0001081640440277177,
        "20": 8.400086142408284e-05
      },
      "H_wm": 0.0,
      "C_wm": 0.0,
      "lifetime": 50
    },
    {
      "pattern_id": 39,
      "n_samples": 50,
      "W": {
        "1": 0.0,
        "2": 0.0,
        "5": 0.0,
        "10": 0.0,
        "20": 0.0
      },
      "mse_full": {
        "1": 0.00015530887895298553,
        "2": 0.0002599490544942828,
        "5": 0.0002925443314691207,
        "10": 0.0003228879045557724,
        "20": 0.00036167410801462186
      },
      "mse_env": {
        "1": 0.00012699516689271278,
        "2": 0.00010762576587862865,
        "5": 0.00016930732707003116,
        "10": 0.0001238037361009155,
        "20": 0.00012496823511520453
      },
      "H_wm": 0.0,
      "C_wm": 0.0,
      "lifetime": 50
    },
    {
      "pattern_id": 40,
      "n_samples": 50,
      "W": {
        "1": 5.33458116634404e-06,
        "2": 0.0,
        "5": 7.527788994879295e-06,
        "10": 3.7960653144680087e-06,
        "20": 0.0
      },