{
  "metadata": {
    "substrate": "v15",
    "seed": 42,
    "C": 16,
    "N": 128,
    "snapshot_path": "/Users/jacob/fun/shape-of-experience/empirical/experiments/study_ca_affect/results/v15_s42/snapshots/cycle_025.npz",
    "experiment": "world_model",
    "n_recording_steps": 50,
    "tau_values": [
      1,
      2,
      5,
      10,
      20
    ]
  },
  "patterns": [
    {
      "pattern_id": 0,
      "n_samples": 50,
      "W": {
        "1": 3.1378509468254486e-05,
        "2": 1.0869737923529567e-05,
        "5": 0.0,
        "10": 0.0,
        "20": 0.0
      },
      "mse_full": {
        "1": 0.00017709678508136644,
        "2": 0.0002471777931595638,
        "5": 0.00030743689634396315,
        "10": 0.00023091540386131954,
        "20": 0.0002300110211777472
      },
      "mse_env": {
        "1": 0.00020847529454962093,
        "2": 0.0002580475310830934,
        "5": 0.0001823735908396278,
        "10": 0.00019887964090525124,
        "20": 0.00016622085840865087
      },
      "H_wm": 2.0,
      "C_wm": 3.7428730581186376e-05,
      "lifetime": 50
    },
    {
      "pattern_id": 1,
      "n_samples": 50,
      "W": {
        "1": 0.0,
        "2": 0.0,
        "5": 0.0,
        "10": 4.293784843905667e-06,
        "20": 0.0
      },
      "mse_full": {
        "1": 6.429613659151603e-05,
        "2": 6.04012066746032e-05,
        "5": 9.648027673986044e-05,
        "10": 5.429059555231383e-05,
        "20": 6.758430675381244e-05
      },
      "mse_env": {
        "1": 5.521268386365367e-05,
        "2": 5.4876978999569964e-05,
        "5": 9.59442489179878e-05,
        "10": 5.8584380396219495e-05,
        "20": 5.9824252846833343e-05
      },
      "H_wm": 10.0,
      "C_wm": 3.22033863292925e-05,
      "lifetime": 50
    },
    {
      "pattern_id": 2,
      "n_samples": 50,
      "W": {
        "1": 0.0,
        "2": 0.0,
        "5": 2.657542255479951e-06,
        "10": 0.0,
        "20": 6.046278259636852e-05
      },
      "mse_full": {
        "1": 0.0001120416606749267,
        "2": 0.0001425072870119593,
        "5": 0.00012159381397649894,
        "10": 0.0001216245067183392,
        "20": 0.00014050707187631192
      },
      "mse_env": {
        "1": 0.00010066207132264048,
        "2": 0.00013504939033888455,
        "5": 0.0001242513562319789,
        "10": 8.95782845798753e-05,
        "20": 0.00020096985447268044
      },
      "H_wm": 20.0,
      "C_wm": 0.0003129440820037624,
      "lifetime": 50
    },
    {
      "pattern_id": 3,
      "n_samples": 50,
      "W": {
        "1": 1.694486820051424e-05,
        "2": 7.745287155107013e-06,
        "5": 3.4335989786026525e-05,
        "10": 0.0,
        "20": 0.0
      },
      "mse_full": {
        "1": 8.469643511784015e-05,
        "2": 9.142353494203099e-05,
        "5": 0.00011757763659014386,
        "10": 8.805147502810415e-05,
        "20": 7.744500554879656e-05
      },
      "mse_env": {
        "1": 0.00010164130331835439,
        "2": 9.9168822097138e-05,
        "5": 0.00015191362637617038,
        "10": 7.229720183216631e-05,
        "20": 7.411924602853686e-05
      },
      "H_wm": 5.0,
      "C_wm": 0.00016130696755457726,
      "lifetime": 50
    }
  ],
  "summary": {
    "mean_C_wm": 0.00013597079161720464,
    "max_C_wm": 0.0003129440820037624,
    "mean_H_wm": 9.25,
    "n_with_world_model": 4,
    "frac_with_world_model": 1.0,
    "mean_W_by_tau": {
      "1": 1.2080844417192182e-05,
      "2": 4.653756269659145e-06,
      "5": 9.248383010376619e-06,
      "10": 1.0734462109764167e-06,
      "20": 1.511569564909213e-05
    }
  }
}