{
  "metadata": {
    "substrate": "v15",
    "seed": 42,
    "C": 16,
    "N": 128,
    "snapshot_path": "/Users/jacob/fun/shape-of-experience/empirical/experiments/study_ca_affect/results/v15_s42/snapshots/cycle_000.npz",
    "experiment": "world_model",
    "n_recording_steps": 50,
    "tau_values": [
      1,
      2,
      5,
      10,
      20
    ]
  },
  "patterns": [
    {
      "pattern_id": 0,
      "n_samples": 50,
      "W": {
        "1": 3.687353708421835e-05,
        "2": 6.102391045865781e-05,
        "5": 0.0,
        "10": 0.0,
        "20": 0.0
      },
      "mse_full": {
        "1": 0.00010695718432210894,
        "2": 0.00010715588832481929,
        "5": 0.00020491546309324174,
        "10": 0.00023914697199561752,
        "20": 0.00015754204875052303
      },
      "mse_env": {
        "1": 0.0001438307214063273,
        "2": 0.0001681797987834771,
        "5": 9.262269431829604e-05,
        "10": 0.00022108998241078835,
        "20": 0.00015358469069351875
      },
      "H_wm": 2.0,
      "C_wm": 0.0001404845894594248,
      "lifetime": 50
    },
    {
      "pattern_id": 1,
      "n_samples": 50,
      "W": {
        "1": 5.105061311848473e-05,
        "2": 2.9249307643578788e-05,
        "5": 1.66943156843822e-05,
        "10": 1.7616306504581876e-05,
        "20": 2.832622555839649e-05
      },
      "mse_full": {
        "1": 8.551239124273317e-05,
        "2": 8.912069535110093e-05,
        "5": 0.00011316434648171135,
        "10": 9.965358656868374e-05,
        "20": 7.932921935359137e-05
      },
      "mse_env": {
        "1": 0.0001365630043612179,
        "2": 0.00011837000299467972,
        "5": 0.00012985866216609355,
        "10": 0.00011726989307326561,
        "20": 0.00010765544491198786
      },
      "H_wm": 20.0,
      "C_wm": 0.0004245546111602753,
      "lifetime": 50
    },
    {
      "pattern_id": 2,
      "n_samples": 50,
      "W": {
        "1": 5.613178257847702e-05,
        "2": 2.9901721109218437e-05,
        "5": 7.809740413444751e-05,
        "10": 3.076693834063417e-05,
        "20": 5.308550559307207e-05
      },
      "mse_full": {
        "1": 0.00011863216306881716,
        "2": 0.00014701188401412615,
        "5": 0.00011016599342196653,
        "10": 0.00016852001711527214,
        "20": 0.00013217952233314653
      },
      "mse_env": {
        "1": 0.00017476394564729417,
        "2": 0.00017691360512334459,
        "5": 0.00018826339755641404,
        "10": 0.0001992869554559063,
        "20": 0.0001852650279262186
      },
      "H_wm": 20.0,
      "C_wm": 0.000896438515565582,
      "lifetime": 50
    },
    {
      "pattern_id": 3,
      "n_samples": 50,
      "W": {
        "1": 1.6511823687584995e-05,
        "2": 0.0,
        "5": 0.0,
        "10": 2.55655326883968e-05,
        "20": 0.0
      },
      "mse_full": {
        "1": 0.00014007175142169016,
        "2": 0.00018182156399973288,
        "5": 0.00014362465370500063,
        "10": 9.627666438065859e-05,
        "20": 0.00014708634528531962
      },
      "mse_env": {
        "1": 0.00015658357510927516,
        "2": 0.00018165049760686383,
        "5": 0.00013638791748758037,
        "10": 0.00012184219706905539,
        "20": 0.00012421139515642288
      },
      "H_wm": 10.0,
      "C_wm": 0.0001999974070067685,
      "lifetime": 50
    },
    {
      "pattern_id": 4,
      "n_samples": 50,
      "W": {
        "1": 0.0,
        "2": 0.0,
        "5": 0.0,
        "10": 0.0,
        "20": 0.0
      },
      "mse_full": {
        "1": 0.0001988400704843886,
        "2": 0.00020234190523292652,
        "5": 0.00041607822646531656,
        "10": 0.00027953515325714414,
        "20": 0.0004501598961885702
      },
      "mse_env": {
        "1": 0.00017349871812357695,
        "2": 0.00013907356981621827,
        "5": 0.0002608471371866305,
        "10": 0.00012026716074858425,
        "20": 0.00023327332262181329
      },
      "H_wm": 0.0,
      "C_wm": 0.0,
      "lifetime": 50
    },
    {
      "pattern_id": 6,
      "n_samples": 50,
      "W": {
        "1": 0.0,
        "2": 0.0,
        "5": 0.0,
        "10": 0.0,
        "20": 0.0
      },
      "mse_full": {
        "1": 0.0007510109058308632,
        "2": 0.0010172585854997674,
        "5": 0.0010247568359389254,
        "10": 0.00039105370870285105,
        "20": 0.0015264702240691684
      },
      "mse_env": {
        "1": 9.7914674354607e-05,
        "2": 0.00012494397690323856,
        "5": 0.0001412853497622825,
        "10": 0.00011508567272020234,
        "20": 0.00018474991785026379
      },
      "H_wm": 0.0,
      "C_wm": 0.0,
      "lifetime": 50
    },
    {
      "pattern_id": 7,
      "n_samples": 50,
      "W": {
        "1": 0.0,
        "2": 0.0,
        "5": 5.3353667460945145e-06,
        "10": 0.0,
        "20": 0.0
      },
      "mse_full": {
        "1": 0.00018543614496971226,
        "2": 0.00019768056079873367,
        "5": 0.00017499943855428803,
        "10": 0.00014965037123508706,
        "20": 0.00021148651493339225
      },
      "mse_env": {
        "1": 0.00012822926068351432,
        "2": 0.00015711421791646816,
        "5": 0.00018033480530038254,
        "10": 0.00013096847398637199,
        "20": 0.00014985212554373054
      },
      "H_wm": 5.0,
      "C_wm": 2.1341466984378058e-05,
      "lifetime": 50
    },
    {
      "pattern_id": 8,
      "n_samples": 50,
      "W": {
        "1": 0.0,
        "2": 0.0,
        "5": 0.0,
        "10": 0.0,
        "20": 0.0
      },
      "mse_full": {
        "1": 0.00017382588805421787,
        "2": 0.00018276684300597102,
        "5": 0.00017468593675394825,
        "10": 0.00017909627782227653,
        "20": 0.0002545072561422731
      },
      "mse_env": {
        "1": 8.816301778075825e-05,
        "2": 0.00013275181063847498,
        "5": 0.00013484050746027872,
        "10": 0.0001478344142530592,
        "20": 0.00018499257697803814
      },
      "H_wm": 0.0,
      "C_wm": 0.0,
      "lifetime": 50
    },
    {
      "pattern_id": 9,
      "n_samples": 50,
      "W": {
        "1": 0.0,
        "2": 0.0,
        "5": 0.0,
        "10": 0.0,
        "20": 0.0
      },
      "mse_full": {
        "1": 0.000154179632237696,
        "2": 0.0001829470659743713,
        "5": 0.0002355694828317996,
        "10": 0.00017933417970900637,
        "20": 0.00015779069570274999
      },
      "mse_env": {
        "1": 0.00011632415837977527,
        "2": 0.0001508641332580505,
        "5": 0.0001427834923800134,
        "10": 0.00015945257068962645,
        "20": 0.00011729472521380237
      },
      "H_wm": 0.0,
      "C_wm": 0.0,
      "lifetime": 50
    },
    {
      "pattern_id": 10,
      "n_samples": 50,
      "W": {
        "1": 0.0,
        "2": 0.0,
        "5": 0.0,
        "10": 0.0,
        "20": 0.0
      },
      "mse_full": {
        "1": 0.2559117803546104,
        "2": 0.08800486090081763,
        "5": 0.19373960468757168,
        "10": 0.23504989782978644,
        "20": 0.15984159582035448
      },
      "mse_env": {
        "1": 0.0001531652366689034,
        "2": 0.00013113719575964667,
        "5": 0.00010697181229736758,
        "10": 0.0001465150685949515,
        "20": 0.00011360974047228019
      },
      "H_wm": 0.0,
      "C_wm": 0.0,
      "lifetime": 50
    },
    {
      "pattern_id": 11,
      "n_samples": 50,
      "W": {
        "1": 0.00012576826590932918,
        "2": 8.860452813974068e-05,
        "5": 0.0,
        "10": 8.798565851471889e-05,
        "20": 0.0
      },
      "mse_full": {
        "1": 0.00011773882997306113,
        "2": 0.00021572182896101682,
        "5": 0.0001480595085507315,
        "10": 0.00010802396032153481,
        "20": 0.00020631181833965527
      },
      "mse_env": {
        "1": 0.0002435070958823903,
        "2": 0.0003043263571007575,
        "5": 0.00010501398573669396,
        "10": 0.0001960096188362537,
        "20": 0.00013737241257119335
      },
      "H_wm": 10.0,
      "C_wm": 0.0008999856280945376,