{
  "metadata": {
    "substrate": "v15",
    "seed": 42,
    "C": 16,
    "N": 128,
    "snapshot_path": "/Users/jacob/fun/shape-of-experience/empirical/experiments/study_ca_affect/results/v15_s42/snapshots/cycle_010.npz",
    "experiment": "world_model",
    "n_recording_steps": 50,
    "tau_values": [
      1,
      2,
      5,
      10,
      20
    ]
  },
  "patterns": [
    {
      "pattern_id": 4,
      "n_samples": 50,
      "W": {
        "1": 9.792217691789197e-05,
        "2": 8.251389428748536e-05,
        "5": 4.1173373003183496e-05,
        "10": 0.00010268896576377812,
        "20": 7.253406247134187e-05
      },
      "mse_full": {
        "1": 0.0002764538013424984,
        "2": 0.0002858647247883499,
        "5": 0.0003167683140222836,
        "10": 0.00023942679799715338,
        "20": 0.0002984836995730964
      },
      "mse_env": {
        "1": 0.00037437597826039037,
        "2": 0.00036837861907583523,
        "5": 0.0003579416870254671,
        "10": 0.0003421157637609315,
        "20": 0.00037101776204443826
      },
      "H_wm": 20.0,
      "C_wm": 0.0015115199246316959,
      "lifetime": 50
    },
    {
      "pattern_id": 11,
      "n_samples": 50,
      "W": {
        "1": 0.0,
        "2": 0.0,
        "5": 0.0,
        "10": 0.0,
        "20": 0.0
      },
      "mse_full": {
        "1": 0.0002651936859917139,
        "2": 0.00034597345839662943,
        "5": 0.00033121957297751884,
        "10": 0.0002640923199087,
        "20": 0.0004179555438154815
      },
      "mse_env": {
        "1": 0.00020353586520674956,
        "2": 0.00024272700190001436,
        "5": 0.00019008987959009767,
        "10": 0.00024730798632017413,
        "20": 0.00018284692596605445
      },
      "H_wm": 0.0,
      "C_wm": 0.0,
      "lifetime": 50
    },
    {
      "pattern_id": 12,
      "n_samples": 50,
      "W": {
        "1": 0.0,
        "2": 0.0,
        "5": 0.0,
        "10": 0.0,
        "20": 0.0
      },
      "mse_full": {
        "1": 0.000428691755075165,
        "2": 0.00037250286327243783,
        "5": 0.0005507253447623753,
        "10": 0.0004126878136717548,
        "20": 0.00042420428617066374
      },
      "mse_env": {
        "1": 0.0002580683915807255,
        "2": 0.00021491827809949697,
        "5": 0.00025991839252256495,
        "10": 0.0003917992977089755,
        "20": 0.00022067796383239756
      },
      "H_wm": 0.0,
      "C_wm": 0.0,
      "lifetime": 50
    },
    {
      "pattern_id": 14,
      "n_samples": 50,
      "W": {
        "1": 1.6109371639924934e-05,
        "2": 1.6493208156796127e-05,
        "5": 7.23268660423381e-05,
        "10": 0.0,
        "20": 0.0
      },
      "mse_full": {
        "1": 0.0002765277810443665,
        "2": 0.00029355576942007873,
        "5": 0.0002093800624729848,
        "10": 0.00032666553270918424,
        "20": 0.0005266435327002147
      },
      "mse_env": {
        "1": 0.0002926371526842914,
        "2": 0.00031004897757687486,
        "5": 0.0002817069285153229,
        "10": 0.0002697672988769422,
        "20": 0.00037649189698689655
      },
      "H_wm": 5.0,
      "C_wm": 0.00033034856630290713,
      "lifetime": 50
    },
    {
      "pattern_id": 15,
      "n_samples": 50,
      "W": {
        "1": 0.0,
        "2": 0.0,
        "5": 0.0,
        "10": 0.0,
        "20": 0.0
      },
      "mse_full": {
        "1": 0.010508626427613063,
        "2": 0.017852566817714754,
        "5": 0.004312225475874761,
        "10": 0.020113856463885048,
        "20": 0.020724334570302923
      },
      "mse_env": {
        "1": 0.0002546302222645306,
        "2": 0.00022215520146260593,
        "5": 0.0002112450769256095,
        "10": 0.0003702700595889121,
        "20": 0.0005172748540205501
      },
      "H_wm": 0.0,
      "C_wm": 0.0,
      "lifetime": 50
    },
    {
      "pattern_id": 16,
      "n_samples": 50,
      "W": {
        "1": 0.0,
        "2": 0.0,
        "5": 0.0,
        "10": 0.0,
        "20": 0.0
      },
      "mse_full": {
        "1": 0.000839308590009683,
        "2": 0.0006776532867806017,
        "5": 0.0006795305628562742,
        "10": 0.0014238325340704462,
        "20": 0.0009949685115367645
      },
      "mse_env": {
        "1": 0.0002718872839919713,
        "2": 0.00028134667537035315,
        "5": 0.00029980020962851867,
        "10": 0.0004065358149818826,
        "20": 0.0004437030650987628
      },
      "H_wm": 0.0,
      "C_wm": 0.0,
      "lifetime": 50
    },
    {
      "pattern_id": 19,
      "n_samples": 50,
      "W": {
        "1": 0.0,
        "2": 0.0,
        "5": 0.0,
        "10": 0.0,
        "20": 0.0
      },
      "mse_full": {
        "1": 0.0006368784530026711,
        "2": 0.00046030615068063535,
        "5": 0.0005962237793511475,
        "10": 0.0005944886694959536,
        "20": 0.0005534140977329463
      },
      "mse_env": {
        "1": 0.00026967506079580305,
        "2": 0.0002164905439029129,
        "5": 0.00026489491360341005,
        "10": 0.0001944156518676511,
        "20": 0.00031028288293199775
      },
      "H_wm": 0.0,
      "C_wm": 0.0,
      "lifetime": 50
    },
    {
      "pattern_id": 20,
      "n_samples": 50,
      "W": {
        "1": 0.00011510219838162315,
        "2": 0.00015099486668507998,
        "5": 0.00023523876081062305,
        "10": 0.0004619010018192232,
        "20": 0.0004647503387053517
      },
      "mse_full": {
        "1": 0.00013291164194674987,
        "2": 0.00015183626119503606,
        "5": 0.00023830315972822643,
        "10": 0.0002551638271001735,
        "20": 0.00032566864367160954
      },
      "mse_env": {
        "1": 0.000248013840328373,
        "2": 0.00030283112788011604,
        "5": 0.0004735419205388495,
        "10": 0.0007170648289193967,
        "20": 0.0007904189823769612
      },
      "H_wm": 20.0,
      "C_wm": 0.007088505082974395,
      "lifetime": 50
    },
    {
      "pattern_id": 21,
      "n_samples": 50,
      "W": {
        "1": 0.0,
        "2": 0.0,
        "5": 0.0,
        "10": 0.0,
        "20": 0.0
      },
      "mse_full": {
        "1": 0.0006404530113082581,
        "2": 0.0006812003485446913,
        "5": 0.00021862413829536157,
        "10": 0.0004627487179661805,
        "20": 0.0004756964501799009
      },
      "mse_env": {
        "1": 0.00023544597140035773,
        "2": 0.00023778152739211854,
        "5": 0.00012414323933252164,
        "10": 0.00021347712724444743,
        "20": 0.0002928910347080937
      },
      "H_wm": 0.0,
      "C_wm": 0.0,
      "lifetime": 50
    },
    {
      "pattern_id": 24,
      "n_samples": 50,
      "W": {
        "1": 0.0,
        "2": 0.0,
        "5": 0.0,
        "10": 0.0,
        "20": 0.0
      },
      "mse_full": {
        "1": 0.0012813437047740084,
        "2": 0.0013158197076675493,
        "5": 0.0015068442060461908,
        "10": 0.0008132321624495812,
        "20": 0.0011413330705742411
      },
      "mse_env": {
        "1": 0.00019862817592762805,
        "2": 0.00018310950274112416,
        "5": 0.0002711757987178847,
        "10": 0.00024166847725339067,
        "20": 0.0001330181636658283
      },
      "H_wm": 0.0,
      "C_wm": 0.0,
      "lifetime": 50
    },
    {
      "pattern_id": 25,
      "n_samples": 50,
      "W": {
        "1": 4.398977595798008e-05,
        "2": 0.00012468718444875527,
        "5": 1.7055824712013828e-05,
        "10": 7.166672059129677e-05,
        "20": 1.3007617162165956e-05
      },
      "mse_full": {
        "1": 0.0003304837959064098,
        "2": 0.00037849314741703,
        "5": 0.00016075918267934735,
        "10": 0.00020558706618939286,
        "20": 0.00018716725646529385
      },
      "mse_env": {
        "1": 0.0003744735718643899,
        "2": 0.0005031803318657853,
        "5": 0.00017781500739136118,
        "10": 0.0002772537867806896,
        "20": 0.0002001748736274598
      },
      "H_wm": 20.0,
      "C_wm": 0.0009421310459701115,