{
  "metadata": {
    "substrate": "v15",
    "seed": 42,
    "C": 16,
    "N": 128,
    "snapshot_path": "/Users/jacob/fun/shape-of-experience/empirical/experiments/study_ca_affect/results/v15_s42/snapshots/cycle_020.npz",
    "experiment": "world_model",
    "n_recording_steps": 50,
    "tau_values": [
      1,
      2,
      5,
      10,
      20
    ]
  },
  "patterns": [
    {
      "pattern_id": 0,
      "n_samples": 50,
      "W": {
        "1": 3.7544082424001575e-05,
        "2": 6.834495283373744e-05,
        "5": 3.404796712692265e-05,
        "10": 0.00013381966610075192,
        "20": 0.00017944729095825153
      },
      "mse_full": {
        "1": 0.00017823620304351312,
        "2": 0.00018063856026457752,
        "5": 0.00018745247706959748,
        "10": 0.00021442143470377286,
        "20": 0.00032759927936031454
      },
      "mse_env": {
        "1": 0.0002157802854675147,
        "2": 0.00024898351309831496,
        "5": 0.00022150044419652013,
        "10": 0.0003482411008045248,
        "20": 0.0005070465703185661
      },
      "H_wm": 20.0,
      "C_wm": 0.002192537765934063,
      "lifetime": 50
    }
  ],
  "summary": {
    "mean_C_wm": 0.002192537765934063,
    "max_C_wm": 0.002192537765934063,
    "mean_H_wm": 20.0,
    "n_with_world_model": 1,
    "frac_with_world_model": 1.0,
    "mean_W_by_tau": {
      "1": 3.7544082424001575e-05,
      "2": 6.834495283373744e-05,
      "5": 3.404796712692265e-05,
      "10": 0.00013381966610075192,
      "20": 0.00017944729095825153
    }
  }
}