{
  "metadata": {
    "substrate": "v18",
    "seed": 123,
    "C": 16,
    "N": 128,
    "snapshot_path": "/Users/jacob/fun/shape-of-experience/empirical/experiments/study_ca_affect/results/v18_s123/snapshots/cycle_020.npz",
    "experiment": "self_model"
  },
  "n_results": 20,
  "cycle": 20,
  "results": [
    {
      "pattern_id": 3,
      "n_timesteps": 50,
      "rho_self": 0.21701240185202056,
      "SM": {
        "1": -574.088027444752,
        "2": 68.32937418307054,
        "5": -45.90742866878392,
        "10": -90.15481746252087
      },
      "SM_capacity": 136.65874836614108,
      "SM_sal": 0.0,
      "f_self_mse": {
        "1": 704.0364443919954,
        "2": 42.394613456347834,
        "5": 222.53912922748728,
        "10": 230.00607629822534
      },
      "f_ext_mse": {
        "1": 129.94841694724337,
        "2": 110.72398763941837,
        "5": 176.63170055870336,
        "10": 139.85125883570447
      }
    },
    {
      "pattern_id": 8,
      "n_timesteps": 50,
      "rho_self": 0.0,
      "SM": {
        "1": -96.20361844157628,
        "2": -472.679719464638,
        "5": -20.317211036497305,
        "10": -83.95852922895173
      },
      "SM_capacity": 0.0,
      "SM_sal": 0.0,
      "f_self_mse": {
        "1": 152.29584910122335,
        "2": 552.0465531463542,
        "5": 80.27630960302947,
        "10": 111.71604647141832
      },
      "f_ext_mse": {
        "1": 56.092230659647065,
        "2": 79.36683368171619,
        "5": 59.95909856653217,
        "10": 27.757517242466598
      }
    },
    {
      "pattern_id": 19,
      "n_timesteps": 50,
      "rho_self": 0.30229277205444316,
      "SM": {
        "1": 4.889159561047013,
        "2": 14.00965884339689,
        "5": 8.112888807403209,
        "10": 26.50566612086023
      },
      "SM_capacity": 129.1796179990807,
      "SM_sal": Infinity,
      "f_self_mse": {
        "1": 18.14950788687538,
        "2": 11.751416576702121,
        "5": 32.536222214927,
        "10": 10.975152716702194
      },
      "f_ext_mse": {
        "1": 23.038667447922393,
        "2": 25.76107542009901,
        "5": 40.64911102233021,
        "10": 37.480818837562424
      }
    },
    {
      "pattern_id": 20,
      "n_timesteps": 50,
      "rho_self": 0.0,
      "SM": {
        "1": 34.70641249306949,
        "2": -60.29238878949111,
        "5": -63.44919943175,
        "10": -27.036009169644586
      },
      "SM_capacity": 17.353206246534747,
      "SM_sal": Infinity,
      "f_self_mse": {
        "1": 31.14957526438509,
        "2": 94.54778289560295,
        "5": 127.72063577454833,
        "10": 107.33892182417699
      },
      "f_ext_mse": {
        "1": 65.85598775745459,
        "2": 34.25539410611184,
        "5": 64.27143634279832,
        "10": 80.3029126545324
      }
    },
    {
      "pattern_id": 21,
      "n_timesteps": 50,
      "rho_self": 0.0,
      "SM": {
        "1": -2.843572513780778,
        "2": -17.01643945018929,
        "5": -4.175522757761364,
        "10": 31.799365441305685
      },
      "SM_capacity": 79.49841360326421,
      "SM_sal": 0.0,
      "f_self_mse": {
        "1": 17.796441793975937,
        "2": 35.48670013251395,
        "5": 19.64779461861888,
        "10": 7.5898575013960725
      },
      "f_ext_mse": {
        "1": 14.95286928019516,
        "2": 18.470260682324664,
        "5": 15.472271860857518,
        "10": 39.38922294270176
      }
    },
    {
      "pattern_id": 26,
      "n_timesteps": 50,
      "rho_self": 0.0,
      "SM": {
        "1": -88744.94293974405,
        "2": -127596.03779042573,
        "5": -20553.47786467213,
        "10": -20947.027994810735
      },
      "SM_capacity": 0.0,
      "SM_sal": 0.0,
      "f_self_mse": {
        "1": 88800.17648108394,
        "2": 127649.5195499524,
        "5": 20649.840033825334,
        "10": 21052.605394107988
      },
      "f_ext_mse": {
        "1": 55.233541339882,
        "2": 53.48175952667124,
        "5": 96.36216915320374,
        "10": 105.57739929725237
      }
    },
    {
      "pattern_id": 29,
      "n_timesteps": 50,
      "rho_self": 0.0,
      "SM": {
        "1": 28.856778290949897,
        "2": 24.084454461543118,
        "5": -444.9034525901173,
        "10": -60.219170173976096
      },
      "SM_capacity": 62.59729806856119,
      "SM_sal": Infinity,
      "f_self_mse": {
        "1": 56.06889874967688,
        "2": 91.20370790729604,
        "5": 562.9006401223608,
        "10": 183.69782955572242
      },
      "f_ext_mse": {
        "1": 84.92567704062678,
        "2": 115.28816236883915,
        "5": 117.99718753224344,
        "10": 123.47865938174633
      }
    },
    {
      "pattern_id": 30,
      "n_timesteps": 50,
      "rho_self": 0.0,
      "SM": {
        "1": -141.68596400490947,
        "2": -117.32070897914437,
        "5": -209.3196018069503,
        "10": -51.13378876855389
      },
      "SM_capacity": 0.0,
      "SM_sal": 0.0,
      "f_self_mse": {
        "1": 155.60620321699693,
        "2": 131.17629815319887,
        "5": 217.98763928241223,
        "10": 77.29895631596703
      },
      "f_ext_mse": {
        "1": 13.920239212087457,
        "2": 13.855589174054495,
        "5": 8.66803747546195,
        "10": 26.16516754741314
      }
    },
    {
      "pattern_id": 33,
      "n_timesteps": 50,
      "rho_self": 0.0,
      "SM": {
        "1": -0.03624621763161162,
        "2": -1.1283692660672555,
        "5": -0.728908235511974,
        "10": -4.1930911634993775
      },
      "SM_capacity": 0.0,
      "SM_sal": Infinity,
      "f_self_mse": {
        "1": 4.216110169321576,
        "2": 6.462634643679108,
        "5": 6.495712149499743,
        "10": 8.875354243625273
      },
      "f_ext_mse": {
        "1": 4.179863951689964,
        "2": 5.334265377611852,
        "5": 5.766803913987769,
        "10": 4.682263080125895
      }
    },
    {
      "pattern_id": 0,
      "n_timesteps": 49,
      "rho_self": 0.0,
      "SM": {
        "1": 14.559742609996526,
        "2": -10.396324225555063,
        "5": -1.5544786777339326,
        "10": 5.460137983743227
      },
      "SM_capacity": 20.930216264356332,
      "SM_sal": 0.0336312717372704,
      "f_self_mse": {
        "1": 58.30382005952438,
        "2": 67.76882936270053,
        "5": 43.142002961120184,
        "10": 9.414154863809264
      },
      "f_ext_mse": {
        "1": 72.8635626695209,
        "2": 57.37250513714547,
        "5": 41.58752428338625,
        "10": 14.874292847552491
      }
    },
    {
      "pattern_id": 1,
      "n_timesteps": 49,
      "rho_self": 0.0,
      "SM": {
        "1": -301.0275158519871,
        "2": -12934.795204632623,
        "5": -134.51196175853931,
        "10": -24.178675332466675
      },
      "SM_capacity": 0.0,
      "SM_sal": 0.0,
      "f_self_mse": {
        "1": 338.43049079233907,
        "2": 12971.039512340732,
        "5": 192.75274029486013,
        "10": 53.746198067186455
      },
      "f_ext_mse": {
        "1": 37.40297494035195,
        "2": 36.244307708110334,
        "5": 58.24077853632082,
        "10": 29.56752273471978
      }
    },
    {
      "pattern_id": 2,
      "n_timesteps": 49,
      "rho_self": 0.0,
      "SM": {
        "1": 4.754308599385475,
        "2": 5.3789596830134006,
        "5": 1.3438790292039506,
        "10": 8.447871631294781
      },
      "SM_capacity": 39.63026886077229,
      "SM_sal": Infinity,
      "f_self_mse": {
        "1": 11.709647554463121,
        "2": 11.636888104458984,
        "5": 18.088204052593206,
        "10": 10.312736368306712
      },
      "f_ext_mse": {
        "1": 16.463956153848596,
        "2": 17.015847787472385,
        "5": 19.432083081797156,
        "10": 18.760607999601493
      }
    },
    {
      "pattern_id": 10,
      "n_timesteps": 49,
      "rho_self": 0.0,
      "SM": {
        "1": -270.54827230658975,
        "2": -282.91838797761017,
        "5": -153.62608228676646,
        "10": 36.547454865106445
      },