{
  "metadata": {
    "substrate": "v18",
    "seed": 123,
    "C": 16,
    "N": 128,
    "snapshot_path": "/Users/jacob/fun/shape-of-experience/empirical/experiments/study_ca_affect/results/v18_s123/snapshots/cycle_005.npz",
    "experiment": "self_model"
  },
  "n_results": 20,
  "cycle": 5,
  "results": [
    {
      "pattern_id": 6,
      "n_timesteps": 50,
      "rho_self": 0.0,
      "SM": {
        "1": 42.24924611431061,
        "2": 72.51442454814432,
        "5": 17.948214782033595,
        "10": -46.61699133869349
      },
      "SM_capacity": 237.94633128157835,
      "SM_sal": Infinity,
      "f_self_mse": {
        "1": 14.167757362979454,
        "2": 20.652536886381043,
        "5": 51.33327376947725,
        "10": 59.95771359986644
      },
      "f_ext_mse": {
        "1": 56.417003477290066,
        "2": 93.16696143452536,
        "5": 69.28148855151085,
        "10": 13.340722261172951
      }
    },
    {
      "pattern_id": 45,
      "n_timesteps": 48,
      "rho_self": 0.0,
      "SM": {
        "1": 10.309066786738253,
        "2": -7.573468120823549,
        "5": -130.98868587809793,
        "10": -3.0789974742849004
      },
      "SM_capacity": 5.154533393369126,
      "SM_sal": Infinity,
      "f_self_mse": {
        "1": 10.233043024993446,
        "2": 24.000636340955673,
        "5": 154.58379707991054,
        "10": 13.948662274155799
      },
      "f_ext_mse": {
        "1": 20.5421098117317,
        "2": 16.427168220132124,
        "5": 23.595111201812617,
        "10": 10.869664799870899
      }
    },
    {
      "pattern_id": 3,
      "n_timesteps": 46,
      "rho_self": 0.0,
      "SM": {
        "1": 1.038921755979871,
        "2": -12.630471371966088,
        "5": -3.6390143757503868,
        "10": -17.25109377337962
      },
      "SM_capacity": 0.5194608779899355,
      "SM_sal": 0.0,
      "f_self_mse": {
        "1": 12.43119175621735,
        "2": 24.33032194972428,
        "5": 7.33362279130956,
        "10": 20.548944851004492
      },
      "f_ext_mse": {
        "1": 13.470113512197221,
        "2": 11.699850577758191,
        "5": 3.6946084155591734,
        "10": 3.297851077624872
      }
    },
    {
      "pattern_id": 27,
      "n_timesteps": 46,
      "rho_self": 0.13623489309729567,
      "SM": {
        "1": 1.023057248852214,
        "2": 0.5009112183197799,
        "5": 0.49440515031057997,
        "10": -0.32205606067194914
      },
      "SM_capacity": 3.490971662307987,
      "SM_sal": Infinity,
      "f_self_mse": {
        "1": 4.147365858903214,
        "2": 3.373844324875795,
        "5": 3.4303955506786017,
        "10": 4.182422047906529
      },
      "f_ext_mse": {
        "1": 5.170423107755428,
        "2": 3.874755543195575,
        "5": 3.9248007009891817,
        "10": 3.86036598723458
      }
    },
    {
      "pattern_id": 54,
      "n_timesteps": 45,
      "rho_self": 0.06097506197199328,
      "SM": {
        "1": 1.1254463502938759,
        "2": 0.747946709359443,
        "5": 5.152822937554636,
        "10": 0.1910500586414816
      },
      "SM_capacity": 23.147533490688076,
      "SM_sal": 0.0,
      "f_self_mse": {
        "1": 10.837571787211832,
        "2": 10.689422219406723,
        "5": 6.131147860903405,
        "10": 9.836808052231097
      },
      "f_ext_mse": {
        "1": 11.963018137505708,
        "2": 11.437368928766166,
        "5": 11.283970798458041,
        "10": 10.027858110872579
      }
    },
    {
      "pattern_id": 9,
      "n_timesteps": 44,
      "rho_self": 0.024334189658408327,
      "SM": {
        "1": -32.4553811503274,
        "2": 10.065028612326898,
        "5": -9.779656010295994,
        "10": -1906.7276543207602
      },
      "SM_capacity": 20.130057224653797,
      "SM_sal": 0.0,
      "f_self_mse": {
        "1": 94.34838035835614,
        "2": 77.25916711138653,
        "5": 85.5170686025775,
        "10": 2038.9605299527036
      },
      "f_ext_mse": {
        "1": 61.89299920802874,
        "2": 87.32419572371343,
        "5": 75.7374125922815,
        "10": 132.23287563194336
      }
    },
    {
      "pattern_id": 49,
      "n_timesteps": 42,
      "rho_self": 0.23048331008746667,
      "SM": {
        "1": 0.7400393437216617,
        "2": 0.4077351643779954,
        "5": -3.1032589032283964,
        "10": -1.3359598922288431
      },
      "SM_capacity": 1.1854900006168216,
      "SM_sal": 0.0,
      "f_self_mse": {
        "1": 3.2909353321738073,
        "2": 3.9938428332855933,
        "5": 8.550082436761897,
        "10": 3.1319510713016046
      },
      "f_ext_mse": {
        "1": 4.030974675895469,
        "2": 4.401577997663589,
        "5": 5.446823533533501,
        "10": 1.7959911790727614
      }
    },
    {
      "pattern_id": 36,
      "n_timesteps": 41,
      "rho_self": 0.0,
      "SM": {
        "1": -1.7207536412644178,
        "2": 0.4505835761185848,
        "5": 26.59014198505585,
        "10": -3.164633020184189
      },
      "SM_capacity": 107.26173509246058,
      "SM_sal": 0.0,
      "f_self_mse": {
        "1": 8.308750636178596,
        "2": 5.839441072940008,
        "5": 12.970227291299873,
        "10": 11.482855030959891
      },
      "f_ext_mse": {
        "1": 6.587996994914178,
        "2": 6.2900246490585925,
        "5": 39.56036927635572,
        "10": 8.318222010775703
      }
    },
    {
      "pattern_id": 71,
      "n_timesteps": 41,
      "rho_self": 0.0,
      "SM": {
        "1": -231.58916492726607,
        "2": -127.08557995992676,
        "5": 25.577269174506803,
        "10": -19.830364456527853
      },
      "SM_capacity": 102.30907669802721,
      "SM_sal": 0.0,
      "f_self_mse": {
        "1": 273.3328981283688,
        "2": 171.79615267661322,
        "5": 28.279873135153245,
        "10": 51.644871433414515
      },
      "f_ext_mse": {
        "1": 41.74373320110274,
        "2": 44.71057271668646,
        "5": 53.85714230966005,
        "10": 31.814506976886662
      }
    },
    {
      "pattern_id": 19,
      "n_timesteps": 40,
      "rho_self": 0.0,
      "SM": {
        "1": -336.5028875457458,
        "2": -852.6959983569317,
        "5": -429.7751413920797,
        "10": 14.392842571290657
      },
      "SM_capacity": 35.98210642822664,
      "SM_sal": 0.0,
      "f_self_mse": {
        "1": 390.44531477944673,
        "2": 934.5652559709185,
        "5": 505.15210198033327,
        "10": 140.80294010198597
      },
      "f_ext_mse": {
        "1": 53.942427233700904,
        "2": 81.8692576139869,
        "5": 75.37696058825358,
        "10": 155.19578267327663
      }
    },
    {
      "pattern_id": 64,
      "n_timesteps": 40,
      "rho_self": 0.06527797512894838,
      "SM": {
        "1": 2.4549680559163476,
        "2": 2.9666228267397736,
        "5": 4.193602761991285,
        "10": -0.08432087200003613
      },
      "SM_capacity": 23.93514072940286,
      "SM_sal": Infinity,
      "f_self_mse": {
        "1": 3.1065642136720384,
        "2": 3.05170335581174,
        "5": 2.94796197746954,
        "10": 3.2797542645749225
      },
      "f_ext_mse": {
        "1": 5.561532269588386,
        "2": 6.0183261825515135,
        "5": 7.141564739460824,
        "10": 3.1954333925748863
      }
    },
    {
      "pattern_id": 50,
      "n_timesteps": 39,
      "rho_self": 0.0,
      "SM": {
        "1": 7.602869732448237,
        "2": -426.5145846387205,
        "5": 3.5470224088427784,
        "10": 64.05049472291175
      },
      "SM_capacity": 178.11576130887462,
      "SM_sal": Infinity,
      "f_self_mse": {
        "1": 12.538687806450067,
        "2": 443.73743283247194,
        "5": 13.253921804410911,
        "10": 24.344311808538254
      },
      "f_ext_mse": {
        "1": 20.141557538898304,
        "2": 17.22284819375144,
        "5": 16.80094421325369,
        "10": 88.39480653145
      }
    },
    {
      "pattern_id": 34,
      "n_timesteps": 38,
      "rho_self": 0.0,
      "SM": {
        "1": -0.17475723409622113,