{
  "metadata": {
    "substrate": "v18",
    "seed": 123,
    "C": 16,
    "N": 128,
    "snapshot_path": "/Users/jacob/fun/shape-of-experience/empirical/experiments/study_ca_affect/results/v18_s123/snapshots/cycle_010.npz",
    "experiment": "self_model"
  },
  "n_results": 6,
  "cycle": 10,
  "results": [
    {
      "pattern_id": 4,
      "n_timesteps": 50,
      "rho_self": 0.0,
      "SM": {
        "1": 5.827039328770905,
        "2": 29.010731795759078,
        "5": 34.321038239006896,
        "10": 17.947433290779944
      },
      "SM_capacity": 243.08771943888104,
      "SM_sal": 0.0,
      "f_self_mse": {
        "1": 19.565778377730812,
        "2": 9.093341446308665,
        "5": 8.844256439310698,
        "10": 9.99557470327358
      },
      "f_ext_mse": {
        "1": 25.392817706501717,
        "2": 38.10407324206774,
        "5": 43.16529467831759,
        "10": 27.943007994053524
      }
    },
    {
      "pattern_id": 0,
      "n_timesteps": 49,
      "rho_self": 0.25602510469668543,
      "SM": {
        "1": 3.7014730630640393,
        "2": -6.7790862715764,
        "5": 1.9246584404171259,
        "10": -36.18985340931036
      },
      "SM_capacity": 9.549370293200523,
      "SM_sal": 0.0021495281864554973,
      "f_self_mse": {
        "1": 23.34993010771253,
        "2": 29.335016409382586,
        "5": 18.455171688686125,
        "10": 51.1135924785827
      },
      "f_ext_mse": {
        "1": 27.05140317077657,
        "2": 22.555930137806186,
        "5": 20.37983012910325,
        "10": 14.923739069272347
      }
    },
    {
      "pattern_id": 1,
      "n_timesteps": 49,
      "rho_self": 0.0,
      "SM": {
        "1": -15.609500590741096,
        "2": -29.519331413714394,
        "5": -7.464748548258298,
        "10": -52.01866160335329
      },
      "SM_capacity": 0.0,
      "SM_sal": 0.0,
      "f_self_mse": {
        "1": 24.541008234242206,
        "2": 38.646781488662405,
        "5": 19.19408226208045,
        "10": 57.7614237069958
      },
      "f_ext_mse": {
        "1": 8.93150764350111,
        "2": 9.127450074948012,
        "5": 11.729333713822152,
        "10": 5.7427621036425105
      }
    },
    {
      "pattern_id": 3,
      "n_timesteps": 49,
      "rho_self": 0.0,
      "SM": {
        "1": -690.8261721101998,
        "2": -57.44025633504791,
        "5": -473.99802201009464,
        "10": -2585.5616433411824
      },
      "SM_capacity": 0.0,
      "SM_sal": 0.0,
      "f_self_mse": {
        "1": 748.3953886287028,
        "2": 116.06745610224459,
        "5": 528.8928380350313,
        "10": 2664.5034992478645
      },
      "f_ext_mse": {
        "1": 57.56921651850307,
        "2": 58.62719976719668,
        "5": 54.894816024936674,
        "10": 78.94185590668215
      }
    },
    {
      "pattern_id": 2,
      "n_timesteps": 48,
      "rho_self": 0.0,
      "SM": {
        "1": -1.187851469999866,
        "2": -1.0030186213268992,
        "5": -1.464349914654858,
        "10": -3.9825271726019746
      },
      "SM_capacity": 0.0,
      "SM_sal": 0.0005364999976849189,
      "f_self_mse": {
        "1": 8.344683332738532,
        "2": 6.653041480459902,
        "5": 4.835790132929207,
        "10": 6.694232606970242
      },
      "f_ext_mse": {
        "1": 7.156831862738666,
        "2": 5.650022859133003,
        "5": 3.3714402182743486,
        "10": 2.711705434368267
      }
    },
    {
      "pattern_id": 5,
      "n_timesteps": 48,
      "rho_self": 0.0,
      "SM": {
        "1": 16.625172377014174,
        "2": 19.93813445571108,
        "5": -13.691383802445795,
        "10": 10.088255634091077
      },
      "SM_capacity": 73.40949418515693,
      "SM_sal": Infinity,
      "f_self_mse": {
        "1": 20.410045345298286,
        "2": 24.795297806321628,
        "5": 45.00983839549593,
        "10": 32.68259529303579
      },
      "f_ext_mse": {
        "1": 37.03521772231246,
        "2": 44.73343226203271,
        "5": 31.318454593050138,
        "10": 42.770850927126865
      }
    }
  ]
}