{
  "metadata": {
    "substrate": "v18",
    "seed": 123,
    "C": 16,
    "N": 128,
    "snapshot_path": "/Users/jacob/fun/shape-of-experience/empirical/experiments/study_ca_affect/results/v18_s123/snapshots/cycle_000.npz",
    "experiment": "self_model"
  },
  "n_results": 3,
  "cycle": 0,
  "results": [
    {
      "pattern_id": 0,
      "n_timesteps": 50,
      "rho_self": 0.0,
      "SM": {
        "1": -3.841627829649335,
        "2": -4.141427093262908,
        "5": 1.846131867642919,
        "10": -1.7702522679269261
      },
      "SM_capacity": 7.384527470571676,
      "SM_sal": 0.0,
      "f_self_mse": {
        "1": 9.982128678933396,
        "2": 11.187820400797767,
        "5": 6.642648121981196,
        "10": 10.120267671851801
      },
      "f_ext_mse": {
        "1": 6.140500849284061,
        "2": 7.046393307534859,
        "5": 8.488779989624115,
        "10": 8.350015403924875
      }
    },
    {
      "pattern_id": 1,
      "n_timesteps": 50,
      "rho_self": 0.0,
      "SM": {
        "1": -1166.991480428217,
        "2": -126.65717594785843,
        "5": -680.3588087716519,
        "10": -254.3281826060193
      },
      "SM_capacity": 0.0,
      "SM_sal": 0.0,
      "f_self_mse": {
        "1": 1268.266370436087,
        "2": 259.67249268365197,
        "5": 848.2854431219081,
        "10": 329.93919412925527
      },
      "f_ext_mse": {
        "1": 101.2748900078701,
        "2": 133.01531673579353,
        "5": 167.92663435025617,
        "10": 75.61101152323594
      }
    },
    {
      "pattern_id": 2,
      "n_timesteps": 50,
      "rho_self": 0.0,
      "SM": {
        "1": -2.0588071429204646,
        "2": 15.448825212822033,
        "5": -85.71312803959714,
        "10": -9.134655620920341
      },
      "SM_capacity": 30.897650425644066,
      "SM_sal": Infinity,
      "f_self_mse": {
        "1": 26.77746598738677,
        "2": 27.695363919483906,
        "5": 114.1408276004701,
        "10": 56.80159481799522
      },
      "f_ext_mse": {
        "1": 24.718658844466304,
        "2": 43.14418913230594,
        "5": 28.427699560872973,
        "10": 47.66693919707488
      }
    }
  ]
}