{
  "metadata": {
    "substrate": "v18",
    "seed": 123,
    "C": 16,
    "N": 128,
    "snapshot_path": "/Users/jacob/fun/shape-of-experience/empirical/experiments/study_ca_affect/results/v18_s123/snapshots/cycle_015.npz",
    "experiment": "self_model"
  },
  "n_results": 20,
  "cycle": 15,
  "results": [
    {
      "pattern_id": 45,
      "n_timesteps": 46,
      "rho_self": 0.1810447065489916,
      "SM": {
        "1": 1.792386652371395,
        "2": -11.166769172456451,
        "5": -8.91387318795665,
        "10": 0.9183607235580569
      },
      "SM_capacity": 3.1920951350808395,
      "SM_sal": 0.005207742927071693,
      "f_self_mse": {
        "1": 1.919415848093302,
        "2": 15.692020976088406,
        "5": 13.736616013858093,
        "10": 7.446007350911347
      },
      "f_ext_mse": {
        "1": 3.711802500464697,
        "2": 4.525251803631955,
        "5": 4.822742825901444,
        "10": 8.364368074469404
      }
    },
    {
      "pattern_id": 33,
      "n_timesteps": 45,
      "rho_self": 0.0,
      "SM": {
        "1": -52.287304834170556,
        "2": -279.3676317696801,
        "5": -19.65187028325075,
        "10": 0.5993075979657981
      },
      "SM_capacity": 1.4982689949144954,
      "SM_sal": 0.0,
      "f_self_mse": {
        "1": 54.18091376300659,
        "2": 281.0586354096494,
        "5": 20.844632656359472,
        "10": 0.7134458891272241
      },
      "f_ext_mse": {
        "1": 1.8936089288360354,
        "2": 1.6910036399693045,
        "5": 1.1927623731087196,
        "10": 1.3127534870930222
      }
    },
    {
      "pattern_id": 1,
      "n_timesteps": 44,
      "rho_self": 0.0,
      "SM": {
        "1": -395.5210926147253,
        "2": -129.60450063088763,
        "5": -2364.6566602624007,
        "10": -190.37977841539808
      },
      "SM_capacity": 0.0,
      "SM_sal": 0.0,
      "f_self_mse": {
        "1": 443.4868565355814,
        "2": 167.47650654986924,
        "5": 2431.952278752658,
        "10": 370.35066289769424
      },
      "f_ext_mse": {
        "1": 47.965763920856105,
        "2": 37.87200591898162,
        "5": 67.29561849025734,
        "10": 179.97088448229616
      }
    },
    {
      "pattern_id": 61,
      "n_timesteps": 44,
      "rho_self": 0.0,
      "SM": {
        "1": 14.431260533461174,
        "2": 23.57704903863296,
        "5": 7.956299352433607,
        "10": -2.697049694773659
      },
      "SM_capacity": 86.19492575373093,
      "SM_sal": Infinity,
      "f_self_mse": {
        "1": 28.42226195043393,
        "2": 23.248461577238796,
        "5": 27.537030025395307,
        "10": 4.830590010529713
      },
      "f_ext_mse": {
        "1": 42.853522483895105,
        "2": 46.82551061587176,
        "5": 35.493329377828914,
        "10": 2.133540315756054
      }
    },
    {
      "pattern_id": 8,
      "n_timesteps": 43,
      "rho_self": 0.0,
      "SM": {
        "1": 8.93482393370347,
        "2": 3.9306385368049703,
        "5": -0.06827974752962918,
        "10": -0.57270136137119
      },
      "SM_capacity": 12.328689040461676,
      "SM_sal": Infinity,
      "f_self_mse": {
        "1": 29.22288108552908,
        "2": 18.313263086927606,
        "5": 0.7359172510626198,
        "10": 1.4033254887184492
      },
      "f_ext_mse": {
        "1": 38.15770501923255,
        "2": 22.243901623732576,
        "5": 0.6676375035329907,
        "10": 0.8306241273472592
      }
    },
    {
      "pattern_id": 13,
      "n_timesteps": 43,
      "rho_self": 0.1788910608076859,
      "SM": {
        "1": -0.007821791440717263,
        "2": -0.10002319401268878,
        "5": -0.25880889487102354,
        "10": 0.9950228919352553
      },
      "SM_capacity": 2.487557229838138,
      "SM_sal": Infinity,
      "f_self_mse": {
        "1": 1.5122124093804585,
        "2": 0.9564010523868424,
        "5": 0.9522773204903565,
        "10": 1.5850927163167017
      },
      "f_ext_mse": {
        "1": 1.5043906179397413,
        "2": 0.8563778583741536,
        "5": 0.693468425619333,
        "10": 2.580115608251957
      }
    },
    {
      "pattern_id": 25,
      "n_timesteps": 43,
      "rho_self": 0.0,
      "SM": {
        "1": -20.514615443641375,
        "2": 12.448002713196953,
        "5": 49.86354136313202,
        "10": -29.991318917776418
      },
      "SM_capacity": 224.35017087892197,
      "SM_sal": 0.0,
      "f_self_mse": {
        "1": 45.01576061164227,
        "2": 25.813939412106055,
        "5": 51.10906406549076,
        "10": 75.40212018396667
      },
      "f_ext_mse": {
        "1": 24.501145168000896,
        "2": 38.26194212530301,
        "5": 100.97260542862278,
        "10": 45.410801266190255
      }
    },
    {
      "pattern_id": 39,
      "n_timesteps": 43,
      "rho_self": 0.0,
      "SM": {
        "1": 1.8331743541517103,
        "2": 2.746613471099822,
        "5": 3.6420908091695474,
        "10": -1.0213923452339524
      },
      "SM_capacity": 20.97817735595369,
      "SM_sal": Infinity,
      "f_self_mse": {
        "1": 3.8657172877977883,
        "2": 2.121738167129363,
        "5": 1.2975076291263252,
        "10": 2.501198642707636
      },
      "f_ext_mse": {
        "1": 5.698891641949499,
        "2": 4.868351638229185,
        "5": 4.939598438295873,
        "10": 1.4798062974736836
      }
    },
    {
      "pattern_id": 94,
      "n_timesteps": 43,
      "rho_self": 0.5914276966802594,
      "SM": {
        "1": 0.7013469155505461,
        "2": 0.9712413396986999,
        "5": -2.9877813618764835,
        "10": -0.8889424949124796
      },
      "SM_capacity": 2.293156137172673,
      "SM_sal": 0.0,
      "f_self_mse": {
        "1": 1.4876634201086172,
        "2": 1.5108152798834005,
        "5": 6.345947158784744,
        "10": 2.6374361959100723
      },
      "f_ext_mse": {
        "1": 2.1890103356591633,
        "2": 2.4820566195821003,
        "5": 3.358165796908261,
        "10": 1.7484937009975927
      }
    },
    {
      "pattern_id": 10,
      "n_timesteps": 42,
      "rho_self": 0.0,
      "SM": {
        "1": 11.032823508086782,
        "2": 5.227688527194161,
        "5": 12.82433380957545,
        "10": -4.5015450297030455
      },
      "SM_capacity": 67.26912404673351,
      "SM_sal": 0.36596306195338196,
      "f_self_mse": {
        "1": 24.142409272772223,
        "2": 23.44913039139465,
        "5": 68.11477263423618,
        "10": 29.22749043968213
      },
      "f_ext_mse": {
        "1": 35.175232780859005,
        "2": 28.67681891858881,
        "5": 80.93910644381162,
        "10": 24.725945409979083
      }
    },
    {
      "pattern_id": 18,
      "n_timesteps": 42,
      "rho_self": 0.26994495008215336,
      "SM": {
        "1": -60.53523927814561,
        "2": 58.551089545013326,
        "5": -19.975627391921414,
        "10": -87.21014844901029
      },
      "SM_capacity": 117.10217909002665,
      "SM_sal": Infinity,
      "f_self_mse": {
        "1": 147.62450110517264,
        "2": 28.196788257858657,
        "5": 71.74528246386771,
        "10": 129.17273860241428
      },
      "f_ext_mse": {
        "1": 87.08926182702703,
        "2": 86.74787780287198,
        "5": 51.769655071946296,
        "10": 41.962590153404
      }
    },
    {
      "pattern_id": 35,
      "n_timesteps": 42,
      "rho_self": 0.0,
      "SM": {
        "1": -47.44528232073223,
        "2": -33.89124926680549,
        "5": 52.79893059076091,
        "10": 11.934656433356118
      },
      "SM_capacity": 241.03236344643392,
      "SM_sal": 0.0,
      "f_self_mse": {
        "1": 124.1771869475381,
        "2": 103.28441291173681,
        "5": 27.349087936312365,
        "10": 44.748921823696165
      },
      "f_ext_mse": {
        "1": 76.73190462680587,
        "2": 69.39316364493132,
        "5": 80.14801852707328,
        "10": 56.68357825705228
      }
    },
    {
      "pattern_id": 60,
      "n_timesteps": 42,
      "rho_self": 0.0,