{
  "metadata": {
    "substrate": "v18",
    "seed": 123,
    "C": 16,
    "N": 128,
    "snapshot_path": "/Users/jacob/fun/shape-of-experience/empirical/experiments/study_ca_affect/results/v18_s123/snapshots/cycle_025.npz",
    "experiment": "self_model"
  },
  "n_results": 6,
  "cycle": 25,
  "results": [
    {
      "pattern_id": 1,
      "n_timesteps": 50,
      "rho_self": 0.0,
      "SM": {
        "1": 1.8624602165398834,
        "2": -1.074040477381871,
        "5": -59.079469143483,
        "10": -13.046708550106056
      },
      "SM_capacity": 0.9312301082699417,
      "SM_sal": Infinity,
      "f_self_mse": {
        "1": 7.112221504476672,
        "2": 9.917959496877675,
        "5": 66.57447970895046,
        "10": 18.9340690508363
      },
      "f_ext_mse": {
        "1": 8.974681721016555,
        "2": 8.843919019495804,
        "5": 7.49501056546746,
        "10": 5.887360500730244
      }
    },
    {
      "pattern_id": 2,
      "n_timesteps": 50,
      "rho_self": 0.0,
      "SM": {
        "1": -420.5921356533335,
        "2": -0.4193414546100698,
        "5": -96.66205454283644,
        "10": -102.36936982200204
      },
      "SM_capacity": 0.0,
      "SM_sal": 0.0,
      "f_self_mse": {
        "1": 461.28144649518237,
        "2": 41.0658995075804,
        "5": 151.65756268774498,
        "10": 218.44172490415835
      },
      "f_ext_mse": {
        "1": 40.68931084184887,
        "2": 40.64655805297033,
        "5": 54.995508144908534,
        "10": 116.0723550821563
      }
    },
    {
      "pattern_id": 3,
      "n_timesteps": 50,
      "rho_self": 0.0,
      "SM": {
        "1": 26.829244472390034,
        "2": 2.4766370556989585,
        "5": 10.610360673824914,
        "10": 11.354698596597999
      },
      "SM_capacity": 89.19608553438758,
      "SM_sal": Infinity,
      "f_self_mse": {
        "1": 8.594688267962493,
        "2": 22.60959699383998,
        "5": 47.38000467136028,
        "10": 72.09857984298324
      },
      "f_ext_mse": {
        "1": 35.42393274035253,
        "2": 25.086234049538938,
        "5": 57.9903653451852,
        "10": 83.45327843958124
      }
    },
    {
      "pattern_id": 4,
      "n_timesteps": 50,
      "rho_self": 0.0,
      "SM": {
        "1": 56.83688777607378,
        "2": -1297.0944008524832,
        "5": -115.47592913108319,
        "10": -56.946763760192034
      },
      "SM_capacity": 28.41844388803689,
      "SM_sal": Infinity,
      "f_self_mse": {
        "1": 11.300574688228094,
        "2": 1348.2993070953992,
        "5": 162.09379708268398,
        "10": 74.48880421094522
      },
      "f_ext_mse": {
        "1": 68.13746246430188,
        "2": 51.20490624291606,
        "5": 46.617867951600786,
        "10": 17.542040450753184
      }
    },
    {
      "pattern_id": 5,
      "n_timesteps": 50,
      "rho_self": 0.0,
      "SM": {
        "1": -7620.203974721933,
        "2": -2641.314897758268,
        "5": -5162.074303991172,
        "10": 104.63030446010106
      },
      "SM_capacity": 261.5757611502527,
      "SM_sal": 0.0,
      "f_self_mse": {
        "1": 7726.67004971437,
        "2": 2745.6453586071198,
        "5": 5260.932658208785,
        "10": 145.25727637604086
      },
      "f_ext_mse": {
        "1": 106.46607499243655,
        "2": 104.3304608488515,
        "5": 98.85835421761308,
        "10": 249.88758083614192
      }
    },
    {
      "pattern_id": 0,
      "n_timesteps": 49,
      "rho_self": 0.6357987748502539,
      "SM": {
        "1": -36.86479175198896,
        "2": 25.573957961777765,
        "5": -13.833818713823462,
        "10": -15.43442091778725
      },
      "SM_capacity": 51.14791592355553,
      "SM_sal": 0.0,
      "f_self_mse": {
        "1": 98.82849550145178,
        "2": 28.999922665901998,
        "5": 49.65850558188429,
        "10": 111.77222636992335
      },
      "f_ext_mse": {
        "1": 61.96370374946282,
        "2": 54.57388062767976,
        "5": 35.82468686806083,
        "10": 96.3378054521361
      }
    }
  ]
}