{
  "metadata": {
    "substrate": "v18",
    "seed": 123,
    "C": 16,
    "N": 128,
    "snapshot_path": "/Users/jacob/fun/shape-of-experience/empirical/experiments/study_ca_affect/results/v18_s123/snapshots/cycle_029.npz",
    "experiment": "self_model"
  },
  "n_results": 20,
  "cycle": 29,
  "results": [
    {
      "pattern_id": 0,
      "n_timesteps": 50,
      "rho_self": 0.0,
      "SM": {
        "1": 278.3402452905193,
        "2": 100.21943396336053,
        "5": 38.66161764887505,
        "10": 74.30667230701312
      },
      "SM_capacity": 680.0221419350137,
      "SM_sal": Infinity,
      "f_self_mse": {
        "1": 89.48840616904026,
        "2": 230.07553156856056,
        "5": 105.95067374786433,
        "10": 131.60824425206232
      },
      "f_ext_mse": {
        "1": 367.8286514595596,
        "2": 330.2949655319211,
        "5": 144.61229139673938,
        "10": 205.91491655907544
      }
    },
    {
      "pattern_id": 3,
      "n_timesteps": 50,
      "rho_self": 0.0,
      "SM": {
        "1": 53.013370086705685,
        "2": 71.81827450772977,
        "5": 17.628964218955012,
        "10": 91.36624890081644
      },
      "SM_capacity": 469.0747131866736,
      "SM_sal": Infinity,
      "f_self_mse": {
        "1": 13.528530381027656,
        "2": 31.343162749383602,
        "5": 54.28841959833742,
        "10": 39.73055316339078
      },
      "f_ext_mse": {
        "1": 66.54190046773334,
        "2": 103.16143725711338,
        "5": 71.91738381729243,
        "10": 131.09680206420722
      }
    },
    {
      "pattern_id": 4,
      "n_timesteps": 50,
      "rho_self": 0.0,
      "SM": {
        "1": -17.47799124584158,
        "2": -42.92000446777287,
        "5": -365.0050553636863,
        "10": -175.49849484638543
      },
      "SM_capacity": 0.0,
      "SM_sal": Infinity,
      "f_self_mse": {
        "1": 55.99395499713817,
        "2": 96.17602673396689,
        "5": 482.7128449650096,
        "10": 243.46350464042607
      },
      "f_ext_mse": {
        "1": 38.51596375129659,
        "2": 53.25602226619402,
        "5": 117.7077896013233,
        "10": 67.96500979404065
      }
    },
    {
      "pattern_id": 5,
      "n_timesteps": 50,
      "rho_self": 0.0,
      "SM": {
        "1": 4.196361040014295,
        "2": -51970.494787781914,
        "5": -27.34165137629477,
        "10": -1062.5384036514452
      },
      "SM_capacity": 2.0981805200071477,
      "SM_sal": Infinity,
      "f_self_mse": {
        "1": 46.02578254302436,
        "2": 52015.554511814975,
        "5": 76.92862384015538,
        "10": 1085.4130436994742
      },
      "f_ext_mse": {
        "1": 50.22214358303866,
        "2": 45.05972403305865,
        "5": 49.58697246386061,
        "10": 22.87464004802913
      }
    },
    {
      "pattern_id": 7,
      "n_timesteps": 50,
      "rho_self": 0.0,
      "SM": {
        "1": -876.5885643055386,
        "2": -2911.234478918743,
        "5": -11768.179195641957,
        "10": -11070.504925915913
      },
      "SM_capacity": 0.0,
      "SM_sal": 0.0,
      "f_self_mse": {
        "1": 927.3294612494035,
        "2": 3067.9523755324367,
        "5": 11864.606533544722,
        "10": 11133.595972071427
      },
      "f_ext_mse": {
        "1": 50.74089694386491,
        "2": 156.71789661369337,
        "5": 96.4273379027646,
        "10": 63.0910461555148
      }
    },
    {
      "pattern_id": 13,
      "n_timesteps": 50,
      "rho_self": 0.38301583491369645,
      "SM": {
        "1": -25.438403572266694,
        "2": -143.630382412152,
        "5": -1096.0798164160276,
        "10": -201.0263673425237
      },
      "SM_capacity": 0.0,
      "SM_sal": Infinity,
      "f_self_mse": {
        "1": 71.47394434581527,
        "2": 184.71205901551878,
        "5": 1154.4900257380643,
        "10": 257.0686054807415
      },
      "f_ext_mse": {
        "1": 46.035540773548576,
        "2": 41.08167660336678,
        "5": 58.41020932203672,
        "10": 56.04223813821777
      }
    },
    {
      "pattern_id": 15,
      "n_timesteps": 50,
      "rho_self": 0.0,
      "SM": {
        "1": -10.950229257261768,
        "2": -44.01810469491973,
        "5": -27.655289834301236,
        "10": -1.3223647207585465
      },
      "SM_capacity": 0.0,
      "SM_sal": 0.0,
      "f_self_mse": {
        "1": 23.458774116673503,
        "2": 54.466095630911084,
        "5": 36.81116494202528,
        "10": 12.084658758742922
      },
      "f_ext_mse": {
        "1": 12.508544859411735,
        "2": 10.447990935991358,
        "5": 9.155875107724041,
        "10": 10.762294037984375
      }
    },
    {
      "pattern_id": 20,
      "n_timesteps": 50,
      "rho_self": 0.0,
      "SM": {
        "1": -624.9023825094306,
        "2": -273.0547236252275,
        "5": -25.360828909263805,
        "10": -47.06281537499021
      },
      "SM_capacity": 0.0,
      "SM_sal": 0.0,
      "f_self_mse": {
        "1": 636.1462444781491,
        "2": 285.6423384675153,
        "5": 35.24847869333048,
        "10": 63.45769424867641
      },
      "f_ext_mse": {
        "1": 11.243861968718505,
        "2": 12.587614842287781,
        "5": 9.887649784066678,
        "10": 16.394878873686203
      }
    },
    {
      "pattern_id": 22,
      "n_timesteps": 50,
      "rho_self": 0.3024712000707972,
      "SM": {
        "1": -3.8399381286189254,
        "2": -55.67754644718636,
        "5": 46.49679255451363,
        "10": -80.90268480155558
      },
      "SM_capacity": 185.98717021805453,
      "SM_sal": Infinity,
      "f_self_mse": {
        "1": 107.5991115338062,
        "2": 213.29255131572012,
        "5": 71.60372896652777,
        "10": 217.37484583819088
      },
      "f_ext_mse": {
        "1": 103.75917340518727,
        "2": 157.61500486853376,
        "5": 118.1005215210414,
        "10": 136.4721610366353
      }
    },
    {
      "pattern_id": 29,
      "n_timesteps": 50,
      "rho_self": 0.0,
      "SM": {
        "1": -22.18247893649479,
        "2": 2.563082925208576,
        "5": -47.220969755011836,
        "10": -245.20174308364713
      },
      "SM_capacity": 5.126165850417152,
      "SM_sal": Infinity,
      "f_self_mse": {
        "1": 59.66652979882976,
        "2": 24.016753147695088,
        "5": 65.27622933234561,
        "10": 306.7703928127729
      },
      "f_ext_mse": {
        "1": 37.48405086233497,
        "2": 26.579836072903664,
        "5": 18.05525957733377,
        "10": 61.56864972912579
      }
    },
    {
      "pattern_id": 32,
      "n_timesteps": 50,
      "rho_self": 0.0,
      "SM": {
        "1": -23.971718189419754,
        "2": -35.93202281135028,
        "5": -8.604679286128402,
        "10": -6.53081945155623
      },
      "SM_capacity": 0.0,
      "SM_sal": 0.0,
      "f_self_mse": {
        "1": 29.397422318797133,
        "2": 38.82925107938196,
        "5": 14.223956059326573,
        "10": 14.410352251618557
      },
      "f_ext_mse": {
        "1": 5.425704129377378,
        "2": 2.897228268031681,
        "5": 5.6192767731981705,
        "10": 7.879532800062327
      }
    },
    {
      "pattern_id": 36,
      "n_timesteps": 50,
      "rho_self": 0.0,
      "SM": {
        "1": -78.21514874609096,
        "2": -60.923349830879275,
        "5": -74.99392550410394,
        "10": -264.13355480824487
      },
      "SM_capacity": 0.0,
      "SM_sal": 0.0,
      "f_self_mse": {
        "1": 121.79820502830857,
        "2": 97.5863782519292,
        "5": 100.4069745519692,
        "10": 282.7979480679012
      },
      "f_ext_mse": {
        "1": 43.583056282217605,
        "2": 36.66302842104993,
        "5": 25.41304904786526,
        "10": 18.664393259656293
      }
    },
    {
      "pattern_id": 39,
      "n_timesteps": 50,
      "rho_self": 0.0,
      "SM": {
        "1": 3.1777936348367053,
        "2": 1.638229598758775,
        "5": -2.825304325961355,
        "10": -686.2332476988602
      },
      "SM_capacity": 4.8653560149359025,