{
  "metadata": {
    "substrate": "v15",
    "seed": 7,
    "C": 16,
    "N": 128,
    "snapshot_path": "/Users/jacob/fun/shape-of-experience/empirical/experiments/study_ca_affect/results/v15_s7/snapshots/cycle_000.npz",
    "experiment": "affect_geometry"
  },
  "n_results": 1,
  "cycle": 0,
  "results": [
    {
      "n_patterns": 20,
      "rsa_rho": -0.07495265213644933,
      "rsa_p": 0.30405342575521427,
      "space_A": [
        [
          -0.001596577313481545,
          5.194952011108398,
          0.008476739001054834,
          1.0566362219615872,
          0.9234169721603394,
          -0.6345006450360193
        ],
        [
          0.004675480784202109,
          5.202947616577148,
          0.0601345054606196,
          1.263511057118741,
          0.9696133844554424,
          -0.50193765868439
        ],
        [
          -0.003988475215678312,
          5.275866985321045,
          0.06012015813931926,
          1.2594546190877434,
          0.9776907339692116,
          -0.4028476348482829
        ],
        [
          0.0035964712804677536,
          7.456658840179443,
          0.4037882842129338,
          1.9716571118843393,
          0.894555114209652,
          -0.34731779495858517
        ],
        [
          -0.006736828356373067,
          4.7046027183532715,
          0.01990727998726849,
          1.1064554306937078,
          0.9394085146486759,
          -0.17056076794249753
        ],
        [
          0.0005986301266417212,
          5.178848743438721,
          0.020324923080858204,
          1.112524557626992,
          0.8889633119106293,
          -0.0034614095160119263
        ],
        [
          0.00013492545303033323,
          4.9806227684021,
          0.019383533586601276,
          1.1049469910776533,
          0.8894748389720917,
          -0.11116105662585885
        ],
        [
          0.0015445290779580875,
          5.667632579803467,
          0.025529308760614988,
          1.1339426856573194,
          0.8727404028177261,
          -0.0015692682766642596
        ],
        [
          -0.0023715252778968034,
          7.7275004386901855,
          0.00779745190671377,
          1.0496091068602187,
          0.8795496895909309,
          -0.041949275210802606
        ],
        [
          -0.001174902429386061,
          7.125345706939697,
          0.35325165662854174,
          1.920007860139414,
          0.9510717056691647,
          -0.5505964893188726
        ],
        [
          0.004022972924368722,
          4.706554889678955,
          0.007888644128931976,
          1.0498485798425583,
          0.886598989367485,
          -0.011347671839675333
        ],
        [
          -0.0012411195404675541,
          5.831470489501953,
          0.19858205898497394,
          1.8225907383816737,
          0.8794773519039154,
          -0.012927641792451539
        ],
        [
          0.002418104483156788,
          4.77863883972168,
          0.05678171006818811,
          1.2493820377482299,
          0.824958935379982,
          -0.009786838680487686
        ],
        [
          -0.0015826565878731863,
          5.4541239738464355,
          0.05631887192814944,
          1.304069476884453,
          0.9048461243510246,
          -0.02631178457570893
        ],
        [
          0.008045347369447047,
          3.623365640640259,
          0.12401089563816536,
          1.5566077800673073,
          0.9152003675699234,
          -0.0008704207356089455
        ],
        [
          7.987995536959901e-05,
          5.4517822265625,
          0.12632257052184725,
          1.6453240607318698,
          0.8969285115599632,
          -0.0010591333064478015
        ],
        [
          0.00450189259587502,
          5.008462429046631,
          0.18941993923386646,
          1.7595144485269645,
          0.908537395298481,
          -0.032574145444199565
        ],
        [
          -0.00468038052928691,
          3.119532346725464,
          0.1515316661546049,
          1.7592821300536239,
          0.790271133184433,
          -0.020756743982354164
        ],
        [
          0.006462861080558932,
          7.458665370941162,
          0.47059604748928996,
          2.0225445343136093,
          0.8377685099840164,
          -0.7886099741400484
        ],
        [
          -0.006071231803115533,
          5.275752067565918,
          0.007144881053986918,
          1.046618010413298,
          0.826433926820755,
          -0.016939756530664374
        ]
      ],
      "space_C": [
        [
          0.007661529779434204,
          2.550733100285996,
          -0.18181818181818182,
          0.4074845532011897
        ],
        [
          0.0023987364768981935,
          2.585091566601415,
          -0.029411764705882353,
          0.6181544305961555
        ],
        [
          0.004641021490097046,
          2.5510854516573547,
          -0.6981132075471698,
          0.5284004575044489
        ],
        [
          0.006730950474739075,
          2.4865330921838056,
          -0.20618556701030927,
          0.4791398724873952
        ],
        [
          0.011906504034996032,
          1.929847243227016,
          -0.4482758620689655,
          0.6353874148541155
        ],
        [
          0.011009507775306702,
          2.470414495444043,
          -0.7663551401869159,
          0.5493460429778194
        ],
        [
          0.004778356552124024,
          2.2219652034736193,
          0.5,
          0.6594112639288753
        ],
        [
          0.004582513570785523,
          2.8316282185497226,
          -0.043478260869565216,
          0.43870593887749626
        ],
        [
          -0.009092602133750915,
          2.7535135678452174,
          -0.15384615384615385,
          0.6241202229063815
        ],
        [
          0.003656083941459656,
          2.2685935274991884,
          0.11904761904761904,
          0.5975974782932152
        ],
        [
          0.0037022995948791503,
          1.9701633182233809,
          -0.5142857142857142,
          0.3921403251207916
        ],
        [
          -0.010170009434223175,
          3.1399132162770753,
          -0.25,
          0.38913609509613994
        ],
        [
          -0.0032503557205200194,
          2.18036093438228,
          0.0,
          0.6922335560512555
        ],
        [
          -0.005118865370750427,
          2.6098435530534214,
          -0.7105263157894737,
          0.44811527165074877
        ],
        [
          0.0009044086933135986,
          3.109402588779022,
          -0.45454545454545453,
          0.2260434130744728
        ],
        [
          0.0029290592670440673,
          2.617082662849486,
          -0.13636363636363635,
          0.42161727894266343
        ],
        [
          -0.002421526908874512,
          2.3574246937529715,
          -0.0625,
          0.414130543852352
        ],
        [
          -0.00078971266746521,
          2.6305119940136064,
          -0.30434782608695654,
          0.38431177248283677
        ],
        [
          0.009401240944862365,
          2.470224080558866,
          0.5263157894736842,
          0.6307721003279879
        ],
        [
          -0.0016597932577133178,
          2.5424835398481545,
          0.42105263157894735,
          0.3437920290318523
        ]
      ],
      "dim_labels_A": [
        "valence",
        "arousal",
        "integration",
        "d_eff",
        "cf_weight",
        "sm_sal"
      ],
      "dim_labels_C": [
        "approach_avoid",
        "activity",
        "growth",
        "stability"
      ],
      "per_pattern": [
        {
          "pattern_id": 0,
          "space_A": {
            "valence": -0.001596577313481545,
            "arousal": 5.194952011108398,
            "integration": 0.008476739001054834,
            "d_eff": 1.0566362219615872,
            "cf_weight": 0.9234169721603394,