{
  "metadata": {
    "substrate": "v15",
    "seed": 7,
    "C": 16,
    "N": 128,
    "snapshot_path": "/Users/jacob/fun/shape-of-experience/empirical/experiments/study_ca_affect/results/v15_s7/snapshots/cycle_015.npz",
    "experiment": "affect_geometry"
  },
  "n_results": 1,
  "cycle": 15,
  "results": [
    {
      "n_patterns": 20,
      "rsa_rho": 0.014860012159543714,
      "rsa_p": 0.838751515692304,
      "space_A": [
        [
          -0.0033020583950743383,
          7.508333206176758,
          0.3133611286302119,
          1.8695615501732443,
          0.9990000653779134,
          -0.2671859605643585
        ],
        [
          0.00496974769903689,
          2.6052887439727783,
          0.037914949077281435,
          1.2196217303306525,
          0.9988225131528452,
          -0.0008845570355066057
        ],
        [
          0.0021917041467160595,
          6.256176948547363,
          0.2048236733278066,
          1.859281968563662,
          0.9631677083671093,
          -0.010695031663224053
        ],
        [
          0.0016961535628961058,
          5.170843601226807,
          0.02640330468102614,
          1.1330015275667396,
          0.9499826952815056,
          -0.02621409548493947
        ],
        [
          0.00404527236004265,
          11.782848358154297,
          0.015143625681841133,
          1.089274306920502,
          0.9707094207406044,
          -0.3453802475803459
        ],
        [
          0.00972499652784698,
          10.342168807983398,
          0.02734335444919589,
          1.1378818507490671,
          0.9898877115920186,
          -0.13230388973927243
        ],
        [
          0.0018442698887416295,
          7.386569499969482,
          0.005489849608566355,
          1.0379586365981093,
          0.9217767715454102,
          -0.1109180145822043
        ],
        [
          -0.010995621583899674,
          5.906081676483154,
          0.071929751763116,
          1.3643832762734298,
          0.9959033872000873,
          -0.001842949052641818
        ],
        [
          0.0026431862188845264,
          4.53714656829834,
          0.03734036346885394,
          1.1888638026215725,
          0.8968872427940369,
          -0.001509540052242131
        ],
        [
          0.014673500644917391,
          8.323104858398438,
          0.18969479738683637,
          1.6311083830555078,
          0.9160295203328133,
          -0.11119838079904332
        ],
        [
          -0.003189451840459084,
          5.644209384918213,
          0.010807833073140816,
          1.0650953760513182,
          0.9983575551304966,
          -0.16214086396895666
        ],
        [
          0.008560876457058653,
          3.0994977951049805,
          0.15772261365824913,
          1.5896328168987337,
          0.9985959940822795,
          -0.02057830807837746
        ],
        [
          0.005073450049575494,
          2.6731278896331787,
          0.46521870035963697,
          2.1875441714032697,
          0.9988893376430497,
          -0.00290683845648787
        ],
        [
          0.01391823924317652,
          3.718214750289917,
          0.12513282520582758,
          1.5413064416469404,
          0.9953225646167994,
          -0.014584230301288414
        ],
        [
          -0.0026666728817686743,
          9.82763957977295,
          0.004300673257517373,
          1.0344575661312823,
          0.9980835160240531,
          -0.00622361485497791
        ],
        [
          0.006458190022682657,
          9.53921127319336,
          0.15546029686275853,
          1.5588305384243466,
          0.9972783741541207,
          -0.034159084293374
        ],
        [
          0.0012816215048030931,
          5.683377742767334,
          0.005186872033590251,
          1.0359712963618264,
          0.9736037570983171,
          -0.09633358845094453
        ],
        [
          0.002194039675654197,
          7.627443313598633,
          0.03502778283055019,
          1.2021265136919708,
          0.9432301819324493,
          -0.015007948875671695
        ],
        [
          0.0148294312613351,
          5.032026767730713,
          0.007924190326427993,
          1.0601999475748587,
          0.9985710789915174,
          -0.006032901920708933
        ],
        [
          0.002446413040161133,
          2.325835704803467,
          0.003935864054478988,
          1.0321311306000056,
          0.9988900651223958,
          -0.0008381082496182746
        ]
      ],
      "space_C": [
        [
          0.0010891330242156982,
          2.706969963484507,
          -0.4222222222222222,
          0.6724911656415065
        ],
        [
          0.011812463104724884,
          2.3315137166612687,
          -0.525,
          0.5176734197984102
        ],
        [
          0.0027937352657318114,
          4.0806907494405715,
          -0.23333333333333334,
          0.34662794595888524
        ],
        [
          0.00382851779460907,
          2.651438742759461,
          0.5294117647058824,
          0.5436033147447571
        ],
        [
          -0.003576436936855316,
          3.9401758524968487,
          0.5,
          0.3578583887104408
        ],
        [
          6.923556327819824e-05,
          3.2658585294322546,
          0.9642857142857143,
          0.5283022882482776
        ],
        [
          -0.00341744989156723,
          2.22266145877066,
          -0.24,
          0.4327975427812263
        ],
        [
          0.005256853252649307,
          3.094649457326094,
          0.30434782608695654,
          0.5513621269154305
        ],
        [
          0.0005093193054199218,
          2.2468631157233303,
          0.3125,
          0.6821178931334492
        ],
        [
          -0.003066335916519165,
          3.506129293577238,
          0.0,
          0.2568045970214794
        ],
        [
          -0.00327248215675354,
          2.90286313838839,
          -0.13636363636363635,
          0.6057504135966683
        ],
        [
          -0.0016843855381011962,
          2.807913132675356,
          -0.3333333333333333,
          0.618241085235602
        ],
        [
          -0.0022546571493148805,
          2.4379250130202395,
          -0.4444444444444444,
          0.6451797557850081
        ],
        [
          -0.002802345156669617,
          3.1329324486651866,
          0.4444444444444444,
          0.41400269076327645
        ],
        [
          -0.007588453888893128,
          2.9759121585026507,
          -0.17857142857142858,
          0.6163247404001759
        ],
        [
          0.004839271306991577,
          2.2483097350292987,
          -0.05263157894736842,
          0.5751529144843124
        ],
        [
          -0.0006587433815002441,
          2.8274287573489363,
          0.0,
          0.33428885604190667
        ],
        [
          -0.008941655158996581,
          2.9453840533753297,
          0.47058823529411764,
          0.44065949544840877
        ],
        [
          -0.005261300206184387,
          2.3015672508481497,
          -0.25,
          0.5816132330920959
        ],
        [
          0.0004810696840286255,
          2.0992477379499586,
          -0.04,
          0.6913109605247811
        ]
      ],
      "dim_labels_A": [
        "valence",
        "arousal",
        "integration",
        "d_eff",
        "cf_weight",
        "sm_sal"
      ],
      "dim_labels_C": [
        "approach_avoid",
        "activity",
        "growth",
        "stability"
      ],
      "per_pattern": [
        {
          "pattern_id": 0,
          "space_A": {
            "valence": -0.0033020583950743383,
            "arousal": 7.508333206176758,
            "integration": 0.3133611286302119,
            "d_eff": 1.8695615501732443,
            "cf_weight": 0.9990000653779134,
            "sm_sal": -0.2671859605643585
          },