{
  "metadata": {
    "substrate": "v15",
    "seed": 7,
    "C": 16,
    "N": 128,
    "snapshot_path": "/Users/jacob/fun/shape-of-experience/empirical/experiments/study_ca_affect/results/v15_s7/snapshots/cycle_029.npz",
    "experiment": "affect_geometry"
  },
  "n_results": 1,
  "cycle": 29,
  "results": [
    {
      "n_patterns": 20,
      "rsa_rho": 0.03756774134288601,
      "rsa_p": 0.606832479464083,
      "space_A": [
        [
          0.008791271521120655,
          5.13036584854126,
          0.2691267919282736,
          1.8141495738998379,
          0.9734489265829325,
          -0.5022251950486606
        ],
        [
          0.008645734008477658,
          5.130823135375977,
          0.05169340502865405,
          1.2638969097995385,
          0.9364790692925453,
          -0.2792378182573164
        ],
        [
          -0.006876463792761978,
          4.381608009338379,
          0.035118895046822085,
          1.168658741342576,
          0.921895906329155,
          -0.27205687839277115
        ],
        [
          0.014724497892418685,
          5.901905059814453,
          0.11185626264904514,
          1.45985659454993,
          0.9760785344988108,
          -0.5555623057721202
        ],
        [
          0.002959937465434172,
          5.393056869506836,
          0.02119783903034156,
          1.1127175615983007,
          0.9720231760293245,
          -0.1892515794752856
        ],
        [
          0.003843755138163664,
          11.22192096710205,
          0.01672520920399667,
          1.0956216482124406,
          0.9596272818744183,
          -0.17333032041245433
        ],
        [
          0.012115157380396006,
          7.6485795974731445,
          0.03425302194668911,
          1.1652731742959188,
          0.9884063052013516,
          -0.3205552815865701
        ],
        [
          0.01903613246217066,
          3.129507064819336,
          0.17633697687737537,
          1.651118172589698,
          0.9517289474606514,
          -0.03959516283987807
        ],
        [
          0.0076954802688287225,
          2.978210210800171,
          0.013325284509323576,
          1.0947244867924968,
          0.9939962523058057,
          -0.002994867882157637
        ],
        [
          0.017711240418103277,
          7.029024124145508,
          0.006709153326135087,
          1.0429662567637292,
          0.9865144304931164,
          -0.10426869486169643
        ],
        [
          0.006915073005520567,
          8.048628807067871,
          0.05933958667835393,
          1.2972568405390348,
          0.9980035894550383,
          -0.004556973388438856
        ],
        [
          0.009106348971931301,
          5.661251544952393,
          0.013029580420284126,
          1.0751470297365546,
          0.9956360692158341,
          -0.057490411184624834
        ],
        [
          -0.004260063171386719,
          5.972932815551758,
          0.011422275314701524,
          1.0706187280396757,
          0.9344112649559975,
          -0.051142943138546726
        ],
        [
          0.0053531247742322026,
          5.568391799926758,
          0.04153162716568126,
          1.2305363146875288,
          0.9454746432602406,
          -0.0039020835968071044
        ],
        [
          0.007679413776008451,
          6.105679988861084,
          0.04412714344020541,
          1.2094789348766868,
          0.9985477336449549,
          -0.001023017992089037
        ],
        [
          0.009752881770231286,
          6.316865921020508,
          0.0856340414762955,
          1.3495992623122257,
          0.9941825731657445,
          -0.005313072510846895
        ],
        [
          0.0047758258118921395,
          6.206186771392822,
          0.10677720293215287,
          1.447218574410354,
          0.9855430796742439,
          -0.007415064853784514
        ],
        [
          0.00019652016308842874,
          5.237062931060791,
          0.08615200239221155,
          1.3532482844788862,
          0.9963820644188672,
          -0.47598293805028846
        ],
        [
          -0.004597415729444854,
          6.1059699058532715,
          0.21712332169462234,
          1.8495228876121264,
          0.9561097174882889,
          -0.06086256962035075
        ],
        [
          0.010567738085376973,
          5.344799041748047,
          0.10097547237802185,
          1.443044948621497,
          0.9986644986784086,
          -0.004399076262010193
        ]
      ],
      "space_C": [
        [
          0.004500147700309753,
          2.719054046231958,
          -0.425,
          0.5583418768532247
        ],
        [
          0.009085397720336914,
          2.6930641108647233,
          -0.2962962962962963,
          0.36481343589867116
        ],
        [
          0.010576620697975159,
          1.7697221461300976,
          -0.6923076923076923,
          0.5557331502473516
        ],
        [
          0.002903597950935364,
          3.25871518871442,
          -0.9162995594713657,
          0.44210853053729293
        ],
        [
          0.006320677399635315,
          2.802901053760962,
          -0.7536231884057971,
          0.4687709172468085
        ],
        [
          0.005022627413272858,
          3.9494473568190376,
          0.13333333333333333,
          0.27606582540326774
        ],
        [
          -0.0022221654653549194,
          2.6376859716245957,
          -0.037037037037037035,
          0.45237621224643715
        ],
        [
          -0.0011788362264633179,
          2.867071898085686,
          -0.058823529411764705,
          0.6627007198348889
        ],
        [
          -0.003788045644760132,
          2.547523312921116,
          -0.6190476190476191,
          0.21814536604761384
        ],
        [
          -0.004533360898494721,
          2.0551339754576015,
          0.2,
          0.5528588856186228
        ],
        [
          -0.012111625671386718,
          2.7787054742500628,
          1.24,
          0.3682142144392595
        ],
        [
          0.0010529881715774536,
          2.9748289505247065,
          0.375,
          0.45839484400234065
        ],
        [
          -0.0013921433687210084,
          2.478911364679146,
          0.2222222222222222,
          0.5241040461171571
        ],
        [
          -0.004478307962417602,
          2.7420570662257733,
          1.2222222222222223,
          0.44609127560593437
        ],
        [
          0.006000717282295227,
          3.6928240039868454,
          -0.7671232876712328,
          0.3948812497043082
        ],
        [
          0.001103583574295044,
          3.578027410508044,
          0.043478260869565216,
          0.22067186566636043
        ],
        [
          -0.0007950294017791748,
          3.4319982093051795,
          -0.15,
          0.6117319649162377
        ],
        [
          0.013614269495010376,
          2.9532987398431825,
          0.06896551724137931,
          0.6911105294918373
        ],
        [
          -0.008157141208648681,
          3.1998274772443165,
          -0.20588235294117646,
          0.27325042003126937
        ],
        [
          0.002939220666885376,
          2.7838769724736085,
          1.6111111111111112,
          0.5995801131218186
        ]
      ],
      "dim_labels_A": [
        "valence",
        "arousal",
        "integration",
        "d_eff",
        "cf_weight",
        "sm_sal"
      ],
      "dim_labels_C": [
        "approach_avoid",
        "activity",
        "growth",
        "stability"
      ],
      "per_pattern": [
        {
          "pattern_id": 0,
          "space_A": {
            "valence": 0.008791271521120655,
            "arousal": 5.13036584854126,
            "integration": 0.2691267919282736,
            "d_eff": 1.8141495738998379,
            "cf_weight": 0.9734489265829325,
            "sm_sal": -0.5022251950486606
          },