{
  "metadata": {
    "substrate": "v15",
    "seed": 7,
    "C": 16,
    "N": 128,
    "snapshot_path": "/Users/jacob/fun/shape-of-experience/empirical/experiments/study_ca_affect/results/v15_s7/snapshots/cycle_010.npz",
    "experiment": "affect_geometry"
  },
  "n_results": 1,
  "cycle": 10,
  "results": [
    {
      "n_patterns": 14,
      "rsa_rho": -0.10337633381111641,
      "rsa_p": 0.3294954481404474,
      "space_A": [
        [
          0.0034382829860765108,
          9.662215232849121,
          0.33520814367361307,
          1.8997115888367473,
          0.9451055862009525,
          -0.1345131245763218
        ],
        [
          0.011126654488699777,
          9.799245834350586,
          0.016032503301425027,
          1.0889723757973266,
          0.8366914689540863,
          -0.2637978981560334
        ],
        [
          0.0031234926106978437,
          5.388676643371582,
          0.04409341896589858,
          1.2026821531691665,
          0.9703551139682531,
          -0.006700279391565478
        ],
        [
          0.006642687077424964,
          7.9479899406433105,
          0.03235396549707492,
          1.1604695286818705,
          0.9001888707280159,
          -0.13140199747944425
        ],
        [
          -0.007930784809346102,
          7.469287395477295,
          0.01480469032682763,
          1.0937182557402674,
          0.9476692415773869,
          -0.016872881944743123
        ],
        [
          0.009469338825770788,
          4.072248935699463,
          0.05353316682911202,
          1.2676455888534774,
          0.9227134436368942,
          -0.006685400562489896
        ],
        [
          0.0008290105936478595,
          7.453305721282959,
          0.0947793137076044,
          1.3791907468365034,
          0.9187208637595177,
          -0.09001550191277663
        ],
        [
          -0.0014653546469552176,
          5.398946762084961,
          0.023140320598897146,
          1.1305406639913418,
          0.9630682654678822,
          -0.028615595016459383
        ],
        [
          0.015813350677490234,
          5.469128131866455,
          0.0261230106251763,
          1.1346511659821226,
          0.9331919401884079,
          -0.022820286200064932
        ],
        [
          0.0052240040837501995,
          4.585376739501953,
          0.0033271165239551204,
          1.0246580086425408,
          0.9638085961341858,
          -0.1437655939575483
        ],
        [
          0.019622057676315308,
          5.447940349578857,
          0.08480504494659924,
          1.3936122483775077,
          0.9647170566022396,
          -0.04607823160004709
        ],
        [
          0.0036081920067469278,
          3.179486036300659,
          0.020985619475114237,
          1.1233141634918702,
          0.8547417521476746,
          -0.01164623910132545
        ],
        [
          -0.004283736149470012,
          5.170596599578857,
          0.0134834411646656,
          1.0783854199082286,
          0.923435665667057,
          -0.07045673465474667
        ],
        [
          0.0020693143208821616,
          2.4283320903778076,
          0.018439802848217002,
          1.1141782942329794,
          0.8533734381198883,
          -0.00029637840000951154
        ]
      ],
      "space_C": [
        [
          0.01282437115907669,
          2.3364648682433957,
          -0.5392156862745098,
          0.5350067692180074
        ],
        [
          -0.0009284645318984985,
          2.819002023722571,
          -0.38461538461538464,
          0.5959548708609619
        ],
        [
          -0.002750450372695923,
          2.689859341133753,
          0.9411764705882353,
          0.6462914389249668
        ],
        [
          0.006431005597114563,
          3.0782762196073663,
          1.8421052631578947,
          0.24125527823545595
        ],
        [
          -0.004318503737449646,
          2.490194729308148,
          -0.14285714285714285,
          0.653745131571144
        ],
        [
          0.0004681205749511719,
          3.634763408553772,
          -0.6666666666666666,
          0.3089761267796849
        ],
        [
          -0.0072597205638885495,
          2.411625429486743,
          -0.4716981132075472,
          0.5221712663005689
        ],
        [
          -0.0016122859716415404,
          2.9220381864665983,
          -0.6712328767123288,
          0.721704561293258
        ],
        [
          -0.0027502232789993284,
          2.9379785391124402,
          -0.6666666666666666,
          0.5570184000762228
        ],
        [
          0.009914070814847947,
          1.9434558625125933,
          -0.746268656716418,
          0.7072552656629241
        ],
        [
          -0.00522063033921378,
          2.8459447105192495,
          -0.6595744680851063,
          0.37815502868379575
        ],
        [
          0.006051842047243702,
          2.968573978779676,
          0.5,
          0.8056659116118944
        ],
        [
          0.006774897478064712,
          2.486283033282857,
          -0.5,
          0.29552925156767873
        ],
        [
          0.015018370458666159,
          2.1380416634434702,
          1.2941176470588236,
          0.736730912196538
        ]
      ],
      "dim_labels_A": [
        "valence",
        "arousal",
        "integration",
        "d_eff",
        "cf_weight",
        "sm_sal"
      ],
      "dim_labels_C": [
        "approach_avoid",
        "activity",
        "growth",
        "stability"
      ],
      "per_pattern": [
        {
          "pattern_id": 0,
          "space_A": {
            "valence": 0.0034382829860765108,
            "arousal": 9.662215232849121,
            "integration": 0.33520814367361307,
            "d_eff": 1.8997115888367473,
            "cf_weight": 0.9451055862009525,
            "sm_sal": -0.1345131245763218
          },
          "space_C": {
            "approach_avoid": 0.01282437115907669,
            "activity": 2.3364648682433957,
            "growth": -0.5392156862745098,
            "stability": 0.5350067692180074
          },
          "n_timesteps": 50
        },
        {
          "pattern_id": 1,
          "space_A": {
            "valence": 0.011126654488699777,
            "arousal": 9.799245834350586,
            "integration": 0.016032503301425027,
            "d_eff": 1.0889723757973266,
            "cf_weight": 0.8366914689540863,
            "sm_sal": -0.2637978981560334
          },
          "space_C": {
            "approach_avoid": -0.0009284645318984985,
            "activity": 2.819002023722571,
            "growth": -0.38461538461538464,
            "stability": 0.5959548708609619
          },
          "n_timesteps": 50
        },
        {
          "pattern_id": 2,
          "space_A": {
            "valence": 0.0031234926106978437,
            "arousal": 5.388676643371582,
            "integration": 0.04409341896589858,
            "d_eff": 1.2026821531691665,
            "cf_weight": 0.9703551139682531,
            "sm_sal": -0.006700279391565478
          },
          "space_C": {
            "approach_avoid": -0.002750450372695923,
            "activity": 2.689859341133753,
            "growth": 0.9411764705882353,
            "stability": 0.6462914389249668
          },
          "n_timesteps": 50
        },
        {
          "pattern_id": 4,
          "space_A": {
            "valence": 0.006642687077424964,
            "arousal": 7.9479899406433105,
            "integration": 0.03235396549707492,
            "d_eff": 1.1604695286818705,
            "cf_weight": 0.9001888707280159,
            "sm_sal": -0.13140199747944425
          },
          "space_C": {
            "approach_avoid": 0.006431005597114563,
            "activity": 3.0782762196073663,
            "growth": 1.8421052631578947,
            "stability": 0.24125527823545595
          },