{
  "metadata": {
    "substrate": "v15",
    "seed": 7,
    "C": 16,
    "N": 128,
    "snapshot_path": "/Users/jacob/fun/shape-of-experience/empirical/experiments/study_ca_affect/results/v15_s7/snapshots/cycle_020.npz",
    "experiment": "affect_geometry"
  },
  "n_results": 1,
  "cycle": 20,
  "results": [
    {
      "n_patterns": 20,
      "rsa_rho": -0.03459171488931754,
      "rsa_p": 0.6356359329781234,
      "space_A": [
        [
          0.010340495985381457,
          9.228874206542969,
          0.028295988208542178,
          1.1424462945597396,
          0.8985447585582733,
          -0.32554971897291973
        ],
        [
          0.005368753355376574,
          4.771875381469727,
          0.13898024396025455,
          1.6854058934808132,
          0.9544538520276546,
          -0.0004908288717323517
        ],
        [
          0.007754286941216916,
          7.808278560638428,
          0.0951081225179431,
          1.3776704490791984,
          0.9607813805341721,
          -0.546553928791585
        ],
        [
          0.015862265411688357,
          8.10487174987793,
          0.1408127617982804,
          1.5085014303488087,
          0.9547569900751114,
          -0.2632846366360223
        ],
        [
          -0.004932082429224131,
          5.289731502532959,
          0.02160757962736115,
          1.113926683205231,
          0.9662422798573971,
          -0.22980391842714254
        ],
        [
          0.011195333636536891,
          6.550745964050293,
          0.058814204467045994,
          1.2530224079037648,
          0.9222753569483757,
          -0.05235947997045398
        ],
        [
          0.0034988413051683077,
          5.5383429527282715,
          0.07088574964927041,
          1.3348714699705067,
          0.9874755153432488,
          -0.0027803642466582845
        ],
        [
          0.012728374831530512,
          6.000722408294678,
          0.19686917689077887,
          1.814941861097997,
          0.9250474199652672,
          -0.04480769313253408
        ],
        [
          -0.008844969223956672,
          12.416121482849121,
          0.014567603766327597,
          1.0838594315363013,
          0.9499641954898834,
          -0.0029151852675584067
        ],
        [
          0.0037472977930185745,
          4.966968536376953,
          0.019398700138470892,
          1.116393743791486,
          0.9754659757018089,
          -0.001907020888460731
        ],
        [
          0.013500525026905293,
          5.681094646453857,
          0.2722921555607398,
          2.0602134037805593,
          0.9585455618798733,
          -0.010161085106507706
        ],
        [
          -0.0004326761985311703,
          7.687459945678711,
          0.005978714820168318,
          1.039813954139776,
          0.9549316763877869,
          -0.007793194474038034
        ],
        [
          0.009348105411140286,
          3.1684041023254395,
          0.0340945002355052,
          1.2114159104719318,
          0.918028935790062,
          -0.0015857531280155657
        ],
        [
          0.005127439693528779,
          3.8423593044281006,
          0.22832328253742173,
          1.8290172125996333,
          0.8655096292495728,
          -0.0209222872065693
        ],
        [
          0.005884092681261958,
          6.342554092407227,
          0.018061408676906643,
          1.097512463141409,
          0.8559905290603638,
          -0.0823433669269783
        ],
        [
          -0.011686860298623845,
          6.329224109649658,
          0.177929907022643,
          1.6852109834125832,
          0.9330403581261635,
          -0.03380827486523852
        ],
        [
          0.00663497983192911,
          2.658456325531006,
          0.02102496827902045,
          1.122282998735898,
          0.9691000115126371,
          -0.004062389013342438
        ],
        [
          0.004618055966435646,
          2.5443739891052246,
          0.06542618989673143,
          1.3324293839009782,
          0.9976672197226435,
          -0.0011539311979632538
        ],
        [
          0.008302586419241769,
          3.1047801971435547,
          0.24208392973639048,
          1.8349754368001128,
          0.9386413581669331,
          -0.0024790457507657404
        ],
        [
          -0.009712968553815569,
          6.848565578460693,
          0.004880869117500186,
          1.03943947246747,
          0.9384003281593323,
          -0.0015398619444729755
        ]
      ],
      "space_C": [
        [
          0.0007761621475219727,
          4.113986963755093,
          0.05,
          0.4225394142843466
        ],
        [
          0.01047416627407074,
          1.9864108306586752,
          -0.20689655172413793,
          0.45740191468315666
        ],
        [
          -0.0036921298503875735,
          3.259054871565251,
          -0.15,
          0.6104684618487133
        ],
        [
          0.002956761121749878,
          3.14636958366123,
          0.0,
          0.35923104346967394
        ],
        [
          0.001296083927154541,
          2.6319655261951866,
          -0.6071428571428571,
          0.6109032501836831
        ],
        [
          0.002912877947092056,
          2.46760909341319,
          0.35294117647058826,
          0.86406536087239
        ],
        [
          0.006312411427497864,
          2.7189524062273893,
          -0.09523809523809523,
          0.426706919306524
        ],
        [
          0.0009204137325286865,
          3.6428794514466447,
          1.64,
          0.2556584274140035
        ],
        [
          -0.004397718906402588,
          3.4920728306739206,
          -0.10344827586206896,
          0.23216473928339415
        ],
        [
          0.010693702399730682,
          2.537629167394662,
          2.6875,
          0.7106994130530921
        ],
        [
          -0.009747719764709473,
          3.199317121968485,
          -0.13636363636363635,
          0.4548401198980123
        ],
        [
          0.003252270221710205,
          2.7558114178285815,
          -0.7432432432432432,
          0.39498794613393967
        ],
        [
          -0.0009982609748840333,
          2.8921933876242862,
          -0.4117647058823529,
          0.6171304130813785
        ],
        [
          -0.00011041879653930664,
          3.577045751909435,
          -0.16,
          0.5184320805878259
        ],
        [
          0.005127952098846435,
          3.6732888660892593,
          -0.045454545454545456,
          0.44830749495381894
        ],
        [
          -0.004616502523422241,
          3.387172956412378,
          -0.5909090909090909,
          0.22096417342016575
        ],
        [
          -0.0017769849300384522,
          2.3594502094079406,
          0.34782608695652173,
          0.5787556864645641
        ],
        [
          0.0035495913028717042,
          2.216370321254145,
          -0.047619047619047616,
          0.5087523654856321
        ],
        [
          0.00471893310546875,
          2.8120636297139465,
          -0.024390243902439025,
          0.6966739480640617
        ],
        [
          -0.007961953282356262,
          1.966589563312754,
          -0.1388888888888889,
          0.6886130025197409
        ]
      ],
      "dim_labels_A": [
        "valence",
        "arousal",
        "integration",
        "d_eff",
        "cf_weight",
        "sm_sal"
      ],
      "dim_labels_C": [
        "approach_avoid",
        "activity",
        "growth",
        "stability"
      ],
      "per_pattern": [
        {
          "pattern_id": 0,
          "space_A": {
            "valence": 0.010340495985381457,
            "arousal": 9.228874206542969,
            "integration": 0.028295988208542178,
            "d_eff": 1.1424462945597396,
            "cf_weight": 0.8985447585582733,
            "sm_sal": -0.32554971897291973
          },