{
  "metadata": {
    "substrate": "v15",
    "seed": 7,
    "C": 16,
    "N": 128,
    "snapshot_path": "/Users/jacob/fun/shape-of-experience/empirical/experiments/study_ca_affect/results/v15_s7/snapshots/cycle_005.npz",
    "experiment": "affect_geometry"
  },
  "n_results": 1,
  "cycle": 5,
  "results": [
    {
      "n_patterns": 20,
      "rsa_rho": -0.009305112694476156,
      "rsa_p": 0.8986091833913078,
      "space_A": [
        [
          0.011343464559438278,
          9.707130432128906,
          0.16052668539673853,
          1.5726845587474536,
          0.8679421991109848,
          -0.7391192173537048
        ],
        [
          -0.005258248776805644,
          4.776734352111816,
          0.14682191323532556,
          1.545156346446666,
          0.7489088475704193,
          -0.5749309383962498
        ],
        [
          -0.00603128939258809,
          9.817187309265137,
          0.009099455387722166,
          1.057148631908206,
          0.9148554727435112,
          -0.1676214684669638
        ],
        [
          -0.00013625865079918686,
          5.127069473266602,
          0.07587668371148104,
          1.330627195779587,
          0.9373177587985992,
          -0.33365929509635905
        ],
        [
          -0.001224629733027244,
          5.520050525665283,
          0.08785963109350192,
          1.4308311740972715,
          0.8590423762798309,
          -0.0010996868594720377
        ],
        [
          0.006838000550562022,
          2.911501884460449,
          0.027813664001144933,
          1.1639022216320631,
          0.8727025389671326,
          -0.0032148716817411715
        ],
        [
          0.006679865778708945,
          4.8558783531188965,
          0.017742317301309707,
          1.1115190509262407,
          0.8542915880680084,
          -0.006336238660896165
        ],
        [
          -0.003779727585461675,
          2.9682810306549072,
          0.22848572783673615,
          1.7669643830100188,
          0.9847457250580192,
          -0.014889388813379423
        ],
        [
          -0.0028026444571358816,
          2.846209764480591,
          0.01961724493516459,
          1.1160082448423898,
          0.8866034224629402,
          -0.0011209422253715129
        ],
        [
          0.0030238093162069514,
          3.1207802295684814,
          0.05407828174805662,
          1.263515547283983,
          0.9142644554376602,
          -0.000820565020440811
        ],
        [
          -0.005940048062071508,
          5.152695178985596,
          0.015216923885514766,
          1.0851391509250363,
          0.9982416956918314,
          -0.06556744475659904
        ],
        [
          0.0001240944375797194,
          4.941842555999756,
          0.09402921705392431,
          1.4002901542848682,
          0.9472554363310337,
          -0.00611056759267492
        ],
        [
          0.014886131091993682,
          2.597663640975952,
          0.07239636318681608,
          1.3503762129185626,
          0.9337674975395203,
          -0.002722808591111403
        ],
        [
          -0.004072651571157027,
          5.808701992034912,
          0.1115366895652723,
          1.4310643528272895,
          0.8616725504398346,
          -0.008155068727715542
        ],
        [
          -0.00594644157253966,
          3.2481753826141357,
          0.1338297529877247,
          1.5309303953291935,
          0.9599286392331123,
          -0.02972924259181009
        ],
        [
          0.006144650128422951,
          2.830487012863159,
          0.04860282957969286,
          1.2900060550889556,
          0.9144629240036011,
          -0.00034658702242229555
        ],
        [
          0.0004269882124297473,
          2.784332036972046,
          0.011494621180393794,
          1.0823118616879246,
          0.9417159371078014,
          -0.0007106167293705612
        ],
        [
          0.003860249811289262,
          3.2628302574157715,
          0.31731593441174466,
          2.0861808191598907,
          0.8378648310899734,
          -0.00020936177210983953
        ],
        [
          -0.011354782143417669,
          6.646447658538818,
          0.046055487952791685,
          1.212710795708094,
          0.9201589673757553,
          -0.11399128919627277
        ],
        [
          0.01187162496605698,
          3.432603597640991,
          0.244504927513422,
          1.9924569895787048,
          0.9226447194814682,
          -0.00038770566631063375
        ]
      ],
      "space_C": [
        [
          0.009628710746765136,
          2.5822868407981128,
          0.05555555555555555,
          0.4713049248883453
        ],
        [
          0.01054293155670166,
          2.250038799924585,
          -0.2727272727272727,
          0.5550874724983784
        ],
        [
          0.017031638473272322,
          2.5040036789777704,
          -0.5522388059701493,
          0.5152330232451585
        ],
        [
          0.011899782419204712,
          2.9862319770144565,
          0.7333333333333333,
          0.5163693746132357
        ],
        [
          0.009766421616077423,
          2.9103272352843574,
          0.35,
          0.41137437785635717
        ],
        [
          0.002220033407211304,
          2.5526689354917322,
          0.3888888888888889,
          0.4860134343367387
        ],
        [
          -0.0014199435710906983,
          2.49278581994149,
          -0.5128205128205128,
          0.6899996181512656
        ],
        [
          0.01078950524330139,
          2.66307991030039,
          0.25,
          0.725374135522677
        ],
        [
          0.002398247718811035,
          2.551347080985151,
          -0.4666666666666667,
          0.5528839833893227
        ],
        [
          0.00040198028087615965,
          2.724696771109135,
          -0.23333333333333334,
          0.5600206581720754
        ],
        [
          0.0026071393489837647,
          2.5894081664948367,
          -0.4852941176470588,
          0.5657381871520586
        ],
        [
          -0.00394605040550232,
          2.408388496223784,
          -0.6481481481481481,
          0.75364109790506
        ],
        [
          0.000515936017036438,
          2.26980152224247,
          -0.21739130434782608,
          0.49261265191661363
        ],
        [
          -0.004942576885223388,
          3.3028157178706374,
          -0.29411764705882354,
          0.6834935868240577
        ],
        [
          -0.001225801706314087,
          2.9360824365558127,
          -0.5918367346938775,
          0.4511092153730208
        ],
        [
          0.0026244866847991944,
          2.427877746037241,
          -0.5,
          0.5864803132314074
        ],
        [
          0.005119386911392212,
          2.409171416670704,
          -0.877906976744186,
          0.36234881784387585
        ],
        [
          0.009376053810119628,
          2.8816446734265706,
          -0.6323529411764706,
          0.3596451241214956
        ],
        [
          0.002096397876739502,
          4.1242858856083595,
          0.2608695652173913,
          0.49836009921961566
        ],
        [
          0.011474021077156067,
          3.0141475008667618,
          -0.5142857142857142,
          0.3731105169578839
        ]
      ],
      "dim_labels_A": [
        "valence",
        "arousal",
        "integration",
        "d_eff",
        "cf_weight",
        "sm_sal"
      ],
      "dim_labels_C": [
        "approach_avoid",
        "activity",
        "growth",
        "stability"
      ],
      "per_pattern": [
        {
          "pattern_id": 0,
          "space_A": {
            "valence": 0.011343464559438278,
            "arousal": 9.707130432128906,
            "integration": 0.16052668539673853,
            "d_eff": 1.5726845587474536,
            "cf_weight": 0.8679421991109848,