{
  "metadata": {
    "substrate": "v18",
    "seed": 123,
    "C": 16,
    "N": 128,
    "snapshot_path": "/Users/jacob/fun/shape-of-experience/empirical/experiments/study_ca_affect/results/v18_s123/snapshots/cycle_000.npz",
    "experiment": "world_model",
    "tau_values": [
      1,
      2,
      5,
      10,
      20
    ]
  },
  "patterns": [
    {
      "pattern_id": 0,
      "n_samples": 50,
      "W": {
        "1": 0.0,
        "2": 0.0,
        "5": 0.0,
        "10": 0.0,
        "20": 0.0
      },
      "mse_full": {
        "1": 0.0020999863320161336,
        "2": 0.0015640978946309097,
        "5": 0.0019381253423064835,
        "10": 0.0016309098850909119,
        "20": 0.001703186206124412
      },
      "mse_env": {
        "1": 0.0006431752845115601,
        "2": 0.0006210855539669317,
        "5": 0.0007965637957167855,
        "10": 0.0012149959888269285,
        "20": 0.0009293290386304436
      },
      "H_wm": 0.0,
      "C_wm": 0.0,
      "lifetime": 50
    },
    {
      "pattern_id": 1,
      "n_samples": 50,
      "W": {
        "1": 0.0,
        "2": 0.0,
        "5": 0.0,
        "10": 0.0,
        "20": 0.0
      },
      "mse_full": {
        "1": 0.001978047905246748,
        "2": 0.0015150308303307019,
        "5": 0.0010820751327824218,
        "10": 0.0012437726019186367,
        "20": 0.0012028280954409698
      },
      "mse_env": {
        "1": 0.0005215793075327734,
        "2": 0.000486256981720872,
        "5": 0.00040448017037576734,
        "10": 0.000487744527003873,
        "20": 0.00032166584993059265
      },
      "H_wm": 0.0,
      "C_wm": 0.0,
      "lifetime": 50
    },
    {
      "pattern_id": 2,
      "n_samples": 50,
      "W": {
        "1": 0.0,
        "2": 0.0,
        "5": 2.5077031467569792e-05,
        "10": 0.0,
        "20": 0.00013705023401582137
      },
      "mse_full": {
        "1": 0.0006970699166357416,
        "2": 0.0004698820272740609,
        "5": 0.00032574349815882796,
        "10": 0.00042071177470828623,
        "20": 0.00026742813347267134
      },
      "mse_env": {
        "1": 0.000597893824048759,
        "2": 0.0004584998217708537,
        "5": 0.00035082052962639776,
        "10": 0.0003559299700958243,
        "20": 0.0004044783674884927
      },
      "H_wm": 20.0,
      "C_wm": 0.000785559295949386,
      "lifetime": 50
    }
  ],
  "summary": {
    "mean_C_wm": 0.00026185309864979535,
    "max_C_wm": 0.000785559295949386,
    "mean_H_wm": 6.666666666666667,
    "n_with_world_model": 1,
    "frac_with_world_model": 0.3333333333333333,
    "mean_W_by_tau": {
      "1": 0.0,
      "2": 0.0,
      "5": 8.359010489189931e-06,
      "10": 0.0,
      "20": 4.568341133860712e-05
    }
  }
}