{
  "metadata": {
    "substrate": "v18",
    "seed": 123,
    "C": 16,
    "N": 128,
    "snapshot_path": "/Users/jacob/fun/shape-of-experience/empirical/experiments/study_ca_affect/results/v18_s123/snapshots/cycle_005.npz",
    "experiment": "world_model",
    "tau_values": [
      1,
      2,
      5,
      10,
      20
    ]
  },
  "patterns": [
    {
      "pattern_id": 6,
      "n_samples": 50,
      "W": {
        "1": 0.0,
        "2": 0.0,
        "5": 6.50550582817956e-05,
        "10": 0.0,
        "20": 0.0
      },
      "mse_full": {
        "1": 0.0004596602394131303,
        "2": 0.0004538124462643214,
        "5": 0.00021878110343811772,
        "10": 0.0003669058337938812,
        "20": 0.00032479642756756634
      },
      "mse_env": {
        "1": 0.0003768244526356303,
        "2": 0.0003528698049684497,
        "5": 0.0002838361617199133,
        "10": 0.00024735582992565125,
        "20": 0.00019564404952969098
      },
      "H_wm": 5.0,
      "C_wm": 0.0002602202331271824,
      "lifetime": 50
    },
    {
      "pattern_id": 45,
      "n_samples": 48,
      "W": {
        "1": 0.00011061365686154006,
        "2": 0.00011316572440111909,
        "5": 0.0,
        "10": 0.0002631199357999872,
        "20": 0.00027093104923935497
      },
      "mse_full": {
        "1": 0.00043154018718166026,
        "2": 0.000548399530493387,
        "5": 0.000416177752235967,
        "10": 0.0003778199319398436,
        "20": 0.00038723622476190484
      },
      "mse_env": {
        "1": 0.0005421538440432003,
        "2": 0.0006615652548945061,
        "5": 0.00038305534228632394,
        "10": 0.0006409398677398308,
        "20": 0.0006581672740012598
      },
      "H_wm": 20.0,
      "C_wm": 0.003609693041929687,
      "lifetime": 48
    },
    {
      "pattern_id": 3,
      "n_samples": 46,
      "W": {
        "1": 0.0,
        "2": 0.0,
        "5": 0.0,
        "10": 0.0,
        "20": 0.0
      },
      "mse_full": {
        "1": 0.001863061060931094,
        "2": 0.0014221264634837378,
        "5": 0.0013045141854882236,
        "10": 0.000942475106668583,
        "20": 0.00114336066136538
      },
      "mse_env": {
        "1": 0.0006952669932962658,
        "2": 0.000601813749482997,
        "5": 0.0005360715668141518,
        "10": 0.00069641445989353,
        "20": 0.0004047388363175414
      },
      "H_wm": 0.0,
      "C_wm": 0.0,
      "lifetime": 46
    },
    {
      "pattern_id": 27,
      "n_samples": 46,
      "W": {
        "1": 0.0,
        "2": 0.0,
        "5": 0.0,
        "10": 0.0,
        "20": 0.0
      },
      "mse_full": {
        "1": 0.0014898128077104424,
        "2": 0.001094264064248091,
        "5": 0.0011963602526208262,
        "10": 0.0012252173699307805,
        "20": 0.000559552353704547
      },
      "mse_env": {
        "1": 0.0007936802454193079,
        "2": 0.0007424288782655545,
        "5": 0.000631183907596359,
        "10": 0.0003200492821139174,
        "20": 0.00031285501270799656
      },
      "H_wm": 0.0,
      "C_wm": 0.0,
      "lifetime": 46
    },
    {
      "pattern_id": 54,
      "n_samples": 45,
      "W": {
        "1": 0.00026024958719223694,
        "2": 0.0001755978562626324,
        "5": 4.4536096721502086e-05,
        "10": 0.00029504654155571887,
        "20": 0.00013953454245451894
      },
      "mse_full": {
        "1": 0.0004976508256573026,
        "2": 0.000599707584674945,
        "5": 0.0005564239820144584,
        "10": 0.00028591450928645466,
        "20": 0.00037400712462988675
      },
      "mse_env": {
        "1": 0.0007579004128495395,
        "2": 0.0007753054409375774,
        "5": 0.0006009600787359605,
        "10": 0.0005809610508421735,
        "20": 0.0005135416670844057
      },
      "H_wm": 20.0,
      "C_wm": 0.003569986666947878,
      "lifetime": 45
    },
    {
      "pattern_id": 9,
      "n_samples": 44,
      "W": {
        "1": 7.39945061498284e-05,
        "2": 3.136459332088345e-05,
        "5": 8.860941357275869e-06,
        "10": 9.674772627219289e-05,
        "20": 0.00013841930428969428
      },
      "mse_full": {
        "1": 0.00025152681299684873,
        "2": 0.0002502336174822454,
        "5": 0.00024376765226908587,
        "10": 0.0003613652758098575,
        "20": 0.00023031362015888172
      },
      "mse_env": {
        "1": 0.00032552131914667713,
        "2": 0.00028159821080312884,
        "5": 0.00025262859362636174,
        "10": 0.00045811300208205036,
        "20": 0.000368732924448576
      },
      "H_wm": 20.0,
      "C_wm": 0.0015528746736357024,
      "lifetime": 44
    },
    {
      "pattern_id": 49,
      "n_samples": 42,
      "W": {
        "1": 0.0,
        "2": 0.0,
        "5": 0.0,
        "10": 0.0,
        "20": 0.0
      },
      "mse_full": {
        "1": 0.0007596625845746417,
        "2": 0.0008541063005543914,
        "5": 0.0006144974309502778,
        "10": 0.0003931897967967781,
        "20": 0.0007532076020633342
      },
      "mse_env": {
        "1": 0.0005670886213606517,
        "2": 0.0005665311625048905,
        "5": 0.00038500698193114763,
        "10": 0.00036822850558109594,
        "20": 0.0005249941690787144
      },
      "H_wm": 0.0,
      "C_wm": 0.0,
      "lifetime": 42
    },
    {
      "pattern_id": 36,
      "n_samples": 41,
      "W": {
        "1": 0.0,
        "2": 0.0,
        "5": 0.0,
        "10": 0.0,
        "20": 0.0
      },
      "mse_full": {
        "1": 0.0005445064166613747,
        "2": 0.00048805884329863127,
        "5": 0.0004486417372410199,
        "10": 0.0004185515597299981,
        "20": 0.0005144987232692865
      },
      "mse_env": {
        "1": 0.0004213207062780921,
        "2": 0.0003475654502785992,
        "5": 0.00022495979972005377,
        "10": 0.0002733664606833972,
        "20": 0.00033651135665790157
      },
      "H_wm": 0.0,
      "C_wm": 0.0,
      "lifetime": 41
    },
    {
      "pattern_id": 71,
      "n_samples": 41,
      "W": {
        "1": 0.0,
        "2": 0.0,
        "5": 0.0,
        "10": 0.0,
        "20": 0.0
      },
      "mse_full": {
        "1": 0.003542985635669041,
        "2": 0.0028189916807248405,
        "5": 0.0030130736848308975,
        "10": 0.0063575063343580636,
        "20": 0.00471325880361604
      },
      "mse_env": {
        "1": 0.0005972092530160717,
        "2": 0.0006053592943659648,
        "5": 0.0004828352691361039,
        "10": 0.000628256605720111,
        "20": 0.0005265355649227691
      },
      "H_wm": 0.0,
      "C_wm": 0.0,
      "lifetime": 41
    },
    {
      "pattern_id": 19,
      "n_samples": 40,
      "W": {
        "1": 0.0,
        "2": 0.0,
        "5": 0.0,
        "10": 0.0,
        "20": 0.0
      },
      "mse_full": {
        "1": 0.0035227277288959005,
        "2": 0.0033608909349844723,
        "5": 0.005831305354032515,
        "10": 0.003432091864007963,
        "20": 0.0059273327276672515
      },
      "mse_env": {
        "1": 0.0005088208394719477,
        "2": 0.0005011069258254308,
        "5": 0.0005575568143439521,
        "10": 0.000410660603874261,
        "20": 0.00032421392997638047
      },
      "H_wm": 0.0,
      "C_wm": 0.0,
      "lifetime": 40
    },
    {
      "pattern_id": 64,
      "n_samples": 40,
      "W": {
        "1": 0.0,
        "2": 0.0,
        "5": 8.390919439866336e-05,
        "10": 6.347581392612128e-05,
        "20": 0.0
      },
      "mse_full": {
        "1": 0.0009600574402448354,
        "2": 0.0008316851584636327,
        "5": 0.0005674321868300124,
        "10": 0.00046895669089308187,
        "20": 0.0006487926839685598
      },
      "mse_env": {
        "1": 0.0006931362994128081,
        "2": 0.0006515206028103558,
        "5": 0.0006513413812286757,
        "10": 0.0005324325048192032,
        "20": 0.0005177304943087225
      },
      "H_wm": 10.0,
      "C_wm": 0.000811705382040563,
      "lifetime": 40
    },
    {
      "pattern_id": 50,
      "n_samples": 39,