{
  "metadata": {
    "substrate": "v18",
    "seed": 123,
    "C": 16,
    "N": 128,
    "snapshot_path": "/Users/jacob/fun/shape-of-experience/empirical/experiments/study_ca_affect/results/v18_s123/snapshots/cycle_015.npz",
    "experiment": "world_model",
    "tau_values": [
      1,
      2,
      5,
      10,
      20
    ]
  },
  "patterns": [
    {
      "pattern_id": 45,
      "n_samples": 46,
      "W": {
        "1": 0.0006761262278214853,
        "2": 0.0004999726118736022,
        "5": 7.99477620572653e-05,
        "10": 0.0008001161353706274,
        "20": 0.0
      },
      "mse_full": {
        "1": 0.0005598090685278591,
        "2": 0.0004938725934004114,
        "5": 0.000693026299286839,
        "10": 0.0007202249072136361,
        "20": 0.0011167354487534985
      },
      "mse_env": {
        "1": 0.0012359352963493444,
        "2": 0.0009938452052740136,
        "5": 0.0007729740613441043,
        "10": 0.0015203410425842635,
        "20": 0.000672203440693283
      },
      "H_wm": 10.0,
      "C_wm": 0.007658670401166714,
      "lifetime": 46
    },
    {
      "pattern_id": 33,
      "n_samples": 45,
      "W": {
        "1": 0.0,
        "2": 0.0,
        "5": 0.0,
        "10": 0.0,
        "20": 0.0
      },
      "mse_full": {
        "1": 0.021152269460663738,
        "2": 0.01463070028793984,
        "5": 0.020810414907705965,
        "10": 0.02169180896114296,
        "20": 0.006414591326143549
      },
      "mse_env": {
        "1": 0.0008229461025957869,
        "2": 0.0007125819322799069,
        "5": 0.0010804081431152863,
        "10": 0.0017260115855440507,
        "20": 0.00045864368311989703
      },
      "H_wm": 0.0,
      "C_wm": 0.0,
      "lifetime": 45
    },
    {
      "pattern_id": 1,
      "n_samples": 44,
      "W": {
        "1": 0.0,
        "2": 0.0,
        "5": 0.0,
        "10": 0.0,
        "20": 0.0
      },
      "mse_full": {
        "1": 0.1366848304731056,
        "2": 0.07032218750640165,
        "5": 0.03561986386010084,
        "10": 0.025098324030839968,
        "20": 0.08848128037932493
      },
      "mse_env": {
        "1": 0.001926363375429705,
        "2": 0.0016237393785682736,
        "5": 0.001155199999039944,
        "10": 0.0009244912258337425,
        "20": 0.0009160158524518953
      },
      "H_wm": 0.0,
      "C_wm": 0.0,
      "lifetime": 44
    },
    {
      "pattern_id": 61,
      "n_samples": 44,
      "W": {
        "1": 0.0,
        "2": 0.0,
        "5": 0.0,
        "10": 0.0,
        "20": 0.0
      },
      "mse_full": {
        "1": 0.00231417848123736,
        "2": 0.0017640355215779336,
        "5": 0.0017572001740152345,
        "10": 0.0014841443944691374,
        "20": 0.002925194816008824
      },
      "mse_env": {
        "1": 0.00077838487104309,
        "2": 0.0006227340053349074,
        "5": 0.0005825398324101323,
        "10": 0.0009841066510246342,
        "20": 0.0007331631321226184
      },
      "H_wm": 0.0,
      "C_wm": 0.0,
      "lifetime": 44
    },
    {
      "pattern_id": 8,
      "n_samples": 43,
      "W": {
        "1": 0.0,
        "2": 0.0,
        "5": 0.0,
        "10": 0.0,
        "20": 0.0
      },
      "mse_full": {
        "1": 0.007935791507007125,
        "2": 0.006337461228065069,
        "5": 0.0036832891201044457,
        "10": 0.005320243018219807,
        "20": 0.005065491252961544
      },
      "mse_env": {
        "1": 0.001787772103883905,
        "2": 0.001200549016743832,
        "5": 0.0010483289709573675,
        "10": 0.0013816779606853522,
        "20": 0.0003873544817567831
      },
      "H_wm": 0.0,
      "C_wm": 0.0,
      "lifetime": 43
    },
    {
      "pattern_id": 13,
      "n_samples": 43,
      "W": {
        "1": 0.000553563130004898,
        "2": 0.00039975579024962194,
        "5": 0.00015641901358191758,
        "10": 0.0008513382154575987,
        "20": 0.0
      },
      "mse_full": {
        "1": 0.0008688034576913795,
        "2": 0.0009403691710985493,
        "5": 0.0013988438402778812,
        "10": 0.0011331755174454723,
        "20": 0.00043540652714845726
      },
      "mse_env": {
        "1": 0.0014223665876962775,
        "2": 0.0013401249613481713,
        "5": 0.0015552628538597988,
        "10": 0.001984513732903071,
        "20": 0.00037156108810566563
      },
      "H_wm": 10.0,
      "C_wm": 0.008087005815761354,
      "lifetime": 43
    },
    {
      "pattern_id": 25,
      "n_samples": 43,
      "W": {
        "1": 3.556029118142708e-05,
        "2": 0.0,
        "5": 0.0002088864779706426,
        "10": 0.0006448317275195812,
        "20": 0.00018461692717854783
      },
      "mse_full": {
        "1": 0.0010068572084944026,
        "2": 0.0009397678926298478,
        "5": 0.0008981198164713046,
        "10": 0.0009487781703907712,
        "20": 0.00036159229061050153
      },
      "mse_env": {
        "1": 0.0010424174996758297,
        "2": 0.0009386263693446006,
        "5": 0.0011070062944419472,
        "10": 0.0015936098979103524,
        "20": 0.0005462092177890494
      },
      "H_wm": 20.0,
      "C_wm": 0.006612648649762882,
      "lifetime": 43
    },
    {
      "pattern_id": 39,
      "n_samples": 43,
      "W": {
        "1": 0.0008233537042379936,
        "2": 0.000499491985888133,
        "5": 9.645075453767484e-05,
        "10": 0.00012830250206744757,
        "20": 0.0
      },
      "mse_full": {
        "1": 0.0005474030212723308,
        "2": 0.0007686324576509989,
        "5": 0.0012762241359724,
        "10": 0.001281857457869936,
        "20": 0.0005731975847557764
      },
      "mse_env": {
        "1": 0.0013707567255103244,
        "2": 0.0012681244435391319,
        "5": 0.001372674890510075,
        "10": 0.0014101599599373835,
        "20": 0.0004998211575154651
      },
      "H_wm": 10.0,
      "C_wm": 0.0027587326075518195,
      "lifetime": 43
    },
    {
      "pattern_id": 94,
      "n_samples": 43,
      "W": {
        "1": 0.00014535233591502698,
        "2": 0.00012031206670329309,
        "5": 0.0001517394236604827,
        "10": 0.0,
        "20": 0.0
      },
      "mse_full": {
        "1": 0.0016607330543064122,
        "2": 0.0015859487444957454,
        "5": 0.0013128653987603883,
        "10": 0.0017171311020924035,
        "20": 0.00047070436948849694
      },
      "mse_env": {
        "1": 0.0018060853902214392,
        "2": 0.0017062608111990385,
        "5": 0.001464604822420871,
        "10": 0.0014691388555739984,
        "20": 0.0003618188834260857
      },
      "H_wm": 5.0,
      "C_wm": 0.0009202579960060304,
      "lifetime": 43
    },
    {
      "pattern_id": 10,
      "n_samples": 42,
      "W": {
        "1": 8.260865219029186e-05,
        "2": 8.706081847557304e-05,
        "5": 9.129315815067105e-06,
        "10": 0.0,
        "20": 6.046449066488338e-05
      },
      "mse_full": {
        "1": 0.0006380720120493057,
        "2": 0.00047826226010930575,
        "5": 0.0005487893678153475,
        "10": 0.0014154267920413746,
        "20": 0.0002810783139544699
      },
      "mse_env": {
        "1": 0.0007206806642395976,
        "2": 0.0005653230785848788,
        "5": 0.0005579186836304146,
        "10": 0.001249882515640999,
        "20": 0.00034154280461935326
      },
      "H_wm": 20.0,
      "C_wm": 0.0005542656796309773,
      "lifetime": 42
    },
    {
      "pattern_id": 18,
      "n_samples": 42,
      "W": {
        "1": 1.2686031544381941e-05,
        "2": 0.0,
        "5": 0.0,
        "10": 0.0007223598155647065,
        "20": 0.0
      },
      "mse_full": {
        "1": 0.0010771920692029526,
        "2": 0.0016379755854923253,
        "5": 0.002403599806688433,
        "10": 0.0008119664835134728,
        "20": 0.0019889322387085465
      },
      "mse_env": {
        "1": 0.0010898781007473346,
        "2": 0.0009384142868549449,
        "5": 0.0011822806577946247,
        "10": 0.0015343262990781792,
        "20": 0.0007734890214386331
      },
      "H_wm": 10.0,