{
  "metadata": {
    "substrate": "v18",
    "seed": 123,
    "C": 16,
    "N": 128,
    "snapshot_path": "/Users/jacob/fun/shape-of-experience/empirical/experiments/study_ca_affect/results/v18_s123/snapshots/cycle_010.npz",
    "experiment": "world_model",
    "tau_values": [
      1,
      2,
      5,
      10,
      20
    ]
  },
  "patterns": [
    {
      "pattern_id": 4,
      "n_samples": 50,
      "W": {
        "1": 0.0005090370066367826,
        "2": 0.0002781986006614068,
        "5": 8.297495564520976e-05,
        "10": 0.0,
        "20": 0.0
      },
      "mse_full": {
        "1": 0.0014764086394774842,
        "2": 0.0009837939472392622,
        "5": 0.000607573154858624,
        "10": 0.00058355545758424,
        "20": 0.0006482765855747815
      },
      "mse_env": {
        "1": 0.001985445646114267,
        "2": 0.001261992547900669,
        "5": 0.0006905481105038338,
        "10": 0.0005782317753822134,
        "20": 0.00041113348035932615
      },
      "H_wm": 5.0,
      "C_wm": 0.001142815527222044,
      "lifetime": 50
    },
    {
      "pattern_id": 0,
      "n_samples": 49,
      "W": {
        "1": 0.0,
        "2": 0.0,
        "5": 5.3931665347243564e-05,
        "10": 0.0,
        "20": 0.0
      },
      "mse_full": {
        "1": 0.001521995451343856,
        "2": 0.0010918410039795347,
        "5": 0.0006202104398554473,
        "10": 0.0008266567106400332,
        "20": 0.0007823672242502466
      },
      "mse_env": {
        "1": 0.0008467577269508271,
        "2": 0.000723487976974703,
        "5": 0.0006741421052026908,
        "10": 0.0005697853011611362,
        "20": 0.00044379435253805784
      },
      "H_wm": 5.0,
      "C_wm": 0.00021572666138897426,
      "lifetime": 49
    },
    {
      "pattern_id": 1,
      "n_samples": 49,
      "W": {
        "1": 0.0,
        "2": 0.0,
        "5": 0.0,
        "10": 0.0,
        "20": 0.0
      },
      "mse_full": {
        "1": 0.0013090520374704903,
        "2": 0.0010348745099814773,
        "5": 0.0007638302882354358,
        "10": 0.0011509547797207019,
        "20": 0.0010675844827393358
      },
      "mse_env": {
        "1": 0.0007969078390515005,
        "2": 0.0006184343240205065,
        "5": 0.0004817170384127106,
        "10": 0.0005437816971884698,
        "20": 0.0005041921863936304
      },
      "H_wm": 0.0,
      "C_wm": 0.0,
      "lifetime": 49
    },
    {
      "pattern_id": 3,
      "n_samples": 49,
      "W": {
        "1": 0.0,
        "2": 0.0,
        "5": 0.0,
        "10": 0.0,
        "20": 0.0
      },
      "mse_full": {
        "1": 0.027323360534871676,
        "2": 0.01779157854282111,
        "5": 0.00820413863056592,
        "10": 0.01484872553560194,
        "20": 0.009532272700883781
      },
      "mse_env": {
        "1": 0.0006802163488167944,
        "2": 0.0008430141509237095,
        "5": 0.0006620275170768888,
        "10": 0.0005282176160511375,
        "20": 0.000703282046441456
      },
      "H_wm": 0.0,
      "C_wm": 0.0,
      "lifetime": 49
    },
    {
      "pattern_id": 2,
      "n_samples": 48,
      "W": {
        "1": 0.0002553347785414315,
        "2": 0.0004345377770655248,
        "5": 0.0,
        "10": 0.0,
        "20": 1.46968960008792e-05
      },
      "mse_full": {
        "1": 0.0012041280870453465,
        "2": 0.0008980804052548834,
        "5": 0.0007639851766260597,
        "10": 0.0008283764129560853,
        "20": 0.0007016537484487797
      },
      "mse_env": {
        "1": 0.001459462865586778,
        "2": 0.0013326181823204082,
        "5": 0.0006902547758580733,
        "10": 0.0007737343551974531,
        "20": 0.0007163506444496589
      },
      "H_wm": 20.0,
      "C_wm": 0.0010702274234061612,
      "lifetime": 48
    },
    {
      "pattern_id": 5,
      "n_samples": 48,
      "W": {
        "1": 0.0,
        "2": 0.0,
        "5": 0.0,
        "10": 0.0,
        "20": 0.0
      },
      "mse_full": {
        "1": 0.007367500443752848,
        "2": 0.004478535739603005,
        "5": 0.0012787766809864468,
        "10": 0.0019471600683345254,
        "20": 0.0017553632809892909
      },
      "mse_env": {
        "1": 0.0005239641416827517,
        "2": 0.00035165875879817325,
        "5": 0.00034671543140959353,
        "10": 0.0004242785133160624,
        "20": 0.00034805836477069774
      },
      "H_wm": 0.0,
      "C_wm": 0.0,
      "lifetime": 48
    }
  ],
  "summary": {
    "mean_C_wm": 0.00040479493533619656,
    "max_C_wm": 0.001142815527222044,
    "mean_H_wm": 5.0,
    "n_with_world_model": 3,
    "frac_with_world_model": 0.5,
    "mean_W_by_tau": {
      "1": 0.00012739529752970236,
      "2": 0.00011878939628782194,
      "5": 2.2817770165408887e-05,
      "10": 0.0,
      "20": 2.4494826668132e-06
    }
  }
}