{
  "metadata": {
    "substrate": "v18",
    "seed": 123,
    "C": 16,
    "N": 128,
    "snapshot_path": "/Users/jacob/fun/shape-of-experience/empirical/experiments/study_ca_affect/results/v18_s123/snapshots/cycle_020.npz",
    "experiment": "world_model",
    "tau_values": [
      1,
      2,
      5,
      10,
      20
    ]
  },
  "patterns": [
    {
      "pattern_id": 3,
      "n_samples": 50,
      "W": {
        "1": 0.0,
        "2": 0.0,
        "5": 0.0,
        "10": 0.0,
        "20": 0.0
      },
      "mse_full": {
        "1": 0.000964212640029886,
        "2": 0.0007722506649438654,
        "5": 0.0006180005988842354,
        "10": 0.0009490234006125928,
        "20": 0.0019027832176378265
      },
      "mse_env": {
        "1": 0.0005135193329166681,
        "2": 0.0004463280625010248,
        "5": 0.000440030721187111,
        "10": 0.0004233598904701894,
        "20": 0.0008564313642481349
      },
      "H_wm": 0.0,
      "C_wm": 0.0,
      "lifetime": 50
    },
    {
      "pattern_id": 8,
      "n_samples": 50,
      "W": {
        "1": 0.0,
        "2": 0.0,
        "5": 0.0,
        "10": 0.0,
        "20": 0.0
      },
      "mse_full": {
        "1": 0.007060227995160577,
        "2": 0.002638674712452335,
        "5": 0.001242075251505491,
        "10": 0.0017310411625391917,
        "20": 0.0019062863409723628
      },
      "mse_env": {
        "1": 0.0005404182220314378,
        "2": 0.00039055270694638415,
        "5": 0.0003125542372840452,
        "10": 0.0005294893432141385,
        "20": 0.0005610391346917312
      },
      "H_wm": 0.0,
      "C_wm": 0.0,
      "lifetime": 50
    },
    {
      "pattern_id": 19,
      "n_samples": 50,
      "W": {
        "1": 0.001179395240498315,
        "2": 0.0007147831162646307,
        "5": 0.00013014239932598832,
        "10": 0.0008378606252496828,
        "20": 0.0002282419160716234
      },
      "mse_full": {
        "1": 0.0010833773431457058,
        "2": 0.0008111853623429928,
        "5": 0.0004281852271429298,
        "10": 0.0008500321042211363,
        "20": 0.00041279894087698117
      },
      "mse_env": {
        "1": 0.002262772583644021,
        "2": 0.0015259684786076235,
        "5": 0.0005583276264689181,
        "10": 0.0016878927294708191,
        "20": 0.0006410408569486046
      },
      "H_wm": 20.0,
      "C_wm": 0.009964997719813112,
      "lifetime": 50
    },
    {
      "pattern_id": 20,
      "n_samples": 50,
      "W": {
        "1": 0.0,
        "2": 0.0,
        "5": 0.0,
        "10": 0.0,
        "20": 0.0
      },
      "mse_full": {
        "1": 0.0012027672393106763,
        "2": 0.0009789126079486616,
        "5": 0.0009075535186077356,
        "10": 0.000935517991817046,
        "20": 0.0009700796481265858
      },
      "mse_env": {
        "1": 0.000668685582959393,
        "2": 0.0006657533563621499,
        "5": 0.0006401519372617818,
        "10": 0.0007138060863589755,
        "20": 0.0006186127420667303
      },
      "H_wm": 0.0,
      "C_wm": 0.0,
      "lifetime": 50
    },
    {
      "pattern_id": 21,
      "n_samples": 50,
      "W": {
        "1": 0.0,
        "2": 0.0,
        "5": 0.0,
        "10": 0.0,
        "20": 0.0
      },
      "mse_full": {
        "1": 0.001049457749621662,
        "2": 0.0010074109578339827,
        "5": 0.0007329621668845014,
        "10": 0.0010197969620352812,
        "20": 0.0007819128519381194
      },
      "mse_env": {
        "1": 0.00037955042555866083,
        "2": 0.0002938948694572249,
        "5": 0.00025899301298495844,
        "10": 0.0003472993983784767,
        "20": 0.0005357873532841033
      },
      "H_wm": 0.0,
      "C_wm": 0.0,
      "lifetime": 50
    },
    {
      "pattern_id": 26,
      "n_samples": 50,
      "W": {
        "1": 0.0,
        "2": 0.0,
        "5": 0.0,
        "10": 0.0,
        "20": 0.0
      },
      "mse_full": {
        "1": 0.5792978691816957,
        "2": 0.5913410166952972,
        "5": 0.10935715320128418,
        "10": 0.1540370029292792,
        "20": 0.09502860488539261
      },
      "mse_env": {
        "1": 0.000619098545378197,
        "2": 0.0005867689190497628,
        "5": 0.0007565825201601448,
        "10": 0.0008266158797317223,
        "20": 0.0005345211077823284
      },
      "H_wm": 0.0,
      "C_wm": 0.0,
      "lifetime": 50
    },
    {
      "pattern_id": 29,
      "n_samples": 50,
      "W": {
        "1": 1.8269096043813755e-05,
        "2": 0.0,
        "5": 0.0,
        "10": 0.0,
        "20": 0.0001099348057348095
      },
      "mse_full": {
        "1": 0.001485751009506055,
        "2": 0.001199988151152223,
        "5": 0.0008781503912098587,
        "10": 0.0008118411459319402,
        "20": 0.0007974085654744486
      },
      "mse_env": {
        "1": 0.0015040201055498688,
        "2": 0.0010455228741152458,
        "5": 0.0004882445840945671,
        "10": 0.0005279876955198287,
        "20": 0.0009073433712092581
      },
      "H_wm": 20.0,
      "C_wm": 0.0005588085766959544,
      "lifetime": 50
    },
    {
      "pattern_id": 30,
      "n_samples": 50,
      "W": {
        "1": 0.0,
        "2": 0.0,
        "5": 0.0,
        "10": 0.0,
        "20": 0.0
      },
      "mse_full": {
        "1": 0.014559758525084579,
        "2": 0.021107516089708,
        "5": 0.0065790748080086755,
        "10": 0.0034918464554184506,
        "20": 0.013324179080794724
      },
      "mse_env": {
        "1": 0.000668418698576172,
        "2": 0.0006700392323773952,
        "5": 0.0007072927783528815,
        "10": 0.0006328389113584038,
        "20": 0.0007210635432377671
      },
      "H_wm": 0.0,
      "C_wm": 0.0,
      "lifetime": 50
    },
    {
      "pattern_id": 33,
      "n_samples": 50,
      "W": {
        "1": 0.0,
        "2": 0.0,
        "5": 0.0,
        "10": 0.0,
        "20": 0.0
      },
      "mse_full": {
        "1": 0.0013201048884979093,
        "2": 0.0015148699960880788,
        "5": 0.0010797255367885213,
        "10": 0.001123563266927608,
        "20": 0.0010922791253495964
      },
      "mse_env": {
        "1": 0.0009492762136994262,
        "2": 0.0008695632202241809,
        "5": 0.0006705131450868264,
        "10": 0.0006924741657249017,
        "20": 0.000784994899908374
      },
      "H_wm": 0.0,
      "C_wm": 0.0,
      "lifetime": 50
    },
    {
      "pattern_id": 0,
      "n_samples": 49,
      "W": {
        "1": 0.0008210397444203847,
        "2": 0.0010467669758699085,
        "5": 0.0003801811860117999,
        "10": 0.0,
        "20": 9.394777948095183e-06
      },
      "mse_full": {
        "1": 0.0014273817024597854,
        "2": 0.0012024017648941477,
        "5": 0.000527504310859606,
        "10": 0.0007779972117185346,
        "20": 0.0003367537034313068
      },
      "mse_env": {
        "1": 0.00224842144688017,
        "2": 0.002249168740764056,
        "5": 0.0009076854968714059,
        "10": 0.0006633548537696149,
        "20": 0.000346148481379402
      },
      "H_wm": 20.0,
      "C_wm": 0.004071752457737685,
      "lifetime": 49
    },
    {
      "pattern_id": 1,
      "n_samples": 49,
      "W": {
        "1": 0.0,
        "2": 0.0,
        "5": 0.0,
        "10": 0.0,
        "20": 0.0
      },
      "mse_full": {
        "1": 0.0038587319432731053,
        "2": 0.003732905930468505,
        "5": 0.0021049963623950402,
        "10": 0.002454099777186482,
        "20": 0.003913109031469208
      },
      "mse_env": {
        "1": 0.000978614925371683,
        "2": 0.0010203273779799196,
        "5": 0.0005799456649371742,
        "10": 0.0005296931275851011,
        "20": 0.0003799097495144575
      },
      "H_wm": 0.0,
      "C_wm": 0.0,
      "lifetime": 49
    },
    {
      "pattern_id": 2,
      "n_samples": 49,
      "W": {
        "1": 0.0,
        "2": 0.0,
        "5": 0.0,
        "10": 0.0,
        "20": 0.0
      },
      "mse_full": {
        "1": 0.0019077118888547093,
        "2": 0.0013926956973917368,