{
  "metadata": {
    "substrate": "v18",
    "seed": 123,
    "C": 16,
    "N": 128,
    "snapshot_path": "/Users/jacob/fun/shape-of-experience/empirical/experiments/study_ca_affect/results/v18_s123/snapshots/cycle_029.npz",
    "experiment": "world_model",
    "tau_values": [
      1,
      2,
      5,
      10,
      20
    ]
  },
  "patterns": [
    {
      "pattern_id": 0,
      "n_samples": 50,
      "W": {
        "1": 0.0,
        "2": 0.0,
        "5": 0.0,
        "10": 0.0,
        "20": 0.0
      },
      "mse_full": {
        "1": 0.0008914589224520491,
        "2": 0.0011496614632259326,
        "5": 0.001456618311568686,
        "10": 0.0006939698604001007,
        "20": 0.0006185432081408784
      },
      "mse_env": {
        "1": 0.0007794489325104765,
        "2": 0.0009033623441954727,
        "5": 0.001247906360699701,
        "10": 0.0006325200787737779,
        "20": 0.0004867489218165795
      },
      "H_wm": 0.0,
      "C_wm": 0.0,
      "lifetime": 50
    },
    {
      "pattern_id": 3,
      "n_samples": 50,
      "W": {
        "1": 0.0,
        "2": 0.0,
        "5": 0.0,
        "10": 0.0,
        "20": 0.0
      },
      "mse_full": {
        "1": 0.000788615101759638,
        "2": 0.0007436313752600435,
        "5": 0.0005659823206552936,
        "10": 0.0011209536059833658,
        "20": 0.0007155868317612901
      },
      "mse_env": {
        "1": 0.0005757529994805493,
        "2": 0.0005066116189440386,
        "5": 0.0004546897134808392,
        "10": 0.0005388814612358266,
        "20": 0.0006273520751200002
      },
      "H_wm": 0.0,
      "C_wm": 0.0,
      "lifetime": 50
    },
    {
      "pattern_id": 4,
      "n_samples": 50,
      "W": {
        "1": 0.0,
        "2": 0.0,
        "5": 0.0,
        "10": 0.0,
        "20": 0.0
      },
      "mse_full": {
        "1": 0.0027812525621964236,
        "2": 0.0026590234027168112,
        "5": 0.0017010559884665152,
        "10": 0.0023618214014385925,
        "20": 0.0015821758340825811
      },
      "mse_env": {
        "1": 0.0008252420113131897,
        "2": 0.0008125798855512772,
        "5": 0.0010277984452354537,
        "10": 0.000728855169321687,
        "20": 0.0008339504364419667
      },
      "H_wm": 0.0,
      "C_wm": 0.0,
      "lifetime": 50
    },
    {
      "pattern_id": 5,
      "n_samples": 50,
      "W": {
        "1": 0.0,
        "2": 0.0,
        "5": 0.0,
        "10": 0.0,
        "20": 0.0
      },
      "mse_full": {
        "1": 0.0012598165282517956,
        "2": 0.0015644031636408054,
        "5": 0.0011780598683199322,
        "10": 0.0014414556630634521,
        "20": 0.0007491624059575509
      },
      "mse_env": {
        "1": 0.0007504684884145467,
        "2": 0.0005552546524519768,
        "5": 0.000372627461628327,
        "10": 0.0003371859850078476,
        "20": 0.0003647031076992032
      },
      "H_wm": 0.0,
      "C_wm": 0.0,
      "lifetime": 50
    },
    {
      "pattern_id": 7,
      "n_samples": 50,
      "W": {
        "1": 0.0,
        "2": 0.0,
        "5": 0.0,
        "10": 0.0,
        "20": 0.0
      },
      "mse_full": {
        "1": 0.011725274580219314,
        "2": 0.0071076364828840475,
        "5": 0.017117830896864993,
        "10": 0.04732003870916162,
        "20": 0.033234162305907214
      },
      "mse_env": {
        "1": 0.000558406043316988,
        "2": 0.0004123687303658847,
        "5": 0.000522128899831896,
        "10": 0.0006305534466083376,
        "20": 0.00040374777525069565
      },
      "H_wm": 0.0,
      "C_wm": 0.0,
      "lifetime": 50
    },
    {
      "pattern_id": 13,
      "n_samples": 50,
      "W": {
        "1": 0.0,
        "2": 0.0,
        "5": 0.0,
        "10": 0.0,
        "20": 0.0
      },
      "mse_full": {
        "1": 0.0032336022754737986,
        "2": 0.0021653208780334204,
        "5": 0.0014372489749612245,
        "10": 0.0018044847294388863,
        "20": 0.002631383293392923
      },
      "mse_env": {
        "1": 0.0007758250251064442,
        "2": 0.0007340533492273434,
        "5": 0.0006057835080170559,
        "10": 0.000502084246743185,
        "20": 0.0004771623449837648
      },
      "H_wm": 0.0,
      "C_wm": 0.0,
      "lifetime": 50
    },
    {
      "pattern_id": 15,
      "n_samples": 50,
      "W": {
        "1": 0.0,
        "2": 0.0,
        "5": 0.0,
        "10": 0.0,
        "20": 0.0
      },
      "mse_full": {
        "1": 0.00151309791863841,
        "2": 0.0016116318221203521,
        "5": 0.0012099343227334224,
        "10": 0.0011851381950064544,
        "20": 0.0021573535708838834
      },
      "mse_env": {
        "1": 0.0006818636340995931,
        "2": 0.0006860324659044615,
        "5": 0.00036080463321371296,
        "10": 0.00040651078422309386,
        "20": 0.00042131618922356957
      },
      "H_wm": 0.0,
      "C_wm": 0.0,
      "lifetime": 50
    },
    {
      "pattern_id": 20,
      "n_samples": 50,
      "W": {
        "1": 0.0,
        "2": 0.0,
        "5": 0.0,
        "10": 0.0,
        "20": 0.0
      },
      "mse_full": {
        "1": 0.012937645081590485,
        "2": 0.008362503247632,
        "5": 0.0053857031315676885,
        "10": 0.008980047799005832,
        "20": 0.03103712498690237
      },
      "mse_env": {
        "1": 0.0011539024471965442,
        "2": 0.0011276819572488468,
        "5": 0.001010167150508528,
        "10": 0.0005667718936196465,
        "20": 0.0010169990154107289
      },
      "H_wm": 0.0,
      "C_wm": 0.0,
      "lifetime": 50
    },
    {
      "pattern_id": 22,
      "n_samples": 50,
      "W": {
        "1": 3.044802052144357e-05,
        "2": 0.0,
        "5": 0.00012859907650932342,
        "10": 0.0001421735533876957,
        "20": 7.075222658363802e-05
      },
      "mse_full": {
        "1": 0.00045113642943258827,
        "2": 0.0003874804101981531,
        "5": 0.00024676758364324425,
        "10": 0.0002747241851800696,
        "20": 0.0005483501373070895
      },
      "mse_env": {
        "1": 0.00048158444995403184,
        "2": 0.0003814066981460215,
        "5": 0.00037536666015256767,
        "10": 0.00041689773856776527,
        "20": 0.0006191023638907275
      },
      "H_wm": 20.0,
      "C_wm": 0.0019496830996239233,
      "lifetime": 50
    },
    {
      "pattern_id": 29,
      "n_samples": 50,
      "W": {
        "1": 0.0,
        "2": 0.0,
        "5": 0.0,
        "10": 6.692385028108673e-05,
        "20": 0.0
      },
      "mse_full": {
        "1": 0.0005297862107404024,
        "2": 0.0003874742003806413,
        "5": 0.00047137575715368324,
        "10": 0.00035603103022999194,
        "20": 0.0005286531278189241
      },
      "mse_env": {
        "1": 0.0004232039139605991,
        "2": 0.00033584015755135435,
        "5": 0.00036016360398203316,
        "10": 0.00042295488051107867,
        "20": 0.0003266421528616477
      },
      "H_wm": 10.0,
      "C_wm": 0.0005019288771081504,
      "lifetime": 50
    },
    {
      "pattern_id": 32,
      "n_samples": 50,
      "W": {
        "1": 0.0,
        "2": 0.0,
        "5": 0.0,
        "10": 0.0,
        "20": 0.0
      },
      "mse_full": {
        "1": 0.0022716114146708604,
        "2": 0.004617315610747355,
        "5": 0.0015274655980916287,
        "10": 0.0019093406229860033,
        "20": 0.002425563326732516
      },
      "mse_env": {
        "1": 0.000516593867412656,
        "2": 0.0004046511167331617,
        "5": 0.0006260397905390443,
        "10": 0.0006868649364727322,
        "20": 0.0005996800335512187
      },
      "H_wm": 0.0,
      "C_wm": 0.0,
      "lifetime": 50
    },
    {
      "pattern_id": 36,
      "n_samples": 50,
      "W": {
        "1": 0.0,
        "2": 0.0,
        "5": 0.0,
        "10": 0.0,
        "20": 0.0
      },
      "mse_full": {
        "1": 0.004368338286797163,
        "2": 0.003704056464014687,
        "5": 0.004791116218817176,
        "10": 0.004626342334663608,
        "20": 0.001713864852125871
      },