{
  "metadata": {
    "substrate": "v18",
    "seed": 123,
    "C": 16,
    "N": 128,
    "snapshot_path": "/Users/jacob/fun/shape-of-experience/empirical/experiments/study_ca_affect/results/v18_s123/snapshots/cycle_025.npz",
    "experiment": "world_model",
    "tau_values": [
      1,
      2,
      5,
      10,
      20
    ]
  },
  "patterns": [
    {
      "pattern_id": 1,
      "n_samples": 50,
      "W": {
        "1": 0.0002479459551825427,
        "2": 0.0,
        "5": 0.0,
        "10": 0.0,
        "20": 0.0
      },
      "mse_full": {
        "1": 0.003669259011628027,
        "2": 0.0038664859566502167,
        "5": 0.0025836913518144976,
        "10": 0.0017310001691427466,
        "20": 0.001155443401543042
      },
      "mse_env": {
        "1": 0.00391720496681057,
        "2": 0.0036541490789459724,
        "5": 0.0014908454663159277,
        "10": 0.0006106376614446306,
        "20": 0.0005848514741291419
      },
      "H_wm": 1.0,
      "C_wm": 0.00012397297759127136,
      "lifetime": 50
    },
    {
      "pattern_id": 2,
      "n_samples": 50,
      "W": {
        "1": 0.0,
        "2": 0.0,
        "5": 0.0,
        "10": 0.0,
        "20": 0.0
      },
      "mse_full": {
        "1": 0.042146428261351454,
        "2": 0.02269178864243942,
        "5": 0.00932519180702287,
        "10": 0.005346616870797288,
        "20": 0.003303123586165057
      },
      "mse_env": {
        "1": 0.0031191525972634115,
        "2": 0.00268263022062193,
        "5": 0.001059447440232278,
        "10": 0.0003038947581090209,
        "20": 0.0003566731629196525
      },
      "H_wm": 0.0,
      "C_wm": 0.0,
      "lifetime": 50
    },
    {
      "pattern_id": 3,
      "n_samples": 50,
      "W": {
        "1": 0.0002437466706829679,
        "2": 0.0002884258447209038,
        "5": 0.0,
        "10": 0.0,
        "20": 0.0
      },
      "mse_full": {
        "1": 0.0018905531950386446,
        "2": 0.0011764824428359933,
        "5": 0.0007975178023683059,
        "10": 0.00044334124155759357,
        "20": 0.0006957683193627316
      },
      "mse_env": {
        "1": 0.0021342998657216125,
        "2": 0.0014649082875568971,
        "5": 0.000572737383697248,
        "10": 0.0003679733382659241,
        "20": 0.00047603270771338164
      },
      "H_wm": 2.0,
      "C_wm": 0.0006987250247832916,
      "lifetime": 50
    },
    {
      "pattern_id": 4,
      "n_samples": 50,
      "W": {
        "1": 0.0,
        "2": 0.0,
        "5": 0.0,
        "10": 0.0,
        "20": 0.0
      },
      "mse_full": {
        "1": 0.0021658766270764374,
        "2": 0.0034037575150031437,
        "5": 0.0032328061988837675,
        "10": 0.0025568151497138334,
        "20": 0.0017635703913307505
      },
      "mse_env": {
        "1": 0.001885253046472197,
        "2": 0.001659524654165923,
        "5": 0.0005778116163524825,
        "10": 0.0006363830571272395,
        "20": 0.0002992110643867161
      },
      "H_wm": 0.0,
      "C_wm": 0.0,
      "lifetime": 50
    },
    {
      "pattern_id": 5,
      "n_samples": 50,
      "W": {
        "1": 0.0,
        "2": 0.0,
        "5": 0.0,
        "10": 0.0,
        "20": 0.0
      },
      "mse_full": {
        "1": 0.014576681661076913,
        "2": 0.02054932273778029,
        "5": 0.024722960804891503,
        "10": 0.01868465382703518,
        "20": 0.012026649948846243
      },
      "mse_env": {
        "1": 0.0018015711697717783,
        "2": 0.0014655222209483706,
        "5": 0.000980206536342582,
        "10": 0.0003893906508820802,
        "20": 0.0006018287742781947
      },
      "H_wm": 0.0,
      "C_wm": 0.0,
      "lifetime": 50
    },
    {
      "pattern_id": 0,
      "n_samples": 49,
      "W": {
        "1": 0.0,
        "2": 0.0,
        "5": 0.00043844266483155443,
        "10": 0.00011854011291302093,
        "20": 1.9605644018879742e-05
      },
      "mse_full": {
        "1": 0.0031105582770887133,
        "2": 0.0021467996423146845,
        "5": 0.0009757989304528284,
        "10": 0.0006925085640201902,
        "20": 0.0003392570254863917
      },
      "mse_env": {
        "1": 0.002589461482787086,
        "2": 0.0019497619498216614,
        "5": 0.0014142415952843829,
        "10": 0.0008110486769332112,
        "20": 0.0003588626695052714
      },
      "H_wm": 20.0,
      "C_wm": 0.0027408497262682734,
      "lifetime": 49
    }
  ],
  "summary": {
    "mean_C_wm": 0.0005939246214404728,
    "max_C_wm": 0.0027408497262682734,
    "mean_H_wm": 3.8333333333333335,
    "n_with_world_model": 3,
    "frac_with_world_model": 0.5,
    "mean_W_by_tau": {
      "1": 8.19487709775851e-05,
      "2": 4.807097412015064e-05,
      "5": 7.307377747192574e-05,
      "10": 1.975668548550349e-05,
      "20": 3.267607336479957e-06
    }
  }
}